type_1,type_2,gen,is_legendary,is_mythical,is_ultra_beast,hp,attack,defense,sp_attack,sp_defense,speed,base_stats,height_meters,weight_kilograms,capturing_rate,gender_male_ratio,egg_steps,egg_cycles,abilities_count,number_immune,number_not_effective,number_normal,number_super_effective
Ground,nan,4,0,0,0,50,62,39,26,47,34,292,0.7321412072078238,2.677911343167885,130,45.84470044393598,8302,130,1,1,5,7,3
Electric,Steel,9,0,0,0,100,72,129,127,115,76,743,1.8387328511963426,578.6818285400659,19,4.123636902919562,27380,-11,1,1,6,6,5
Ground,Fighting,5,0,0,0,76,86,100,63,60,97,292,0.5851261162513709,4.962599391426847,105,3.966902404845313,3410,64,6,1,9,4,4
Grass,nan,1,0,0,0,47,64,37,46,42,32,253,0.41924610559178277,7.868541662663623,238,5.687105784040148,5233,255,3,1,3,12,3
Rock,Fighting,7,0,0,1,84,121,77,103,65,53,645,9.523417094791643,65.97645366084659,40,3.712312021620403,30024,38,1,0,5,9,5
Psychic,Water,4,0,0,0,72,65,72,95,88,4,361,1.353242189438178,5.311924815804794,246,4.853480157593235,4530,255,4,0,3,11,3
Normal,nan,9,0,0,0,51,60,45,37,57,28,314,0.6471631740695574,-4.489245871381998,123,4.0210281856004375,3222,134,3,1,2,17,1
Fire,Poison,7,0,0,0,48,54,84,67,60,81,381,1.2764623743565395,23.77932506262276,54,5.478526775643256,8939,138,4,0,6,9,4
Dragon,Steel,9,1,0,0,145,135,136,98,91,88,524,2.105822880593438,61.63244948045566,3,5.212834570944395,7164,12,3,1,3,6,5
Normal,nan,5,0,0,0,68,102,82,54,62,43,442,0.5496641940266216,16.299726114665134,50,5.638828428122405,5086,52,2,0,0,14,2
Normal,nan,5,0,0,0,55,94,60,40,82,43,483,0.8238824744457562,73.38221568566023,37,5.143691246007968,3540,116,3,0,2,10,1
Dragon,Dragon,7,0,0,0,48,84,53,64,84,102,602,1.7697889588290907,22.902677123052143,8,5.26461620115317,30584,11,1,0,5,7,7
Fighting,nan,4,1,0,0,109,119,94,122,95,67,570,1.6517933970853726,83.74463285508811,-15,9.22177910250969,18229,-8,2,0,3,14,3
Dark,Ghost,9,0,0,0,132,142,119,104,128,110,681,30.42738588291807,94.09567125361033,-4,5.24726753466829,7230,8,1,1,8,7,5
Rock,Ground,6,0,0,0,44,86,155,48,69,36,462,1.5020208415979417,17.4336590656861,136,5.73674173803459,5323,76,3,2,9,6,4
Electric,Dark,8,0,0,0,56,60,70,56,84,46,295,0.4942154673632157,-6.89658667034079,251,18.623832617822266,4966,116,4,1,5,5,3
Poison,nan,2,0,0,0,31,42,35,78,60,33,257,0.5479987959778213,-8.772548504997443,233,5.524136823169174,3287,190,3,0,3,12,2
Water,Ground,5,0,0,0,78,121,43,62,83,64,470,1.1628344219533506,73.36080102040434,107,4.725159090561396,4900,66,4,1,1,16,1
Electric,nan,8,0,0,0,83,39,57,37,69,74,443,0.2983839375223897,44.12548545383742,40,53.404337319194255,2195,245,4,0,2,12,4
Rock,Psychic,5,0,0,0,58,87,66,35,42,49,332,1.6749875746136094,16.906769416707828,50,51.34395131359293,8852,43,3,0,6,11,3
Water,nan,4,0,0,0,66,45,81,73,23,13,481,1.3657354386422556,5.450632926200544,48,87.1026537673442,3467,43,2,0,4,9,3
Poison,nan,4,0,0,0,55,71,69,49,67,71,470,0.488118132501909,40.06169798303233,45,4.943822577973515,7341,7,2,1,5,9,3
Rock,Bug,2,0,0,0,55,73,43,47,45,58,304,0.27981020992466693,23.78563810698958,177,5.951288255868075,5121,108,3,1,3,9,4
Rock,nan,8,0,0,0,55,20,81,50,40,56,482,1.4331372451679125,20.877464446175004,45,98.71805894399526,1772,50,2,0,4,9,2
Dragon,Psychic,3,1,0,0,95,99,161,66,83,50,598,1.7395610739549008,135.22816181053045,-1,7.652501794233734,22832,10,2,0,6,10,3
Normal,nan,3,0,0,0,70,67,19,22,30,39,262,0.3317109670848629,-10.17503679113141,241,50.524379175253316,5291,181,3,1,1,14,1
Psychic,Ice,7,0,0,0,52,68,38,55,87,39,293,1.945377516488955,10.727351553899833,119,5.181759376588694,7233,203,1,0,2,7,4
Flying,Dark,5,0,0,0,120,65,91,40,54,39,395,1.1760400324715874,84.94787134712728,128,4.736169678445477,7919,123,3,1,8,8,4
Dragon,Ground,4,0,0,0,101,130,86,45,95,115,527,3.651650420910858,63.37645837852387,6,4.92089506898875,5094,43,1,1,3,6,4
Fire,Normal,7,0,0,0,31,39,24,32,39,61,273,0.45415808925456647,-4.236180884968265,57,47.950975072416526,5800,188,3,0,5,9,4
Grass,nan,8,0,0,0,65,77,64,50,63,42,297,0.6477902377767777,13.327578120388418,50,5.560795319416397,4991,188,3,1,5,11,2
Psychic,nan,5,0,1,0,68,113,91,105,62,50,583,0.675757673496886,25.44334996435206,-5,3.896706376358729,31441,18,1,0,3,13,2
Dragon,Ice,7,0,0,0,37,54,64,46,59,98,476,0.8239919471478501,20.370293052011476,55,85.35532986972086,5944,44,2,0,5,14,3
Poison,nan,8,1,0,0,72,76,108,40,105,64,537,1.1400264971634697,175.92460571444724,-18,5.351397866387999,13125,12,4,0,3,13,3
Dark,Dragon,8,1,0,0,130,98,128,111,118,90,607,1.9323258882726422,88.63787542668962,-32,5.717851001359943,12576,-5,1,0,6,11,6
Rock,Fighting,7,0,0,1,51,78,135,63,58,34,535,1.3222811087268984,58.91430945113694,-1,5.24239595886014,6463,46,1,2,8,6,4
Psychic,nan,2,0,0,0,63,38,52,25,73,8,244,1.2439131372923637,5.76295657875699,47,4.848720075548631,7526,47,2,0,4,9,3
Grass,nan,4,0,0,0,88,52,119,46,24,33,472,0.9608421905974388,52.27800037736867,42,4.766817076273064,4992,56,4,1,2,7,2
Bug,Bug,5,0,0,0,65,85,87,88,83,61,527,1.23042170402503,67.94893942033892,46,-0.4848195766155676,5065,88,4,2,8,5,4
Grass,Ghost,1,0,0,0,132,93,77,88,112,96,511,1.8053362975406673,44.38015623031088,15,5.200023196374644,5139,10,6,0,6,7,4
Normal,nan,1,0,0,0,92,65,58,67,94,93,462,0.8055408712337275,2.4292645320131427,39,3.453504507471095,5278,267,3,0,0,17,1
Psychic,nan,1,0,0,0,69,81,72,131,95,35,477,1.9242511998558167,577.031965691215,49,5.035867040806712,5320,51,8,2,6,7,5
Fighting,nan,4,0,0,0,92,47,63,63,47,86,465,0.4510683509905451,6.311806730062184,42,77.48211806915519,3858,42,2,0,4,12,3
Dragon,nan,5,0,0,0,104,71,59,62,105,67,484,0.9134688731211513,8.264042422671572,48,5.747992540874219,7261,45,2,0,2,12,3
Bug,nan,2,0,0,0,68,103,46,41,47,34,273,0.4891126636088373,5.006868758813669,124,4.987001902638777,5401,189,3,1,2,13,2
Dragon,nan,3,0,0,0,73,104,74,47,102,38,484,1.6928180628868996,82.72711371688168,44,4.680075699879603,5517,48,4,0,1,12,2
Poison,nan,8,0,0,0,101,78,86,64,79,48,286,1.8211001667116165,103.3286589374092,51,5.363319604002969,5170,124,3,2,0,13,6
Bug,Fighting,7,0,0,1,53,111,90,120,42,115,555,2.058988639150856,937.3498951403581,42,5.125779556654205,33768,-21,1,0,5,8,4
Steel,Fighting,9,0,0,1,127,121,74,131,78,87,560,10.741506421371819,744.5648023275231,45,4.69664206166015,34495,-8,1,0,6,8,3
Ground,Flying,9,0,0,0,83,84,79,54,63,47,493,1.4215195288463232,77.70322143092692,82,4.798777580999079,4711,126,4,1,2,8,3
Steel,Psychic,9,0,0,0,89,66,83,62,30,20,295,1.2548003862715056,156.878559106666,3,4.855835541858558,5045,69,2,2,2,10,3
Electric,nan,1,0,0,0,74,72,22,47,42,87,246,0.5898040208273776,9.649936864518867,184,4.573969563350354,3525,191,3,0,2,14,2
Dark,Dragon,1,0,1,0,77,139,112,55,107,104,627,3.625224106521794,91.93025125055313,16,5.527765350287954,27345,42,1,0,6,8,2
Water,nan,2,0,0,0,89,105,35,43,83,106,482,1.375001709996037,83.51738742471774,34,91.63944422381633,4848,45,2,0,2,12,2
Rock,nan,5,0,0,0,43,43,61,61,75,52,286,0.6131876276916651,-4.188048501535635,128,4.59791960096762,5458,202,3,1,0,6,1
Fighting,nan,4,0,1,0,83,56,58,96,79,47,540,0.23867109477440962,-8.521489100934916,-2,4.285758633215205,32521,0,1,0,4,10,5
Water,nan,6,0,0,0,64,67,88,97,106,127,308,1.8021820887459579,97.3417308613565,41,6.482675464722921,5799,40,4,0,2,13,1
Dark,Grass,4,0,0,0,72,76,134,65,91,34,497,1.099944421053333,31.636195695885306,44,4.7683837852745725,5165,42,1,0,4,9,2
Water,nan,1,0,0,0,91,41,81,118,92,111,484,2.1155823230419912,87.22611753864511,54,87.51283833157962,5082,41,4,0,2,13,3
Ghost,Flying,5,0,1,0,36,61,106,43,115,45,315,0.47498060107105455,87.79428284600453,54,5.159299610231777,5483,51,1,2,9,8,5
Fire,Ice,9,0,0,0,70,109,84,56,74,22,466,1.4652012724086612,94.3084774780008,47,91.49773925960055,7401,54,4,0,2,12,3
Steel,Psychic,8,0,1,0,225,100,121,101,97,143,713,10.222093943042406,14.626457024802328,-11,4.114295329838692,30453,-4,1,0,7,4,3
Bug,Steel,7,0,0,1,72,76,101,143,76,63,556,1.631805252502923,-4.8005667327628405,18,5.672062721730445,30447,-12,1,1,9,5,4
Steel,Ice,6,0,0,0,50,92,76,44,48,49,516,1.384016814966927,24.42722533483696,55,86.29151819403614,5147,44,3,2,5,6,3
Fighting,nan,4,0,0,0,97,43,99,80,91,109,484,1.6375715033744398,24.99119302110081,55,4.615069254763344,5406,47,4,0,2,12,3
Grass,nan,5,0,0,0,86,104,43,89,76,34,263,0.33869957761476227,38.38268939958437,236,6.167850957078657,5298,238,7,1,2,16,1
Fire,nan,1,0,0,0,66,107,52,126,87,51,477,2.269188003020024,115.8860331863803,46,5.373445168640542,9906,6,1,0,1,13,3
Fairy,nan,2,0,1,0,56,74,66,80,39,39,478,1.4472337867988296,43.8945071457987,189,4.640755745388136,4331,44,2,3,2,6,4
Water,nan,3,0,0,0,49,86,67,54,52,106,495,1.667050725192861,2.523264854627218,48,80.67289276273956,5291,53,2,0,4,9,5
Poison,Ground,7,0,0,0,59,95,90,60,110,75,508,1.3375405375338014,72.06301571377048,66,5.973250858379481,5183,8,1,1,9,8,4
Steel,Psychic,2,0,0,0,72,97,120,102,103,72,495,3.171496142506271,79.70739790431571,4,4.326475660373592,5013,68,3,1,5,10,3
Normal,nan,9,0,0,0,80,84,18,34,63,35,297,1.5488721783874841,0.1526545680297673,109,4.745075666764952,2932,29,3,1,2,11,6
Fighting,nan,8,1,0,0,108,128,131,94,127,119,545,4.882721187455886,37.955039024467034,-1,4.27262286257856,18618,-14,6,0,3,13,2
Electric,nan,4,0,1,0,63,116,68,67,80,44,412,1.5654556583737442,77.66434161720235,43,3.849038871408368,5203,11,8,0,2,12,3
Steel,Psychic,9,0,0,0,79,64,154,47,85,70,355,1.3267298450781566,66.26777569533078,107,5.338382021994637,8196,20,1,1,9,9,6
Ground,Steel,8,0,0,0,88,66,109,45,36,46,484,0.468306283829707,62.16685238373324,53,4.911534097105627,3109,234,3,2,3,13,3
Water,nan,3,0,0,0,72,109,54,43,43,110,542,1.5522887365987508,56.45254017169765,48,86.27472565253827,4778,39,2,0,2,9,3
Bug,nan,3,0,0,0,42,97,45,61,49,33,256,0.5638049209524214,8.04020214826708,256,45.82246984632576,5594,109,1,0,2,14,3
Electric,nan,6,0,0,0,74,96,49,90,71,74,494,1.5651507844540933,25.221161154051373,49,79.32023911313716,5212,43,4,0,4,9,5
Ghost,Psychic,1,0,1,0,82,114,176,98,133,52,718,20.323758726163003,69.36789835660309,-4,4.691867372191833,30080,-4,1,1,8,5,6
Electric,Ground,9,0,1,0,105,64,117,79,87,113,595,1.2376214045684109,48.50723524967904,12,4.143827018385586,4737,6,1,1,6,7,4
Grass,Flying,2,0,0,0,73,92,117,72,76,38,509,3.053318561904324,98.52593673882438,49,4.73876438040445,5386,85,3,3,4,7,3
Dragon,Steel,4,0,0,0,81,110,78,55,86,67,485,1.5711116932391889,205.78425802376523,43,4.329931195398281,4754,83,3,2,4,7,6
Normal,nan,3,0,0,0,110,111,37,80,88,161,478,1.5242572381700554,137.98303996777835,118,5.013903938632586,5611,85,4,1,0,16,1
Poison,nan,3,1,0,0,77,86,60,96,87,57,494,0.6278182779728152,13.03555561277539,236,5.18941396271052,5073,11,8,1,3,13,1
Steel,Water,2,0,0,0,30,47,65,33,63,18,300,0.3594808110256221,9.348144112302558,140,5.266848211907407,5288,137,3,2,5,4,4
Bug,Fighting,7,0,0,1,70,138,94,146,71,44,632,7.514853463687137,722.1044538970702,6,5.664982751101235,31718,39,1,2,5,8,4
Bug,Steel,7,0,0,1,89,64,97,134,63,71,433,1.794930294996402,251.69803168909067,-10,4.787926077649658,28306,6,1,1,5,5,3
Water,Flying,1,0,0,0,80,54,87,49,100,85,511,2.679634154581454,8.702862726017965,49,4.698151184392993,5644,40,1,0,4,12,2
Grass,Psychic,8,1,0,0,226,115,91,128,83,103,600,1.6899848437222933,67.54427247578612,1,5.763114406714192,30338,32,2,0,2,13,3
Fire,Dark,5,0,0,0,93,103,83,67,72,40,574,1.7626700644999767,5.41204259065014,246,5.534199687145257,5502,75,4,1,4,9,6
Water,nan,1,0,0,0,58,47,49,84,38,108,469,1.941980026695364,5.187990049487665,42,5.241198526965705,5170,52,2,0,3,9,3
Dragon,Fairy,8,0,0,0,111,34,41,54,68,35,220,0.7783783564898312,10.322845984014378,250,5.513145113675445,1575,226,1,0,5,8,3
Normal,nan,1,0,0,0,95,100,61,37,58,54,530,0.559265725817041,0.4740957349524777,235,5.9281943137737,5324,266,4,1,0,17,1
Ice,Grass,9,0,0,0,49,101,30,116,53,44,313,1.738335617671061,11.241508635121043,73,4.5992346997874645,5060,237,7,2,6,6,4
Electric,nan,4,0,0,0,99,80,60,135,66,49,295,0.36999841738602013,17.43977144512282,48,5.668092732623455,7774,44,2,0,3,17,4
Poison,Psychic,4,0,0,0,40,89,72,69,63,70,242,0.3410576249000187,-5.1084068972116885,48,4.3591891113946115,11656,45,1,2,10,4,3
Ghost,Fire,5,0,1,0,85,117,133,138,101,57,640,6.860265796441623,32.36575002772182,-6,4.6924049038501705,34190,10,1,1,10,3,2
Grass,Ghost,9,0,0,0,182,61,95,38,65,65,342,0.9868795216323416,9.011266014661533,124,5.331774226467056,2946,200,4,2,4,8,5
Water,Poison,1,0,0,0,52,54,106,51,107,54,513,1.400206005056151,52.03860062215039,40,97.10849045758066,5288,51,4,0,4,9,5
Fairy,nan,8,0,0,0,92,112,125,49,93,104,658,1.7278882772256698,23.152248401365135,16,3.637066777414943,14997,2,1,0,3,11,3
Psychic,Grass,8,1,0,0,122,77,130,105,100,90,541,1.7520310740390193,75.14813061324344,-4,5.048195867927283,5759,-7,1,0,6,14,3
Steel,Dark,5,0,0,0,60,135,102,104,79,45,525,4.6321281954238405,97.75491058564992,83,5.209006833738842,5571,2,3,1,9,5,4
Psychic,nan,7,0,0,0,74,59,53,48,105,30,281,1.434925923455742,7.514851081992712,193,4.178819227505771,5213,225,4,0,5,12,3
Ghost,Ice,3,0,0,0,54,74,103,58,53,9,310,1.4192244750674008,17.205279003534276,44,7.748341198517711,5375,44,4,0,5,9,4
Electric,Flying,9,0,0,0,134,107,121,63,149,67,520,1.5692844917804838,56.83417672021135,51,5.6001598857694725,5106,42,4,2,5,7,6
Dark,nan,6,0,0,0,98,114,116,64,93,92,466,1.3885426459518766,41.454339875844646,14,4.85340855609371,5120,73,4,1,6,8,3
Ghost,nan,4,0,0,0,75,114,84,100,117,161,530,1.134349020676413,194.88292830782714,41,5.177245512181742,6812,49,1,0,2,12,5
Bug,Psychic,7,0,0,1,45,123,102,91,69,37,524,1.554683044328785,111.42585758505362,20,5.819118778716535,5543,69,1,0,8,8,4
Fire,nan,3,0,0,0,106,58,73,52,79,71,378,1.3126799224170087,61.81645699028949,40,87.38126233964068,5346,45,2,0,2,9,3
Rock,Fighting,7,0,0,1,49,115,65,119,54,117,553,3.539696504747316,356.0228496308237,39,4.5442900060425355,35671,35,1,0,6,9,6
Fairy,Rock,6,0,0,0,61,75,50,106,63,97,359,0.429073307632414,69.83505016816899,45,52.05818353754729,5112,43,3,3,5,9,5
Poison,Rock,8,0,0,0,89,90,73,55,71,50,303,1.4975875448699678,13.70329966419608,261,4.921809486535063,5268,91,3,1,5,11,3
Water,Ground,2,0,0,0,46,116,74,67,102,111,506,1.593406067735378,72.39708909413419,71,3.980676882392005,5410,84,1,1,0,16,1
Bug,Ghost,1,0,0,0,40,58,50,30,39,64,285,0.4510025518221063,3.009495914078922,179,81.66007185246637,5253,266,2,1,3,11,5
Psychic,nan,8,1,0,0,116,91,136,91,97,101,513,2.018630540106133,6.940424623721981,40,6.962680058537288,14361,-2,2,0,2,13,3
Psychic,Poison,4,0,0,0,58,67,39,65,67,90,263,0.9311706288785859,-2.7278985280572723,50,5.303972638313443,4877,116,2,0,4,11,3
Grass,nan,5,0,0,0,54,71,54,22,81,70,273,1.0914937729803413,19.75039566363862,52,81.04898044484324,5217,45,2,0,5,9,4
Bug,Water,7,0,0,1,75,68,38,46,55,91,379,1.5922199900796468,31.46827936868486,39,83.2251473632687,8657,41,1,0,5,9,4
Water,nan,4,0,0,0,107,84,40,90,66,47,582,0.48145809524165034,58.51079613580647,43,4.786780938178685,7584,14,1,1,2,7,3
Grass,nan,8,0,0,0,72,57,63,29,23,20,273,0.31025485889557075,6.453100723552964,125,5.822258621114748,3578,187,2,0,4,9,1
Poison,Fighting,9,0,0,0,78,161,120,96,94,62,549,1.481439961736967,166.3723913951189,55,4.932412636763513,4621,127,1,2,6,6,6
Water,nan,1,0,0,0,62,73,86,65,71,65,263,1.482296909121185,5.844760921640463,75,5.295625159635501,5539,45,4,0,0,13,1
Normal,nan,1,0,0,0,76,112,76,69,89,82,611,1.5981508474800121,101.16728241440802,123,5.763638993865633,4897,97,3,1,1,10,1
Water,Steel,8,0,1,0,79,126,75,135,83,93,608,1.5979299739415538,46.46832217738519,-11,4.866539589187529,35893,0,1,0,6,13,3
Ghost,Ice,1,0,0,0,75,62,34,77,38,84,307,1.9115124482235917,8.339970998674646,39,5.673952785975046,4900,126,3,1,3,7,3
Bug,nan,8,0,0,0,54,41,60,36,36,18,240,0.3207624291578274,0.1302395169862276,138,4.521296844404634,4039,255,3,0,2,11,3
Psychic,nan,2,0,0,0,61,45,38,36,85,33,250,0.15272424803070195,1.0585836031520302,130,4.512933286793465,3814,235,1,0,4,13,3
Electric,nan,4,0,0,0,131,100,76,40,96,75,299,1.5185899719790044,61.38393781300709,36,7.099119640184806,4407,46,2,0,4,8,4
Water,Dark,1,0,0,0,44,167,85,107,79,127,490,1.6773194682443362,80.91702231757091,37,83.31691142128618,8292,50,2,0,5,5,4
Psychic,nan,8,0,1,0,61,70,169,110,93,81,569,1.1092041109054998,53.430597956586965,-14,5.888219214534199,32468,-3,1,0,3,8,5
Water,Dark,3,0,0,0,75,110,73,59,94,85,449,1.6144938611976407,83.07658760053731,42,92.39303096900451,5126,58,3,0,2,13,5
Psychic,nan,9,0,0,0,53,61,62,58,88,111,493,1.70951473918185,20.028395423005364,48,5.86390557050506,5241,66,4,2,4,12,1
Psychic,nan,2,0,0,0,76,71,48,43,49,59,225,1.4697563890061407,18.817648137429675,259,4.578479847682329,4934,232,3,2,3,8,3
Psychic,nan,8,1,0,0,101,113,156,68,100,74,536,1.6025868347589605,42.21082835109627,1,5.086174927880103,14297,25,2,0,2,11,3
Fairy,Dragon,8,0,0,0,83,128,86,104,77,94,502,1.9250350746351077,54.55537456955858,7,5.1592667794189,4840,-6,6,2,5,8,3
Grass,Grass,2,0,0,0,45,63,51,56,46,106,308,0.9274895964053774,5.557502269485164,45,89.8865108966029,4960,47,3,0,5,9,4
Electric,Dragon,9,0,0,0,97,49,137,75,103,113,343,0.7719593737618036,13.14632640314174,46,4.763368216876901,4853,37,4,1,5,6,5
Dragon,nan,4,1,0,0,103,122,88,76,83,80,570,1.7424979690170568,219.75114252449106,-13,7.544722414654286,19657,15,1,0,6,14,3
Ice,Electric,8,0,0,0,42,64,36,41,30,36,279,0.4540142627244273,-7.164168632105225,205,4.480711248169184,10476,114,2,0,5,9,5
Ice,nan,1,0,0,0,55,96,67,46,49,56,481,0.8035915729223475,3.5233965228946165,184,4.464462194086531,4954,43,2,0,3,11,3
Ground,Fairy,1,0,0,0,50,47,75,63,43,56,314,0.49262519479115985,13.192361905622288,244,5.654225944772613,1814,256,3,1,5,10,4
Water,nan,6,0,0,0,55,62,61,57,94,57,309,0.7071986245512106,14.544256653919028,178,50.487071000082864,6551,18,1,0,3,6,3
Dark,Dragon,5,0,1,0,61,83,101,126,45,72,591,1.4941226533250418,80.93522334987537,19,4.995064774328727,5012,36,1,0,2,6,4
Rock,nan,4,0,0,0,73,73,40,58,52,30,446,1.7355059583123593,5.4406599728171265,52,49.10159517518633,5518,49,2,0,0,12,1
Steel,Ghost,5,0,1,0,97,93,131,83,86,95,538,1.3119913052151992,51.814329803864396,-5,4.983901979422442,2869,-13,1,1,9,8,3
Water,nan,4,0,0,0,47,73,52,29,48,25,217,0.07312045300934772,10.616716367344164,265,4.9656878275689005,4086,247,3,0,2,12,2
Bug,Dragon,7,0,0,1,79,79,68,46,94,81,468,0.9075102958384279,1050.736793087009,4,4.133910479879961,34477,-5,1,1,5,9,3
Grass,nan,4,0,0,0,90,67,134,98,70,97,478,1.3352919509499779,11.068677074409031,83,5.678214349308672,5320,32,1,0,2,12,6
Ghost,Dragon,1,0,0,0,94,128,129,71,87,117,524,2.0758666447837886,87.22693693794844,41,3.4920682496342472,5095,70,4,0,2,8,2
Grass,Ground,6,0,0,0,73,86,110,111,65,63,594,0.501333651678287,60.47971569641729,46,4.170668715759855,6707,15,4,0,3,14,4
Water,nan,7,0,0,0,74,79,66,85,54,25,446,1.3593809367438379,16.742191790936815,40,5.424456517454429,4031,48,2,0,3,12,2
Normal,nan,3,0,0,0,43,73,24,34,27,51,219,0.24755621092359686,16.747291370366362,241,5.471326859043413,3898,214,3,1,3,14,1
Electric,Flying,8,0,1,0,241,79,51,96,82,147,556,2.4727789873603623,93.30610000717425,38,4.52700594241437,28420,-15,1,0,2,8,3
Grass,Grass,7,0,0,0,65,83,39,54,77,49,283,0.4999533650644177,10.0320994664437,39,4.621444623568658,5045,264,2,1,4,13,2
Dark,Fairy,9,0,0,0,36,34,39,38,35,34,271,-0.143257505987346,-8.853510949332376,199,4.173062682286827,3511,257,3,1,3,7,6
Electric,Electric,4,0,1,0,79,80,31,44,99,24,271,0.41101824162501516,2.5670284456863914,111,4.860397921216379,3798,50,3,1,2,7,3
Water,nan,1,0,0,0,76,107,67,72,63,108,604,4.279343445114468,226.02348130011907,43,5.141765138752892,5430,51,1,0,6,12,3
Water,nan,1,0,0,0,52,71,91,105,80,41,496,1.3411374971879064,10.372589683212095,46,83.24441618426616,5354,79,2,0,4,9,1
Electric,Psychic,7,0,0,1,82,140,110,136,75,57,568,3.6931287533616004,775.0006907448255,38,5.238907261035671,28603,-2,1,0,6,15,5
Bug,Fighting,7,0,0,1,108,100,82,154,51,27,510,8.250662979891215,530.8532111739285,-5,3.7389965904909523,32286,0,1,0,10,4,6
Rock,Dark,3,0,0,0,75,64,99,96,84,79,364,1.751726779622655,31.455175892373802,90,4.450536186950368,5616,104,1,1,5,6,4
Water,Normal,4,0,0,0,237,131,74,117,80,110,563,3.3365693307117548,113.95202989813276,44,4.568001156651863,28760,52,1,2,6,8,6
Electric,nan,8,0,0,0,89,134,78,31,78,129,519,1.5244319722087258,7.484212187511446,18,4.797013671777451,9500,55,3,0,1,12,3
Poison,Steel,5,0,0,0,56,90,144,102,86,89,323,1.245160894104473,34.112307489142,8,6.58233987095682,4461,125,4,1,6,5,5
Bug,nan,7,0,0,0,41,58,37,27,42,41,314,0.3777223173640838,-2.133788962160116,250,3.787590141501835,3421,229,3,1,5,11,5
Psychic,nan,4,0,0,0,88,92,86,47,70,58,499,1.7810461689154953,58.01559265540219,49,3.9426824349584093,5080,95,4,0,2,12,3
Steel,Flying,7,0,0,0,48,64,120,58,94,47,490,1.1789355689360717,16.374102415328768,54,5.335730056781283,5062,46,3,2,6,6,6
Dragon,Rock,7,0,0,0,68,90,99,53,52,42,429,0.6519866680955743,13.397571889085443,36,80.80822383789629,7363,45,2,0,2,9,3
Dragon,Steel,9,0,0,0,75,150,159,23,77,84,472,1.4127052700562532,155.8389499511725,96,6.0281879792339845,5049,92,3,1,8,7,3
Ground,Psychic,5,0,0,0,69,53,45,36,101,30,305,1.7977879636806327,18.009224215922636,124,4.805367305672019,4817,125,3,1,3,6,3
Dragon,Ice,8,0,0,0,53,88,54,52,70,31,336,0.5628756046753229,20.493287500419278,18,5.204741136011465,4435,43,1,0,6,11,4
Fire,Ice,9,0,0,0,81,77,64,92,81,45,588,0.8189745055252529,28.651936013862674,77,4.582521545960272,4933,3,4,2,2,7,3
Dark,nan,6,0,0,0,118,83,54,63,56,55,302,2.099382775967002,109.27290768391248,46,94.9197541503381,5008,43,4,0,4,9,3
Grass,Ground,5,0,0,0,108,66,83,40,94,43,552,1.8287828349526123,28.78095194571474,47,5.268179784455714,6717,47,1,0,5,8,2
Water,nan,5,0,0,0,72,83,117,84,83,38,482,3.2332167838741253,97.50727330071854,41,83.89780274652827,5900,50,2,0,4,14,3
Ghost,nan,4,0,0,0,67,65,51,56,73,19,280,0.4218195064145235,-0.878437779973023,131,49.974036582368875,5196,178,4,0,3,11,3
Normal,nan,1,0,0,0,78,69,73,69,93,43,466,0.6769143154535061,37.056807728384015,202,5.13001976515464,5243,68,4,2,0,17,1
Bug,Flying,4,1,0,0,103,117,74,93,75,107,484,1.4073132679264369,104.21124796883205,36,52.82017650120705,5168,-11,2,0,6,12,6
Ground,nan,4,0,0,0,39,62,50,42,55,28,239,0.5140832218890193,22.86725104424412,256,5.115527020485333,5143,258,3,1,2,11,1
Dragon,Ice,1,0,0,0,73,118,59,47,72,99,471,3.319330977551538,36.16151009796754,42,5.2144190098410235,6457,44,3,0,6,9,4
Ice,Steel,9,0,0,0,67,83,116,74,67,20,314,1.6893125923141996,10.442516247377394,51,90.84554612407601,4832,43,3,1,5,7,4
Electric,nan,5,0,0,0,97,75,73,77,60,35,482,1.3697513205325103,145.72969331007616,50,5.004717917117648,5025,86,2,0,2,10,3
Fire,Fairy,4,0,0,0,78,112,53,107,102,79,497,1.4617089234460983,58.446581289046236,40,4.885285184777425,5083,41,4,0,4,8,2
Fire,Steel,7,0,0,1,193,88,117,139,51,36,600,1.7962364402140816,631.4057236808634,14,5.749116630581046,32274,66,1,2,5,9,2
Fighting,nan,4,1,0,0,70,130,98,104,83,39,543,1.5048477828102742,33.18270680809738,38,-0.09747774907595819,4223,42,2,0,4,14,2
Rock,Fairy,4,0,0,0,131,135,134,95,116,68,638,3.2288055894865986,70.86255100098742,-4,4.825189274580963,9327,5,2,0,6,7,6
Psychic,nan,7,0,1,0,99,107,116,115,112,102,658,1.0190618779251777,45.89016883002918,-15,3.627796841724074,34874,-12,1,1,9,6,2
Fighting,nan,7,0,0,0,69,86,30,44,48,49,192,0.34063139445303675,-19.78909925743256,254,4.133631754443715,5501,120,1,1,2,11,5
Normal,Dragon,2,0,0,0,70,117,61,82,104,78,400,4.741322976478865,23.534381622495964,46,4.887811820448754,5511,59,3,1,1,16,1
Bug,Fairy,8,0,0,0,34,29,34,28,19,29,286,0.34258577930673684,-2.314552625163069,258,5.586393734813202,5427,248,3,2,2,11,1
Fire,nan,1,0,0,0,138,109,95,127,73,70,519,3.325359315033376,34.20375491106735,39,82.89182706999777,4980,36,2,0,6,12,3
Dragon,nan,4,0,0,0,50,71,58,119,83,85,498,1.1506971395420447,9.734962644185282,45,4.231972304581636,4788,55,4,0,5,9,5
Fire,Psychic,7,1,0,0,93,127,113,136,92,75,640,3.9591442241749757,144.23716006992862,-1,4.785150128787126,7450,14,1,2,6,7,3
Poison,nan,3,0,0,0,61,118,119,45,47,82,333,0.7199662977041001,19.792802021843762,226,51.352172798518815,4967,51,4,1,0,17,1
Steel,Psychic,4,0,0,0,94,90,80,88,68,53,565,1.6777085909037315,112.04731704842337,112,4.802806233089013,5536,443,3,2,1,6,1
Fire,Fairy,2,0,0,0,47,85,107,44,89,16,362,0.5367493269685586,78.30329740901253,118,4.659942506708438,5425,91,3,1,9,6,4
Normal,nan,4,0,0,0,112,97,45,64,55,77,457,0.5714923674450654,6.398748486037505,127,5.156921991816602,5132,84,4,1,0,17,1
Psychic,Ghost,8,1,1,0,83,97,88,129,68,122,652,0.8983533598943193,39.44864843038151,-19,4.085576201667357,31146,-6,1,0,3,9,3
Water,nan,3,0,0,0,71,112,55,95,100,57,477,0.6421285522315894,-0.2520827828184373,120,5.483491864086499,5699,78,3,1,0,16,1
Rock,Fire,8,0,0,0,42,82,91,30,62,27,310,1.661998091225958,30.400150744450507,140,4.8741537536608135,3644,89,3,0,6,9,2
Bug,Psychic,3,1,0,0,106,49,146,117,129,48,633,3.2339168533773304,35.86862197865456,-5,3.6652248656661905,18238,32,2,0,3,12,2
Bug,Fairy,3,0,0,0,62,39,36,38,31,20,276,0.29130587366510996,25.442288953993184,127,4.589404406095552,5202,213,1,1,5,7,5
Ice,nan,2,0,0,0,60,89,57,61,82,74,513,1.0860932438735904,20.46858689792348,32,3.8301691665526283,6399,46,4,1,4,11,2
Electric,nan,9,0,0,0,103,121,61,54,86,39,509,2.0360450002102835,71.2006335243044,40,49.179371556244234,7898,43,2,0,3,12,3
Steel,Bug,1,0,0,0,62,143,142,48,98,42,586,1.416637655181267,94.9979672273833,65,5.563355028161316,6407,81,3,1,10,5,5
Bug,Fairy,3,0,0,0,74,101,135,78,116,41,535,1.559648952653729,286.5766795633618,84,5.697192945868451,5153,85,3,1,6,7,4
Rock,Normal,8,0,0,0,179,60,115,61,64,114,572,2.0691158178279823,43.39786691573449,-1,5.2841578295544505,15723,-23,7,0,3,5,3
Poison,Poison,2,0,0,0,119,100,72,81,66,73,553,2.0218621815781184,373.89033913190906,123,5.254722058304538,7351,450,3,1,6,8,4
Fairy,Psychic,8,0,0,0,68,80,127,90,62,41,484,1.4603742307926948,55.06288193789253,38,6.496844800403744,4665,49,2,0,0,12,2
Bug,Dragon,7,0,0,1,62,110,84,121,59,72,522,0.67697952368064,9.911635094421367,19,5.150517767068622,5346,68,1,1,5,8,4
Steel,Psychic,9,0,0,0,62,48,101,66,52,49,419,0.644876881586224,38.05012502118817,95,4.15241876764286,5015,145,4,1,2,2,6
Normal,nan,8,1,0,0,109,67,72,66,50,34,290,0.39632897921018073,5.980513677475429,182,6.859004720056435,2633,237,2,1,2,12,1
Ghost,Psychic,5,0,0,0,51,114,84,74,90,56,342,0.637901889115564,27.64153475562053,25,4.319196354040942,5452,136,2,2,10,9,6
Water,nan,2,0,0,0,101,107,94,64,40,69,585,0.6697235963945904,18.922782309486294,37,46.797693371608354,6519,42,2,0,4,13,2
Fighting,Psychic,5,0,0,0,98,112,128,130,89,63,662,3.7828259877191326,421.7265450571011,-4,4.566506641342732,4997,-8,1,1,6,6,4
Electric,nan,2,0,0,0,33,53,27,52,25,57,262,0.605030445587136,10.554450920670948,179,5.748056354140463,5103,197,2,0,2,12,3
Ghost,Steel,6,0,1,0,65,78,98,63,80,56,578,1.5034372580124824,34.06731676847051,15,5.205301465111049,18970,10,1,2,9,7,4
Dark,nan,8,0,0,0,42,42,57,20,46,9,274,0.1284995897313902,4.571802351266017,197,11.482098401031546,3677,178,3,0,3,12,3
Water,nan,4,0,0,0,109,100,98,88,109,58,570,1.7473905772906164,54.75824541135038,41,4.215206858330982,30031,39,2,0,6,6,3
Dark,Flying,6,0,0,0,72,42,49,53,55,35,261,0.3403863551936819,-5.180520247058178,115,3.5134720374350756,5171,182,3,1,3,11,6
Normal,nan,6,0,0,0,73,114,63,70,59,73,516,0.36872103337891116,84.7374096947382,65,4.981118973595076,5458,108,3,1,0,17,1
Grass,nan,1,0,0,0,40,39,66,54,41,51,293,0.30258158839155136,7.099040017312574,259,5.289578511699434,5127,244,3,0,3,12,6
Ghost,Psychic,2,0,0,0,49,139,76,88,72,70,558,0.7152422666928203,132.1637655896502,18,3.9454597117685513,3358,15,1,0,5,9,3
Grass,Fighting,9,0,0,0,60,55,54,36,56,42,304,1.4612302951242855,6.765356673766341,53,87.24612781663858,5085,40,3,0,2,11,3
Normal,Ground,1,0,0,0,83,116,111,75,107,54,501,1.6895000202343908,10.117258659550872,90,3.760674437966153,5398,76,4,1,1,13,2
Rock,nan,4,0,0,0,71,72,83,54,34,36,395,1.1484988628120192,9.196874775933898,43,82.49472323096758,5196,38,2,0,4,9,4
Ghost,Fighting,9,0,1,0,136,58,90,127,73,99,602,2.0154178290748503,210.83775568160092,44,5.052956393555738,2056,15,1,0,3,9,3
Rock,nan,2,0,1,0,72,89,41,51,82,62,470,0.46124799174603526,3.938191852522337,5,4.413238301874054,33274,-5,1,2,2,5,3
Electric,Flying,9,0,0,0,86,100,98,125,112,105,527,1.7381030988760773,247.00483185497112,49,4.606539990824704,4874,45,2,1,4,8,6
Poison,Ground,1,0,0,0,41,40,77,46,58,40,280,1.1796228253399843,1.0794184018584794,174,4.303081458557399,4899,253,3,2,5,7,6
Grass,Fairy,4,0,0,0,45,67,66,43,73,47,293,0.33539577333900494,18.258789986822297,52,5.413193475962499,4696,132,4,2,2,7,6
Poison,Dark,5,0,0,0,46,73,96,51,109,88,415,1.8305615237075932,0.4459793501242153,8,6.374808218429168,5351,49,1,0,5,9,3
Rock,Flying,4,0,0,0,81,144,63,56,107,34,500,1.2487249634976272,60.33100214712664,128,5.827579168831823,5138,99,2,1,4,11,4
Poison,Poison,2,0,0,0,44,44,45,16,54,30,296,0.6172859476000127,-5.559263084159779,122,4.409824615144326,4989,186,4,1,4,11,3
Poison,nan,9,1,0,0,133,142,199,117,102,59,600,2.3142225832077212,83.96300269340568,-24,4.743806435973373,15700,-11,1,0,2,13,3
Psychic,nan,4,0,0,0,43,64,43,60,47,50,276,0.8420120254683734,9.339999122182054,52,4.3037163610769955,8246,42,2,0,5,12,3
Poison,Ghost,7,0,0,1,48,88,36,119,61,88,458,17.69437623287658,10.230464145648774,48,5.174574237892325,34403,-12,1,0,5,8,4
Grass,nan,2,0,0,0,66,74,92,68,65,34,412,1.3400631670826482,13.915216039223882,54,49.218329196551394,5296,49,4,2,4,9,5
Rock,nan,2,0,0,0,111,91,113,66,92,62,532,1.5287251671182647,145.16547268711332,47,85.69095584036923,5545,59,2,0,4,9,5
Water,nan,5,0,0,0,54,57,80,76,61,59,282,0.7833512431188381,20.622218647816236,47,5.148746868176802,5282,42,2,0,2,12,3
Electric,Ground,5,0,0,0,38,49,39,23,37,37,258,0.47955697928977875,9.0702566591755,123,4.875018785912216,2997,234,4,1,2,11,1
Ghost,Ice,9,0,1,0,99,150,112,46,113,39,674,1.7213009805783224,256.903338812422,9,3.7141243470940912,19562,7,1,0,9,8,6
Fairy,Fire,5,0,0,0,52,127,101,32,96,56,500,1.5231123880338713,42.86218664122582,-8,4.4658883380389724,5042,82,3,1,10,15,6
Water,Grass,5,0,0,0,68,80,97,51,80,27,369,0.6392372051786543,83.75402944760081,77,5.3706505567305145,5307,66,3,1,6,6,7
Steel,Steel,5,0,1,0,92,141,98,140,76,97,709,9.803172819978958,338.8151063355268,-16,4.43449084720922,34208,-12,1,1,6,5,5
Poison,Psychic,5,1,0,0,162,104,132,76,140,53,612,2.226898612688127,177.4041104251485,13,4.919650817968434,17562,8,1,2,6,5,3
Normal,nan,1,0,0,0,66,80,44,40,63,113,286,0.5723552605989393,-0.37695935636360467,237,5.541324736212264,5668,101,3,1,-1,12,2
Steel,Water,3,0,0,0,50,43,84,76,62,57,471,0.5058422610617785,51.18518473448359,15,4.461478618820615,5258,80,3,1,9,6,4
Poison,nan,4,0,0,0,96,112,57,54,92,45,487,1.7970739052497051,8.762234272283123,36,83.77224027875042,7221,51,4,0,2,13,3
Water,nan,7,0,0,0,96,99,81,84,121,35,478,1.6027352979819622,228.65067509542516,39,5.111164775394041,7571,38,2,0,6,9,3
Water,nan,2,0,0,0,83,89,79,61,52,55,261,0.7069666190140471,16.86726350652966,110,3.258977984247622,5366,73,3,0,4,8,1
Psychic,nan,9,0,0,0,52,62,53,133,73,109,475,1.454241802832401,13.427689189317853,44,7.940289786350635,8061,41,2,0,2,13,3
Psychic,nan,8,0,0,0,93,74,40,40,59,42,298,0.4707353200025726,48.657039719522786,122,5.13152633966369,3271,254,2,0,2,15,1
Normal,nan,1,0,0,0,88,72,45,75,106,67,481,0.7750512050805032,68.47304487464493,80,3.9476758050967033,5189,266,4,1,1,16,1
Steel,Water,8,0,0,0,99,121,114,106,100,68,522,1.6906434906008443,101.30657899637053,2,5.400457884132723,5074,9,4,2,9,11,1
Bug,Ghost,7,0,0,1,87,79,101,94,65,134,638,9.562024638758935,659.3347868656837,37,4.915674790288866,32570,41,1,1,6,6,4
Normal,nan,6,0,0,0,77,75,20,73,79,99,270,0.5399831360624766,19.169815017132414,227,4.421536395257086,5594,238,3,1,0,17,1
Steel,Fighting,7,0,0,1,95,75,89,91,64,54,526,7.210396977314031,796.8742555412725,55,53.21604322032438,33128,35,1,2,5,5,4
Dark,Psychic,5,0,0,0,38,90,84,59,43,88,506,1.6713943230906552,980.4716894905278,48,5.487230646747404,2147,47,2,0,3,12,6
Normal,Bug,4,0,0,0,56,95,43,64,86,60,481,1.4887799779630906,25.541822549281534,115,5.168769841696317,5502,68,3,1,1,14,1
Fire,Ghost,9,0,0,0,65,137,69,81,69,87,505,1.0775465224342642,105.15700585141272,45,83.83667248132603,5397,34,2,0,5,9,4
Fire,nan,5,0,1,0,86,97,93,97,86,65,592,1.6022250039448345,74.34381930074744,-5,4.770370610242341,8803,46,1,0,3,12,2
Dragon,Steel,8,1,0,0,107,107,52,41,143,84,510,1.5149517675582305,39.00252349163773,-18,5.693456101293248,16636,3,6,0,3,9,4
Electric,Poison,2,0,0,0,103,90,44,41,49,36,271,0.6947460584691729,18.173051341308252,243,4.324782706622921,3298,245,3,1,1,11,1
Ice,nan,4,0,0,0,121,100,73,139,67,106,536,2.5394718674296834,101.8735058440912,40,4.730541262225683,3549,85,4,0,2,14,1
Ice,Water,6,0,0,0,41,60,96,106,66,69,535,0.7399668584385365,26.02388712689084,50,4.5641735450629755,5038,51,2,2,5,9,4
Steel,nan,3,0,0,0,169,119,75,41,78,27,274,0.8717829388785853,65.30520456064883,240,4.716431962428831,3162,116,4,1,9,12,5
Psychic,nan,4,0,0,0,55,70,71,59,76,61,480,1.5966948316742058,15.54889164258691,42,46.8270969072719,5677,47,3,0,3,9,3
Normal,nan,1,0,0,0,70,77,58,69,89,59,461,0.9668605253987178,-7.039425870249891,42,4.804640738876841,5190,47,4,1,0,17,1
Electric,nan,4,0,0,0,69,76,102,114,82,49,453,1.7009430301127044,67.20567257758535,48,4.516247736357186,25863,51,2,0,3,12,3
Normal,nan,5,0,0,0,94,73,115,88,122,50,475,3.168717628915246,9.721131453744977,50,4.493788732672883,4873,92,2,1,3,16,1
Dragon,Flying,4,0,0,0,47,124,58,99,78,68,409,1.51906556480741,90.95642263265415,66,5.538604274025554,5269,88,3,1,0,12,1
Poison,Psychic,8,1,0,0,108,133,109,98,92,31,595,1.8355389602241838,97.53101106985328,8,4.495231709258546,5152,9,2,0,3,11,6
Electric,nan,1,0,0,0,92,74,42,48,48,24,491,1.9462698411690633,93.74968744080846,47,4.409305782423959,5006,46,4,0,4,12,1
Bug,Flying,3,0,0,0,71,64,45,39,61,84,260,0.5204100524376172,11.187140069393433,129,3.9121343281325447,2956,132,2,0,2,9,2
Water,Grass,1,0,0,0,58,51,52,55,76,53,319,1.0560521522255155,-2.5874647525725702,132,4.369885765285537,5293,237,4,1,5,5,1
Grass,nan,7,0,0,0,98,131,124,96,56,51,467,1.179599231277593,97.24633903639028,40,50.202707325731936,5280,46,2,1,3,17,3
Dark,Dark,3,0,0,0,51,100,36,79,48,43,284,1.2961849462509885,4.375054563313107,48,5.144980413958938,9307,46,3,0,2,9,6
Ice,Ice,7,0,0,0,52,102,39,59,61,34,353,0.7044958108840165,8.713785901698838,42,5.079936727987569,8097,51,2,0,4,9,4
Fairy,Psychic,5,0,1,0,120,88,77,135,78,118,608,1.067502088547876,619.0053734611495,-1,4.835620733745077,32251,-15,1,3,2,13,5
Normal,nan,3,0,0,0,95,78,72,85,93,44,413,0.5746539760566314,19.674764181446907,46,5.019873491583152,4966,129,3,3,2,12,3
Water,nan,8,0,0,0,79,67,65,119,103,118,491,0.8362603590217131,33.82727237968605,61,5.366083170651298,4601,58,4,1,1,10,1
Dragon,Dragon,9,0,0,0,87,77,111,62,82,23,520,2.004575212197066,24.46454844182471,8,4.740621676644507,4845,85,1,1,8,5,6
Ghost,Fire,4,0,1,0,103,124,114,128,137,146,645,3.3734868529235373,40.10740805733799,17,4.805034816302797,33898,2,1,2,9,6,1
Normal,Ground,5,0,0,0,75,57,58,70,64,85,315,0.4581957270839881,14.770033669588202,129,5.622493954706986,5555,119,3,1,3,11,1
Ghost,Dragon,7,0,1,0,138,130,75,136,85,136,682,1.8645034175515507,13.122998543360616,-20,4.201538401250252,33426,-18,1,0,6,9,2
Rock,nan,4,0,0,0,51,78,65,79,88,79,286,0.5918406752750517,15.448836097591421,243,5.687475671285313,5469,266,2,0,3,16,3
Steel,Fire,7,0,0,0,77,96,72,63,91,50,417,1.436189433788749,119.40507312983863,66,4.73853977780594,5052,82,6,2,10,3,4
Water,nan,3,0,0,0,81,87,82,116,112,104,498,1.5159822761768482,62.83643951635759,44,4.4551470005054865,5436,50,4,0,0,17,3
Psychic,nan,2,0,0,0,71,79,48,42,33,18,318,0.36225032512927896,15.342856243620028,184,5.020453270817995,3522,202,4,0,3,12,3
Poison,Steel,9,0,0,0,48,65,55,82,46,23,294,1.413962571425473,6.997342336540416,241,4.239638725587907,6167,178,3,1,3,10,3
Dark,nan,1,0,0,0,93,62,52,38,76,89,280,1.3797601977529435,27.175011082568275,48,43.612717417412185,6388,243,3,0,3,12,1
Fighting,Dragon,4,0,0,0,101,85,100,96,89,39,476,1.1947704962481414,136.99871318688972,49,4.929850810480512,5838,45,3,0,6,7,5
Water,nan,2,0,0,0,74,79,56,66,63,93,350,0.5432457857331585,34.184570650518864,54,4.463324609560747,5517,53,4,0,3,12,1
Normal,nan,1,0,0,0,73,99,72,50,72,52,381,1.6965674491525573,8.247263392564147,43,4.711206345020649,3955,255,3,1,3,16,3
Grass,Poison,1,0,0,0,38,13,28,36,36,65,371,0.38636372799853763,1.11643645005333,241,4.285066593057892,5114,255,3,2,3,9,5
Poison,Fairy,1,0,0,0,136,45,78,86,78,35,371,1.2464668427049657,145.94539187202423,39,5.340512642154309,5112,46,4,0,5,9,4
Dark,Grass,9,0,0,0,116,168,115,132,55,119,497,4.931844302159084,95.74706973813522,1,4.728964091150433,4897,20,1,1,10,7,3
Water,nan,1,0,0,0,82,81,90,35,44,41,273,0.4696066551234468,9.039121148095354,121,3.9699230908633636,5116,54,4,0,4,11,2
Water,Rock,2,0,0,0,69,84,43,25,51,56,390,1.9973151950199166,18.306289950720828,47,4.4522333398867255,5217,40,1,1,5,6,4
Grass,nan,6,0,0,0,81,119,57,78,75,59,500,1.3666360626372926,37.56210832763173,45,92.26374106719365,2053,53,2,0,4,9,3
Rock,nan,5,0,0,0,52,46,48,41,29,50,298,0.22026026889599065,7.312023623632037,55,4.951195719955542,5432,188,3,0,2,9,3
Grass,nan,4,0,0,0,65,81,66,83,85,74,496,1.6573086678429116,121.11491839963136,40,91.87686071669124,5832,42,2,0,6,9,2
Electric,nan,1,0,0,0,86,130,102,96,131,64,654,3.8179374702773847,226.14903667771168,87,5.404431282834929,5165,76,3,1,5,5,5
Fire,Dark,5,0,0,0,68,94,134,107,80,82,656,1.681526248175654,56.47312727081984,10,4.248512645767119,5503,6,1,1,6,7,6
Normal,nan,5,0,0,0,52,107,49,61,73,52,480,0.5814510423713475,84.30292806867263,263,4.475575679965167,5341,90,4,2,0,16,1
Steel,Steel,7,0,1,1,71,120,163,132,145,114,576,27.239830663248867,260.187054369704,3,4.033706855135354,33750,-20,1,1,6,3,4
Grass,Normal,7,0,0,0,97,74,148,65,80,59,533,1.6371331781264549,40.91523509584373,-5,5.499155831630178,5180,63,1,1,6,7,3
Bug,Ice,7,0,0,1,134,94,78,51,54,92,456,5.147923564315009,61.6374187635001,41,4.852821100783323,31084,-13,1,0,5,9,3
Fighting,nan,6,0,1,0,89,66,81,116,55,117,508,1.7504308998917706,41.190238660889,35,5.5141401412307465,26999,37,1,0,6,12,3
Fighting,nan,3,0,0,0,76,111,108,88,65,87,500,1.706574091146027,49.19013073378122,40,5.260713111893355,5400,41,4,0,2,9,3
Ice,Ground,5,0,0,0,79,130,129,106,87,72,539,1.8381286776267516,60.69932245887091,57,4.591716003980213,2793,76,4,2,3,6,4
Grass,nan,5,0,0,0,44,53,55,45,86,35,276,0.5953821237904808,0.8814226807657377,119,5.260337248883944,5409,253,3,2,4,12,1
Dark,Dragon,4,0,0,0,93,97,119,141,111,56,556,3.8913269841841975,283.5068731679042,89,5.216858646998644,5324,87,1,1,9,4,4
Fighting,Fighting,6,0,0,1,53,125,116,81,73,48,576,0.5242625721258791,23.391559494435196,104,4.0062935660410695,5070,96,6,1,9,8,4
Electric,nan,7,0,0,0,71,68,35,59,45,65,210,0.5111328442565317,18.370363448203115,232,4.462908638944459,3345,232,3,1,2,13,3
Bug,Flying,2,0,0,0,71,58,24,64,65,46,210,0.5552721675870874,23.136897529223145,222,4.945409897080839,4616,207,3,1,3,17,1
Normal,nan,2,0,0,0,76,70,120,43,89,79,513,1.4873378150453787,50.314371681819566,40,5.173237461225004,5578,38,3,0,4,8,3
Fire,Poison,8,0,0,0,42,47,61,44,37,43,207,0.5377973927358354,-17.95765689058301,41,86.10008495626491,5214,174,2,0,5,11,4
Dragon,nan,8,1,0,0,160,134,130,115,56,90,647,1.9879219986486265,806.5185964705342,-20,4.670819869145783,13682,9,2,0,6,6,6
Poison,Water,4,1,0,0,107,81,78,108,93,52,552,0.49266443789126,92.88722321327579,45,5.44646340881316,5338,95,2,0,4,10,2
Dragon,Fire,3,0,0,0,81,148,119,106,87,44,506,1.8711454634618043,144.0553080525545,85,50.1341777241778,3787,75,3,1,6,8,2
Electric,Water,2,0,0,0,99,114,60,76,83,65,482,1.820928137021618,88.45520390373147,69,4.939355918515059,5144,78,1,0,2,16,2
Dark,nan,4,0,0,0,118,84,90,57,66,90,485,1.862782513552883,103.41893191822984,42,46.08840590166703,6986,49,2,0,2,9,3
Steel,Psychic,9,0,0,0,52,69,121,59,44,97,340,0.4063768829721742,3.8690090192899405,131,5.009272822283852,5292,202,3,1,5,6,6
Water,nan,8,0,0,0,65,83,76,101,67,43,360,1.2343197742768461,1.4853536859299599,47,50.340581982426805,5766,55,2,0,4,6,3
Rock,Poison,1,0,0,0,42,22,56,41,43,64,323,1.0066288832652313,5.836122102664618,186,5.024172960867271,5011,113,3,1,3,5,2
Bug,Steel,7,0,0,1,76,131,80,53,53,55,489,1.1859192182362022,69.81993563845283,45,5.165709155742817,32003,9,1,1,6,8,4
Electric,nan,5,0,1,0,85,110,80,34,104,109,577,0.4505476656738525,51.35408751594849,-14,3.718616829749995,30498,7,1,1,3,14,2
Electric,nan,4,0,0,0,102,106,66,86,68,77,560,1.5174748696782099,64.02414163082202,45,3.729825425389904,2867,24,2,0,5,14,2
Steel,Fire,7,0,1,0,86,96,154,127,107,139,702,1.903566575108806,59.52544100999207,-23,4.4175750198643255,31103,-11,1,0,8,7,2
Dragon,nan,8,1,0,0,188,122,114,94,103,84,509,1.5696922965220301,46.13628492037165,-16,5.194837758354291,18764,12,2,0,6,12,3
Fighting,nan,4,0,0,0,73,61,76,40,50,39,521,1.7640254399016402,93.68478919654194,43,4.761538646029518,5211,10,3,1,2,12,3
Ice,Grass,5,0,0,0,125,85,100,113,98,81,615,1.3979321928322295,98.21220752483647,38,5.754017833977095,29486,52,2,3,4,9,2
Rock,Ghost,9,0,0,1,101,105,128,120,86,112,678,5.133016228045171,308.08553542578625,-22,5.4029511237161785,34406,-10,1,0,6,7,5
Grass,nan,4,0,0,0,48,21,57,30,32,19,268,0.26305574960672107,3.6143637805391187,40,5.598419915495304,2538,112,2,0,5,12,3
Steel,Psychic,5,0,0,0,95,144,112,140,103,77,615,1.4086482296349379,70.95758568178971,23,4.930415699654145,5507,5,2,1,3,10,3
Water,nan,2,0,0,0,160,105,39,36,68,62,493,1.5061339213668612,12.956674218991735,185,5.322471594552595,4935,258,3,1,1,12,1
Fairy,Steel,8,0,0,0,68,88,55,51,51,37,297,1.7386932539852062,5.479102956209081,177,4.9629593887239105,2358,231,1,1,2,16,1
Grass,nan,8,0,0,0,103,75,96,61,53,67,468,1.077914217269745,7.136030984570198,43,87.05856187844182,4537,71,4,0,3,10,3
Electric,nan,3,0,0,0,116,51,76,41,48,78,461,0.5699380399508261,21.406287846150754,107,4.4175063972743045,2884,113,4,0,3,12,5
Ice,Psychic,4,0,0,0,66,106,144,119,108,47,597,2.660348767351236,98.39476715251337,8,4.329881594760515,1564,-5,1,1,6,5,3
Grass,Fairy,2,0,0,0,46,50,30,38,44,48,294,0.5514547494822094,14.43227028291718,25,4.413583137567005,7051,238,2,2,2,8,6
Ground,nan,1,0,0,0,68,79,110,49,79,50,511,2.311656873798464,48.25897803071038,55,5.843290081118048,9028,48,2,0,2,11,3
Grass,Poison,4,0,0,0,47,40,29,36,37,41,312,0.15799856094414688,0.7812700269447674,248,86.5023920479488,2875,183,3,0,5,9,5
Electric,nan,9,0,0,0,89,88,51,80,75,69,493,3.0594137638798595,1.84829399966066,47,5.191666610488429,4847,50,4,0,3,13,1
Water,nan,4,1,0,0,88,129,82,91,89,141,491,1.9245798610056215,44.29431006525338,-5,3.395558651373567,13718,-9,8,0,2,12,3
Dark,nan,8,0,0,0,101,127,129,102,93,71,548,4.076109834909217,70.53505386425957,45,4.235655815909575,5349,50,2,0,5,9,3
Fighting,nan,3,0,0,0,49,75,38,59,52,63,315,0.636667224552517,6.354341324470083,250,25.816670538397137,3012,42,3,0,3,12,3
Dark,nan,3,1,0,0,100,83,66,123,106,103,560,2.100889320754277,194.62323062771728,44,5.525829084989842,31170,42,1,0,2,13,5
Ground,Grass,3,0,0,0,58,77,86,73,90,38,308,0.3864704539790348,29.76421298658703,239,4.58400091548855,5287,122,3,1,5,7,5
Bug,nan,3,0,0,0,82,104,98,63,79,60,533,1.9682357752786046,53.568591318770295,42,3.930128592498855,5164,73,2,0,0,9,5
Normal,nan,4,0,0,0,129,99,104,43,89,38,484,1.6466095746124938,58.4112437454785,90,5.25293047752595,5525,86,4,1,3,12,1
Grass,Rock,9,0,0,0,70,68,127,57,76,32,498,1.2457789792023715,1.5590385266338487,46,4.248797759708084,2457,49,2,1,3,8,6
Water,Dark,2,0,1,0,81,129,97,105,124,105,664,1.6905405597789491,131.00978164858753,-5,4.217541318448824,34208,-17,1,0,4,13,2
Poison,nan,9,1,0,0,94,58,39,68,85,101,589,1.2085772103483186,15.42348475610399,25,6.2814747485913545,7568,23,2,0,2,11,3
Fighting,nan,2,0,0,0,63,49,61,37,21,36,243,0.31668011418493675,9.982605071168114,46,5.669749724117222,2971,192,2,0,2,12,3
Psychic,nan,8,1,0,0,84,68,88,75,106,115,448,1.4268719729779662,23.045722245948284,-11,4.799575213513222,15359,-10,7,0,2,14,3
Dragon,Dragon,7,0,0,1,72,91,111,138,80,116,571,1.662183339109975,4.077118056908299,5,7.833535055333394,29044,-14,1,2,6,12,3
Psychic,Fire,5,0,1,0,141,114,158,121,83,128,663,8.651565584217298,67.4793117032342,1,5.244463142603566,31719,-7,1,1,9,4,6
Poison,nan,2,0,0,0,88,59,54,41,38,41,630,1.448464196456002,66.89047573969108,243,4.774222465847734,5515,240,4,1,4,9,3
Ground,Psychic,8,0,0,0,34,25,34,22,42,21,206,0.20018886493695776,-13.37877379210162,106,3.7338734403916143,3427,208,3,1,2,12,4
Grass,Fairy,8,0,0,0,49,33,55,53,47,27,299,1.27444525449328,-11.758038639848044,140,49.118865707366844,3196,42,2,0,5,9,4
Psychic,Rock,2,0,0,0,68,91,47,81,102,32,426,1.1538826829073339,1.8132743653336298,47,5.487258964332931,5052,46,2,0,4,9,5
Fire,Ice,4,0,0,0,78,86,76,120,41,104,518,3.4532202884282217,42.9491217644045,40,87.36999327231742,5595,49,4,0,3,9,5
Grass,Poison,7,0,0,1,50,114,130,65,70,36,312,0.3940131561667753,-2.931410178332042,134,4.878252804919328,5154,50,3,1,5,4,4
Normal,nan,3,0,0,0,63,29,29,62,55,37,329,0.47114634774167935,19.695450831496757,216,4.483091576315294,5510,237,3,1,0,16,1
Ghost,Poison,5,0,0,0,52,48,35,56,64,90,358,0.20168329277176428,18.349162658595006,193,82.48785397032165,4911,243,2,0,2,12,6
Fire,Poison,3,0,0,0,43,90,75,79,94,66,339,1.5120750304563244,84.65160103048748,42,86.29662224511682,5331,47,2,0,5,9,5
Dragon,Ice,8,0,0,0,90,146,158,124,70,110,645,1.8372695226109648,182.80482251147527,-9,3.621928892467774,33694,-10,1,1,6,6,4
Poison,Fire,8,0,1,0,58,111,68,89,84,80,493,0.47081512018818816,64.43673019466245,39,5.4559196878551734,3733,355,8,2,3,5,2
Poison,Flying,8,0,0,0,80,83,96,54,58,35,281,0.6587228707572204,12.486518483528599,235,83.58937990788118,6057,46,3,1,4,10,3
Fairy,Bug,2,0,0,0,46,43,37,27,30,11,318,0.5082936122842736,11.805802288254322,241,4.590611187458973,2956,201,2,0,5,14,3
Grass,nan,4,0,0,0,76,68,95,39,91,35,260,1.534804680909394,9.45668172097026,44,89.23582400537103,9109,43,2,0,2,9,3
Ghost,Poison,5,0,0,0,89,73,82,91,88,104,576,1.7561640362897555,75.30861934579778,44,4.689531799469236,33284,49,2,0,3,14,4
Steel,Water,5,0,0,0,43,70,88,24,44,15,218,0.38818741908473203,-5.5896001058407645,196,4.327484900557371,8623,125,2,2,5,13,3
Ground,Flying,3,0,0,0,72,56,72,40,67,40,293,2.498109056630857,119.47316449716345,115,4.583783526875708,5084,243,3,1,8,7,3
Psychic,Dragon,7,0,0,0,66,136,78,46,57,155,311,0.8221905731746276,26.547196439537252,12,49.852888398031645,7188,43,3,2,6,9,3
Rock,Fairy,9,0,0,0,42,69,41,49,99,61,291,0.9306351126507848,-2.249196765653208,214,6.217253622979409,5279,183,3,0,2,9,3
Ice,Flying,3,0,0,0,54,61,96,75,78,35,281,1.126226026521323,9.531645737709113,47,5.502648046721291,5561,120,3,3,5,12,4
Water,nan,1,0,0,0,101,96,138,110,75,41,513,0.6426640440943885,78.88283658163743,-3,4.999910975570379,3643,-1,3,0,3,12,3
Fairy,nan,4,0,0,0,66,83,55,78,55,79,270,0.33392108756567374,15.546168819137488,49,51.371403060416895,5454,268,4,0,2,12,3
Normal,nan,4,0,0,0,66,92,68,60,37,117,357,0.6339201860265398,2.585587649167506,256,3.7833758818155134,5410,237,3,1,0,16,3
Flying,Grass,5,0,0,0,81,100,49,67,54,74,514,1.8760771468141315,43.98028347864049,129,4.715396055621419,5091,119,3,1,3,9,3
Dragon,Bug,8,0,0,0,97,131,106,127,87,106,536,4.213204044185735,59.20522158169679,46,5.912051064814154,3051,21,3,1,0,12,1
Poison,nan,2,0,0,0,86,32,51,55,63,65,288,0.3039597559526265,1.7437982208742895,51,51.342608296150985,3820,198,3,1,2,9,3
Electric,nan,4,0,0,0,99,122,87,45,97,87,511,1.4429139347380975,110.89343258143228,50,3.414531901005895,5344,48,4,0,3,13,1
Water,nan,3,0,0,0,77,57,54,54,84,69,486,1.898195628265077,62.679139330371015,43,47.6457756310294,5141,47,4,0,4,8,3
Fire,nan,1,0,0,0,54,80,53,45,35,35,239,0.5720761778382577,26.995841079972138,110,4.771937391024801,2703,187,1,0,5,9,3
Normal,nan,2,0,0,0,54,121,94,45,104,53,477,1.3388730225556362,14.06734927740258,86,4.585523425368924,5256,103,4,1,1,13,1
Dragon,Flying,7,0,0,1,121,134,100,54,87,81,555,3.9243920291572705,961.8121608267464,46,3.9830496017572132,32340,51,1,0,5,9,4
Dark,Dragon,7,0,1,1,128,114,90,129,74,66,681,9.177621538319048,787.3891199755865,-6,5.3198521281652145,33488,-6,1,0,6,9,4
Dragon,Fighting,7,0,0,1,187,140,99,127,65,80,626,4.602362255143782,97.88904831804314,38,4.723917136531543,31243,42,1,0,6,6,4
Rock,nan,4,0,0,0,67,144,102,73,73,71,560,0.9889986547706254,43.53763583178339,53,4.1872906001067,5304,50,2,0,4,6,2
Electric,Flying,3,0,0,0,138,119,113,84,121,50,472,1.0815860190834563,98.591405556268,74,4.723129735379625,4951,81,3,2,9,7,6
Fairy,Ice,8,0,0,0,78,79,52,68,52,100,330,1.5816309472829335,31.48519528820454,41,4.745983929094638,5249,87,2,1,4,16,1
Fighting,nan,9,0,0,0,74,140,56,44,78,103,317,1.7750728697982199,19.78013371870797,52,48.539395710786046,5637,229,4,3,1,13,1
Fire,nan,8,0,0,0,64,80,76,82,49,68,427,1.1631311000408024,14.375543584843049,45,88.42784333130302,4400,48,2,0,6,9,3
Grass,nan,1,0,0,0,47,78,62,68,76,92,242,0.510109632688221,42.178673072627525,49,89.9395149622775,7697,54,2,0,4,9,6
Ice,Ground,9,0,0,0,86,84,148,91,81,43,511,1.3782878592712253,26.428799574191082,70,5.031296989298868,3978,107,2,2,6,9,4
Water,nan,1,0,0,0,80,102,169,100,115,112,487,1.3086709066058755,48.47127350707989,47,3.8794843314730088,8523,43,2,0,2,13,1
Dragon,nan,8,0,0,0,97,97,83,89,95,96,514,1.3738449662447758,14.837840472147425,37,5.4279168618028955,6326,44,2,0,3,13,3
Electric,nan,8,0,0,0,86,93,56,31,60,49,485,0.9326090664180257,13.399678726264447,46,45.502800458097425,4553,36,3,0,2,15,4
Poison,nan,1,0,0,0,78,87,114,87,92,72,515,1.359516326648643,19.408535470045734,72,4.363730692221618,5319,57,4,2,3,4,3
Electric,Psychic,7,0,1,0,104,109,100,123,89,51,686,7.482148908420784,670.4113410899363,-24,3.6738437481232844,30735,-16,1,1,6,6,5
Normal,nan,3,0,0,0,81,93,53,52,63,60,320,1.6875815884011052,3.881217742991005,239,4.421355722601143,5342,114,3,0,2,13,3
Water,nan,4,0,0,0,102,63,73,58,92,39,468,0.5920418438631159,101.75085197026247,48,4.510430895138641,7103,59,4,0,4,14,2
Water,Grass,4,0,0,0,37,77,42,55,104,95,343,1.05781039279309,1.7300020763527506,51,86.92979222091545,5447,42,2,0,4,9,3
Normal,nan,3,0,0,0,75,43,49,34,56,65,240,0.5578504114874508,9.66931885059283,230,25.926996821264694,2627,113,4,1,0,14,1
Rock,nan,4,0,0,0,55,61,64,47,89,117,511,3.8355369731746665,254.89531372210095,30,90.26118812322146,8781,45,2,0,5,9,6
Ghost,Psychic,5,0,1,0,108,103,116,94,137,111,696,8.771174573344254,49.647939730711464,-24,5.32387367394091,35217,-21,1,0,7,7,2
Steel,Electric,1,0,0,0,52,113,97,148,73,37,583,4.3140350023580805,106.08775638662786,100,5.6163501871429915,4961,84,3,1,10,7,5
Water,Poison,5,0,0,0,52,74,23,32,59,134,261,0.6987288708111496,-17.30281752645312,40,5.164822373862987,5210,38,1,0,3,15,2
Bug,Poison,8,0,0,0,60,69,64,69,45,41,244,1.137451805453267,14.940028335306815,247,6.855508963915734,5134,236,4,0,2,8,3
Rock,nan,3,0,0,0,69,120,84,63,72,104,458,1.9227797582244237,-0.60813498051529,57,4.032919202750104,4415,46,2,1,4,16,3
Psychic,nan,3,0,0,0,61,40,49,42,73,65,290,0.5883820839935535,4.68103729406735,40,87.22840503624998,18744,44,1,0,2,13,3
Grass,Poison,1,0,0,0,80,103,68,67,90,32,488,0.9206652829137247,623.2403801143491,52,5.472853962904708,3526,79,1,2,3,6,5
Fairy,Dragon,5,0,0,0,67,57,65,58,51,56,306,0.6036387491016586,9.167835647994488,125,5.158392693794938,5344,45,3,1,5,7,4
Electric,nan,5,0,0,0,78,91,62,105,97,100,482,1.5156892406814848,117.9761707050818,46,5.094321056501643,5531,44,2,0,2,12,2
Ghost,Ground,4,0,0,0,97,60,118,117,89,31,521,1.4535736907334988,96.4956952948121,93,6.409404053132935,5403,44,2,0,3,13,4
Electric,nan,1,0,0,0,49,97,105,94,80,47,557,0.8394037492045917,54.53578140523979,83,4.287743950782984,3556,90,3,0,4,13,1
Normal,nan,2,0,0,0,54,25,24,41,41,48,257,0.5094965921591921,-9.810591095890077,255,5.04656358702621,3533,250,3,1,0,14,1
Fire,nan,8,0,0,0,74,50,87,108,55,70,362,0.785204435051411,19.591487511726182,40,5.1545387385967025,5142,57,2,2,2,7,2
Grass,Ice,9,0,0,0,189,64,108,112,91,120,662,2.186536595097369,69.80927262496017,47,4.930747211007898,28399,33,1,0,6,9,4
Fairy,nan,8,0,0,0,40,71,70,47,76,89,503,0.5679169678660556,-10.585903991771067,248,4.8971887905115326,5512,136,4,1,2,10,3
Bug,nan,7,0,0,1,120,116,94,106,79,114,571,3.1131875689007957,85.27885316141675,4,5.629963372890755,31259,-16,1,0,6,9,6
Normal,nan,4,0,0,0,83,97,93,132,67,73,454,1.3947335830475924,94.21392035792019,50,4.97684561126748,5414,94,3,1,1,16,1
Ground,Ice,2,0,0,0,56,111,115,119,94,73,698,1.812797595526102,64.95590201742097,68,4.937966831479038,5405,1,4,2,6,6,6
Ghost,nan,2,1,0,0,70,91,107,47,121,106,615,22.094581044245302,52.98650786275675,19,5.6026194959769615,5564,50,2,2,6,13,7
Ground,Rock,6,0,1,0,118,130,118,117,85,120,701,4.417465354093945,100.09313778179799,-13,4.921691523513227,5420,85,1,1,8,7,5
Grass,Water,5,0,0,0,66,110,41,86,83,82,483,1.7360838058754922,51.063172450447,27,5.208437269830716,4399,72,6,0,3,7,3
Psychic,nan,7,0,0,0,29,37,45,26,36,99,209,0.5819614109753125,-12.466735616139902,260,52.175673960444975,3718,166,7,0,3,11,6
Grass,Fire,9,1,0,0,84,99,134,88,100,77,638,1.6361876771209332,581.4731983755273,0,6.11041427991693,5144,5,3,2,6,4,5
Electric,Flying,9,0,0,0,70,65,65,49,53,38,280,0.5205949130736272,13.286446258791587,244,4.644511145339406,3615,127,3,1,1,10,1
Water,Poison,3,0,0,0,91,129,103,144,71,84,521,1.5473537693944648,151.42071028859758,44,4.749751675369637,5120,81,3,0,4,13,2
Grass,nan,1,0,0,0,45,65,55,46,53,85,373,0.5409107092277926,16.098426837574742,47,6.096576060884947,5064,99,4,1,5,9,5
Fighting,nan,9,0,0,0,87,9,79,57,52,69,293,1.0767229102867348,41.51434968960997,256,53.76647820817591,1652,64,2,0,4,9,3
Fairy,Psychic,8,0,0,0,89,64,72,53,80,90,487,1.658706236602934,54.4627347924357,10,5.395131127363308,4748,2,1,0,3,13,3
Psychic,nan,6,0,0,0,78,98,64,55,65,41,504,1.8035051775359277,105.66179610993359,45,5.105000334915898,5082,52,4,0,2,12,6
Fairy,Ice,8,0,0,0,105,99,57,55,52,94,387,1.6832209093568675,11.547481608772904,231,1.7489264643066185,3492,42,4,0,3,11,2
Psychic,nan,4,0,0,0,62,31,54,59,83,57,478,1.2309541226697862,-14.606996247171134,45,4.310017149473281,5300,42,4,0,4,12,3
Normal,nan,4,0,0,0,66,70,54,60,68,71,398,0.5618435966650723,2.1304160352222627,103,4.913443972892954,5151,104,3,1,0,14,1
Grass,nan,9,0,0,0,57,63,93,64,48,76,481,0.46614944710679107,21.068550725250883,47,4.547844634671328,2634,45,4,0,5,9,4
Dark,nan,2,0,1,0,73,95,120,50,86,67,521,0.34406704608099226,-12.747854860525903,4,4.9040484205362525,5468,10,1,1,6,6,6
Water,Dark,1,0,0,0,103,115,215,109,69,87,520,2.9635227475186596,110.94730239986532,-1,5.395091001811193,10690,80,1,1,9,6,6
Electric,nan,1,0,0,0,42,44,61,44,34,40,287,0.43007735322448815,-3.461446246746915,49,18.091323044327254,5383,222,2,0,3,12,3
Bug,Ground,5,0,0,0,48,47,23,25,25,41,276,0.2595355881836653,3.7370332577001744,134,4.704861303667514,3036,181,3,1,2,10,1
Rock,Steel,7,0,0,0,45,129,98,34,185,47,457,1.5751004143622986,906.5808904095321,48,5.8829294608454905,4815,52,1,1,5,5,4
Water,nan,9,0,0,0,38,76,54,38,71,28,274,0.36646612020744873,2.9613444146906005,49,5.251089547342929,3548,47,2,0,2,12,5
Psychic,Grass,5,0,0,0,53,38,23,115,48,88,281,0.4617930806276819,-6.011154718707774,232,85.99147415740616,5385,179,1,0,2,14,3
Dragon,Psychic,7,0,0,0,84,158,195,123,60,92,615,4.360878206587748,161.27304794833356,-8,3.4600160447421726,30964,-22,1,0,6,14,3
Normal,Flying,3,0,0,0,83,110,66,69,99,21,322,0.5962793707724001,10.13569719356169,108,5.638262758330921,5191,87,3,1,8,6,5
Water,nan,5,0,0,0,66,45,42,55,70,19,355,0.527036716370208,15.160705155504903,44,5.5186146786486745,5233,208,2,2,4,9,5
Normal,nan,6,0,0,0,61,66,82,76,83,100,465,1.336865274778271,52.29623639802565,41,4.949548723959327,2668,89,4,0,2,11,1
Poison,nan,4,1,0,0,111,74,61,78,210,65,508,1.8423322840876892,27.8826308516003,-1,2.3385700594760848,19709,14,2,0,3,12,3
Electric,nan,1,0,0,0,33,44,47,24,75,68,229,0.42889410385632676,6.699048998962716,119,92.0843314071356,5202,252,2,0,2,12,3
Electric,nan,9,0,0,0,69,88,92,69,60,20,269,0.4631415261520576,4.828738318707098,119,5.435083974507718,3766,81,4,0,2,12,6
Water,Bug,1,0,0,0,76,130,61,46,70,73,511,1.4875750940459327,120.3114470231308,53,85.10962313320103,5390,43,4,2,5,9,2
Water,Fighting,1,0,0,0,65,75,66,117,55,76,608,2.263626195815163,64.86583615930918,49,3.3514018458629,5167,44,2,0,4,13,3
Dragon,nan,8,0,0,0,88,55,40,23,45,67,230,0.33100859867968047,4.398068580968284,263,48.61143772500195,5541,42,2,0,3,9,3
Dragon,Steel,9,0,1,0,75,78,115,75,89,68,588,1.994532144282711,398.64877230992613,3,5.627574251578037,26848,19,2,0,6,7,3
Bug,Flying,5,0,0,0,60,62,74,47,51,64,337,1.349443769605723,6.170402819826183,186,5.096329079281771,5019,185,2,0,4,6,3
Ice,nan,4,0,0,0,103,47,99,94,60,60,485,1.1907192646573912,54.43617569832186,42,4.752744653940253,6909,45,4,0,2,12,3
Grass,Grass,2,0,0,0,40,54,23,32,15,10,255,0.33266842405293384,9.137043029369543,178,50.200725089548015,4900,218,3,0,5,6,2
Water,nan,8,1,0,0,101,90,83,97,108,56,606,1.7758307497157881,119.35545171159995,4,4.826605333309662,3703,15,2,0,6,14,3
Bug,Dragon,7,0,0,1,56,81,120,127,58,37,557,0.9305552636228007,66.25497982345227,4,5.4193096078600105,30989,17,1,1,6,7,4
Ice,Dark,8,0,0,0,64,83,83,104,130,72,570,1.739060824641411,64.06067167808513,43,90.25691834869352,3992,45,2,0,6,9,4
Ice,Steel,9,0,0,0,37,60,109,54,57,55,425,0.7358301335443607,54.22961067871917,53,5.0179598944021,8200,84,1,2,6,6,4
Poison,Poison,8,0,0,0,114,114,50,44,34,24,365,0.4230327056124012,5.50853754548184,40,4.745938958328271,5270,8,2,0,5,9,6
Bug,nan,8,0,0,0,24,22,14,44,42,36,263,0.19083017700942473,-3.9432846188805453,236,26.19472529502273,5042,226,3,1,2,8,3
Dark,Flying,2,0,0,0,122,100,76,61,93,32,534,0.6437496197784682,107.7481647817205,53,4.426476862833827,5072,117,3,2,9,10,3
Fire,Ice,5,0,0,0,79,67,51,114,84,50,485,1.886140414557341,5.957378592100879,37,91.96809978725862,5287,51,2,2,6,10,3
Ghost,Flying,6,0,0,0,27,60,83,33,31,8,273,0.37134247541880716,-10.492347318628644,125,3.8475867427513366,2826,247,3,2,5,7,4
Electric,nan,8,0,0,1,103,57,102,39,79,58,400,0.42748790785011365,17.89848886972413,-3,5.2116235724500495,2782,49,2,0,2,11,3
Water,nan,2,0,0,0,117,131,111,62,64,63,511,1.8168570988363864,159.38154945566805,47,4.747872162924966,5102,34,2,0,4,7,2
Ice,nan,9,0,0,0,88,62,109,83,73,72,391,1.3756581147487759,58.77282125094064,59,5.093620075129509,3224,9,2,1,9,5,5
Normal,nan,1,0,0,0,97,68,61,53,108,50,443,1.9086100750000927,64.25429640825608,133,5.84082505144869,5328,122,4,1,1,15,1
Poison,Fairy,3,0,0,0,35,81,86,53,74,49,265,0.5069612670217803,9.35937433802171,43,5.931961665253462,5388,120,2,0,5,9,2
Rock,Ice,2,0,0,0,100,100,65,22,63,36,332,1.801389714585127,91.38920403491291,36,84.82080657443015,5516,40,3,2,6,9,6
Dark,nan,4,0,0,0,74,64,88,45,98,64,532,1.7837466542320275,160.060650539913,21,3.74903946347193,5004,47,1,0,2,7,6
Poison,Steel,4,0,0,0,69,103,83,54,90,31,530,0.8178369779094881,79.65740934840348,86,5.126600273140426,4984,73,4,1,9,5,3
Normal,nan,4,0,0,0,71,129,49,59,59,98,219,1.2289460954890508,22.73924502945277,84,3.921139751015645,5086,258,7,1,0,16,1
Rock,Steel,5,0,0,0,85,129,67,55,86,40,499,2.051135810400388,43.76861693742419,50,4.423975942688518,8234,54,4,0,4,9,3
Bug,Flying,3,0,0,0,84,134,90,111,65,53,633,1.9254604300476261,65.62621061443039,45,4.547421737193183,5275,41,1,0,6,9,6
Grass,nan,3,0,0,0,100,100,109,44,79,18,349,0.3645350956927117,20.373511701050884,117,3.630225191327008,2720,226,3,1,3,10,3
Poison,Steel,7,0,0,0,40,66,102,66,81,33,247,0.934431217919517,-13.209132429317984,121,4.651552964392679,5141,129,3,1,9,7,5
Fire,nan,2,0,0,0,38,62,31,30,39,17,255,0.3379859053937786,-5.7067379033238534,243,23.830485658655366,2484,192,4,1,2,12,6
Poison,Dragon,9,0,0,0,112,74,47,90,51,52,495,2.573173539016509,37.286830898783066,46,4.3753509516207005,31109,2,1,0,5,9,4
Dark,nan,8,1,0,0,100,147,136,124,124,111,527,1.8854377254289925,25.49538744751149,-19,4.553608752780699,29751,11,1,1,3,7,6
Rock,Fairy,3,0,0,0,71,55,68,57,72,78,261,1.6674221316089166,46.81931097848176,112,5.325833957901712,5108,186,1,1,2,8,4
Fighting,Psychic,8,1,0,0,84,122,142,106,79,106,569,2.6553630416929055,40.21860988152798,-12,4.917726514209774,14879,-2,2,0,2,14,3
Dragon,Grass,9,0,1,0,78,65,67,106,61,118,325,1.4056113081661694,52.52931228804175,1,5.39100045659548,6871,79,2,1,9,11,5
Psychic,Ground,4,0,0,0,59,75,57,85,60,60,488,0.7063721914854526,51.31839100934526,107,5.038563534324162,5575,133,3,1,2,12,2
Bug,Fairy,3,0,0,0,95,64,88,78,39,84,274,0.600845254005601,14.2387096823266,247,4.62888041237646,5173,231,3,1,3,10,1
Ground,Psychic,9,0,0,0,47,98,98,101,73,16,610,1.4610669027927998,95.33104882047634,1,5.107749455647657,6714,36,1,1,6,5,6
Steel,Steel,7,0,0,0,34,63,94,110,59,94,542,0.7672325564127505,38.1387333173351,-2,4.316572401344068,5113,10,1,1,9,4,6
Bug,Fairy,9,0,0,0,183,126,100,107,107,94,728,4.288014879584342,62.07822138228808,45,4.092201942432915,5470,-2,1,1,6,8,6
Psychic,Water,6,0,0,0,50,64,33,22,28,34,273,0.16840736807745788,-13.389975742136313,248,3.8810561189768644,4904,219,3,1,2,14,3
Rock,Water,3,0,0,0,74,83,99,83,64,50,387,1.1133085395182092,253.60892513979215,76,4.931110036801918,5287,48,3,2,3,4,5
Water,nan,6,0,0,0,75,61,64,100,65,79,493,0.7834664733719708,92.3393005128876,43,4.473552964521446,5267,49,2,0,5,9,2
Bug,Fire,7,0,1,1,76,107,136,112,130,56,646,1.872245471081747,720.9905987515015,-9,3.801889481368854,31682,-10,1,0,9,6,6
Dark,nan,2,0,0,0,52,84,55,55,64,44,273,1.5028592724723766,23.16966705626576,39,5.389715900570669,3843,190,2,1,2,11,1
Fairy,nan,8,0,0,0,59,75,31,68,67,102,476,1.1828872087476743,61.35189294746447,45,4.958666627594062,5143,186,3,1,2,14,3
Fire,Psychic,9,0,0,0,68,106,66,59,116,54,579,0.9123686999288407,43.37803069352778,50,4.8802209488943635,25547,9,1,0,6,14,5
Normal,Grass,1,0,0,0,108,86,109,49,77,44,514,1.6813959427223057,23.48126684343255,19,5.217587941469995,5015,15,2,2,5,7,4
Poison,Flying,5,0,0,0,57,38,24,38,46,61,276,0.5238162975440732,-4.925851113362741,256,4.721207060463947,4257,128,3,0,2,14,3
Bug,Dragon,7,0,0,1,84,142,94,156,75,55,646,4.6064496693237365,493.02920138097153,6,3.5910968201961744,33352,-25,1,2,9,5,2
Fire,nan,3,0,0,0,64,55,90,101,58,114,601,1.3295769412768275,8.908268050653335,39,5.210473770171753,10504,45,2,0,2,9,2
Dragon,Dragon,7,0,0,1,57,85,59,112,92,58,493,8.138866966003615,6.593343339480763,46,3.7927391327438587,32202,38,1,0,5,7,4
Water,nan,8,0,0,0,71,76,85,90,58,92,461,1.919949684934803,99.55705166737452,40,5.31223344149196,5093,49,3,0,2,6,1
Normal,nan,3,0,0,0,48,68,30,59,65,55,270,0.3626516898225767,21.539414547572726,118,5.042404061998082,4341,244,4,0,1,16,1
Rock,Psychic,7,0,1,1,74,165,107,142,108,79,587,7.0389775597367485,662.4402944767005,-5,4.678838806406858,30375,-26,1,2,9,8,6
Bug,Flying,9,0,0,0,55,118,109,130,98,76,505,1.6290685896240569,87.13200488257995,50,5.245593208074638,4936,70,2,2,4,8,4
Flying,Psychic,3,0,0,0,45,42,49,66,41,48,242,0.3958903687079258,4.829816777207309,245,4.009953676778687,5134,119,3,1,2,6,4
Electric,nan,9,0,0,0,74,70,54,103,39,92,282,1.3707670311207683,4.5909780443181525,56,4.9909505324262655,6460,44,2,0,4,12,3
Dragon,Electric,1,0,0,0,102,81,145,118,88,96,597,4.076390793808757,41.088862126672375,8,5.711681284981835,5700,49,1,2,8,5,5
Steel,Ghost,4,0,1,0,112,136,104,116,103,94,615,1.1482862127011548,1.3501927282232469,2,5.479776589687344,31250,-4,1,0,4,15,6
Rock,Flying,2,0,0,0,83,113,68,50,99,57,319,1.3522493968251437,4.286262542126565,122,4.471217930155988,5185,62,3,1,5,9,5
Electric,Psychic,7,0,1,0,102,106,75,103,64,69,648,1.4420085022455496,69.58166029178247,-12,4.757926179898727,30542,-16,1,0,6,6,5
Fire,nan,4,0,0,0,84,66,67,57,86,16,439,1.75080981225516,75.31764255778658,70,5.526156954498626,6068,53,4,0,3,12,1
Ground,Flying,5,0,0,0,64,111,109,68,36,100,507,1.352413906770111,24.272878192168378,45,4.05991680835191,5198,55,3,0,5,9,3
Electric,nan,3,0,0,0,75,79,49,49,60,67,288,0.5704603528321186,97.44521604225957,129,4.868811474260549,5514,122,3,1,2,7,3
Electric,nan,5,1,1,0,128,114,74,116,123,137,594,1.8048022162733859,84.72214210938982,-19,3.9463094546771984,32237,-19,1,0,6,13,3
Steel,Fighting,7,0,0,1,53,137,93,72,81,47,601,1.5448624295736815,81.43642075669288,0,4.7685298774569365,27909,13,1,1,5,7,6
Bug,nan,9,0,0,0,90,73,45,63,43,48,409,1.0504422844552532,11.328811204760026,49,5.137436935778041,4652,238,4,0,3,12,5
Steel,Rock,1,0,0,0,74,144,94,70,74,82,516,3.6743410526990288,92.63443657879708,81,5.093785000839129,3172,79,1,1,9,6,1
Dragon,nan,9,0,0,0,59,41,26,19,38,58,231,0.4192271228403642,-11.056411381169097,260,4.465558217441163,2919,221,2,0,2,11,2
Normal,nan,5,0,0,0,51,108,37,51,50,130,224,0.9388679226787252,71.73788649053455,219,4.709677626087936,4950,83,4,1,0,12,1
Normal,nan,1,0,0,0,103,64,74,36,98,71,488,1.9457874184804917,40.28259137164818,92,4.836582526719647,5219,80,4,1,0,15,1
Fairy,nan,5,0,0,0,70,51,90,76,63,51,333,1.1776175645975586,16.630740791147144,39,4.854805736432057,5251,114,2,0,2,11,2
Ground,Electric,5,0,0,0,104,50,111,74,78,57,505,1.2874567857388688,62.39241739273968,81,5.884206085075114,5365,113,2,1,9,7,4
Steel,Dragon,7,0,0,0,30,52,117,74,75,57,321,2.1885193793908853,101.41591324536222,66,4.1405804377118915,5131,90,3,1,5,6,6
Water,nan,8,0,0,0,41,44,50,50,39,103,290,1.3842549701212596,3.211017911965561,262,5.233542047621272,3903,259,3,2,2,6,2
Psychic,Ground,4,0,0,0,66,95,56,59,71,88,516,1.4539290780229832,-5.452761723022201,83,5.1538461780274885,5336,93,4,2,5,8,2
Dark,Steel,7,0,0,1,115,147,113,132,120,103,687,2.6425671586455772,347.78003944474403,8,3.345243901560905,26828,-11,1,0,6,7,6
Electric,Normal,1,0,0,0,78,118,52,99,46,60,496,1.2351564321471773,18.463947202282764,44,87.03675164618312,5196,47,2,0,3,9,2
Bug,Dragon,7,0,0,1,60,132,66,134,52,120,547,9.63769544816579,903.159358291375,34,4.024085264561105,28997,43,1,2,6,6,5
Fighting,nan,4,0,0,0,63,57,26,37,59,44,286,0.7381678313200963,-4.246183308783374,233,5.937623316053989,4931,46,3,0,2,12,3
Ice,Ice,7,0,0,0,81,83,98,91,115,57,499,1.7323031540277416,39.04074363207931,87,5.860153867272812,3319,93,3,1,6,6,4
Poison,Dark,2,0,0,0,122,79,113,124,118,54,539,1.8109556581266752,77.9268574921844,84,4.86592821287492,5041,36,1,1,5,8,6
Water,nan,5,0,0,0,68,111,119,101,107,97,494,4.663925200955946,114.55031745098981,55,4.825242841116323,5171,55,4,2,3,7,3
Grass,nan,7,0,0,0,39,86,50,85,36,80,295,1.3441180412654867,58.23203271667603,47,80.43882887812899,5510,46,3,0,4,9,5
Steel,Ghost,7,0,1,0,102,107,109,106,82,139,679,3.5384977739329755,65.60932502388474,-31,4.524947910742311,28523,-6,1,1,9,5,2
Electric,Ice,7,0,0,0,70,108,61,102,139,34,513,1.515734579914829,12.599781317493571,45,4.756131584320159,10166,45,1,0,5,7,4
Electric,nan,3,0,0,0,66,100,31,43,81,58,272,0.5128804120335266,12.703380040234254,139,4.8183409051930735,5588,275,4,0,2,17,1
Water,Steel,5,0,1,0,119,126,99,123,70,130,607,2.0329208152049096,49.659943576512305,-14,4.539837074691131,28981,-22,1,0,6,7,6
Water,Steel,6,1,0,0,92,128,92,137,67,51,601,1.5873695199736566,61.13581287262848,0,5.626947747429813,24189,5,1,1,6,6,2
Steel,Flying,9,0,0,0,85,103,90,80,107,51,517,2.082548759207016,162.09350772720214,63,5.044555799216542,4843,88,3,1,9,6,6
Grass,Normal,4,0,0,0,76,51,51,42,112,83,513,1.6570039594956283,20.03972441449558,40,88.83539948767903,5237,45,2,0,6,9,5
Ice,nan,7,0,1,0,96,128,66,116,113,98,626,1.9331299076899984,221.19190177570707,-12,3.650920644694442,31798,-2,1,0,9,7,3
Dark,Flying,9,0,0,0,82,86,60,46,67,51,540,1.317022790761558,118.5538881513996,0,5.289663123496491,3225,3,1,1,9,7,3
Grass,nan,7,0,0,0,106,83,102,46,106,31,459,1.906196802550661,9.8598917866086,127,4.826234387295457,5350,55,4,2,0,17,1
Fire,Rock,9,0,0,0,61,88,106,94,46,75,350,1.8479269743909161,12.372301643899942,45,4.979695328517023,7396,91,3,1,6,9,5
Psychic,nan,2,0,0,0,62,66,69,34,79,39,227,0.6145566835320593,30.728386745702252,252,6.053653707541193,3104,122,3,0,3,12,3
Fighting,Ice,5,0,0,0,80,88,82,103,61,58,483,1.560709554050169,128.26372181048853,40,4.161581390810632,4846,49,2,0,6,6,2
Poison,nan,7,0,0,0,54,49,52,47,50,53,193,0.4367701167481924,-4.410840186120685,254,5.110089505707128,3815,260,1,0,2,11,3
Electric,nan,2,0,0,0,85,56,62,34,78,93,255,1.1019946070981836,4.439479316481206,103,4.983590445604867,5937,51,2,0,5,9,2
Grass,Psychic,9,0,0,0,55,49,90,98,60,81,527,0.6531506431797657,54.12183583909174,47,5.4189984015430275,2739,133,2,0,9,11,5
Rock,nan,1,0,0,0,120,83,64,133,61,81,459,1.5505965318104777,85.21098787115787,41,81.44430501834184,7983,44,2,0,6,8,4
Steel,Fire,7,0,1,1,62,62,96,135,90,74,599,6.308459767415846,65.54847425223846,-3,4.851379577761936,33271,-22,1,0,5,9,3
Dragon,nan,4,0,0,0,61,65,69,59,97,66,476,1.5918822776404098,33.461382121639154,37,52.18120853304188,8108,44,2,0,2,12,3
Bug,Flying,9,0,0,0,38,35,60,35,83,35,310,0.035530458707440704,-4.484119609264303,202,5.037825438554766,2788,260,4,2,3,10,4
Fairy,nan,3,0,0,0,79,95,89,81,72,78,501,3.4160229711897214,49.23951247798748,37,5.251405885997972,5151,46,4,0,6,13,3
Fire,Grass,5,0,0,0,80,75,116,66,163,64,510,1.5750734260663701,24.807635242574413,46,90.06173685323546,5401,38,3,0,5,9,5
Dark,Steel,6,0,1,0,91,86,126,88,41,54,541,1.1856241061873944,30.887422200571898,13,5.470702867228506,5499,12,1,1,9,6,4
Ground,nan,6,0,0,0,42,86,26,55,22,26,256,0.16353922662010456,-8.141011490854394,128,5.172801275298137,5540,249,3,2,2,11,3
Dragon,Steel,8,0,0,0,60,35,41,44,72,87,292,0.9115474483696828,-1.2993727172763965,47,5.923104182912238,5566,40,2,0,4,12,3
Dragon,Flying,5,1,0,0,60,61,57,57,144,58,510,1.0443359755359576,31.36283526941413,64,5.638669253861557,5429,5,4,2,3,4,6
Dark,Grass,5,0,0,0,87,101,102,48,63,96,340,2.273900744511516,78.23240118219131,71,5.339139992956275,5374,76,4,1,1,16,4
Poison,Fairy,7,0,0,0,64,61,168,86,102,51,492,1.6265028802147996,32.62554368504776,42,4.701572049217912,4948,79,1,1,9,3,4
Bug,Steel,7,0,0,1,77,101,102,144,95,57,540,8.274062952121586,889.405736192404,0,5.556656645072431,31748,14,1,1,8,3,4
Ground,Psychic,3,0,0,0,194,85,118,80,65,109,574,1.7399823452490166,117.66028934954544,36,5.237018955424391,5198,4,2,0,5,7,6
Normal,nan,4,0,0,0,94,58,101,84,88,97,483,1.6433506136998448,136.51639708978044,40,4.1643537865160445,4987,112,4,1,0,16,1
Bug,Fairy,2,0,0,0,41,36,61,60,44,40,314,0.28078353977427184,-9.031740155210015,126,5.708503183336258,3936,269,3,1,3,9,2
Water,Fighting,3,0,0,0,69,64,118,37,70,25,521,3.4930129256753615,81.26448895635113,50,85.65753506901687,5125,44,2,1,5,9,6
Water,nan,3,0,0,0,44,19,36,42,39,20,269,0.4376099466844297,14.385077518400333,41,89.41825610309347,3642,181,2,0,2,12,3
Fighting,nan,8,1,0,0,110,138,116,93,125,106,572,1.8345118044460111,325.93208574432276,-24,7.6722805873524305,12575,-13,1,0,2,13,3
Ice,Fire,1,0,0,0,62,95,67,98,103,49,603,1.4036039363760557,112.03663171761936,-1,2.649082148622904,6557,4,1,1,5,6,5
Normal,nan,2,0,0,0,50,38,31,36,76,49,334,0.7299527303649782,11.64816753776523,248,52.399410347519215,5292,122,3,1,2,17,1
Grass,Ghost,1,0,0,0,47,105,67,74,38,56,386,0.7529592704577838,28.48687526936313,39,86.54874237779447,2817,249,3,0,6,8,4
Normal,nan,1,0,0,0,71,79,50,75,84,45,493,2.0168724375155316,144.09877124889456,70,5.865698802245541,4834,100,4,1,1,12,3
Normal,nan,4,0,0,0,62,52,49,42,74,28,260,1.2228696516855717,-0.8666830602196107,265,5.367552634408214,3587,242,4,2,2,11,1
Psychic,nan,7,0,1,0,83,56,73,69,93,46,459,0.26443220046679833,-8.813254339644272,43,4.560957148279557,4990,-3,2,0,2,12,3
Electric,nan,2,0,0,0,46,55,48,54,81,31,223,0.5596057250523616,-10.99724112632145,174,4.975113070321834,4899,235,2,0,2,14,2
Dragon,Flying,9,1,0,0,82,64,89,104,80,54,421,1.5505046391464266,53.297832316205,-12,4.192142777112599,4146,-3,1,0,3,11,2
Water,nan,4,0,0,0,57,51,41,36,26,17,279,0.41678223689540106,-12.160883511082877,174,49.085923260200055,5451,252,2,0,2,14,3
Steel,Psychic,7,0,1,0,114,126,105,113,92,124,653,0.5433308020487291,66.55235482906788,-17,4.679517925992827,32035,-15,1,1,8,9,3
Grass,nan,1,0,0,0,44,68,38,39,67,59,288,0.23178952715442241,0.5312301405190727,196,6.650338828067507,3411,131,2,0,3,13,3
Ice,Electric,1,0,0,0,106,138,93,102,95,54,507,1.73954448912274,32.14107587594927,32,5.422119078427082,8292,31,2,0,5,6,3
Fire,nan,5,0,0,0,74,103,64,54,90,113,493,2.1409662779187135,50.78541249750719,9,5.137303342453928,5494,256,4,0,3,12,3
Dragon,nan,4,0,0,0,50,72,37,84,54,47,259,0.4229061649407711,51.34461430078017,34,4.582765816539603,5476,43,7,1,3,13,3
Water,nan,4,0,0,0,109,139,77,65,55,73,549,0.5865782802281495,14.987662322465003,33,4.332407359553759,5404,117,3,0,6,11,3
Fighting,nan,8,0,0,0,64,95,78,108,58,47,465,1.412760860978695,25.28363061909397,45,5.361042074607063,5487,7,2,0,0,14,3
Psychic,Grass,9,0,0,0,83,55,40,31,65,52,256,0.6276722791556442,35.788782761011035,48,5.961945860921164,3532,256,1,0,3,13,3
Fairy,nan,4,0,0,0,70,116,122,76,59,42,282,0.5935674321791329,37.291292387384736,247,6.108392641187488,4955,108,4,1,2,8,1
Grass,Normal,1,0,0,0,83,56,42,31,75,53,278,0.4925896788885928,2.2095768007333554,106,20.461575231531516,5227,109,3,1,0,11,1
Dark,Ground,4,0,0,0,110,145,139,94,81,97,715,1.6024072163354441,106.85794234686085,81,6.6450804426547805,8830,14,1,2,9,5,7
Fighting,nan,8,1,0,0,121,86,73,117,79,107,570,3.8796294803737865,69.66134643114465,-5,11.815025238181763,13569,5,6,0,3,13,3
Fire,Ice,5,0,0,0,59,101,142,102,86,34,498,1.5436315921878927,21.38899796717962,53,5.896282009956887,5321,92,4,2,6,7,4
Rock,Ground,4,0,0,0,67,138,163,56,109,62,524,1.374419060834242,72.62769955064314,106,5.628633200071009,5352,96,3,1,9,6,4
Dragon,Flying,3,1,0,0,132,155,143,119,92,103,582,4.740965434747553,183.12174022805902,-13,5.1868474886108835,18227,-4,1,0,2,6,3
Rock,nan,3,0,0,0,64,61,49,54,50,82,258,1.2653061720379684,11.064306115363621,38,51.696313428117826,3426,43,4,0,2,9,1
Water,nan,4,0,0,0,82,36,58,64,52,35,467,1.396301104944169,55.060867554196804,47,47.420185553475704,5460,43,3,0,2,13,2
Normal,nan,4,0,0,0,53,115,113,98,70,33,507,1.787818906614622,42.27594334709719,258,4.386153769539493,2957,81,4,1,0,9,1
Rock,Fire,5,0,0,0,36,39,109,38,33,27,276,0.3549104775752192,-4.786342868732726,257,4.824307786546337,8548,266,3,1,5,5,4
Grass,Grass,1,0,0,0,63,90,106,44,37,41,264,0.6554905604753274,3.7158798597322154,184,5.329632875055075,9465,183,3,1,2,11,3
Fairy,Flying,4,0,0,0,72,72,60,50,71,45,291,0.6875659301348748,12.577317485515458,125,5.500007727967382,5061,66,3,1,3,12,1
Fighting,nan,8,0,0,0,78,81,63,65,44,90,266,1.7952081806201245,55.34396773919072,33,4.747525550653457,5276,43,2,0,5,9,5
Electric,nan,4,0,0,0,44,76,103,41,77,72,476,1.4180060280137918,5.362411197692106,47,5.245949241596085,4791,39,2,0,5,9,4
Electric,nan,4,0,0,0,32,44,56,38,63,65,307,0.5498070598644716,5.45279462218989,195,4.926999060932769,5588,248,2,1,2,14,1
Dark,Fairy,3,0,0,0,95,71,98,100,55,86,506,1.44526842899701,13.279010848963827,12,5.040457153969037,10109,78,5,0,2,6,3
Ghost,Water,1,0,0,0,61,72,139,57,84,36,572,1.7714009714006271,5.92789602222053,53,5.017494791967389,9157,8,3,1,10,9,6
Bug,Steel,4,0,0,0,51,107,77,99,71,95,506,3.7906122969068994,68.75485136082547,44,5.580974954863444,6406,87,1,1,9,6,6
Electric,Ghost,9,0,0,0,75,88,97,38,60,48,560,1.6343252087479168,228.66068365266756,9,4.4557588254490454,12737,19,1,1,6,6,6
Bug,Dragon,7,0,0,1,100,124,76,127,48,127,495,0.6442718930435838,27.032920458524828,38,4.478212553233384,30880,-11,1,0,6,11,6
Fairy,nan,4,0,0,0,76,111,52,43,72,105,476,1.2087610991591506,43.334083157140974,45,3.6904350537846184,5422,87,3,0,3,12,2
Fighting,Steel,2,0,0,0,56,32,104,62,45,37,467,0.6410315934993547,1.710879748676918,48,4.6994802804984595,5271,41,4,0,4,13,2
Grass,Flying,1,0,0,0,86,74,104,65,93,29,330,1.2258554664835226,17.176843023821814,38,5.596817979991648,5166,53,2,1,4,9,4
Grass,nan,2,0,0,0,59,55,57,37,22,9,231,0.35467948885326217,7.637153373504879,252,22.619629004401894,3446,262,2,0,2,9,3
Grass,Flying,7,0,0,0,47,57,63,43,54,73,265,0.24284027481779158,18.52415131173401,60,85.23843073605212,2002,182,4,1,5,9,5
Fighting,nan,8,0,0,0,99,65,85,95,90,44,399,1.474686264860121,133.1907145882682,55,5.611124856858618,5485,50,2,0,2,12,1
Electric,nan,4,0,0,0,42,24,14,23,36,27,273,0.5120604661167317,12.995493149512273,234,4.751976795152491,5447,247,3,1,3,16,1
Fire,nan,3,0,0,0,90,88,106,134,55,72,473,3.769382209124667,14.229349030051637,42,4.75638127436136,5200,54,3,0,2,14,3
Water,nan,1,0,0,0,79,134,114,56,104,108,589,2.1623245062481544,42.66770063891454,20,4.160229611924364,5298,19,1,0,2,12,2
Electric,nan,8,0,0,0,80,72,76,72,50,62,474,1.3744624890865094,51.07193229799536,43,49.34550935516618,5110,82,4,1,0,14,1
Dark,Dark,3,0,0,0,77,57,52,38,59,55,306,0.8397102199488851,18.482920584803843,243,5.162798231772848,5235,244,3,0,6,11,3
Water,nan,1,0,0,0,72,77,104,84,52,50,402,1.4412929812587074,20.453583660449894,47,88.86574880624575,5152,52,2,0,6,9,3
Normal,nan,2,0,0,0,71,43,59,39,32,22,286,0.5546943392366028,-3.3538664271091267,196,4.833395470400319,4238,252,4,1,0,13,3
Poison,Fairy,8,0,0,0,79,53,54,58,74,103,451,1.3574926528791635,118.49442094549721,46,87.72359337497856,6714,52,2,0,3,9,3
Dragon,nan,6,0,0,0,65,38,62,62,54,66,283,0.3974401535472169,8.57326968865522,47,85.49618282835641,5367,52,2,0,5,9,2
Dark,Grass,9,0,0,0,67,51,65,43,60,30,362,1.0826541402249275,26.68730286284722,187,50.04409719397369,5664,138,3,1,3,7,2
Psychic,Psychic,7,0,1,0,104,119,86,120,104,120,701,4.5685027597934,512.9227536122951,-23,4.954349326351282,29475,-14,1,0,6,14,2
Normal,nan,1,0,0,0,62,41,26,51,49,45,244,0.32938844230486974,-4.017199647550877,229,26.59178508411976,3640,109,3,1,2,13,1
Psychic,nan,4,0,0,0,62,99,73,115,42,148,402,0.6329742177497621,13.288863730250563,48,84.95747950270137,4072,57,2,0,3,13,3
Normal,Ground,4,0,0,0,57,117,117,94,118,74,528,1.6563067342554127,206.03429142744986,71,4.941561738194469,5541,14,4,0,2,8,3
Fire,nan,4,0,0,0,74,87,62,57,86,42,495,0.7964797982050429,12.496188369364505,47,88.41275705686141,14150,42,2,0,4,9,3
Normal,nan,1,0,0,0,85,61,56,93,79,71,466,1.9393388162864538,55.57972103894343,81,5.104743242464033,5385,86,4,0,2,12,1
Water,nan,1,0,0,0,124,68,48,53,100,61,470,0.414414589289949,9.12080482150853,42,83.49456055710108,5141,45,2,0,3,9,2
Normal,Dark,1,0,0,0,81,102,122,76,75,115,460,1.3810096344346994,109.9999832338523,73,4.2599802270815,3644,84,3,1,1,13,1
Grass,Electric,7,0,0,0,50,51,94,103,76,46,402,0.4339787471347425,32.49041907743922,50,5.337015922808464,7893,43,1,0,5,9,4
Fairy,Ice,5,1,0,0,78,129,63,47,93,111,475,1.566727888851448,21.73569125127264,8,4.589440045338173,7006,16,1,0,5,7,3
Dragon,nan,3,0,0,0,56,87,54,44,57,108,254,0.5179893917848122,-2.8692196024852823,136,46.01858549065331,4040,106,3,1,2,11,1
Dark,Grass,4,0,0,0,69,67,53,53,62,55,251,1.2262895972315266,4.673873589672297,98,5.108994514203681,5822,19,4,1,4,15,6
Rock,Dark,5,0,0,0,87,95,64,81,76,56,507,1.6396090921216513,101.23880863083464,47,4.718199927274242,5553,55,3,0,6,7,6
Fire,Flying,2,0,0,0,47,59,42,49,71,37,253,0.5466173402740657,13.04103711306967,193,50.95901194454423,5396,51,3,0,2,9,3
Dark,Ground,4,0,0,0,147,144,117,130,121,60,511,3.4178960499178728,148.01081875098998,70,6.4420752969542345,5077,14,1,1,10,5,1
Grass,Steel,9,0,0,0,76,116,100,87,56,106,695,1.8983371926394261,68.78490996204512,42,4.040077199274036,4988,63,2,0,6,5,4
Water,Ghost,3,0,1,0,75,69,66,90,92,67,549,1.3173818792833445,18.65103784837023,45,87.3506526097143,31179,46,2,0,4,9,2
Psychic,nan,4,0,0,0,72,72,116,70,117,66,475,0.7310444394992927,30.400020784212074,43,5.646731941612817,9509,43,4,0,3,12,3
Fire,nan,8,0,0,0,76,71,63,37,23,34,217,1.720059491370214,10.2311236461201,54,95.66071620833962,2473,50,2,0,2,12,3
Ice,Electric,1,0,0,0,52,62,34,56,52,58,338,0.30446952371124236,6.330031404318712,52,5.127534304831847,5481,210,2,0,5,9,4
Electric,nan,3,0,0,0,71,80,60,51,44,52,462,1.1896374768967397,79.74331891421872,47,4.67679699722993,5275,49,4,0,2,12,1
Ground,Fire,6,0,0,0,65,72,77,62,62,93,489,1.3252585828168284,50.572178676557826,74,4.9574640543889466,5155,89,3,1,9,11,1
Dark,Dragon,3,1,0,0,103,135,142,114,124,80,630,1.861584045564972,18.926858633614295,-7,4.709931946000534,19625,-6,1,1,9,6,3
Ghost,Ghost,5,0,1,0,77,130,91,97,90,56,620,1.4176707439692806,80.19152439555272,3,4.063518274051821,29512,0,1,1,6,8,5
Water,Fire,5,0,0,0,101,133,81,104,65,38,520,1.521560326457125,54.669341542277856,29,3.5701975089253315,6099,16,4,0,9,12,6
Bug,Flying,8,0,0,1,47,52,26,87,55,79,198,0.2922576787252803,-8.690015366303266,231,6.134125857743264,8787,44,2,0,5,9,3
Grass,nan,7,0,0,0,88,98,101,93,75,107,600,1.5037315904913924,105.09606359680411,32,88.18488982887853,6749,44,2,0,4,13,6
Grass,nan,9,0,0,0,65,117,72,116,108,101,466,1.1357164276701266,23.118040847249453,44,4.88142430271733,6594,54,4,0,2,13,3
Psychic,nan,5,0,1,0,100,121,71,134,95,91,661,1.5094276800721136,63.678261462358726,3,4.189087277332874,34178,-6,1,0,8,4,5
Grass,Psychic,9,0,0,0,72,91,111,46,95,52,339,1.6462081720024972,66.96608833068495,123,6.024958554207795,1861,79,3,1,5,8,6
Dragon,Dragon,5,1,0,0,109,93,143,95,112,88,587,4.198226863146594,51.863659558315796,-24,6.3209432727926975,13737,0,1,0,6,11,3
Rock,Poison,3,0,0,0,62,66,73,53,51,42,322,0.3681973867529973,16.20550297169254,127,44.03333054467778,7676,143,6,0,3,9,2
Flying,Electric,8,0,0,0,46,64,34,61,31,29,257,0.47020238668453,8.54122099244177,233,47.4275118689293,5193,123,1,1,2,12,3
Ghost,Flying,3,0,0,0,75,62,65,43,56,49,220,0.2763847179589465,9.832423751277512,258,5.164980830314317,5383,179,2,0,2,12,2
Dark,Ghost,6,0,1,0,201,83,74,116,108,32,584,1.3972662745671989,29.34057792054236,0,4.529843694676491,5097,-4,1,0,6,9,3
Rock,Psychic,5,0,0,0,76,89,53,60,55,42,657,0.6132590160423911,26.675513417468405,43,4.599534600604522,5301,79,1,0,4,9,1
Electric,nan,1,0,0,0,91,81,65,45,70,68,358,1.3411711704681792,104.61275979640256,-8,83.26196150084947,4990,43,4,1,5,11,4
Electric,Poison,8,0,0,0,66,57,52,96,70,26,243,1.626372878310792,-3.7797348739769827,188,7.401431817409086,8538,232,3,0,3,9,3
Dragon,nan,4,0,0,0,53,63,95,41,57,67,492,0.9531455038959811,27.21117276284893,45,87.93213509535084,5150,48,2,0,4,9,6
Bug,Flying,3,0,0,0,73,113,128,76,101,88,576,0.6706022039652908,80.77467686841473,82,5.303103586328733,4943,91,3,1,6,8,6
Flying,Psychic,3,0,0,0,36,40,41,28,41,40,272,0.44052237614615763,-3.985940281007819,122,27.675744456278842,4732,198,3,1,6,8,6
Poison,Steel,1,0,0,1,138,152,117,130,114,71,545,4.366998780990832,87.64529584029674,44,4.6664408721748405,31279,-4,1,0,5,9,4
Poison,nan,6,0,0,0,50,55,28,52,67,37,298,0.4681759928266662,1.4737423358442268,127,5.2720646234085065,5589,236,3,1,1,11,3
Normal,nan,2,0,0,0,100,102,83,41,74,97,471,0.7335128248943225,31.3048794771113,98,4.736076650331809,5082,74,3,1,1,16,1
Normal,nan,5,0,0,0,94,88,48,53,102,74,481,1.9907649313921356,21.665387102577487,46,4.784574373771899,5342,76,4,2,1,16,1
Water,Ground,5,0,0,0,47,88,63,67,41,57,327,0.6229461040094157,16.993937975532436,120,5.858022260125052,4804,51,2,1,4,11,5
Rock,Fighting,5,0,0,0,58,133,102,64,69,46,457,1.9309910990353574,22.267959461358505,126,4.685397862668096,5193,88,4,1,9,11,1
Electric,nan,7,0,0,0,92,68,59,48,75,78,417,0.40512870269011714,36.70914290234761,43,83.77398275582694,6715,45,1,0,4,13,3
Normal,nan,1,0,0,0,58,62,40,58,45,69,327,0.7064327514144999,-4.371370516608513,117,5.196136275774246,3407,268,4,1,1,16,1
Normal,Steel,5,0,0,0,78,130,80,53,74,107,498,1.673665092922321,39.60204377595009,84,5.895710992484486,5232,84,3,1,0,5,1
Fire,Ground,6,0,0,0,48,77,133,72,95,94,496,1.8147379932934973,91.77682591193164,47,48.802621162781136,9344,46,2,0,6,13,6
Psychic,nan,4,0,0,0,70,54,33,65,43,30,456,1.288077692897044,-1.1243533989584709,53,82.57473187365824,6883,48,4,0,4,12,3
Electric,Flying,3,0,0,0,79,121,73,106,92,104,575,1.857558594971636,92.89067625681096,47,4.617385374847975,5349,34,2,0,5,11,3
Ghost,Ghost,9,0,0,0,100,138,110,76,101,79,633,1.7684736519404007,59.92450927384437,5,5.423471252108586,4920,22,3,1,10,4,5
Bug,Flying,7,0,0,1,93,93,108,73,108,34,595,7.8100603953772145,82.10502010753694,43,5.806021554451063,34239,48,1,0,5,9,4
Electric,nan,2,0,0,0,77,70,89,46,58,65,465,1.8370436267106873,39.95149529356507,90,5.091578351192462,5213,44,4,0,2,17,3
Steel,Flying,7,0,0,0,81,89,101,101,122,19,596,3.419465236023558,299.24832881001475,3,4.8173238588307745,16084,-4,2,2,6,5,5
Ice,nan,5,0,0,0,72,70,74,44,132,55,467,1.2298600273631386,51.076224435790024,45,4.962055074346578,3594,57,1,0,3,12,2
Ghost,Psychic,9,0,0,0,39,56,55,19,71,43,296,0.6359049168717249,8.830708644680408,231,3.0601621184621353,3085,194,1,2,5,9,5
Bug,Flying,9,0,0,0,72,63,104,57,59,57,500,1.4581322153622127,37.68708723708341,45,4.844090473329351,5061,20,1,0,5,7,5
Fire,nan,4,0,0,0,47,41,34,22,26,18,207,0.21982602277588803,-5.5219057277514185,49,89.91039470203378,4199,223,2,0,2,9,3
Grass,nan,1,0,0,0,47,80,47,17,33,13,265,0.3713561297944362,-0.8624488760341418,256,91.59296906773474,4920,53,4,0,6,9,2
Dark,Flying,2,0,0,0,56,73,51,20,38,24,343,1.6261059204633352,76.76734447849233,197,4.634173755112764,5463,140,3,1,5,9,3
Poison,Psychic,2,0,0,0,42,97,111,122,77,69,702,1.549423203227056,828.1889200331026,7,4.783154133802752,7465,70,1,1,6,6,6
Normal,nan,8,0,0,0,48,62,56,37,38,104,268,0.513560735686953,-3.3068539200807034,138,4.7536858098911505,3492,223,2,1,1,14,1
Normal,nan,8,0,0,0,64,51,48,55,97,53,222,1.3025170697935007,-0.46766456611551277,185,5.665177995290415,5172,263,4,1,1,16,1
Dragon,Dragon,8,1,0,0,249,78,133,115,147,118,525,4.826957712746726,56.30495276357977,-15,4.592141952148816,17551,-3,1,0,2,13,3
Flying,Ghost,9,0,0,0,81,142,138,120,104,81,608,1.5707174378363962,166.31903207488907,22,4.324314479473647,30356,5,1,0,9,12,5
Grass,Ground,9,0,0,0,82,90,58,45,82,84,482,2.1961367017374447,110.34618171381044,2,4.580241172789689,2810,111,2,0,3,7,6
Water,nan,1,0,0,0,107,121,100,71,107,88,502,1.9884250075015772,92.01496626250395,51,4.566763365917219,5345,41,4,0,6,8,3
Poison,Grass,8,0,0,0,27,42,34,45,46,7,237,0.4390597733067728,-9.3934952796879,118,45.833629543852,2197,195,2,0,2,5,5
Fire,nan,3,1,0,0,107,82,48,74,77,76,462,1.513830787438384,81.53757494509995,-5,5.403595321869047,13865,11,1,0,3,14,3
Grass,Dragon,8,0,0,0,91,56,83,52,61,58,532,1.7467909845565308,110.3051324804261,41,4.4807636123735985,2930,11,1,0,6,8,3
Water,nan,4,0,0,0,115,43,115,81,96,87,496,1.777797142344906,116.68632313624401,39,4.8418844652249415,5102,38,1,0,3,11,3
Normal,nan,8,0,0,0,46,35,33,23,25,30,268,0.278033120667868,0.7742289832653952,185,4.8405638392718,3060,240,3,1,2,15,1
Ghost,Flying,5,0,0,0,50,63,49,46,80,37,294,1.050938063314816,-3.722082744610434,138,5.6728393916300535,3171,248,3,1,4,11,3
Normal,nan,1,0,0,0,102,86,35,42,95,89,554,0.5651240406018666,49.87604776317796,41,4.998599936860626,5575,41,4,1,0,15,1
Electric,nan,7,0,0,0,173,66,99,32,39,76,478,1.7794731762319373,30.725682925493842,51,3.9414229663762903,9938,48,1,0,2,9,4
Grass,nan,9,0,0,0,85,41,75,90,59,87,491,1.96534581998268,1.0961182087694397,48,4.300948990038217,5245,39,7,0,2,13,3
Normal,Psychic,5,0,0,0,34,63,28,18,36,53,277,0.38552764179101484,-4.466685857674472,136,5.111900373130231,5760,269,4,1,3,12,1
Dragon,Water,5,0,0,0,85,59,50,50,77,53,281,0.6389374163628603,17.750526508079524,69,5.654086474383063,3703,117,3,1,2,4,7
Ice,Fairy,3,0,0,0,100,127,72,124,75,99,505,2.1548498520917283,100.2577179972623,11,4.677157337608492,8041,1,1,0,6,9,3
Psychic,nan,4,0,0,0,63,34,29,59,50,69,294,0.5539625261079592,11.984751528462974,247,5.100873091688523,5502,181,3,0,1,14,1
Fighting,nan,3,0,0,0,58,63,85,54,83,17,523,1.6475972965717687,37.807936996109696,19,4.4461237041653625,7217,10,2,0,2,12,3
Grass,Fire,9,0,0,0,75,93,77,33,42,50,343,0.4580181772832853,24.45278735008607,269,83.76595847651602,5165,131,3,0,4,9,5
Fire,nan,1,0,0,0,41,54,57,62,55,34,282,0.3934123834471849,11.927268256705025,241,22.28790865548181,5046,38,2,0,1,11,3
Steel,Fighting,7,0,0,1,93,159,136,72,81,83,582,4.456763519972114,68.20080762306745,46,5.936071340092859,5452,11,1,1,5,4,6
Steel,Ghost,9,0,1,0,96,77,149,94,95,41,659,0.9943398813743595,41.398288101777176,4,3.836297393540535,30763,-3,1,1,6,4,2
Psychic,nan,4,0,0,0,82,96,83,87,86,106,479,1.8213553137301803,36.23463837577883,45,4.183362818199431,5495,46,2,0,2,13,2
Normal,Rock,6,0,0,0,59,56,72,48,55,37,273,0.7899544938908967,46.89696662642117,261,5.147109634390047,4681,139,3,1,2,7,1
Ghost,Flying,3,0,0,0,86,106,50,60,85,65,527,1.3068329877857887,53.571996453148856,24,4.951338160281978,5395,90,7,0,6,8,1
Fire,Ice,9,0,0,0,74,151,108,79,101,47,644,1.8348771674706472,66.55016098439775,38,3.753497204147112,29237,34,4,2,6,8,4
Fire,Rock,9,0,0,0,41,78,34,54,44,87,321,0.6915981474832724,8.442933916764076,232,5.2168550938415255,5285,234,4,1,5,9,4
Psychic,nan,8,0,0,0,68,76,33,104,51,59,436,1.6988299679612346,145.12680428807147,44,9.616176202513273,5090,45,2,2,3,12,2
Water,nan,6,0,1,0,88,55,77,54,59,119,573,1.2165089270256695,24.969803768784672,37,3.9189691941720906,30283,42,4,0,2,12,2
Poison,Poison,4,0,0,0,97,68,43,135,69,128,551,25.009720492049503,89.40692019318674,-8,4.051079998924834,4894,-7,4,0,2,9,2
Fire,Fighting,1,0,0,0,100,79,107,60,76,52,522,1.3304584347645512,93.86459568442655,44,6.067307449526782,5019,50,2,0,5,4,5
Fairy,Flying,7,0,0,0,64,57,35,53,72,50,271,0.4085702458101675,-0.18350110578578516,233,6.248389185115661,4839,189,1,1,5,9,3
Fighting,nan,4,0,0,0,54,33,32,64,42,37,263,0.5699558474223307,7.4002190677014,48,4.275447155912199,5300,52,2,0,2,13,3
Fighting,Psychic,5,0,0,0,76,88,131,93,122,90,493,1.4639653298748696,70.47089083614289,54,6.141087788065772,5253,17,1,0,3,12,3
Ghost,Psychic,7,0,1,0,118,135,109,101,92,114,651,2.1893860955447955,78.49175373281628,-18,5.018385813409691,32842,-17,1,0,6,8,5
Dragon,nan,1,0,0,0,46,43,69,51,49,88,492,0.5351446704229497,11.796801859116663,47,88.57649923116247,4868,43,2,0,3,13,3
Steel,Ghost,5,0,1,0,107,126,230,134,129,82,670,0.8775964054702798,60.99910964753418,-11,3.9910938776943103,8644,5,1,2,9,6,2
Dark,Fairy,4,0,0,0,56,68,53,105,43,42,242,0.8426606910848387,81.1042226295965,47,4.052792692437278,5052,43,2,0,2,9,2
Ice,nan,2,0,0,0,40,42,52,67,65,53,275,0.6364558986596814,0.09975434664863947,44,4.532983070498516,5247,186,4,0,4,12,1
Fire,nan,4,0,0,0,102,83,97,36,57,117,500,1.5204805462614313,103.88239612053125,40,4.133123832428038,6089,49,2,0,2,12,2
Dark,Bug,7,0,0,0,67,106,121,57,149,105,579,1.8038967009946543,87.88815247913172,20,5.691996435636267,5286,66,1,1,5,6,4
Normal,nan,9,0,0,0,93,88,84,77,72,58,445,1.5890722110118813,45.55591732083325,83,5.9366308008320035,5161,85,3,1,10,16,1
Dark,nan,3,0,0,0,71,83,53,26,46,21,241,0.43200924929511636,-1.6599060135863883,256,49.80474197734061,5217,54,3,0,2,8,3
Steel,nan,4,0,0,0,62,56,84,63,70,45,268,0.367066886324343,4.455175109099498,45,5.633974707826042,5426,49,2,0,2,13,3
Poison,nan,8,0,0,0,92,38,155,45,57,40,352,0.45027368349594354,15.443498166089359,16,4.996743937164013,2954,-3,6,2,5,13,3
Fairy,Ice,8,0,0,0,79,110,55,77,75,86,512,1.4641368766454625,66.03916252528691,65,5.246264736824944,4758,75,3,2,2,8,4
Fire,Fighting,4,0,0,0,90,88,90,70,53,79,431,2.7164705370059625,91.08660607779711,37,4.902525928601117,4999,74,3,0,6,11,6
Water,nan,1,0,0,0,147,59,58,83,64,102,621,2.046695460998638,86.83971515055228,40,82.59795603201101,3777,42,2,0,6,9,3
Rock,Dragon,7,0,0,1,133,80,81,169,85,151,692,11.354787106290935,836.1573579820891,-14,4.378561426475588,31976,-9,1,1,5,7,5
Normal,Flying,4,0,0,0,80,101,68,58,98,76,510,1.6221827935932132,60.25990509032914,83,4.45673583598542,3310,71,2,1,1,7,1
Steel,Ground,6,0,0,0,119,151,160,109,63,59,660,1.5267500267490557,48.55959642996728,1,6.016565494625393,7523,18,1,2,9,5,6
Electric,nan,5,0,0,0,95,115,71,42,56,42,244,0.5241618496468523,22.499124477516617,241,3.83200575398806,3605,105,3,1,3,14,2
Grass,Ground,9,0,0,0,34,60,41,66,54,40,320,0.3602374535931213,1.634354595556669,129,3.8630886289056146,4823,124,3,1,5,12,7
Water,nan,2,0,0,0,81,45,54,68,69,39,562,1.4544585646570622,60.373079808526036,46,45.71452936020755,4934,45,2,0,2,12,3
Normal,nan,5,0,0,0,55,73,43,24,45,43,315,0.4990563481451922,17.93176078797724,255,4.4328388803820875,5143,274,3,1,0,17,1
Bug,Dragon,7,0,0,1,88,149,87,66,83,50,650,1.9893999527931476,783.6448091343261,39,4.626355122597979,31318,36,1,1,5,9,5
Poison,Dragon,7,0,1,0,92,77,80,129,66,87,603,0.28696033560767953,5.278313865433411,-8,3.9856303423210404,34086,-9,1,1,4,11,2
Ice,Fighting,8,0,0,0,97,91,39,130,67,75,511,20.2772627598316,119.72753307264449,56,4.404739939635209,35221,48,1,0,2,7,3
Bug,Dragon,7,0,0,1,94,106,130,140,80,69,611,8.415018005613812,869.3904786516425,4,4.912343526037161,33652,2,1,0,9,8,4
Fire,nan,1,1,0,0,91,104,78,82,88,59,523,1.939212098234405,58.075809927205114,48,4.85118659467274,4858,45,4,0,6,7,3
Steel,nan,1,0,0,0,77,157,42,146,95,130,506,2.3537117032761765,109.08077836621959,83,5.004445591401896,5414,96,4,2,3,16,1
Dark,nan,8,0,0,0,104,56,52,45,74,30,286,0.7161527784912961,10.654110760916673,123,5.365282777147085,4680,84,4,0,3,10,3
Normal,nan,1,0,0,0,65,114,53,54,54,44,225,0.4647128060686507,19.75925909509383,43,4.132956008562485,5357,280,3,0,0,16,1
Dark,Rock,9,1,0,0,141,124,164,50,127,73,742,4.439907382647063,91.24386785507907,-9,3.7349676692224483,32117,15,1,1,8,10,6
Bug,nan,1,0,0,0,87,112,106,94,105,81,526,1.1226768310458637,23.461078649794842,42,84.46483107130348,6457,53,2,0,4,13,5
Dragon,Steel,1,0,0,0,69,74,40,44,71,64,303,0.6314808727571235,21.030290936434294,47,4.015471478551596,5164,42,1,0,2,13,6
Water,nan,2,0,0,0,75,121,70,117,95,94,488,1.6766390210040434,19.959534175120737,44,46.37409710655422,5096,52,2,0,4,12,3
Grass,Ice,1,0,0,0,62,36,68,57,77,82,327,0.581925148968081,77.16562179694375,185,5.053627968290717,5332,41,4,1,2,9,1
Fire,Ice,5,0,0,0,69,99,95,112,106,105,585,1.7932046445898617,61.39105252573056,16,5.819459953580938,9616,129,3,1,8,7,3
Ice,nan,8,0,0,0,40,74,39,23,27,13,248,0.2927896051321607,-5.7535289838655235,203,50.344369210888146,3767,169,3,1,2,12,3
Ground,Ice,5,0,0,0,76,119,92,41,98,60,285,1.6122571440829239,11.405240778101824,250,5.055734301813942,3282,126,4,1,1,9,3
Dark,Ground,1,0,0,0,88,81,82,45,41,52,331,1.204925539374975,130.32882898726774,43,6.299834880469523,4889,43,4,0,3,9,3
Fire,Bug,3,0,0,0,81,91,205,107,84,78,586,3.2245152632917695,156.7965774239255,40,4.7568921752865405,7585,49,2,0,6,5,6
Grass,Psychic,7,0,0,0,67,103,68,75,56,77,472,0.43956668209795763,136.04591503460364,52,84.72748814634231,3881,48,2,0,5,9,5
Ground,Fire,4,0,0,0,64,104,78,88,58,48,554,0.40516641729050074,41.437305986653996,41,5.317121401302383,7239,48,2,0,3,12,3
Dark,Steel,5,0,0,0,60,70,166,75,109,28,602,1.9082813034687096,161.5508825957855,28,5.550178665396369,31645,83,1,1,9,4,6
Electric,Steel,7,0,0,1,57,93,75,128,60,50,265,0.8262548426536831,19.121505014611493,47,88.31494442153227,33352,47,1,0,6,9,6
Electric,nan,4,0,0,0,82,43,46,68,84,90,275,1.6289556692693128,24.764637086241017,50,89.29524592115162,2867,41,2,0,5,9,3
Psychic,nan,3,0,0,0,47,67,44,56,60,65,299,0.5756467376409927,21.743023370622254,48,4.829789267157582,3784,265,7,0,2,12,3
Water,Flying,1,0,0,0,87,70,79,60,73,52,327,0.5283164096702938,24.4891371363299,111,6.071833521078613,5323,120,3,1,2,13,3
Fighting,nan,9,0,0,0,77,64,74,100,89,93,489,1.3269177593671775,58.760079173809736,40,4.989621292758896,4939,40,1,1,4,8,6
Grass,nan,1,0,0,0,41,81,51,58,42,26,243,0.2994770138692908,-7.65671671841452,195,5.871312359808291,4562,45,2,0,3,9,5
Normal,Psychic,5,0,0,0,47,55,63,53,65,67,263,0.6029913415391919,4.2586312246739535,218,4.5150657194221715,5280,255,3,1,0,16,3
Electric,Flying,1,0,0,0,88,42,109,49,81,102,352,1.7906559891344735,38.06286577604645,183,3.8230795054949107,4973,37,3,2,8,7,4
Bug,nan,8,0,0,0,52,35,28,18,40,49,291,0.49993201524643094,7.286548426681693,181,6.014738310494661,5422,200,3,0,4,12,3
Normal,nan,8,0,0,0,116,133,149,111,69,78,525,2.4493306286523726,288.3476454717613,27,4.388138943545368,4870,88,6,1,1,13,1
Fire,Dragon,7,0,0,1,128,130,97,161,151,63,660,28.060656174911202,869.7695236337152,0,4.5505688294675375,32257,-17,1,1,8,5,4
Grass,Poison,1,0,0,0,104,105,102,87,95,69,581,1.8720031835170716,78.56276010828917,68,4.208145407187363,6505,41,4,2,6,6,7
Water,nan,4,0,0,0,64,68,27,79,71,92,266,1.2706026492599178,13.052511266348416,45,86.12575025420145,3151,46,3,0,2,13,3
Fire,Bug,9,0,0,0,79,144,145,93,112,74,518,1.7201156479982453,87.0019589819398,46,5.661477759000683,6061,52,4,0,3,5,3
Rock,Steel,6,0,0,0,40,56,34,27,29,13,299,0.22578794046593392,6.464904029693757,276,3.899479274530805,3630,189,3,1,5,5,4
Ice,nan,8,0,0,0,36,51,57,51,53,43,265,0.3701416430708101,6.518261441015152,46,4.601896481045992,2538,258,3,2,4,12,1
Ghost,Electric,4,0,0,0,43,84,55,51,49,51,281,0.5145138786184299,8.541293473773763,191,3.9813525564922836,3091,191,3,1,1,8,4
Normal,nan,4,0,0,0,112,121,116,122,61,104,492,1.340822457814766,57.630857922337086,41,5.122886201072214,9085,5,7,1,0,16,1
Dragon,nan,8,0,0,0,80,98,87,53,101,86,272,3.7155539057587803,161.94535766275646,44,6.719091490070216,3059,11,2,0,2,9,3
Dark,Grass,9,0,0,0,43,48,120,73,70,49,309,0.4695486306297194,24.492281711041006,52,4.612729769978868,5425,40,1,0,5,11,4
Psychic,Fairy,4,0,0,0,34,66,62,46,122,20,226,0.3831248810474605,5.311651963348327,42,3.5860747376771185,6692,2,1,0,2,12,3
Flying,nan,1,0,0,0,52,85,28,36,60,27,338,0.5798669433201877,-1.9674164277995718,122,5.059316290201185,5230,140,4,1,0,7,3
Bug,nan,5,0,0,0,82,127,46,41,37,65,271,0.4530998652392698,2.55073766894723,229,5.0699016320240995,5253,230,4,1,1,13,3
Steel,Ground,9,0,1,0,122,108,110,110,74,70,641,1.5687333289639387,76.4659215164717,-11,4.423590837881549,33279,-14,1,0,8,6,5
Steel,Psychic,5,0,1,0,101,138,121,117,83,123,686,5.118172590556313,381.89365752577,-7,4.868600492097663,30942,13,1,1,10,7,5
Fire,Normal,5,0,0,0,75,71,45,72,33,59,283,0.7690442305919598,4.241931047883751,244,5.161424389216488,3958,198,3,1,1,11,3
Bug,Fighting,8,0,0,0,39,91,109,48,38,30,252,0.8330984453261681,9.392085322450022,81,5.387197358201668,5246,134,3,1,5,11,3
Normal,nan,5,0,0,0,108,95,45,32,55,48,469,1.3318026926716113,75.912864348619,252,5.725792845878672,5181,109,4,1,0,14,1
Dragon,Psychic,4,1,0,0,130,77,103,116,100,115,531,3.744145838310128,26.085012632579208,6,4.874144242684686,20476,23,8,0,3,11,3
Water,Ghost,5,0,1,0,108,138,75,129,101,150,713,2.1522021843604797,194.11950378144408,-10,4.399705151887666,34259,-15,1,0,4,7,7
Grass,Water,6,0,0,0,104,63,61,55,111,38,512,0.31890977864633846,4.23469406565855,51,86.43308022700587,5453,47,2,2,5,9,3
Bug,nan,4,0,0,0,54,57,44,47,24,39,262,0.44121455659118747,1.022000442949139,52,3.9572263325285677,5095,49,2,0,6,12,4
Water,Psychic,4,0,1,0,115,90,95,109,96,95,675,1.4755459303907084,56.5950129811448,-5,4.706517397899383,29391,2,1,1,6,7,6
Water,nan,4,0,0,0,68,36,62,49,81,50,482,0.8778191554955715,7.88082685018745,46,82.54604150617884,5310,45,2,0,3,12,3
Electric,Steel,1,0,1,0,104,116,91,113,93,57,695,2.127935511820726,84.23742615909858,2,4.0401509183116415,33354,-18,1,2,8,5,2
Dragon,Steel,5,0,0,0,70,80,84,61,98,75,296,1.7149326257918105,13.496996961500344,176,5.116297167290936,2619,224,2,2,3,12,3
Grass,nan,7,0,0,0,46,89,57,77,43,43,304,0.44583865909765197,8.174975211372903,37,88.59377222062867,2633,45,2,0,3,11,2
Ground,nan,8,0,0,0,40,70,55,82,38,30,292,1.574385638451111,14.78419564562936,51,51.05446375481556,1937,181,3,0,6,7,6
Ground,Rock,2,0,0,0,78,127,92,118,82,96,611,2.0339705440158733,68.72718861891347,43,5.07928438269666,6307,65,3,0,6,12,5
Psychic,nan,3,0,0,0,66,74,66,30,68,51,243,0.6074112721740946,96.19042519274382,68,4.325585002322359,3600,53,4,1,2,14,1
Grass,Flying,5,0,0,0,107,91,63,62,90,36,514,1.714024461355196,148.4616242056045,52,5.105068212778543,5307,47,6,0,4,9,5
Fire,Rock,5,0,0,0,45,70,64,28,62,59,313,0.5232061605506744,14.224640886530798,46,10.063320595668513,6739,83,3,1,3,8,5
Bug,Fighting,1,0,0,0,117,86,96,97,81,89,533,3.008187705565912,58.84407949562271,15,4.99513027444734,5150,17,1,1,9,7,6
Ice,Ice,8,0,0,0,64,59,185,43,80,64,259,0.9882621060930905,43.53507895859356,0,5.431725882125239,5051,14,3,1,3,4,3
Electric,nan,8,1,0,0,101,52,102,106,133,124,553,1.8652252026929692,116.21551618047113,9,4.570261196222626,14213,1,1,0,2,14,3
Electric,Electric,9,0,1,0,112,89,67,61,76,66,597,0.36692696198762575,32.11836743285932,-9,4.25140147017652,3332,-1,1,2,4,10,4
Electric,nan,1,0,0,0,62,38,30,62,70,52,244,0.31431731295845555,-0.567582073513984,45,86.29560344785388,5197,46,2,0,4,13,4
Grass,Steel,6,0,0,0,59,71,41,58,53,53,508,1.2198457552430593,29.421419297157918,4,4.641237216123035,35311,3,1,2,5,7,4
Dark,nan,6,0,0,0,89,100,98,64,73,62,548,3.9439276344960845,34.0728992549582,43,4.786948546701383,5424,76,2,1,1,16,1
Fire,nan,9,1,0,0,73,137,180,107,112,114,648,4.10638461117575,523.8309579925574,-16,3.6547346620629906,33395,-11,1,0,6,8,3
Poison,nan,7,0,0,0,86,78,68,137,50,67,472,1.1647995451943163,47.3840884698907,96,4.459039717417751,8276,60,1,1,6,12,2
Bug,Flying,8,0,0,0,69,73,48,88,71,95,404,0.7175949393834142,22.354682180341538,44,6.545421248446415,5500,37,2,0,3,15,3
Fairy,Dragon,8,1,0,0,77,79,113,103,82,107,653,1.8799099815530897,16.031622482498435,2,4.146054740227947,19009,34,1,0,2,11,3
Bug,Steel,7,0,0,0,77,72,123,120,102,37,535,1.4471391897861066,105.82213455410087,4,3.5338605554521654,5011,4,1,3,8,5,6
Bug,nan,2,0,0,0,35,41,19,39,20,23,307,0.319185097870217,1.9170015234016091,193,4.5447072328254805,4245,190,4,1,2,11,3
Dark,Steel,6,0,0,0,43,71,51,56,74,39,276,0.568946466851771,54.916301084452954,21,5.940324576836064,5701,22,3,1,2,12,3
Water,nan,4,0,0,0,57,93,121,107,84,52,465,0.5917344312913732,28.00678739823129,40,46.165034935536184,5247,44,2,0,2,14,2
Water,nan,2,0,0,0,90,110,83,63,97,57,516,1.3106382029841666,44.933376654901785,49,5.627559464701944,5232,49,4,0,2,12,1
Electric,nan,8,0,0,0,120,110,76,84,135,50,496,3.8012988607830063,25.353708004817392,47,4.722082056496101,5109,93,3,1,4,14,2
Poison,nan,1,0,0,0,102,49,99,58,82,19,281,0.2092615768890333,1.159544523131947,118,5.105391877576991,5139,47,3,1,4,11,2
Poison,Rock,1,0,0,0,101,73,110,79,88,37,512,1.6269337271108453,20.17407573182898,47,6.34168820009656,5408,42,4,0,4,6,2
Dragon,Ghost,8,1,0,0,86,118,101,102,79,93,532,1.7382306447899647,58.00235700133503,-4,5.913451798309621,14590,18,6,0,3,14,3
Bug,Flying,9,1,0,0,99,115,65,79,127,126,602,4.056820272285245,70.1075208027701,-3,4.901665947934204,8179,11,1,1,8,10,6
Grass,Steel,9,0,1,0,74,96,116,57,105,89,658,1.4198918144952537,71.43733776443509,4,4.699144991672113,26207,14,1,1,9,7,5
Water,Fire,4,0,0,0,82,81,87,78,65,109,498,1.324697371827221,56.99715814264077,36,5.4120382692130224,6338,48,2,0,2,12,3
Electric,Dragon,4,0,0,1,51,82,86,116,75,105,547,1.6129403784580723,63.2400087100209,41,52.69087373713141,27860,5,1,0,4,11,5
Fire,Steel,9,0,0,0,70,126,120,80,107,73,630,7.971196770629465,59.714080581244396,42,5.337681960315949,4989,43,2,0,4,6,6
Electric,Fighting,5,0,0,0,116,104,73,100,93,135,657,1.7598421436511353,99.73551645164702,48,4.560610733405665,4951,38,1,0,6,13,6
Bug,nan,4,0,0,0,32,31,14,13,30,36,202,0.4746139153885875,-4.450671465794668,254,50.495073737949895,4240,229,3,2,5,14,1
Water,nan,1,0,0,0,77,61,49,105,93,115,489,1.156822889416843,21.605240340993316,52,93.97401413170452,5453,49,2,0,2,9,3
Fairy,nan,8,1,0,0,75,43,31,39,52,54,176,0.505141051017101,6.113259362148511,-13,5.707344279867757,3726,17,5,0,2,14,3
Fire,Fairy,7,1,0,0,48,74,61,45,63,63,301,0.3305434519416165,17.12799936753786,44,4.066652876440545,11136,48,2,1,5,10,6
Normal,nan,1,0,0,0,58,57,18,42,66,56,274,0.5068387998010037,14.54505770704662,189,5.22537527748975,3321,195,3,1,0,11,1
Normal,nan,6,0,0,0,137,81,99,42,85,99,591,0.6047177418976812,33.03043648673233,49,4.795764396090503,4985,39,2,0,6,14,3
Grass,nan,9,0,0,0,82,88,129,37,91,60,457,1.3981479681215334,7.400348154780218,45,4.175225011682002,2760,44,2,0,2,12,2
Water,Flying,5,0,0,0,49,100,33,57,97,100,497,1.1049924879824278,79.82046331175282,50,85.8450334026431,5177,45,2,0,4,13,3
Bug,Fighting,7,0,0,1,46,65,28,59,70,59,235,0.6383283572596072,3.7850262539558948,48,5.6568676273646075,7407,44,1,0,6,9,4
Dark,Fairy,4,0,0,0,69,74,86,68,47,80,480,1.3448018413462248,72.8514624899731,36,2.4393387025984827,5221,43,2,0,4,11,5
Bug,Water,7,0,0,0,62,69,45,48,69,69,226,0.7592928671192567,6.40681541933894,49,5.310728625616231,5464,254,2,1,9,8,2
Ghost,nan,5,0,0,0,76,62,42,49,82,65,467,1.2609793262694147,87.61763380354618,264,4.285523191692958,3815,143,3,1,2,12,1
Grass,Steel,3,0,1,1,53,106,130,68,63,86,588,1.4709318838280392,601.6097775094157,5,5.146585812893523,34218,-1,1,1,8,5,4
Fighting,nan,3,1,0,0,144,127,106,52,111,71,512,8.37443902371408,659.0963064200167,-14,5.837517385184925,13881,27,1,0,6,13,3
Flying,Flying,5,0,0,0,60,95,77,71,87,89,311,1.9921993400039621,64.70407685539114,70,4.9084818723318335,3000,72,3,1,5,12,1
Water,nan,1,0,0,0,58,83,94,87,141,46,461,1.5568580648244545,42.8142126400915,53,5.119028450456146,5472,84,4,1,4,12,1
Ground,Dark,2,0,0,0,112,69,84,37,89,40,335,1.5124854567603585,10.197826481559574,127,5.12494141534191,4833,75,4,1,5,9,1
Fairy,nan,8,0,0,0,109,67,89,48,58,71,483,1.2346723882291724,-1.784671077390028,39,52.47200839868335,4915,39,3,0,2,14,3
Ground,Flying,7,0,0,0,79,84,53,96,109,51,252,1.162867467438396,12.854459411793238,125,5.507039677139768,3558,108,1,2,2,8,3
Bug,Normal,4,0,0,0,99,80,87,60,67,45,494,1.3757276137501009,114.70760832756582,83,4.272629179302328,5011,148,1,1,9,15,1
Water,nan,5,0,0,0,85,47,43,101,91,86,426,1.6019475598474258,8.881752228865086,42,50.01182533421054,5312,44,4,0,4,9,3
Normal,nan,8,0,0,0,59,70,67,65,61,68,443,1.5336215007700966,14.362948609318538,71,4.9882676071910925,4684,73,4,1,1,17,1
Normal,nan,9,0,0,0,58,63,40,36,55,41,359,0.6600139091399583,0.5327020691072484,39,5.735564530423354,5385,123,6,0,3,9,1
Normal,nan,5,0,0,0,107,76,73,42,103,94,492,3.3842561099637387,77.0828916080136,2,4.688616915346735,5170,1,6,1,3,13,1
Water,Fairy,5,0,0,0,71,46,44,57,94,16,491,1.005563701033286,29.064856080232538,54,86.73364392948551,5447,59,3,0,4,8,2
Poison,Flying,3,0,0,0,51,51,84,62,63,40,341,0.3773186021109583,20.944578575359326,251,4.878369395130459,4933,237,3,1,5,11,4
Ghost,nan,9,0,0,0,99,77,117,103,79,80,258,1.0196266176758708,45.09587276444403,42,7.312901124304753,8032,40,2,0,3,12,2
Poison,nan,6,0,0,0,45,85,91,52,97,122,579,1.5535194084121717,57.410979612377595,9,4.053393761808438,4399,42,2,0,2,11,4
Steel,Water,2,0,0,0,24,51,32,30,51,70,236,0.37215479192020584,-18.638108449345694,252,5.319784241329951,5223,193,4,1,5,10,4
Ice,nan,8,0,0,0,103,55,29,71,36,44,310,0.6935926874148923,85.63425049820287,39,48.05310353780302,5261,249,3,1,2,17,1
Steel,Psychic,3,0,0,0,70,49,88,44,71,34,275,0.5514936360611588,-1.4544333848570279,188,4.672792445594598,3483,122,3,1,5,10,1
Poison,Flying,7,0,0,0,30,53,72,71,65,49,415,1.517602498378281,24.950271335454303,133,6.152646674750976,5572,43,1,1,5,5,4
Steel,Psychic,3,0,0,0,66,122,143,60,83,56,547,1.6617774384506567,106.21081313719574,89,4.297749569449922,5067,71,4,1,6,7,6
Fire,Dark,4,0,0,0,61,95,43,40,57,61,494,1.4121033455113232,19.861423523784104,197,5.523424684345328,5276,130,4,1,5,7,3
Poison,nan,4,0,0,0,104,108,79,83,108,131,471,1.8315686452292788,100.0404784121005,93,4.351519819150265,5549,81,4,1,1,17,1
Grass,Rock,1,0,0,0,46,59,90,95,81,29,279,0.5878750233403573,7.959131380183234,45,88.0665367414256,8576,50,3,0,3,9,4
Water,nan,9,0,0,0,85,87,64,65,58,84,538,2.1625197160696255,81.32933296502738,44,5.522814043787475,27273,47,2,0,6,9,2
Grass,Steel,9,1,0,0,235,77,84,47,84,103,598,1.24427340551727,106.67669078255864,-10,4.344281892551285,14056,13,1,0,3,11,3
Dark,nan,7,0,0,0,101,105,92,63,103,85,460,21.21674241415282,104.16624357689616,43,4.53148134120372,5245,75,3,0,3,9,3
Rock,nan,1,0,0,0,67,65,55,33,54,66,334,1.37712903896652,5.2960987438995595,49,87.55677913330486,5105,48,4,0,5,9,4
Bug,Ghost,3,0,0,0,75,101,75,104,45,81,346,0.515522368650347,8.100690607559223,115,5.070218518008901,5003,45,2,2,5,9,7
Steel,Fire,5,0,0,0,71,115,59,82,62,86,639,1.28667655268931,85.90358691924489,77,4.633999865756775,3542,79,3,1,10,5,5
Fairy,Psychic,9,1,0,0,129,68,73,90,89,91,515,1.7485713014397934,59.43330692710483,35,4.523873744687535,13828,-15,1,0,2,10,3
Fire,Dark,1,0,1,0,116,124,95,134,75,50,541,2.1718017581914264,115.8094450186667,40,4.708450638386554,5112,41,1,2,6,5,5
Water,nan,7,0,0,0,68,90,76,66,71,46,470,3.8536177374843765,58.473147760986805,7,3.689186208783382,5021,42,2,0,4,9,4
Grass,Ground,2,0,0,0,70,73,110,21,32,7,340,0.28750872913874703,-6.46454854877379,144,4.926359151691777,5208,90,3,1,5,8,3
Electric,nan,8,0,0,0,63,75,46,35,64,38,278,0.43855654221734114,11.770499697958163,234,4.6885582344185535,3499,234,3,1,3,16,3
Bug,Fairy,2,0,0,0,64,59,38,42,54,89,366,0.5202255334911328,25.63841893375062,122,3.9511655078544994,5306,92,4,1,5,16,1
Fighting,nan,8,0,0,0,68,36,57,39,71,55,490,1.2156049156959439,88.14024648426522,45,5.018040507829111,30049,49,1,0,2,13,3
Electric,nan,4,0,0,0,53,79,46,75,71,49,477,0.6023332111981848,1.4786662874308636,253,4.8131226094419866,5292,127,2,0,2,12,1
Fairy,nan,8,1,0,0,130,96,112,67,94,120,463,1.8410304437515692,43.18060599163032,-22,5.0523501244033415,16465,1,2,0,2,13,3
Steel,Steel,5,0,1,0,99,113,186,115,85,159,669,1.917418193814862,14.649581385931157,-17,5.04820338922515,32649,-5,1,2,8,7,2
Normal,nan,5,0,0,0,88,90,28,55,105,97,474,1.3481514565795918,2.0993478282361107,81,5.276698191525379,5707,81,3,1,0,17,1
Fire,Normal,9,0,0,0,39,60,104,83,74,54,310,1.526273619856509,3.521331999680033,49,4.387157482589975,8026,42,4,2,4,6,3
Grass,nan,8,0,0,0,55,95,51,46,57,103,508,1.457995963101326,57.08960925705757,-1,5.220581296890609,5129,37,1,0,2,12,2
Ice,nan,8,0,0,0,79,62,83,76,116,74,360,1.2494982623419337,6.45819273625005,38,5.564301639464559,3574,78,4,0,5,9,5
Fire,nan,5,1,0,0,100,66,102,125,93,91,483,3.4154513932462067,76.94647390042549,6,3.6089530887570707,14726,26,1,0,2,13,3
Rock,Fighting,8,0,0,0,84,135,80,113,68,95,472,1.723309125039485,49.67704973197769,-9,4.593362946140713,5125,3,1,1,4,14,4
Water,nan,3,0,0,0,39,42,35,35,32,34,319,0.41822629276131296,17.611862836227466,234,4.7904960510707,4228,192,3,1,5,9,1
Water,nan,3,0,0,0,86,76,108,44,100,58,336,1.4997510652004817,4.60084108095635,139,6.01463688400962,5550,86,4,0,6,8,3
Bug,Psychic,5,0,0,0,33,65,47,64,55,85,315,0.36796971258450534,6.385458117843614,181,4.859507514398477,5369,103,2,2,2,13,5
Poison,Ghost,7,0,1,1,95,67,57,58,57,72,458,0.5650761710548111,1.8132265754444035,43,5.105230675504251,36750,1,1,0,6,9,4
Fighting,Ice,6,0,0,0,59,42,61,37,63,64,335,0.5889926419088316,2.3176002698427958,57,4.26037710396458,7255,42,2,0,3,11,3
Bug,Flying,1,0,0,0,83,74,68,48,58,39,277,0.655072385317643,90.85581602592475,239,4.551659469250777,5060,65,3,1,0,6,6
Bug,Steel,7,0,0,1,54,63,85,52,62,91,515,0.9180285228522636,673.437383530149,-4,4.408078256365438,29880,33,1,0,5,9,4
Normal,nan,6,0,0,0,67,53,51,47,75,47,487,1.1996727974040577,33.95300952126075,262,5.021903066594089,5426,45,4,1,0,17,1
Ghost,Psychic,5,0,0,0,71,103,50,43,45,75,348,0.6769790482865174,12.40839356386649,107,6.066908132091337,5433,124,4,2,5,7,1
Poison,Fairy,9,0,0,0,65,65,102,124,81,47,484,1.0569880776291074,57.01759568973682,123,5.11449085347197,5271,51,2,0,6,7,6
Psychic,nan,2,0,0,0,92,67,55,17,61,45,267,0.4373594205845779,14.39505131806304,41,5.005895681031261,4860,194,4,0,2,12,2
Normal,nan,1,0,0,0,48,102,47,42,50,116,506,0.4938533556985035,52.27705946524241,89,4.68045229864377,2499,124,3,2,0,16,1
Fighting,nan,5,0,0,0,36,44,28,27,21,58,253,0.17401440405507101,-6.501815104392621,186,4.928171207986896,2695,183,3,0,3,12,3
Grass,nan,8,0,0,0,48,58,38,21,32,16,312,0.7077141102446886,12.919357683113756,247,97.90915254282817,3589,177,2,0,5,11,3
Water,nan,4,0,0,0,51,44,94,33,73,57,258,0.4336880045982191,4.654423901255262,46,93.01036854727663,4923,48,2,0,3,12,3
Dark,nan,3,0,0,0,67,142,67,42,63,85,496,1.7244156727679505,19.208697667505252,19,4.615874708824666,5442,475,4,1,2,14,1
Dark,Rock,9,0,0,0,91,95,174,74,46,51,461,1.5669245336334385,112.38072713431707,73,4.60125569248834,4685,45,1,1,5,6,6
Rock,Grass,6,0,0,0,83,115,119,64,79,65,579,1.5647863044820847,13.552250635801338,13,5.984852741854876,5288,83,3,1,6,6,4
Steel,Ghost,5,0,1,0,137,125,121,99,107,46,661,0.6105257177270929,59.71197265237214,-18,4.731847531988443,32788,-4,1,1,9,5,2
Water,nan,1,0,0,0,107,103,90,120,70,129,604,1.529749866906317,53.939729790620085,-2,5.2299143818739156,20417,47,1,0,6,9,5
Water,nan,2,0,0,0,62,35,61,25,43,30,245,0.5233085386557597,-0.704965261069729,120,6.2182253935062946,4065,195,3,1,0,12,3
Psychic,Psychic,6,0,0,0,100,86,112,76,97,120,641,1.5621559942540455,42.986394360787216,86,6.00635695120742,5456,82,6,1,10,7,1
Fighting,nan,4,0,0,0,41,66,48,125,44,68,484,0.9115889368633466,83.62994439169833,-2,6.018330085766065,5095,3,1,0,3,11,2
Water,Fighting,1,0,0,0,66,54,48,55,76,39,275,0.17823410792935895,2.8716133221807603,46,4.490880204392183,5250,50,2,0,2,8,2
Normal,Flying,8,0,0,0,72,73,60,53,92,52,418,0.564697460211989,15.601588790851466,245,4.275114092295362,3065,260,3,1,3,10,3
Grass,Flying,9,0,0,0,33,61,58,30,24,0,256,0.2591118007342572,-3.6176634296468233,155,95.66655793735671,3059,193,3,0,5,9,3
Grass,Poison,1,0,0,0,82,78,138,66,84,43,499,1.8385476860985095,68.04161067270782,49,5.498857474103586,2975,78,3,1,4,9,3
Water,Normal,3,0,0,0,94,108,94,93,112,120,622,2.156887496029729,92.35457597764672,35,4.734238950291622,3752,41,4,0,4,9,2
Dark,Dragon,8,1,0,0,215,122,149,47,131,95,535,2.2917471277321013,76.3873232346163,-22,6.3001204250962,27915,0,1,0,7,11,3
Dragon,Psychic,8,1,0,0,117,123,163,101,80,58,614,1.8933045653336156,144.81304604966672,-11,9.686539889425795,10406,-2,1,0,2,12,3
Dragon,Dark,3,0,0,0,195,131,88,99,111,59,531,3.9284247321026657,99.87716647767786,44,4.7268217527503635,30950,47,1,1,10,7,6
Dragon,Ground,4,0,0,0,95,125,53,118,101,97,504,1.2697568969823505,40.97145562354173,70,4.8753205709792615,4876,78,4,3,9,16,6
Grass,Fairy,3,0,0,0,123,94,87,59,68,34,348,1.4056817868040032,32.00731390731434,198,48.30386119714417,5382,49,2,2,2,9,6
Water,Flying,7,0,0,0,89,71,66,93,44,82,271,1.1198289173336275,101.58287446328008,45,4.285239441590079,4093,53,1,3,3,13,3
Dark,nan,2,0,0,0,75,25,79,33,48,35,308,0.627092469996316,-8.925350303813966,252,48.13406969496617,3836,258,3,2,2,12,3
Ghost,nan,4,0,0,0,46,48,40,39,39,49,333,0.6853161274502291,22.26974202422665,188,5.023476002593176,5112,192,3,0,2,12,3
Normal,nan,2,0,0,0,87,76,52,68,91,70,462,0.6252663755287245,11.1770743239751,250,4.688098118516844,5392,246,4,3,3,16,1
Water,nan,1,0,0,0,100,57,87,79,84,72,550,3.5526368501520706,79.98285447788615,42,4.201464969336454,5328,50,4,0,3,11,2
Grass,nan,4,0,0,0,78,134,50,79,50,74,480,1.0143163807002837,92.58983974827684,46,95.0701638645967,7308,46,2,0,2,12,3
Electric,Poison,1,0,0,0,38,35,64,56,57,94,324,1.7308933053171178,-5.114055662118263,190,4.874339379202439,5680,41,3,0,5,5,2
Ghost,Steel,9,0,0,0,48,89,59,32,45,45,313,0.5195244361049582,9.606345715309986,246,5.5632483975572615,4514,124,3,1,2,8,3
Steel,Normal,5,0,0,0,121,63,96,93,79,60,529,1.3829306533362296,8.5546985377018,64,5.310697993095006,5217,0,1,1,9,11,6
Water,nan,1,0,0,0,102,135,93,89,112,57,510,1.9095394326997677,20.350718313384302,80,6.084591010688285,5455,80,4,0,3,15,2
Psychic,nan,5,0,1,0,80,60,62,62,110,84,503,1.1484757102759415,47.56573215046052,48,1.4363099687318521,5079,19,1,0,2,12,3
Dark,Dragon,8,1,0,0,147,116,97,93,75,94,626,4.4864787061852125,223.57656509761094,-13,5.854442113367856,27557,-14,1,0,3,14,3
Water,Poison,4,0,0,0,74,64,44,70,95,34,490,1.39656635187716,21.87031333357336,54,84.51426515290531,5034,51,4,2,6,7,2
Normal,Electric,4,0,0,0,67,93,46,49,67,76,257,0.717322036746325,-4.217289541757028,271,4.59923828883506,5419,254,3,1,1,17,1
Psychic,nan,1,0,0,0,60,49,39,21,31,37,217,0.5689146220482608,9.33224162841336,47,92.02230236989728,5009,52,3,0,2,14,3
Ice,Ground,9,0,0,0,79,122,91,59,103,95,548,3.614865522007288,48.69250136718025,88,5.106776043131497,4985,91,4,1,1,7,1
Water,nan,5,0,0,0,97,78,91,38,62,47,459,0.5204658534734176,5.587330328845889,41,5.849493749886406,4749,36,3,0,2,14,3
Fire,Steel,9,0,0,0,88,136,147,79,46,105,588,2.39206886025773,719.1630049784649,38,4.688370096543611,8612,37,1,0,2,9,3
Dragon,Flying,9,1,1,0,113,154,106,121,81,105,615,3.661985029645204,623.6944312713579,-26,5.858464430788784,19113,-4,1,0,8,11,3
Fire,nan,4,1,0,0,115,136,76,150,87,122,647,2.213339118829412,359.4008818563019,34,5.360231731013936,30730,31,2,0,6,9,3
Ground,Flying,1,0,0,0,70,134,115,59,132,61,596,1.6859690239216765,45.439121058103915,129,4.431816647846013,5400,92,4,1,5,5,4
Dark,Rock,3,0,0,0,36,63,32,41,53,47,312,0.4163701230127784,-4.478700235826016,240,4.7327697736585135,5626,264,3,1,5,12,1
Fairy,nan,4,0,0,0,90,130,115,61,100,71,496,1.9124777903178378,107.69095628476211,56,4.009993658768898,5452,77,4,1,1,13,6
Grass,nan,2,0,0,0,75,70,95,45,82,70,414,1.8976091157480366,19.028878253063603,42,83.55978625657404,5188,40,2,0,2,12,3
Bug,Flying,7,0,0,1,129,123,89,72,79,121,682,4.800837380522903,120.1202235282998,33,4.567719990663252,28628,-19,1,0,6,7,4
Poison,Steel,7,0,0,0,97,120,111,66,73,24,538,3.3297703930336207,62.268690725229305,20,5.2030175028928705,29672,3,1,1,9,6,4
Normal,nan,4,0,0,0,89,57,56,78,71,101,299,0.6408020309597651,-3.6767046517935587,242,5.317132742692783,3636,95,4,0,1,14,1
Fire,nan,2,0,0,0,84,90,29,32,55,56,242,0.6996373885953895,11.14511802154749,44,5.598448125409403,5388,51,2,0,2,9,3
Grass,Flying,2,0,0,0,75,136,111,59,107,113,587,1.4684302923181582,73.45810964797184,26,5.554613902743129,4916,9,3,0,9,7,6
Poison,Dark,5,0,0,0,115,140,110,132,83,16,557,4.52251767899634,79.04889652398649,81,6.174212759284061,4816,78,1,1,9,6,4
Steel,Psychic,7,0,0,1,150,162,88,139,96,63,661,11.408817689213569,669.3727691634914,-8,3.7607040117183375,30538,-11,1,0,6,5,4
Bug,Steel,7,0,1,1,80,111,114,129,127,37,561,5.490326746242569,18.874082022870027,40,4.510882504997549,31753,44,1,0,5,9,4
Electric,nan,8,0,0,0,101,69,113,82,48,109,483,0.7259715229173515,46.35796582592997,234,25.553581025672383,4907,234,3,0,2,13,1
Psychic,nan,5,0,0,0,65,68,60,83,87,30,497,1.888319402106534,9.374809277494641,45,4.15445124529604,4954,52,2,0,3,6,2
Normal,nan,4,0,0,0,65,64,77,67,84,90,483,0.6899491601032305,1.0701567213263825,131,4.309952905521326,4036,46,3,1,1,12,1
Grass,Fairy,6,0,0,0,79,128,74,70,53,36,482,1.542821446592933,3.725762012326104,45,6.420467077002382,5554,47,3,0,5,9,3
Fairy,Dragon,8,0,1,0,121,130,127,136,88,55,684,3.6613822599100256,58.82497485875744,-3,4.591165515860056,29020,0,1,0,5,6,2
Grass,nan,1,0,0,0,63,63,99,41,102,31,258,0.41494390102915574,25.936402159174644,118,51.46314134761374,5263,120,3,2,4,11,5
Electric,Ice,8,0,0,0,74,88,78,32,86,98,466,1.4344241977886407,30.60100169374465,33,48.2335984660648,3156,-8,2,0,3,12,3
Psychic,Water,9,0,0,0,79,93,47,38,71,66,555,1.423140965245119,44.405245974631626,-1,3.75118614461959,5126,4,3,0,2,11,3
Ice,nan,5,0,0,0,79,120,136,58,81,93,545,3.351492566245537,7.89306823031282,45,4.705166085589301,5317,47,4,1,3,12,2
Normal,nan,1,0,0,0,87,98,27,56,64,70,494,1.350546260811181,14.26363270693184,122,4.871483286907106,5178,240,4,1,0,17,1
Fairy,nan,7,0,0,0,110,133,99,52,81,61,494,1.9073347262427982,56.311605960692475,47,4.578337362492799,4838,58,4,0,3,14,4
Steel,Ice,3,0,0,0,126,106,130,120,129,27,505,1.9165704632924436,60.55720695871787,54,5.469593097821584,28641,43,2,1,8,9,4
Poison,Flying,5,0,0,0,36,46,33,30,54,30,251,0.31040231030589394,-16.62295856231684,249,3.757100033174681,7185,251,2,1,2,8,3
Rock,Steel,1,0,0,0,46,133,106,70,98,49,310,1.5619000469690378,-3.9687821177791935,47,7.3483643682737405,7372,48,2,0,5,9,5
Fighting,nan,4,0,0,0,57,85,63,60,70,66,251,0.25802909062030466,-3.7481521291834934,247,5.276095751941281,4076,229,3,1,0,12,1
Dragon,Normal,5,0,0,0,73,72,66,59,69,49,478,2.168084492965095,68.06478111707739,51,5.1125116462577225,5110,90,2,0,4,12,6
Normal,nan,8,0,0,0,40,68,31,24,41,46,272,0.6085299339685599,-1.6719968555606943,257,21.70253223402585,3504,257,2,0,2,13,3
Grass,Poison,9,0,0,0,126,127,86,119,89,90,622,0.7464372592591004,87.19174468008245,45,6.034259212146079,3204,17,1,2,5,8,4
Bug,Flying,9,0,0,0,47,62,70,52,60,28,226,0.6011643967542906,29.08444888577877,79,5.555423914894897,4639,97,3,1,5,6,6
Bug,Ghost,7,0,0,1,91,106,82,83,86,90,576,28.14261586412397,792.8455072747112,3,5.311667699919524,35882,-8,1,0,6,8,4
Dragon,Normal,3,0,0,0,82,137,76,56,115,46,460,1.8895410502259176,59.74575740379878,91,5.942532702478554,5421,81,3,1,0,11,1
Rock,nan,8,0,0,0,58,98,68,45,46,56,468,1.3697609030332885,78.71869419997594,42,87.11602880019001,2464,428,3,0,3,12,6
Bug,Steel,7,0,0,0,36,118,76,54,60,65,287,0.4378525693569953,-0.0887735803573122,255,4.812773610453826,5222,24,6,1,3,7,3
Ghost,Ground,5,0,1,0,85,135,138,129,64,102,534,3.476458464186106,111.14552165433119,21,5.187615580686739,5152,47,1,0,6,14,6
Fighting,nan,4,0,0,0,63,114,66,47,117,86,521,1.1626700223899618,62.562602872254814,34,79.70054705574748,32316,42,2,0,2,9,3
Water,Poison,9,0,1,0,85,134,54,57,40,46,492,1.9934560894652897,20.534540131048672,47,84.39011094256021,5164,42,1,0,2,12,2
Ground,Steel,7,0,1,1,110,84,129,106,104,76,692,0.6671666626960369,503.5615801539557,-14,5.9824305654138055,31495,-3,1,1,9,3,2
Water,nan,1,0,0,0,106,68,81,101,63,100,517,2.0708266771030117,87.24440895485374,52,5.046687768073005,5224,50,4,0,4,14,2
Steel,Grass,5,0,0,0,43,62,32,33,31,38,271,0.43976759553897155,-1.9028714034102538,102,5.691106567175505,2043,128,3,2,5,8,2
Steel,Steel,5,0,0,0,46,99,157,89,92,44,541,1.1291088070146489,9.458250025835042,48,5.8074195602703576,5022,87,2,2,5,5,6
Water,nan,6,0,0,0,63,126,122,64,55,55,494,2.0967804216876407,47.114640911691026,139,5.673331593617263,5326,121,2,0,6,9,3
Rock,Ghost,3,0,0,0,65,114,81,50,61,64,609,1.771970264391431,55.425382630159746,-14,4.855222676091196,31859,71,1,1,10,12,3
Psychic,nan,4,0,0,0,36,55,37,44,35,51,211,0.41035826913178347,3.2592203872357217,191,4.343558737336425,3902,233,4,0,4,7,3
Psychic,nan,5,0,0,0,81,76,63,41,95,68,511,1.5387498013090202,60.059240563759204,39,84.34310617154992,5436,56,2,0,4,12,3
Psychic,nan,4,0,0,0,158,93,87,72,100,69,577,1.7759257330640357,42.005501165226676,48,4.003836719400229,34217,48,2,0,3,13,3
Dragon,Flying,7,0,0,1,90,140,78,137,69,74,565,24.885301653867998,661.974306152976,1,5.094667390621964,32337,-24,1,0,6,8,3
Dark,Ghost,6,0,0,0,69,97,88,54,96,93,554,1.8970410921453849,95.62698942532845,-7,4.5665240482235685,30364,-12,1,1,6,8,4
Rock,Psychic,8,0,0,0,38,35,40,57,39,66,265,0.27460357464671425,-1.0514021330542107,115,6.700791075047008,6391,188,6,1,6,6,2
Normal,Fire,4,0,0,0,66,122,77,53,101,86,448,1.4730093065273702,37.94116115887602,91,4.725869004175734,5414,84,4,1,0,14,1
Poison,nan,2,0,0,0,70,73,93,85,80,70,513,1.2899334853404554,66.34018932708551,83,4.91224998648421,5235,11,4,1,1,16,2
Normal,Flying,2,0,0,0,66,56,35,42,46,45,287,0.5762306998961965,4.662873153670509,241,4.676562955436245,5534,188,4,1,1,17,1
Bug,Fairy,3,0,0,0,48,119,83,81,93,96,513,1.5857643510599835,16.986053639432754,46,3.823166216884812,5257,82,9,0,6,6,5
Dark,Grass,5,0,0,0,81,102,122,56,74,13,312,0.3821466784081002,47.193204249612826,123,4.979584391055854,5058,132,3,1,10,5,6
Dragon,Dragon,1,0,0,0,59,75,110,97,71,98,487,1.632307019563116,7.404632463971468,41,4.809143486208867,29371,1,1,2,5,4,4
Ground,Fighting,9,0,0,0,69,50,74,50,48,29,381,0.5329232890438625,3.0935527537412693,144,5.095747501036821,5020,94,4,2,3,8,3
Fire,Fairy,9,0,0,0,41,48,59,46,47,95,300,0.2860683641799805,-0.16617249195225448,216,5.428933315972341,5075,118,3,2,5,7,4
Ghost,Psychic,3,0,1,0,88,86,102,81,104,89,512,1.16880744511668,11.830729494474868,15,4.799096360206488,4523,11,1,0,6,12,6
Psychic,nan,6,0,0,0,53,50,35,33,46,18,230,0.445931634963426,-8.380716017236706,190,82.88997260793852,5248,187,2,0,2,12,3
Fighting,nan,2,0,0,0,73,49,60,60,74,34,303,0.5860981321644427,50.64170480491496,119,4.1450204484919535,3663,188,4,2,1,11,1
Grass,Fighting,2,0,0,0,76,82,95,30,34,23,344,0.8685172998804407,10.440352560142665,234,3.8243612261721203,8041,268,4,1,4,6,3
Fire,nan,4,0,0,0,61,64,107,91,86,88,510,2.9039012962717003,71.01636223038648,40,4.499331370655151,5138,44,2,0,4,8,2
Water,nan,4,0,1,0,105,118,99,84,76,87,528,1.2890158117033297,50.34281860063856,-9,4.379122825300433,30660,2,2,0,4,8,3
Rock,nan,6,0,0,0,66,141,91,65,83,81,493,0.37160773213375975,5.715363424574466,242,5.695708731125919,5692,204,6,1,3,5,3
Normal,nan,3,0,0,0,59,46,46,57,59,58,226,0.36091729359905506,32.80502856779493,182,5.090664157961624,5240,109,3,1,0,16,1
Flying,Fighting,5,1,0,0,91,93,59,44,84,42,512,1.6403372517992247,21.157583897678677,78,5.163585040731912,6277,2,1,2,6,8,6
Ice,Electric,3,0,0,0,69,61,80,58,88,73,511,0.3870859837245106,20.35499471197192,48,5.950947439908432,5384,47,1,1,5,5,4
Flying,nan,7,1,0,0,69,68,64,66,92,42,481,1.104705454485392,20.282933325148974,223,5.869267607612336,1921,69,1,1,1,7,2
Grass,Rock,9,0,0,0,71,76,87,47,42,76,282,1.4956811722241268,15.396227892345921,51,5.761742721731116,5152,53,2,1,5,9,6
Bug,Ghost,7,0,0,1,42,77,101,130,75,53,532,1.9567510135682462,705.775121651675,8,5.473056923546219,35791,-15,1,2,5,8,4
Water,nan,5,0,0,0,63,55,34,99,65,55,235,0.5126279777544888,2.093581978100934,233,4.406049367759853,3515,240,7,2,2,16,1
