type_1,type_2,gen,is_legendary,is_mythical,is_ultra_beast,hp,attack,defense,sp_attack,sp_defense,speed,base_stats,height_meters,weight_kilograms,capturing_rate,gender_male_ratio,egg_steps,egg_cycles,abilities_count,number_immune,number_not_effective,number_normal,number_super_effective
Water,nan,1,0,1,0,111,105,126,119,93,110,625,2.6427233973804567,292.5026861197126,38,5.546835754685218,35999,-2,1,1,2,12,7
Grass,Water,1,0,0,0,95,46,101,58,78,102,445,2.7453204670942877,57.01781199192329,45,5.086839525282241,5066,80,2,1,2,16,3
Psychic,Flying,4,0,0,0,111,64,95,119,103,48,644,1.367922214991577,16.839142541837013,67,2.060012074693697,3851,29,3,1,2,8,5
Ice,Fairy,4,0,0,0,78,90,78,31,43,56,302,0.49722674496360214,29.230661175321394,103,4.073144119167318,3871,115,3,0,0,9,3
Dark,Flying,7,0,0,0,82,103,57,131,129,90,419,0.5383362321655801,18.205655993233037,18,4.529732470091515,2471,11,2,1,3,12,3
Ice,nan,2,0,0,0,43,94,28,39,43,73,293,0.3919893043469275,10.594653368484593,134,5.826000777480393,5111,189,4,1,3,13,3
Normal,Dragon,9,0,0,1,98,87,92,141,127,123,645,4.4450422731561074,231.70232312743767,26,5.110545126326724,32241,36,1,0,8,13,4
Dragon,Psychic,6,0,0,0,89,45,62,68,105,58,517,1.5930261067469933,157.1242224856805,78,6.219982016961304,5007,128,2,0,4,9,4
Rock,Psychic,9,0,0,0,58,109,57,145,139,128,437,3.4508039121935044,53.1787736468482,47,79.59621222066933,4559,36,3,1,2,6,5
Psychic,Flying,8,0,0,0,121,103,66,104,97,67,600,1.8890710006685278,303.30167624525774,55,89.00542832306705,2529,50,4,0,6,13,4
Poison,Dragon,5,0,0,1,77,83,120,100,100,50,518,3.2405807236143227,108.59685972199115,13,5.139193595123527,24754,34,2,0,8,9,5
Normal,nan,4,0,0,0,65,15,45,31,49,60,219,0.21221992810245377,-6.2193051742301275,204,30.88604170306605,6141,111,2,0,3,13,4
Rock,Electric,2,0,0,0,75,94,99,54,91,83,409,1.0039390221756237,24.24228563201377,41,50.83089197643863,5590,76,3,0,5,6,7
Rock,nan,9,1,0,0,77,25,57,33,35,52,233,0.2069053123317362,19.971257433197074,133,5.677408392780687,4616,127,3,0,2,13,3
Grass,nan,4,0,0,0,43,65,41,43,56,45,336,2.1114156392190417,16.706077901676224,130,3.869701736223637,4967,66,2,1,2,11,3
Steel,Fire,1,0,0,0,47,110,112,86,77,100,461,1.5974566301378088,86.92496982561187,130,5.924508074769589,1731,35,2,2,6,4,4
Normal,Fairy,3,0,0,0,56,55,52,39,33,39,359,0.48392991853621337,2.5919038795269422,93,4.263581405657604,1922,161,3,1,2,12,2
Normal,Steel,9,0,0,0,172,35,64,61,93,105,432,0.12021423608928306,51.94888099402392,43,89.64617955494167,5365,11,7,2,3,12,3
Rock,Ghost,9,0,0,0,102,76,58,57,49,103,490,0.6050588569886504,35.18345739217191,31,4.391705810826461,3154,46,3,1,5,13,4
Electric,Ice,3,0,0,0,35,22,47,51,64,71,222,0.5989190494590503,45.372774460283125,116,4.298893973166138,5026,89,3,1,0,13,1
Ghost,nan,3,0,0,0,91,101,89,84,107,90,518,1.4555170688035117,117.06186911157141,50,95.8992840178966,4778,38,3,0,8,9,4
Rock,Bug,7,0,1,0,104,41,87,94,161,74,594,2.739543438851817,650.9335209622429,-8,5.625725927956968,31647,2,1,1,2,5,5
Water,nan,9,0,0,0,98,61,66,36,95,63,502,1.2979075725903397,100.10401301576542,37,83.69732556453096,4087,55,2,2,6,7,5
Psychic,nan,5,0,1,0,89,51,105,102,102,106,505,0.3910599484536522,17.20928718136861,1,4.969430446024423,35273,-5,1,1,5,6,2
Electric,nan,2,0,0,0,49,40,66,49,99,105,285,1.7966550071595258,53.60709976517204,62,46.46057247815142,8206,186,3,1,5,13,3
Fairy,Fighting,7,0,0,0,76,77,85,74,147,63,286,0.387010171567367,28.014404512016043,65,6.031267884537357,27348,-2,4,1,2,9,3
Normal,nan,1,0,0,0,67,76,48,64,88,105,415,1.0574124947982089,122.61476351934424,126,48.226988409031335,4534,539,4,0,2,9,3
Bug,Flying,7,0,0,0,104,58,101,90,91,82,452,0.9177398265659942,13.628653526454983,81,0.6492193510903013,4959,51,3,1,4,9,3
Psychic,Steel,7,0,0,1,73,79,62,66,68,57,396,0.7703079074018706,31.696589192479266,8,5.416671011848948,29783,-7,1,1,5,5,4
Rock,Ice,3,0,0,0,71,57,36,35,96,126,432,0.9631885166195466,132.01223774535836,63,5.294410141407848,5125,54,3,0,2,9,5
Dark,Ghost,9,0,0,0,90,76,35,59,115,44,674,1.4193543389944352,5.801937994900898,40,5.771961995238976,3754,114,2,0,1,9,4
Grass,Grass,6,0,0,0,103,47,108,42,97,41,401,0.42930926158187255,335.34539623487916,84,78.43180069957788,4892,72,3,1,5,4,3
Water,Ground,9,0,0,0,107,83,70,122,133,76,545,1.368107200719345,102.13416709431719,55,5.222576663791654,6129,32,2,3,6,9,4
Fighting,Grass,3,0,0,0,80,132,52,154,109,75,415,1.9246569073473727,70.17580891963304,49,86.86506721462979,4164,57,2,1,0,9,3
Poison,Fairy,7,0,0,0,58,29,86,51,89,74,504,0.43598885932946246,23.468153942894823,145,4.765673336530653,4967,192,3,1,0,7,3
Normal,Steel,2,0,0,0,79,15,37,54,41,56,300,0.9242791481964527,21.498716279658357,261,5.568833565753534,4843,123,2,1,5,9,4
Ghost,Fire,1,0,0,0,41,101,57,55,83,80,429,1.2394234562743531,165.08223055927348,80,2.3553473179697804,5397,107,3,0,8,11,4
Bug,Flying,2,0,0,0,101,52,60,82,112,49,413,0.7170674896045205,45.777830049560784,124,4.590150317857269,4974,226,2,1,2,14,3
Poison,nan,3,0,0,0,44,13,42,60,64,44,339,0.5000225826756187,8.45035090757203,124,1.8360219124971282,5034,96,3,2,5,14,3
Psychic,Normal,3,0,0,0,110,114,79,73,100,83,508,2.6811515319521946,30.223217349648237,119,2.1462491634413827,6164,111,3,3,5,11,4
Bug,nan,3,0,0,0,49,25,5,15,20,73,289,0.4586619302534354,-14.006114853970582,259,3.865376718528527,4696,187,3,1,8,12,3
Fighting,Steel,9,0,0,0,76,56,64,10,63,52,309,0.3338395442682758,9.788053626874238,62,5.105132627210259,2315,116,3,1,0,14,3
Poison,Flying,8,0,0,0,67,80,84,49,99,105,505,1.4247927151848936,55.75250089245518,56,4.930712585671222,4614,50,3,0,8,9,1
Poison,Fighting,6,0,0,0,103,114,49,105,92,108,511,1.4620724099839009,199.85909007998248,45,89.89601481220438,3272,41,2,0,6,10,3
Flying,Fighting,3,0,0,0,93,89,62,131,129,104,538,1.6974930262831704,221.67427756464787,49,49.61107495867802,4690,54,4,0,6,9,4
Fire,Fighting,2,0,0,0,116,58,85,81,97,76,537,0.4645788802813817,81.07707095040648,12,5.03945824239129,33307,-5,8,1,8,8,3
Ice,nan,3,0,0,0,39,29,28,12,19,32,306,0.42453801469045566,28.178182851889744,202,4.799158594291789,5038,192,3,0,2,14,3
Fighting,Flying,8,0,0,0,94,59,84,54,59,103,494,1.2989990178767488,212.96231742038128,56,5.2630332337660555,4955,41,2,0,4,9,2
Grass,Flying,9,0,0,0,60,103,71,19,70,24,316,0.8317272433794609,16.077237696752135,133,88.8146339087201,2064,187,3,1,10,6,1
Grass,Flying,3,0,0,0,59,134,90,34,49,68,433,1.280980928780873,64.89405466412322,58,4.14702911435401,3150,100,3,1,4,4,5
Psychic,nan,3,0,0,0,48,41,29,13,50,28,264,0.20875499162995964,-1.8039304027483123,240,4.38398964562052,3849,195,3,1,9,4,3
Grass,Steel,9,0,0,0,164,84,86,92,114,90,530,2.69735608962554,58.36228665529451,42,3.6680552535731437,10518,32,2,1,5,12,3
Dragon,Fairy,8,0,0,0,95,43,112,97,67,87,496,2.297113930300832,48.27716381991096,64,9.99294665586231,4167,50,1,0,6,7,4
Water,Dragon,5,1,0,0,92,53,89,122,125,36,591,3.1446716090307207,32.274854890405464,20,4.71134448746259,5367,44,2,1,9,10,4
Psychic,Dragon,7,0,0,1,95,123,51,138,114,63,512,0.7053312236165324,550.1226657613807,16,4.916908067796158,25580,-24,1,0,8,10,2
Dragon,nan,6,0,0,0,64,12,11,37,56,91,342,0.448982212636608,6.8709149810898476,176,4.409450995289662,1991,109,3,0,0,12,3
Ground,Ghost,3,0,0,0,98,61,63,93,97,70,415,1.0371475960032157,42.10890051549751,195,3.0209085613511797,5159,64,3,0,5,12,1
Psychic,nan,2,0,0,0,63,90,42,45,42,50,324,1.594335977342945,59.79309573996611,228,53.35410499218291,3127,54,2,1,4,13,3
Water,Steel,9,0,0,0,157,51,73,66,87,126,312,0.946794753257568,18.27280158409443,70,5.341785282541102,2331,52,3,2,0,9,2
Rock,nan,6,0,0,0,95,44,48,149,104,97,638,1.7837180654032117,100.57364094007497,54,91.51001873688173,6205,46,3,0,4,8,4
Normal,Poison,2,0,0,0,91,61,90,56,42,65,512,0.8464533950576608,106.94456344498151,214,5.910307031012186,2164,54,3,2,6,13,3
Poison,nan,9,0,0,0,100,40,37,60,32,86,283,0.2939304585883713,28.49989164219212,242,4.470074746715955,1495,226,3,1,5,14,3
Normal,nan,3,0,0,0,91,21,50,87,112,54,462,1.5505911507085288,73.0650943745451,114,8.448331561924839,5127,50,4,0,4,5,5
Water,Water,9,0,0,0,123,52,77,27,96,56,493,0.6289316906238448,60.780075425336484,50,3.180469763107877,4125,33,2,1,5,4,3
Normal,nan,6,0,0,0,45,3,17,26,55,79,322,0.43415739026720856,3.187032963060931,108,3.9765924026667276,2736,178,3,1,0,12,3
Fire,Psychic,3,0,0,0,108,123,81,108,112,102,648,2.5519012999432853,100.60299505912994,40,86.54495328260877,5404,38,2,2,5,10,3
Water,nan,8,0,0,0,53,9,84,89,102,73,272,0.43486876474993363,65.55494629717448,20,5.447307732259938,5359,76,1,1,0,9,3
Grass,nan,6,0,0,0,103,24,21,74,100,86,548,1.5515647162303687,64.97113032799408,45,85.76342119399993,5001,56,3,0,4,9,3
Dragon,nan,1,0,0,0,110,85,81,92,72,48,669,1.7424010263957919,158.45748537472033,46,5.195045698368068,3895,43,4,1,5,7,4
Dark,nan,1,0,0,0,67,34,73,53,58,74,282,0.669627601546404,14.62254567709138,172,2.7845887169454855,3599,122,4,1,2,6,4
Fighting,Flying,3,0,0,0,74,87,51,89,95,88,470,0.48804270742782696,42.773120520531265,138,5.722977381602116,4745,33,3,0,0,6,4
Ghost,Poison,3,0,0,0,64,64,32,29,66,72,271,0.4401087370407254,22.562208181311334,212,4.776258173643749,6997,79,2,0,0,11,1
Ground,Poison,2,0,0,0,61,104,51,81,124,64,430,1.5390182769031806,13.577462590111857,-11,5.836898489817603,4960,5,4,1,5,9,2
Dark,Dragon,7,0,0,1,114,116,120,86,122,49,689,3.9608090278614005,39.158599669080694,-3,5.457025293966884,32554,-24,1,2,5,11,4
Water,Fighting,6,0,0,0,85,38,105,78,76,84,436,0.2062535205790289,97.94712002193057,114,4.6902287925122295,5155,-3,3,1,7,10,3
Rock,Fire,4,0,0,0,105,42,52,65,102,74,506,1.0971414740366137,65.42683373985248,48,3.9854856319220007,5456,38,3,0,3,6,4
Psychic,Fighting,7,1,1,1,91,129,160,88,106,100,673,3.081031508602707,33.735630838128756,12,5.672281294728995,27944,21,1,0,3,11,7
Steel,Flying,9,0,0,0,70,112,128,71,102,110,542,1.7354093468358298,234.63695753341884,43,85.82430067155197,3156,35,1,3,4,6,4
Dragon,Fighting,8,0,0,0,149,100,61,42,85,112,459,1.3623433713437052,316.3479986821871,62,4.977170195759374,13633,47,3,1,0,12,5
Electric,Fire,3,0,0,0,135,55,85,64,122,113,512,1.0944975730767292,-14.233394009153999,17,4.855666856621582,3414,32,1,1,5,10,7
Bug,Fighting,4,0,0,0,57,35,48,46,41,109,333,0.25449236963531574,13.14133753695557,52,5.531443765168307,6857,65,2,0,7,9,3
Fire,Rock,1,0,0,0,101,133,85,115,143,103,461,0.8772660885967984,21.202061338782972,47,9.616602018003947,14667,90,2,0,5,6,4
Fire,nan,4,0,0,0,126,104,53,89,90,96,614,2.0788564095625848,686.7985250150538,47,5.050502638542929,32885,41,3,0,5,7,4
Electric,nan,2,0,0,0,41,36,48,62,40,59,308,0.15098367168358806,11.605977030559762,196,4.888124928960963,6086,118,3,1,2,13,2
Psychic,Psychic,5,1,0,0,215,72,61,145,103,108,660,3.567643360786359,141.99856181171447,2,3.93184279341129,19019,-3,1,1,4,13,5
Fighting,nan,2,0,0,0,77,78,66,72,115,43,432,1.0192633794966197,83.64452368262675,37,4.604771164607869,4706,111,2,0,5,12,4
Ice,Flying,3,0,0,0,118,112,149,45,91,120,633,0.5869504147856107,48.793170369845235,116,4.506000969582322,6246,-18,3,1,2,9,4
Fire,nan,1,0,0,0,106,108,49,87,63,59,511,1.0467537460347107,51.13715642848582,71,80.8174010535068,4975,96,2,0,4,9,7
Grass,nan,3,0,0,0,102,111,84,49,104,84,539,1.4825849222547294,91.11990382450757,127,5.067958961314371,5219,52,2,0,7,12,4
Grass,nan,3,0,0,0,28,42,65,44,49,41,239,1.041444474897935,10.873361612959116,126,4.210044946517615,3469,231,3,1,0,9,1
Fighting,nan,9,0,0,0,39,71,25,29,24,103,407,1.9071453666449845,48.33154123954671,251,3.731807297471991,5133,181,4,1,4,13,3
Dragon,Poison,8,0,0,1,117,41,62,106,101,73,609,3.802865200828581,90.83500337703963,-8,6.967537706038873,31417,12,1,1,5,10,3
Bug,Flying,7,0,0,0,58,95,72,44,42,47,483,0.13065571336312243,12.940311160045118,50,3.570274170981966,5047,12,3,0,8,7,4
Ice,nan,3,0,0,0,103,115,106,95,88,60,392,1.2972683901664948,86.562131836254,43,4.985086818246128,5525,112,4,1,5,5,2
Dragon,Fairy,7,0,0,1,99,61,25,59,89,84,629,19.08423097111355,34.27734356947797,1,5.300340629818495,31453,-32,1,0,5,11,4
Electric,Electric,7,0,0,0,95,30,54,76,86,57,592,0.41044714142190303,48.469588527647794,84,5.769120259134023,3484,62,1,1,9,4,3
Normal,nan,9,0,0,0,58,52,31,51,31,100,307,0.4802037034731943,15.220067540641578,199,8.181998871244879,4978,124,3,1,3,16,3
Normal,Rock,2,0,0,0,46,11,26,18,32,51,367,0.5460775170425952,-9.000751598039239,212,4.978223114652387,4744,232,3,1,0,13,3
Psychic,nan,1,0,0,0,86,49,19,56,47,65,335,0.6236899422077898,4.7266360168728205,128,4.033223553986181,8905,3,3,1,2,14,3
Normal,Dark,8,0,0,0,109,53,42,31,103,135,397,1.0205907731681487,19.893881620048592,116,5.532515573684243,2436,38,3,1,5,11,3
Poison,Steel,7,0,0,1,138,62,58,114,120,46,522,0.5648318118731592,28.204151877695427,37,5.911778584320724,4330,49,1,2,3,14,4
Bug,Poison,1,0,0,0,71,76,99,53,59,76,434,1.1309828654534015,86.81566687925579,76,4.373734803488568,5031,52,2,0,0,12,7
Grass,nan,4,0,0,0,89,8,73,75,120,78,332,1.7539385505006446,23.542996580563567,44,5.565709802288548,4904,49,4,0,5,9,4
Poison,Bug,5,0,0,0,119,30,74,118,92,53,511,1.6010925993316194,1115.9136667320831,2,4.2509048895512445,7254,-2,1,1,3,12,3
Bug,Ghost,9,0,0,0,120,94,61,116,150,72,680,3.2501081865457215,6.223549955634979,41,4.75402452625795,31324,33,2,1,5,12,2
Normal,nan,5,1,0,0,84,46,88,65,85,75,543,1.291970082656719,18.588855635754083,28,6.644973642055949,5780,40,1,2,2,13,3
Dark,Poison,8,0,1,0,100,24,62,49,86,112,495,0.35083971732058333,13.787941209737697,7,45.41420693407316,2709,85,5,1,7,9,4
Fighting,nan,8,0,0,0,45,91,35,78,48,71,489,1.5486027093591177,76.97499837773124,51,3.6698227563228043,4763,114,2,2,2,13,3
Rock,Ghost,3,0,1,0,42,68,13,37,49,67,342,0.5216339991741459,-9.929240646869031,284,2.6924816863641814,8829,189,3,0,2,16,3
Water,nan,6,0,0,0,109,103,77,70,109,104,487,1.7716166570048988,40.88908589493925,41,84.31999446092775,28596,42,3,0,4,9,3
Electric,nan,7,0,0,0,118,88,124,109,89,80,658,1.2763867836718543,344.3385944461256,35,5.116311200467034,25283,41,3,2,6,10,4
Rock,nan,9,0,0,0,85,20,50,46,98,69,261,1.5273800847987906,24.6454148530895,120,2.9995340646996467,5442,53,3,0,6,9,3
Grass,nan,6,0,0,0,142,100,29,138,99,111,635,1.2791583374777802,12.232439611342592,50,53.61896565083213,6751,48,7,0,6,9,2
Dragon,Dragon,7,1,1,0,87,55,89,121,155,114,574,0.42446649428580674,24.933094852768143,5,4.242104473066783,32990,19,1,1,5,11,2
Electric,nan,2,0,0,0,132,108,74,78,61,39,524,1.0190967033131755,31.162492304691646,228,88.73626778956763,5017,253,2,1,2,8,1
Steel,Flying,2,0,0,0,96,105,96,101,87,75,509,0.4886006154440402,108.87915407496476,53,4.809702211193255,3070,51,1,1,5,12,3
Rock,Grass,6,0,0,0,72,68,73,97,158,77,608,0.741385703247803,218.08575938824856,40,93.0222796772592,5142,42,2,0,4,11,4
Dark,nan,5,1,1,0,90,92,110,71,118,94,670,2.994757486089837,83.96612993766098,-19,4.414238138753134,33556,7,1,2,3,5,4
Ground,Grass,8,0,0,0,105,120,52,94,108,112,504,1.3002358581232214,409.4787438562382,50,7.835923979560977,4979,45,3,2,8,9,5
Normal,Water,3,0,0,0,109,78,115,50,55,104,478,0.2833118309769459,33.06812237436492,47,4.418901101169812,1428,19,3,1,0,8,5
Fire,nan,1,0,0,0,96,61,70,87,119,90,462,1.2229546730963652,31.726564117324557,258,3.367728292887773,5374,45,2,0,6,17,2
Flying,Flying,1,1,0,0,117,82,78,96,90,105,604,2.5233420267544897,249.16971480644122,37,5.541280483255415,26945,7,1,2,2,6,4
Steel,Flying,4,1,1,0,102,115,111,75,80,116,496,0.7195435138645062,40.2062782946377,-10,4.133603472748664,34135,2,1,1,3,7,2
Electric,nan,6,0,0,0,100,95,81,36,128,105,483,1.450068496114745,62.81136553942152,46,94.13048676845852,4729,94,3,1,5,9,3
Fire,nan,6,0,0,0,45,78,19,29,44,43,313,0.3870034236119062,10.458288105569373,137,4.415868786637552,5070,220,3,0,2,14,3
Fire,nan,1,1,0,0,96,63,83,51,115,113,603,0.13266446481688526,24.249564032142963,2,5.551997343484301,15992,10,1,0,2,11,4
Steel,nan,9,0,0,0,34,76,59,53,44,82,317,0.24354066241413036,7.166953432394208,285,5.212205428846188,2998,100,2,0,8,7,3
Water,Ground,4,0,0,0,56,120,92,30,99,93,473,0.4899945015486269,49.38351249947504,37,4.681679681140388,2947,56,4,0,5,15,3
Ice,Steel,3,0,0,0,66,62,69,42,44,128,474,0.865675428184526,301.5864489527393,270,5.611524210184539,5260,89,1,1,0,8,3
Fire,Psychic,9,0,0,0,64,124,79,126,117,141,554,1.0200809758481242,20.39227640105567,64,5.819622829731263,4797,40,3,1,4,8,2
Steel,Flying,5,1,1,0,90,122,70,108,102,74,540,2.4938790990645305,31.772307492969745,12,3.7232307657765213,31700,10,1,1,5,12,3
Flying,nan,1,0,0,0,79,120,90,59,126,113,399,1.367885154376616,31.897823483579415,46,4.007711957650705,6706,40,3,1,2,9,4
Fighting,Flying,5,0,1,0,111,113,74,62,132,56,584,0.9217444008199479,312.3084052074609,45,6.255491479620914,8308,67,2,2,3,9,4
Fire,nan,2,0,0,0,78,46,72,63,114,70,307,1.1335747214990517,13.884776295717508,41,3.3075465554872423,2981,37,3,0,0,6,3
Normal,nan,4,0,0,0,54,20,35,72,59,84,369,0.46441447314735673,14.244758787117716,246,3.862793178507575,1628,115,3,1,0,11,2
Psychic,nan,7,0,0,0,61,55,103,116,66,63,507,0.8973222006361725,110.74407260550646,239,4.676793659415667,3924,49,3,1,5,5,4
Electric,nan,4,0,0,0,79,64,52,55,43,52,301,1.274313683101204,4.022318983928573,237,0.06376085896009265,6312,137,4,0,3,12,3
Bug,Dragon,7,0,0,1,90,115,97,129,91,96,509,3.7677913113625205,41.475018610789746,18,5.618813099274267,33549,-6,1,1,5,3,4
Psychic,Dark,5,0,0,0,121,130,77,57,101,72,627,2.4313404442312416,2.143867296043217,11,5.982385917661722,3044,41,3,1,2,3,2
Grass,Poison,2,0,0,0,92,53,104,55,95,17,269,0.6066208568158108,-2.001519292751608,95,5.215926355995307,2496,40,4,0,3,9,4
Normal,nan,5,0,0,0,49,39,62,22,61,56,242,0.3254649617904572,23.39971622533396,108,1.7293745164606058,5117,131,2,0,2,13,4
Water,nan,5,0,0,0,109,109,78,49,112,89,528,1.6036754178855348,66.5394004310516,46,6.779975735969151,5075,57,3,2,5,9,3
Dragon,Ground,1,0,0,0,40,66,108,99,96,73,521,0.5417537381703125,30.09031526070563,33,6.1422079414892075,26134,33,1,1,2,5,4
Electric,Ghost,4,0,0,1,91,93,94,130,65,50,397,1.8507461750950605,103.45398054078203,34,4.866690562474623,4307,118,3,0,8,4,3
Water,nan,2,0,0,0,51,27,76,28,61,69,345,0.6650486894426338,8.207935897972424,128,5.669607741394355,4841,117,4,0,2,12,3
Dragon,nan,6,0,0,0,94,112,69,64,94,38,504,0.2698832279398836,109.30919628134451,90,92.89339791906312,4902,151,3,0,5,6,5
Fighting,Poison,1,0,0,0,53,78,50,12,51,45,411,1.4234523516778979,27.26221953302622,187,54.51582332745098,4600,108,3,1,1,5,3
Bug,Fairy,9,0,0,0,91,46,43,30,36,26,209,1.4813219224365226,6.293605154252116,209,5.663239694246134,5541,31,3,0,1,12,3
Flying,Flying,5,1,1,0,94,71,80,112,150,124,641,3.0420396158579863,33.574526342557284,17,4.007619144879892,11767,-6,3,1,5,12,5
Ice,Dragon,1,0,0,0,66,46,59,58,94,68,477,1.8140179190665444,190.17199089342748,55,50.98969409318073,4522,45,4,0,2,6,3
Psychic,Normal,9,0,0,0,99,87,79,118,109,120,500,0.8775730904770966,14.37155815698723,108,3.4935756741544286,9485,-20,3,0,6,12,3
Steel,nan,5,1,1,0,109,138,116,62,98,52,564,2.4225882224390216,15.892551579028646,-6,4.5573688902747955,31020,-1,1,2,0,14,3
Poison,Fairy,9,1,0,0,52,16,100,28,81,69,330,0.5453673838667455,18.048920489159556,10,53.0256853706225,4633,107,3,1,5,6,4
Grass,Fire,6,0,0,0,113,50,101,38,125,104,671,2.2283793548475623,63.31957562066971,47,5.337354011091935,4423,38,3,2,6,10,4
Bug,Poison,8,0,0,0,55,87,62,35,38,45,300,0.5537660430760589,86.63594258481554,200,4.5145880530777225,2760,176,3,2,7,7,3
Rock,Ghost,3,1,0,0,73,104,88,100,153,103,659,0.6169187679370833,29.954222400159004,-14,3.7154291812378135,22153,25,1,1,2,11,4
Normal,Dark,3,0,0,0,105,37,23,98,59,77,201,0.7258801345608139,34.52231772764566,201,4.1729355582210035,9780,250,1,1,2,6,3
Fire,Rock,3,0,0,0,150,70,66,50,43,76,375,0.8735750787285927,19.14650111792234,70,5.741940401695332,6402,105,4,1,8,13,3
Dark,Fairy,7,0,0,0,145,42,62,48,98,84,514,0.7398654637314794,85.7420392626652,119,6.543140580245504,30108,26,3,2,2,6,1
Rock,Poison,1,0,0,0,111,79,72,124,113,125,590,1.8683794666784679,106.01961187357894,43,92.63186670957393,31578,44,2,0,5,9,4
Electric,Ground,4,0,0,0,87,41,55,67,76,98,409,0.6003636533487422,49.55694837946326,43,5.418325347447494,6018,50,2,0,4,12,5
Grass,Flying,6,0,0,0,120,99,62,106,100,109,498,1.8413683217631736,112.47572008706567,34,88.71357394026536,5558,54,2,0,8,9,4
Water,Fighting,8,0,0,0,127,126,73,140,125,53,495,1.6524557969375904,104.5399732227737,48,11.112405968754338,2706,51,2,0,3,9,4
Fairy,Poison,3,0,0,0,94,114,73,135,126,102,491,1.4749049859577998,79.5797140741079,33,81.45545909282126,4557,29,2,0,5,9,3
Bug,Dragon,3,0,0,0,105,124,54,89,128,92,611,0.6492985916461771,4.195087398463929,23,5.894684668434153,33673,-9,1,1,5,11,3
Fighting,Flying,5,0,0,0,43,51,111,93,43,105,488,1.5402380209403361,53.60069607626811,115,4.812990604271434,3607,182,3,0,8,6,4
Electric,nan,8,0,0,0,86,89,60,49,66,58,407,0.529457514028958,6.528527505719159,177,3.858070207215105,1183,56,1,1,9,13,3
Fighting,nan,4,0,0,0,109,69,107,67,96,101,460,1.5870983952216136,141.32425531698817,55,84.26239762271713,5150,43,3,1,9,6,7
Rock,Ice,8,0,0,0,91,80,111,121,110,66,607,3.352892938026512,2.774043891339618,-3,4.860083366450798,30496,-8,1,1,6,10,4
Ground,nan,5,0,0,0,91,38,46,56,46,82,307,0.5367572006837122,23.187399494663254,65,5.5556107966031805,2094,90,3,0,7,13,3
Rock,Dark,1,0,0,0,109,71,77,33,54,38,277,1.796817985560092,176.97228230118665,41,5.221662530765881,4984,39,4,0,2,7,3
Bug,Dragon,8,0,0,0,73,36,52,40,60,74,519,1.740271269030583,77.27115759014508,15,4.055556617990367,29672,196,2,1,1,10,3
Rock,Ground,5,0,0,0,124,131,104,97,93,88,671,2.981917117360603,79.4224054982502,86,52.051419137923965,33719,0,2,1,3,3,4
Normal,Fighting,4,0,0,1,88,79,54,79,79,90,640,0.871155058537314,34.04557535069988,19,5.299956960630565,30569,4,1,1,7,7,4
Grass,nan,8,0,0,0,46,53,56,63,46,60,448,1.9418947569260192,78.07375611993082,121,4.124579673941877,4561,47,3,0,3,12,3
Fire,Ghost,3,0,0,0,97,43,112,97,113,57,562,0.17872125485098,2.069256924484641,45,4.297288592176791,5109,49,2,0,8,6,2
Rock,Psychic,8,0,0,0,100,55,80,74,102,44,682,0.8376391918650771,52.53710799560233,15,4.988179020523823,3628,39,3,2,2,10,4
Psychic,nan,8,1,0,0,101,55,87,101,168,92,562,2.114616314767509,18.0829068662566,-14,4.209923493146992,20239,6,1,1,5,13,3
Ghost,Flying,1,0,0,0,132,73,80,110,55,75,348,1.7146907521580539,36.51651148539001,85,81.13819175427683,4884,36,3,0,5,8,4
Dark,Water,5,0,0,0,91,128,65,115,125,34,552,3.469889973326982,54.28234074586116,48,7.151667642715543,5029,43,2,1,2,9,5
Poison,nan,4,0,0,0,73,13,84,58,109,96,504,1.2724020483585534,29.46288499104345,40,4.859657446861768,6943,40,3,0,4,10,1
Psychic,Dragon,3,1,1,0,119,103,36,100,117,89,646,2.703852624047365,21.10747320053141,6,5.003943086604933,26976,-2,1,0,0,13,2
Bug,Water,9,0,0,0,68,125,63,115,148,44,489,2.230433582737665,285.93022216101826,48,5.595155030678874,4928,31,3,2,5,9,4
Normal,nan,1,0,0,0,52,32,83,29,49,50,337,0.5687281751145019,23.910701857600884,238,5.650117203085592,4567,216,3,1,0,14,3
Grass,nan,8,0,0,0,88,53,30,73,85,121,270,1.67231129045815,20.72689395009084,57,4.542629487551894,4837,117,3,0,5,11,4
Psychic,nan,2,0,0,0,64,29,51,49,45,63,269,0.4974672937705752,49.37281335715718,135,4.7937981184202165,4906,171,4,0,3,13,3
Grass,nan,5,0,0,0,76,111,108,66,60,74,703,1.025434730761011,188.49243860031368,40,89.81511537987829,5120,-13,2,0,0,12,4
Water,Flying,5,0,0,0,109,47,102,79,112,73,518,1.859618370416114,71.54255309619663,42,92.30178264347988,3250,41,2,0,2,9,4
Ice,nan,7,0,0,1,98,112,102,130,102,65,592,0.8774071251067813,94.206922510682,18,4.073255431958637,5955,9,1,2,5,7,3
Normal,nan,3,0,0,0,43,106,43,43,54,67,360,0.6717926832857316,13.565036322852542,121,4.840724179973117,3295,114,2,2,4,14,3
Psychic,nan,5,1,1,0,112,89,64,125,121,90,609,3.506976897228194,27.122876163514036,-12,4.003643843982461,33178,15,1,2,3,12,4
Grass,nan,4,0,0,0,86,53,67,32,80,49,415,0.3399730924419299,73.36148711471027,135,21.52331811714263,3805,268,2,0,8,9,6
Bug,Electric,9,0,0,0,74,72,103,86,65,77,577,2.0925427625097544,360.63358322487784,46,94.16690687623431,5294,36,1,0,6,6,4
Grass,Fighting,8,0,0,0,114,135,42,102,106,122,543,1.8266783549688665,76.11446395529033,42,95.85128503310358,4989,54,2,0,5,9,4
Poison,Dragon,3,1,0,0,117,85,61,93,101,122,551,0.41489339040364204,1019.8028075312928,-23,4.231126509625344,14503,13,1,1,3,12,3
Poison,nan,5,0,0,0,99,44,67,78,75,123,477,1.320329267494301,230.91027994673345,46,3.3415484900830954,4330,0,2,1,3,14,4
Fighting,Fairy,4,0,0,0,119,60,66,79,83,68,549,0.9816834525123944,291.6709700969459,140,23.256581657735783,6121,189,3,3,5,9,3
Ghost,nan,9,0,0,0,89,76,118,127,94,45,529,2.186187292592396,85.30629181990788,68,5.4381100440971615,4708,44,4,0,6,12,3
Ground,Ground,5,0,0,0,100,72,87,71,112,107,527,2.957402958729732,290.65898046726613,44,9.149914968687593,5057,43,2,1,10,9,3
Fire,nan,4,0,0,0,115,67,115,103,116,119,485,0.7374902821538695,230.01085170953672,45,7.786753504490686,5253,51,2,0,2,9,4
Normal,Psychic,9,0,0,0,90,53,84,47,73,89,511,1.384011392471886,29.754866877250635,38,5.84507125365861,5662,121,3,0,4,8,4
Normal,Steel,7,0,0,1,92,112,186,108,99,47,641,3.6455066582525815,852.378994860619,2,5.7589456681063,25720,35,1,1,2,4,2
Water,Ground,8,0,0,0,110,97,116,111,111,29,423,1.6994269667282267,99.99148990022302,57,5.070071138255712,1177,54,3,0,5,4,4
Fighting,nan,1,0,0,0,44,104,43,53,54,60,354,0.6741896468620701,4.165472800608418,197,3.1159145006668885,2414,123,4,0,2,9,3
Water,Flying,7,0,0,0,73,61,106,35,101,69,485,1.2085909528548342,80.63843514665685,245,5.8130504170425175,2522,132,2,3,9,12,5
Fire,Psychic,7,0,0,0,111,32,66,41,122,75,425,1.131482645645183,82.05816114487797,68,6.828139985645569,4558,49,3,1,5,9,4
Grass,nan,6,0,0,0,38,39,45,35,109,65,281,0.3515465491483602,-8.099881919189757,141,4.379954479409201,5113,108,3,2,8,9,3
Grass,nan,4,0,0,0,59,94,93,58,84,115,440,1.9331257131900177,123.70107516036185,45,5.750388517267845,2210,190,2,0,4,13,4
Water,Flying,3,0,0,0,115,91,36,27,49,52,299,0.5136078913174879,8.93504432733787,282,10.136922915372402,5005,191,2,1,0,13,3
Psychic,nan,7,0,1,0,94,72,94,111,118,87,581,6.477770188652926,13.764985336447745,9,5.5641545602941065,31585,-1,1,1,9,10,3
Normal,nan,9,0,0,0,114,50,75,47,111,98,601,1.4272340521506437,329.9892915162486,44,5.004537776089379,2098,51,3,0,8,9,2
Dark,Grass,5,0,0,0,63,101,79,46,54,89,443,1.3224195392992473,108.68996250473856,38,0.0651671074089748,5249,141,3,0,4,9,4
Ground,Normal,7,0,0,0,62,88,50,31,86,64,422,0.9399311185603123,25.50992837370992,69,3.516689977508961,3203,42,4,2,2,11,3
Fire,nan,1,0,0,0,105,113,59,73,95,91,519,1.3593618476296163,306.7582782359139,76,83.77633559733418,5144,49,2,0,4,9,5
Water,nan,5,0,0,0,46,103,66,42,87,68,277,0.687381397982998,20.099109723844748,127,3.9885144919069964,2721,199,3,1,3,14,3
Water,Fairy,3,0,0,0,62,68,63,50,53,36,251,1.3878693735141825,29.731491249433642,111,5.4749849599143765,6464,132,3,1,2,5,3
Fairy,Poison,8,0,0,0,58,107,70,48,52,63,604,1.1369901896922312,43.27903595320851,50,4.9068339701011014,6921,53,3,2,8,13,3
Steel,Flying,6,1,1,0,111,77,53,64,96,95,630,2.708136418005973,26.4086666234999,-14,4.2324118911311,29533,-17,1,1,3,12,2
Fairy,Grass,7,0,0,0,123,106,97,70,35,34,287,0.5548951503358266,32.547808362415026,229,48.59241708473387,4888,192,4,0,2,13,4
Ice,nan,9,0,0,0,50,51,27,19,31,35,388,0.30590584781996777,28.74754999913803,194,5.884979740174742,2975,190,3,3,1,6,3
Fire,Flying,4,1,0,0,106,142,56,107,107,103,546,0.2594891844351541,36.26781475771026,4,4.894109531236727,31779,35,1,1,6,5,3
Poison,Dragon,8,0,0,1,101,64,122,123,132,91,578,0.39503613829139494,894.741906536267,22,4.32991267591269,27413,-21,1,2,5,13,4
Steel,Fire,9,0,0,0,93,22,65,178,135,101,435,1.8554891059482554,331.3751252721241,40,85.13715408591075,4811,32,2,2,6,7,4
Psychic,nan,1,0,0,1,75,103,109,115,114,93,510,31.636027683919185,54.98321573426742,10,4.915202615187237,31525,32,2,1,3,12,7
Ghost,Fighting,8,0,0,0,102,118,98,104,157,119,561,1.0437858337490131,280.79822515530634,43,5.216309361209432,3533,48,3,1,5,5,4
Normal,Flying,1,0,0,0,88,42,75,83,55,44,551,1.120460272366909,36.36896115193339,63,4.680061774374932,7196,43,2,1,2,14,2
Poison,nan,1,0,0,0,91,117,44,65,94,62,570,1.3789691205756591,72.37485452487542,45,7.74228366077003,2123,57,3,0,5,9,4
Ice,Fairy,2,0,0,0,61,80,31,50,53,92,355,0.4462935650539942,15.367965947480059,207,12.042460052252093,3732,174,3,0,5,14,4
Grass,Poison,1,0,0,0,66,87,92,28,58,62,535,0.5263064845872911,11.113987289456267,238,5.0163978601350845,5597,140,3,1,9,5,4
Ground,Fire,6,0,0,0,69,57,29,40,64,128,397,0.4967964951253416,6.070502835387094,132,5.323872005033778,5981,101,3,1,0,5,2
Psychic,nan,2,0,0,0,67,31,45,45,81,132,486,1.6305888199131204,84.1232248903911,55,5.831614909290758,3536,2,3,0,2,13,2
Normal,nan,5,0,0,0,45,22,13,41,27,63,266,0.14065068991281293,8.163510416947464,118,5.567851351098147,4991,107,2,0,3,5,3
Dark,Steel,8,0,0,0,103,99,34,65,84,59,590,0.15236701575844136,10.47456295234546,20,5.6997150413945725,25738,39,3,1,7,10,3
Normal,nan,1,0,0,0,127,135,83,82,110,57,466,1.6896533402468437,390.5823752020874,42,5.564445416711224,5023,32,3,0,6,7,4
Poison,Flying,2,0,0,0,99,84,83,115,124,63,539,2.5388533163064415,70.88399205305788,47,4.599226337306567,5181,58,2,0,2,6,4
Steel,Dragon,4,0,1,0,116,99,100,96,170,132,563,2.408535651067517,521.1149461983729,-22,5.209397752802914,31270,-24,1,1,2,12,2
Steel,Ghost,3,0,1,0,97,54,70,112,109,107,614,3.0162194464352883,2.734974860398795,-1,3.641317214701024,30979,0,1,1,3,4,4
Normal,nan,3,0,0,0,70,42,88,70,46,64,298,0.5756242752687055,33.89160429259361,181,5.767813774028407,2150,5,3,1,5,14,1
Poison,nan,3,0,0,0,50,110,43,40,46,45,322,0.594908003988355,18.357401635497656,119,5.2431716776621355,7189,117,4,1,5,13,3
Poison,Fairy,5,0,0,0,103,29,77,43,49,44,404,0.6033490161920942,14.788046537562245,76,5.042197627831445,4725,114,3,0,0,16,3
Dark,nan,1,0,0,0,98,74,109,87,100,46,263,1.9952418426412906,124.97196419017239,132,4.163414840470276,5022,30,2,1,5,12,3
Electric,Poison,7,0,0,0,46,69,51,8,52,15,245,0.008490780522636798,13.3910580276216,189,4.40050278182523,5038,106,3,1,0,2,3
Water,Ghost,6,0,0,0,92,109,102,83,115,61,422,1.9686771360199966,103.62840361146377,44,4.89579280353151,4526,39,2,2,0,9,4
Psychic,nan,6,0,0,0,73,50,80,29,63,47,276,0.4784688070954397,12.724806637068957,2,5.487714988720381,2331,250,2,1,2,8,1
Water,nan,1,0,0,0,101,96,53,57,83,68,639,1.8990456768006427,266.711544216503,51,23.917251891907995,3610,121,2,0,8,9,3
Ghost,Steel,2,0,0,0,66,33,64,71,74,37,430,0.6210392766347536,62.23573454746728,132,5.002189824564027,4810,67,3,0,2,5,4
Poison,nan,1,0,0,0,91,103,70,47,61,116,396,1.6587553012145504,64.89002077052072,47,86.28224033076553,4961,133,3,0,6,5,3
Psychic,nan,3,0,0,0,37,37,40,47,40,35,257,0.5601594073430417,12.573362071106466,192,5.288099411349724,3601,255,3,0,2,11,3
Normal,Water,3,0,0,0,93,15,57,58,40,45,688,0.39433915768626726,96.8253583885953,194,3.2455497780129177,4966,51,3,1,2,6,3
Poison,Bug,3,0,0,0,53,29,56,27,55,46,249,0.3884088603080626,35.74051704994807,122,5.9456685969244125,3778,172,4,1,9,10,3
Psychic,nan,9,0,0,0,46,25,47,38,22,48,293,0.13946046149482566,10.343693924940364,274,2.684052182576921,4692,121,3,1,2,13,3
Dark,Grass,8,0,0,0,74,78,67,127,103,52,545,0.27137987428059507,11.926848502177986,3,4.763516498378299,28924,-1,1,1,2,9,3
Fairy,Steel,8,0,0,0,112,86,61,86,93,102,422,1.5662281362550612,78.03860137349062,57,75.08992263268891,2676,35,3,2,5,6,1
Normal,nan,9,0,0,0,92,33,44,36,83,77,318,0.29852386185910684,13.223040425886705,114,4.9448614726630495,2608,199,3,1,0,12,3
Poison,Steel,9,0,0,0,79,74,104,127,119,93,551,1.8160727273399924,17.781508778875487,42,5.052260332543542,13606,37,1,0,2,11,7
Fighting,Water,1,0,0,0,106,74,99,49,57,131,532,1.359673378938217,4.288977007834632,62,74.6769692166178,5419,31,2,1,2,11,5
Normal,Poison,2,0,0,0,78,30,75,16,102,63,314,0.2698281086324603,16.972087840804463,124,3.7170205649415395,4665,73,2,1,2,11,3
Fighting,nan,4,0,0,0,79,39,41,34,63,82,518,0.3598257094614828,20.40294270608195,72,23.95118712495151,5270,208,2,0,4,14,5
Psychic,nan,9,0,0,0,40,72,85,67,60,48,410,0.5067696621443262,11.50764375798915,36,4.813389311568788,4975,181,3,1,0,6,5
Dragon,Flying,1,0,0,0,109,71,84,79,66,40,425,0.4590546982363515,48.558285606311955,133,5.2511994080898186,10133,114,2,0,7,9,3
Steel,Flying,9,0,0,0,97,70,92,100,151,56,500,1.4907954903946141,73.51882260186437,53,3.4408749996287287,4658,25,3,1,5,8,4
Psychic,nan,3,0,0,0,56,36,60,40,66,75,295,0.34989044769573296,16.538218171732858,82,5.408208288852722,1676,229,3,1,2,14,4
Water,nan,3,0,0,0,124,51,74,51,112,112,618,0.49142745910765506,4.65174607446227,51,4.446469544791639,1837,47,3,0,4,12,3
Dark,Flying,2,0,0,0,119,38,40,20,35,42,269,0.4944039438007024,12.27196697059343,255,3.669094002535754,4717,140,3,1,8,9,3
Fairy,Fairy,6,0,0,0,66,32,167,118,94,80,537,1.3359140373800948,363.7609936303979,93,45.9343640999818,4751,32,2,0,5,9,2
Electric,nan,2,0,0,0,63,59,43,62,28,26,254,0.2670530746748258,1.3806428526420689,234,4.843793820600367,4652,244,3,1,7,16,3
Water,Flying,9,0,0,0,103,83,105,46,93,123,509,2.8889418492578476,83.45879752786382,37,5.734876725342204,5076,79,3,2,5,9,5
Water,Flying,9,0,0,0,74,55,166,69,93,113,483,0.2082105861273641,27.503909729305892,16,4.893779536255583,5156,-10,1,0,5,13,3
Grass,nan,5,0,0,0,90,71,74,33,44,50,410,0.4942132389532665,31.010316825208797,125,0.27356325912317736,4908,141,2,1,1,9,3
Water,Fighting,5,0,0,0,118,112,50,85,132,88,549,1.4742825166415825,115.14011831743935,50,90.98074716708335,7302,40,2,0,5,9,4
Rock,Flying,3,0,0,0,105,44,58,103,82,115,547,3.5369083988653722,171.18258238290963,51,84.69063398107144,4656,50,2,0,5,6,4
Bug,nan,4,0,0,0,94,84,105,57,60,33,273,0.5064421605748036,137.97211810934039,245,5.53441495822002,4889,44,3,1,0,6,3
Ghost,Electric,9,0,0,0,55,106,51,134,96,92,529,0.6717163825290733,23.014354695268537,7,4.709422516584866,5517,-12,3,1,2,13,3
Fire,nan,5,0,0,0,51,30,48,46,36,52,296,0.18791223429641524,28.849461937913553,117,4.2166500861499765,10201,236,3,0,8,13,3
Ice,nan,6,0,0,0,75,19,75,72,106,63,416,0.4628570522899733,208.03568084963376,40,2.6919983585480187,4105,49,2,0,2,7,2
Water,nan,7,0,0,0,51,30,70,49,84,81,385,0.542828459021929,127.27687133914883,43,49.95605207312544,4941,83,2,0,2,9,4
Poison,nan,8,0,0,0,44,43,40,40,20,54,321,0.4929980853573297,24.723985624468085,267,5.452890424013369,2230,185,9,2,1,13,3
Ice,Flying,6,0,0,0,120,92,75,129,111,102,639,3.871025550527663,341.95043284581755,45,5.018477085133192,10971,52,2,1,5,9,4
Rock,nan,7,0,0,0,54,15,66,37,45,59,380,0.23376890981572973,33.765885024001754,116,6.393906258492916,3643,193,3,0,4,12,3
Normal,Fighting,9,0,0,0,87,102,41,123,117,87,475,1.6157967777541509,87.3438056317633,34,87.90449585964127,2773,44,2,0,4,12,4
Normal,nan,4,0,0,0,70,53,88,45,86,59,627,0.7446130135464297,20.88735934273935,232,3.6429058707285775,3112,27,3,0,2,8,3
Psychic,Bug,7,0,0,0,141,49,39,135,89,84,359,0.41457043272707317,13.226131436096967,244,3.9169598744052863,4696,34,4,1,7,8,3
Rock,nan,5,0,0,0,119,79,66,26,44,54,342,0.6118645398218364,26.419866980538288,71,4.9089009743921475,3816,10,3,1,2,8,4
Ground,Normal,9,0,0,0,86,111,86,96,146,77,584,0.3357504564350159,35.57629824659533,-13,6.475126118449206,24939,5,3,1,6,5,4
Rock,nan,1,0,0,0,119,121,66,71,112,121,590,1.5996663313612027,312.54303034227394,35,94.05762711749674,4833,44,2,0,4,9,4
Normal,Dragon,9,0,0,0,65,105,60,113,55,49,645,1.288522965285622,102.96148926361386,55,4.372142414851515,4835,51,3,0,5,9,4
Rock,Psychic,4,0,0,0,126,111,109,84,112,61,493,2.551869166142055,35.50587665882746,10,5.2035311673847,8815,32,3,1,6,12,3
Water,nan,3,0,0,0,63,59,65,97,164,105,533,1.2738236026906282,48.53391022079144,33,49.1166983302707,5380,46,3,0,5,9,1
Water,Ice,2,0,0,0,115,88,61,121,106,112,619,1.8530451474200176,44.38247105283874,53,88.46176552611664,5168,42,2,2,6,9,4
Bug,nan,1,0,0,0,68,100,93,52,60,87,563,1.9300978361118326,49.07650755068046,43,5.344423976267613,4569,102,3,1,1,12,7
Grass,Dark,9,0,0,0,111,79,85,101,85,97,683,0.9828065517694874,82.24278102584077,58,81.98984286963139,4785,44,2,0,6,12,4
Rock,Poison,3,0,0,0,87,81,55,95,96,49,419,0.7762258271863152,26.516548315937968,40,4.539606873178373,2695,43,3,0,5,4,4
Ice,nan,9,1,0,0,130,98,86,130,117,129,625,4.526870679742702,33.940126960121596,18,3.8578863044163256,32790,18,2,1,7,12,4
Water,nan,3,1,0,0,83,75,49,66,126,51,679,0.7466819815890402,14.585909972900907,19,4.679542403297427,29746,75,3,1,3,11,1
Poison,Poison,5,0,1,0,126,69,54,35,84,76,547,0.5599110865437026,33.240137301646804,55,4.474682976156805,4623,99,1,0,9,8,3
Dark,Psychic,5,0,0,0,97,96,80,61,52,97,424,0.5682647450774357,6.124272832752144,127,5.4937193217853,6603,40,1,2,2,6,3
Psychic,Fighting,7,1,0,1,75,82,94,37,98,99,693,0.35368369663137,1030.778384204677,6,4.908581961896646,31207,7,1,1,0,5,3
Grass,nan,4,0,0,0,52,60,50,48,118,103,506,0.6216643538788558,13.17303676960405,42,8.37943724283792,4939,618,3,1,0,12,1
Electric,Steel,3,0,0,0,55,57,72,14,38,41,385,0.16665115654587132,12.203251083621868,257,5.814876309116116,6389,132,3,2,0,13,4
Water,nan,7,0,0,0,62,107,88,47,107,40,540,0.36997480636633284,22.665113353284614,7,8.284178889263,7515,37,2,0,9,11,6
Dragon,Dragon,7,0,1,1,103,100,164,108,97,85,632,2.7093535816561527,37.530957284837584,11,5.190624404902488,33156,0,1,1,5,12,3
Normal,Flying,6,1,0,0,90,53,57,124,84,95,482,1.460553932002395,88.83724391478428,135,4.618335252184529,2456,34,1,1,3,13,3
Fighting,Flying,5,0,0,0,111,87,57,119,106,79,470,1.3033504067305617,30.339864504268604,47,4.68489808779046,4727,41,4,0,0,6,5
Dark,nan,7,0,0,0,42,46,45,26,23,60,345,1.2052943656216346,20.033303444628924,196,6.303755556062554,4992,114,3,0,1,11,5
Normal,Fighting,3,0,0,0,73,29,46,27,100,68,264,0.45595351419856167,14.741907932129276,125,4.378524172161549,2827,169,2,1,5,10,3
Fighting,nan,4,0,0,0,96,85,51,51,95,88,520,1.8605235545501104,46.44703791266198,47,1.8728368496749557,5131,48,2,0,4,9,4
Poison,Ghost,6,0,0,0,81,38,94,71,103,102,523,1.0814531748538039,37.66885660319697,2,5.646299246034736,24508,1,1,0,6,8,5
Rock,Steel,9,0,0,0,124,92,107,115,103,45,651,2.091911920183203,117.56925632890564,19,5.451988819366972,1914,29,1,1,5,5,4
Dark,nan,1,0,0,0,120,109,71,94,131,109,606,1.3104037093937562,109.9930407579152,52,94.49599927365887,3103,32,3,0,2,9,4
Normal,Dark,4,0,0,1,109,93,66,127,80,38,501,0.5083763193068672,34.59815709585551,56,4.837003342550188,7008,40,1,1,5,6,4
Fire,nan,3,1,1,0,105,104,111,112,89,129,551,1.5152450009425007,8.087338909007489,3,3.0240950613681306,30051,-34,1,1,5,2,4
Normal,nan,1,0,0,0,83,40,18,50,52,100,375,0.4458723526560829,-3.2897148728077727,150,0.4162210605865262,4993,181,2,1,2,13,3
Bug,nan,9,0,0,0,47,48,107,45,60,64,246,0.47370130228206336,30.05759033755963,238,5.582488528015305,6563,174,4,0,3,10,5
Ice,nan,6,0,0,0,72,62,86,33,57,70,223,0.6335348130633067,26.0754444523847,249,4.052381961830481,2387,200,3,2,5,13,3
Ground,Grass,6,0,0,0,58,70,64,81,34,112,503,1.921565395289217,22.859719357702026,77,5.192015044201593,3108,176,3,0,7,6,4
Steel,nan,8,0,0,0,132,88,127,112,108,69,636,3.5572362427751223,20.39825093370714,-3,5.13281338110396,15238,-21,1,1,2,12,1
Grass,nan,8,0,0,0,96,53,101,42,53,66,493,1.9065426832267027,249.4837680003362,130,3.955147843285217,2186,47,2,0,8,10,3
Poison,Dragon,8,0,0,0,101,55,83,47,79,132,690,2.7474123393648058,164.7319297271618,21,4.434323812934139,19764,16,1,0,2,8,4
Water,Flying,8,1,0,0,98,66,72,121,93,80,654,2.4626755423811297,191.8723760788233,21,5.01813377478547,2533,48,2,2,5,8,4
Fairy,Fighting,8,0,0,1,80,151,101,68,92,61,517,0.6316475644240149,37.07005725617039,1,4.957461847124676,28115,11,1,2,6,11,4
Grass,nan,4,1,1,0,71,56,51,50,87,132,707,2.6968032645828908,11.300045673936438,-5,4.015192824896302,34089,-20,1,2,-1,12,1
Grass,Bug,9,0,0,0,115,72,53,65,115,109,627,1.3268945619885835,28.029956138468506,59,5.0535984293074305,4418,40,2,3,4,6,5
Water,nan,2,0,0,0,54,33,39,38,37,130,396,0.5053491025500495,13.61328041515124,186,3.646090504440779,7786,96,3,2,6,11,3
Psychic,Fairy,2,1,0,0,73,108,46,136,105,107,622,3.659922414227781,217.35526026493224,17,7.526678282985179,5216,2,2,2,8,6,3
Grass,nan,2,0,0,0,44,48,21,39,81,51,268,1.1374247619665492,14.4184309283708,188,0.058072425384914084,4881,199,3,0,2,13,3
Rock,Fairy,7,0,0,0,99,62,88,65,94,75,559,0.6693071247325117,23.638055760574744,74,5.031883078528014,6455,-20,1,1,5,6,4
Fighting,nan,8,0,0,0,101,128,100,128,125,94,541,3.1620315287073293,21.240888632534123,3,5.231515635458528,5716,47,2,2,4,7,2
Bug,Psychic,9,0,0,0,116,104,68,90,78,73,529,1.6329240525865951,141.70902599571335,55,51.68687966506716,4826,57,3,1,5,7,3
Fire,nan,1,0,0,0,61,64,41,63,71,103,374,1.7384411148646548,79.2203455472772,224,2.1369353707413232,4972,33,2,0,5,12,3
Normal,nan,5,0,0,0,119,72,39,68,69,95,596,1.1689113693727813,25.7964343351099,177,5.269714532988387,5183,12,1,0,2,9,2
Dark,Dragon,8,0,0,1,66,47,104,73,64,50,549,0.479946170262058,16.159456417800108,14,4.8585368385311085,1958,39,1,0,5,10,1
Psychic,Dragon,7,0,0,1,111,61,133,104,99,73,637,0.8154906589309977,933.2174150588138,29,6.160547532346167,33115,-15,1,2,9,9,3
Normal,nan,7,0,0,0,102,104,69,50,78,45,517,1.7449101376507041,47.195108267848184,44,3.3969995033386216,4808,51,4,0,3,13,4
Grass,nan,9,0,0,0,89,90,96,85,99,58,337,2.124628533555032,70.39021722554841,84,51.2832047376574,4566,46,3,1,5,12,4
Ground,nan,3,0,0,0,91,43,77,47,76,55,493,0.5383751616620546,20.976906045926597,88,3.0609385012379358,5356,36,1,1,3,11,5
Water,nan,9,0,0,0,95,51,96,51,41,75,249,0.6706384131509532,19.357323028252456,134,4.414035501125907,7340,186,2,0,0,11,1
Normal,nan,5,0,1,0,124,46,47,84,110,95,620,0.3118902410876932,1.912372276131867,-1,4.158254128346996,26663,20,1,2,0,9,4
Water,nan,7,0,0,0,103,112,131,127,87,101,483,1.3205435923006759,25.0844056070408,43,90.16554276750668,5014,46,2,0,3,9,4
Flying,Psychic,8,0,0,0,83,71,49,140,100,117,654,1.5912920673404916,169.54607240175937,40,88.51692090660433,4728,49,2,0,4,7,4
Ground,Flying,6,0,0,0,90,71,76,54,55,77,524,1.1706818071047735,63.037930957433346,50,86.89322160439737,8306,59,3,1,5,8,3
Dark,Grass,8,0,0,0,110,99,100,76,58,74,554,0.9272336767157645,17.528594529737358,126,4.518926242577507,6441,44,3,2,2,7,1
Ghost,Psychic,7,0,0,0,98,94,112,27,41,85,293,1.378879690800577,87.54176434519472,128,5.239803930741625,2192,114,3,2,4,3,3
Normal,nan,3,0,0,0,53,58,34,77,56,115,257,0.6178839009683489,13.55695017403315,248,4.287505772888271,4953,246,3,1,0,9,4
Ice,nan,2,0,0,0,104,84,107,22,32,47,204,0.3937383453505,50.99582100146261,114,4.966773626624196,4674,178,3,1,2,13,2
Normal,Rock,4,0,0,0,45,12,13,25,28,40,343,0.2765637830784147,2.161165642946905,200,4.9356001058233145,4824,184,3,2,0,6,3
Steel,Dragon,9,0,0,0,36,96,93,54,43,40,295,1.5474421298480059,25.236214172659565,93,3.0177846960555397,4740,49,3,1,8,13,2
Fairy,Bug,5,0,0,0,102,95,87,105,102,32,567,1.5637560028289266,264.6192203156264,192,51.58953590771081,5043,71,3,0,6,12,4
Bug,Fairy,4,0,0,0,104,67,90,26,101,45,345,0.8622599889618392,25.658438640473904,70,4.691894397720225,3817,123,3,1,3,12,3
Ghost,Poison,7,0,0,0,103,117,84,29,82,75,483,1.5437544192893018,104.14721704583019,39,4.562028550767685,8308,44,3,1,5,13,3
Water,nan,6,0,0,0,23,27,70,39,44,79,354,0.8131445625257648,14.156664946344094,273,2.6385077306045197,5058,175,3,0,0,15,3
Rock,Bug,3,0,0,0,49,64,28,31,21,65,350,0.15353307830853574,34.558939119759934,143,6.703663605180328,4634,190,2,1,5,16,3
Grass,Ghost,5,0,0,0,95,132,97,131,97,88,415,2.083346983591504,313.8963711636055,48,7.069711938086834,4955,45,2,0,6,9,5
Psychic,nan,5,0,0,0,58,50,35,47,27,32,308,0.2709941183609856,8.618558971927948,201,4.656613772735287,4602,243,4,0,3,14,3
Electric,nan,1,0,0,0,84,63,71,50,49,32,206,0.7745837356346539,107.17654244534927,38,5.062422915963904,5426,185,1,0,6,9,4
Ground,nan,6,0,0,0,71,38,72,78,86,118,625,0.39726473971871723,16.34462401865755,49,5.283554672160834,6402,34,1,1,3,13,3
Psychic,nan,5,0,1,0,84,105,93,140,71,132,582,3.926770985208062,523.9699168860066,21,4.318897529938163,15887,-10,1,0,4,9,3
Dark,nan,9,0,0,0,75,39,66,131,119,94,634,1.2122355180140658,12.758908108149223,41,6.153564107097269,24658,30,2,2,4,13,5
Fire,Poison,1,0,0,0,116,124,75,85,93,123,498,1.9312191473764142,249.0383772383377,47,88.82471996113269,4777,52,3,0,6,7,5
Dark,Dragon,2,0,0,0,70,70,63,56,64,80,357,0.3225610960256301,-6.499315693186075,131,5.117862907249594,5261,116,2,0,3,7,3
Poison,Flying,2,0,0,0,116,29,52,73,61,30,298,0.779183145917624,59.92225224730424,83,5.767272976336757,5475,47,3,0,7,9,4
Grass,Poison,5,0,0,0,101,62,94,30,49,85,399,0.5932360494622821,65.82898303007802,-10,5.099998718940754,29726,43,3,2,6,5,4
Flying,nan,9,0,0,0,142,45,103,101,98,56,474,1.2161182107322355,51.233946607480085,68,23.423087285762715,4876,11,2,0,0,7,4
Normal,nan,8,0,0,0,53,34,31,41,34,55,321,0.4885736879984845,6.05217143037796,140,5.398889901019318,5112,178,3,1,-1,11,3
Psychic,nan,3,1,0,0,105,93,71,77,124,142,518,3.08966238210469,147.0690956728439,-21,4.902721576558152,21288,1,1,1,3,11,3
Dark,Grass,3,0,0,0,115,108,60,104,81,32,591,1.773190311977927,22.805478441031795,21,5.074943555246893,4814,41,3,0,0,9,4
Fairy,Rock,4,0,0,0,86,68,121,52,80,51,315,1.2238230518728006,86.03524784341798,248,3.9801406812955467,4829,46,3,0,7,9,4
Fighting,Grass,5,0,0,0,80,66,75,32,151,46,618,1.552131222086317,75.0762592332166,79,1.760582722809772,3320,74,1,1,0,8,2
Water,nan,1,0,0,0,95,102,89,116,145,73,537,1.1202074985522819,84.35574817959477,77,11.573181263655034,4691,63,2,1,5,7,3
Grass,nan,3,0,0,0,88,72,63,91,45,49,519,1.4058156313667103,20.430889854650523,84,5.662440042153216,5281,106,2,0,0,14,1
Psychic,nan,2,0,0,0,99,74,41,45,38,28,278,0.3891371773090972,56.53489173032295,115,5.841238437950709,5142,138,2,1,4,11,2
Dark,Dragon,7,0,0,1,96,110,94,108,77,82,583,3.8314649313278446,975.0959806944162,0,6.315112307587195,29681,-22,1,0,2,10,4
Normal,Grass,6,0,0,0,52,16,64,24,39,45,316,0.07268987798830201,0.6936026611513579,202,3.7023351871151773,2533,175,1,0,2,4,3
Rock,Bug,1,0,0,0,92,55,31,141,83,107,568,3.595259887545459,69.60401707277333,42,46.29180995582065,2920,44,2,0,5,7,4
Bug,nan,1,0,0,0,48,35,80,40,68,47,355,0.5834874195057834,20.096402426620067,135,5.2058553089907065,5031,135,3,0,7,9,3
Electric,Psychic,9,0,0,0,103,47,82,80,83,84,389,4.039755918112109,7.899129581263049,23,4.5880905275518895,611,9,1,0,2,10,3
Grass,Fire,5,0,0,0,91,102,45,95,105,79,709,0.7840016574795144,150.37480588491368,45,14.812780390249934,2684,1,2,0,6,5,5
Psychic,nan,9,0,0,0,114,90,42,109,95,86,553,2.096257764913728,175.52985429278277,47,90.09093115313719,5107,-10,3,0,3,7,4
Water,nan,5,0,0,0,47,58,95,50,64,55,307,0.6082455756536581,9.501982155217142,123,4.278510982282345,1520,162,2,0,5,6,3
Bug,Grass,9,0,0,0,126,60,92,42,43,91,308,0.7504463899479135,85.99774192288741,132,5.012440715332176,4934,188,2,1,1,3,3
Ghost,Grass,9,0,0,0,54,82,80,39,50,59,312,0.6608869308297195,66.25579930130962,88,6.3878597182282775,5177,227,3,2,6,5,2
Fire,nan,4,0,0,0,63,48,48,38,71,98,466,0.4282934697933554,82.1304251995511,118,4.346130218157456,7875,79,1,1,3,12,1
Electric,Flying,8,0,0,0,81,52,74,31,84,91,475,1.5066317422856252,82.55787689518885,78,5.002998583867153,4523,117,3,0,5,13,1
Ground,Ground,7,0,0,0,84,90,77,28,47,73,381,0.6315934355210133,13.142442479019394,193,4.321439508787963,5117,176,2,2,2,14,4
Bug,Flying,9,0,0,0,118,90,113,97,59,90,633,1.5839396607821878,22.694980441054874,14,6.63845233311781,5290,44,2,1,5,6,4
Dragon,nan,5,0,0,0,64,50,47,110,79,61,568,1.5907597260786375,276.3953926242831,74,92.70792394826607,6864,40,3,0,0,9,4
Ground,nan,3,0,0,0,99,49,16,40,41,18,269,1.3452776687354846,18.036606627702195,117,3.37067862049689,6036,200,2,0,0,9,3
Bug,Psychic,3,0,0,0,93,121,81,142,114,100,536,2.262897136101577,98.63890763217117,81,85.67173523914514,5043,44,2,2,3,8,4
Fighting,Ghost,2,0,0,0,116,82,61,95,148,64,471,2.101519433994801,69.70842869406219,38,78.74859973728537,5053,46,2,0,5,9,4
Dragon,Fairy,7,0,0,0,120,83,125,62,107,63,515,1.8997011226134188,148.3019400819,42,56.66056093657393,3593,38,1,0,5,9,4
Ground,Fire,2,0,0,0,53,75,32,20,50,40,315,0.249328955606332,85.74596321072053,125,5.331848358245136,6104,191,3,0,0,5,3
Normal,nan,3,1,0,0,54,50,51,54,63,135,584,0.30764855023524046,38.61872318918713,43,4.583624244943431,7051,34,1,0,5,12,5
Normal,Water,9,0,0,0,115,29,111,85,87,126,498,1.5553500868905976,73.3996782772557,45,81.30234184081876,4996,41,6,0,2,4,4
Rock,Dark,9,0,0,0,122,81,96,74,100,105,457,1.5031169030764553,88.29026340278575,80,5.256777595588518,3433,52,4,1,6,4,7
Rock,Water,8,0,0,0,108,55,81,129,100,83,633,1.3515351245299076,123.72364145616342,46,10.025316002420807,3945,45,2,1,5,12,3
Water,Ghost,5,1,0,0,68,53,67,109,101,112,648,0.3657608334105699,14.013225833981792,3,3.69195465653644,6489,11,3,0,5,11,3
Bug,Fairy,3,0,0,0,119,119,64,42,94,115,600,0.9909740986891753,81.10086441344112,76,4.58706657227297,14110,52,2,2,5,5,5
Dark,Psychic,9,0,0,0,90,105,78,70,93,94,572,0.5937183566076285,65.48654226872695,123,6.294477724466976,3101,45,3,1,5,6,6
Grass,Fairy,3,0,0,0,79,103,62,76,28,46,351,0.6638263587159867,4.232964071668551,199,4.959731587741757,3775,-1,3,0,1,7,3
Grass,Fighting,6,0,0,0,103,122,66,150,156,118,610,1.5370493454977587,104.47421044433125,40,51.12993245530876,2624,45,2,0,6,6,4
Grass,Grass,5,0,0,0,225,119,121,93,90,58,615,1.6400922598858774,19.7376262052373,0,5.8395795801521935,31457,37,2,0,5,6,3
Ground,Dragon,9,0,0,0,101,116,78,126,129,46,576,1.459631887082292,30.88097189702095,47,6.894992056472479,8290,11,2,0,8,4,4
Psychic,nan,4,0,1,0,86,77,103,124,90,73,552,2.4206483228624034,28.2405837032491,70,3.6997374344657485,5525,-7,1,2,8,16,2
Dark,Psychic,5,1,0,0,127,47,63,45,115,95,559,0.3877725452751205,16.963096372271032,-1,5.001428469756738,30048,-6,1,1,5,12,3
Bug,nan,4,0,0,1,104,136,130,155,84,58,607,4.01314140548752,922.1806540865737,2,3.936935580167972,29378,-6,1,0,6,3,1
Bug,Flying,7,0,0,0,50,45,49,46,28,34,275,0.49799182165009026,21.862900325256177,128,3.2148770594545466,4993,193,3,1,2,9,3
Psychic,nan,9,0,0,0,109,88,25,48,59,97,337,0.4722541646077255,17.606430320569643,262,4.697379216145735,4892,184,4,1,5,5,4
Ice,nan,3,0,0,0,110,111,33,69,32,56,463,1.5256917985565523,4.607808050307421,139,4.629122493636758,26344,142,3,2,5,8,3
Rock,Grass,7,0,0,0,93,121,81,102,112,117,429,0.7929107754385561,288.27642567852877,58,10.121172548261406,5395,33,3,0,3,5,4
Water,Dragon,3,0,0,0,103,44,110,64,93,81,464,2.674952214278411,315.881458814363,68,5.9511853219830435,3695,36,1,1,7,5,4
Grass,nan,5,0,0,0,89,123,99,117,85,66,579,1.725979558971287,87.56293597594401,40,5.805470031667245,4649,94,2,1,6,9,5
Dragon,Fairy,4,0,0,0,59,25,33,35,47,54,242,0.2896997018007356,10.928282151907293,81,4.946247356474092,5066,191,3,1,8,3,4
Fighting,nan,9,0,0,0,90,60,44,47,71,73,308,0.48323077719877205,104.74879135160504,233,3.49606248147637,1637,185,1,1,2,6,4
Bug,Fairy,7,0,0,0,91,112,87,33,103,51,468,0.38705637723499375,23.903189287014477,95,6.099363745933115,28504,-6,3,2,5,11,3
Grass,nan,9,0,0,0,63,47,53,74,105,94,497,2.169897455200181,12.377738142048532,51,5.202125732236883,5969,76,3,2,1,7,4
Psychic,Water,1,0,0,0,38,68,61,37,41,43,381,0.613227626824915,16.661601311239696,90,3.8673655533629487,5106,169,3,2,8,6,3
Psychic,nan,1,0,0,0,62,51,39,18,50,41,264,0.21448098178133163,17.258707701440432,221,5.094414963931973,8363,120,4,0,2,13,1
Water,Steel,5,0,0,1,119,59,115,126,106,93,553,2.7085526859092157,36.09316342153938,25,5.845065439401505,26652,-17,1,1,2,12,4
Psychic,nan,9,0,0,0,107,70,38,74,144,99,618,1.8706137553984592,301.14450465263997,47,5.242268565615747,5083,52,2,0,2,8,3
Rock,Ghost,6,0,0,0,96,67,83,111,104,102,592,1.890645197155052,90.53597876207105,3,-0.053130779878006074,4154,46,2,2,5,6,4
Fire,Fire,2,1,0,0,83,87,65,87,54,50,541,0.5602157415465558,14.75335595031235,21,6.317970768653941,7185,20,1,1,1,13,3
Dark,nan,4,0,0,0,54,78,38,72,75,57,347,0.6342053168568906,21.337792987416865,124,8.871677066429797,3070,49,4,0,0,14,3
Dark,nan,5,0,0,0,103,94,67,103,75,101,486,1.8044954106761122,108.26180793168346,51,7.3744133599416255,5185,38,2,0,4,7,5
Water,Steel,6,0,0,0,114,127,73,94,107,104,505,1.8347964785368078,212.32609643503952,57,4.563511828453699,7309,44,2,0,5,9,4
Fire,nan,2,0,0,0,63,112,68,48,77,130,404,1.1131279828512761,90.31798037145168,122,4.409429963470754,4817,52,2,0,6,9,3
Fairy,Steel,6,0,0,0,61,35,73,64,57,20,293,0.27084690464772365,21.69472929806441,92,44.03213511349857,2200,125,2,1,5,11,3
Fire,Ice,8,0,0,0,113,80,71,97,82,100,552,1.355555718333792,314.60208538965935,38,4.960799742141813,10610,45,2,0,2,5,4
Normal,nan,3,0,0,0,43,26,14,25,34,66,311,0.6004873416556374,3.8157933846399192,222,0.0807293980015169,4956,257,2,2,5,13,3
Dragon,nan,5,1,0,0,93,109,53,80,156,120,641,2.7836857743561834,22.95420713718621,-17,5.507779846425333,28417,-14,1,1,2,12,1
Psychic,nan,9,1,1,0,95,58,63,99,57,89,658,0.16827708367711325,25.68564064542163,30,4.779068828596527,5379,0,1,1,0,4,3
Fire,nan,4,0,0,0,97,47,94,108,89,105,505,1.3086281682384733,28.632513363784597,46,6.808875759628468,6289,80,3,1,4,7,5
Normal,Poison,2,0,0,0,66,74,77,55,76,59,617,1.6175314518547286,28.325855202595953,56,5.619003462358719,3955,43,3,0,0,7,1
Steel,nan,9,1,0,0,111,52,49,63,87,92,592,0.2917498257485467,35.21608992153208,9,5.7102969893243545,14215,-14,1,2,2,12,2
Ground,Poison,6,0,0,0,79,66,63,40,117,120,475,1.0386938211540018,128.40530256535828,52,4.603742041100412,3960,45,2,1,5,4,4
Water,Fighting,4,0,0,0,62,53,74,55,79,109,318,0.9824495777448128,23.078175702836077,47,26.458486552899622,3752,132,3,0,2,12,3
Fighting,nan,1,0,0,0,106,54,73,52,59,71,601,0.5080092886335267,14.893762906210783,111,5.397983307596762,4763,35,4,0,5,9,4
Normal,Flying,5,0,0,0,55,37,52,44,47,24,233,0.8150555828959594,67.93137966756223,81,23.589996425349433,5404,45,2,0,6,10,1
Bug,Grass,9,0,0,0,110,107,44,93,72,79,510,0.8485931968245212,149.75177130345415,11,5.328852400765015,31579,48,1,0,3,12,4
Fighting,nan,3,0,0,0,68,32,50,66,63,109,517,0.8509492765063262,31.20828325533698,96,5.694336135763598,7553,41,7,2,4,15,2
Electric,Water,6,0,0,0,119,53,52,104,64,91,349,2.804003414941782,222.0091224633465,51,4.073636732375155,5129,45,3,2,4,12,4
Normal,Psychic,7,1,0,0,136,69,63,14,52,24,296,0.4168678540563209,31.351031654456555,21,6.141779756442133,2877,15,1,2,9,10,3
Fire,Flying,6,0,0,0,49,79,42,35,39,43,351,0.41821651416832134,12.770989989519299,269,5.09876634318167,8406,234,1,1,6,14,2
Rock,Fairy,3,0,0,0,117,74,71,38,106,56,246,0.9620793749239879,37.12448834700307,110,4.65954028214444,3222,138,1,0,5,9,3
Fire,Flying,9,0,0,0,104,78,87,70,82,76,324,0.6047810947671981,10.151615209164884,80,5.485668800905387,4396,68,3,1,6,3,3
Steel,Flying,2,0,0,0,102,125,69,74,112,44,452,0.9932051311526027,25.425216016067015,131,82.24128409335115,6619,67,4,2,5,12,4
Grass,Ghost,4,0,1,0,106,80,90,96,114,105,553,3.3519232807649315,11.304266715902369,0,4.116873558069202,29539,-13,1,2,9,10,2
Electric,Psychic,9,0,1,0,76,70,81,75,81,89,559,0.36910183727641144,14.667577753686858,56,5.191786466732872,28934,32,1,2,5,7,3
Water,nan,2,0,0,0,114,96,104,111,139,46,499,1.9658848132302023,184.0175838260098,49,83.05781033219726,5043,47,2,0,6,7,4
Grass,Grass,2,0,0,0,46,18,46,34,24,52,263,0.20506234137279666,10.376682090726192,117,4.862401542926893,5156,253,2,1,3,8,3
Fairy,Fire,4,0,0,0,101,97,73,113,101,64,513,1.6554658197954628,285.49422480134336,59,87.5484216755329,3885,48,2,0,3,8,4
Ground,Flying,1,0,0,0,119,97,137,61,71,65,419,0.9721495967066389,112.86943423916429,35,2.4854784863773696,7124,32,2,1,5,12,3
Fighting,Psychic,1,0,0,0,77,69,53,79,96,53,601,1.4188721094736259,22.635459727019565,48,5.925549975286485,4783,32,3,2,2,12,3
Rock,Steel,6,0,0,0,112,47,86,52,62,92,631,0.27175253045105174,70.51443609114783,51,5.064503426289682,6224,37,3,1,5,12,4
Fire,Poison,3,0,0,0,57,83,60,51,72,102,480,0.6507582496830809,65.81115521828828,81,4.5787971307154,5111,128,3,1,2,7,4
Fairy,Steel,5,0,0,0,59,33,70,40,82,74,345,1.3479936005741497,29.228502665324665,67,88.26467103099472,2802,196,3,1,5,13,4
Ground,Water,5,0,0,0,126,55,86,132,76,95,583,4.11399610666546,208.4597800104178,17,5.012532413255079,5532,5,7,2,3,4,4
Dark,Psychic,5,0,0,0,75,113,72,95,60,132,597,3.6107513479642632,279.3201845930295,66,5.626192504144348,28530,57,1,0,6,11,4
Grass,Dragon,9,0,0,0,43,44,53,47,96,100,256,0.6435752821894403,-1.1755331843274437,133,84.09678062545086,4563,118,3,0,5,12,3
Water,nan,6,0,0,0,92,43,75,116,131,41,632,0.43476708983198775,20.8632059344752,5,5.224081838572142,31009,0,2,1,5,12,3
Psychic,nan,5,0,0,0,66,41,47,56,66,44,370,0.6232344486114907,28.785308790615893,194,4.797588583366493,2201,234,2,0,4,9,3
Normal,nan,9,0,0,0,61,43,48,33,76,73,333,0.4461260381460404,9.996846856406691,63,5.070540919911227,3495,174,3,2,8,13,3
Grass,nan,3,0,0,0,91,52,41,86,120,120,427,1.9355493615078228,143.00074239277978,241,85.17407465549991,4859,54,2,1,4,8,3
Rock,Flying,4,1,0,0,113,90,125,86,179,109,676,3.6249685200498005,981.0681959599679,-14,4.045438159667033,19590,-7,1,1,2,12,4
Psychic,nan,9,0,0,0,82,83,71,117,93,51,563,1.5381802599596648,81.26643899830391,45,5.399837624927315,10641,45,6,1,6,8,3
Grass,Psychic,4,0,0,0,74,86,46,87,81,69,530,1.0761354962690726,304.56374561453526,118,3.9510230226649687,2873,30,2,0,2,11,3
Fighting,nan,4,0,0,0,30,68,31,36,67,61,442,0.38916066970198315,9.941235355310113,62,21.472895319423237,5226,74,2,0,1,9,1
Steel,nan,9,0,0,0,117,47,46,22,41,40,232,0.776840350860464,34.799806533446755,100,6.390265385050409,4392,83,3,0,2,12,3
Dark,Electric,6,0,0,0,114,52,114,77,105,95,600,1.240921506764999,23.93042082461522,44,5.398047623329669,31293,31,2,1,5,9,6
Rock,nan,3,0,0,0,111,146,71,122,101,95,643,3.364347425191421,158.22383765965512,51,4.7789654819710226,6453,38,2,1,7,12,4
Flying,nan,2,0,0,0,114,86,34,63,89,102,420,1.9105024567808666,61.17714662979208,81,-3.702556970659969,4669,83,3,2,2,13,3
Electric,Flying,3,0,0,0,74,46,21,36,34,30,323,0.3697998479021378,-5.707903976620978,189,5.437254881726646,5044,125,3,0,2,11,3
Dark,Fire,5,0,0,0,68,103,92,58,117,65,492,1.1181312348595245,92.45356206199475,67,5.077794663252378,4806,44,3,1,10,5,4
Electric,nan,6,0,0,0,96,82,114,60,109,76,321,0.9863950016937795,10.892415840042801,82,5.287504472875101,5116,38,3,0,5,12,4
Poison,Flying,5,0,0,0,115,60,75,65,151,81,661,1.1690605776714373,289.45270285900307,43,5.092600776639844,4603,38,2,0,5,9,5
Rock,Fighting,3,0,0,0,103,128,86,87,97,36,476,0.6332207624238382,18.45227452183919,117,6.145454223370131,2260,51,2,1,8,3,4
Steel,nan,3,1,1,0,113,60,70,142,153,110,518,0.6348243592367158,7.709072377801848,-3,4.597363693385594,31224,-3,1,1,5,6,1
Rock,Dragon,8,0,0,0,84,69,89,99,74,97,376,1.308540940369284,43.67482493422648,55,4.8741787322900585,4613,47,3,1,2,4,4
Ice,Fighting,9,1,0,0,97,126,96,94,123,118,561,3.8458623873137086,176.69029688076867,35,5.30659860087697,5411,6,1,0,5,11,4
Grass,Ground,3,0,0,0,58,53,38,33,43,70,347,0.6656033159188628,-3.07393396497225,206,0.9589464530646987,4823,184,4,2,0,12,3
Fighting,Flying,8,0,0,0,71,49,89,84,41,67,286,0.7054227369851103,106.7367159375631,75,3.457984836361189,4899,109,3,1,6,10,4
Ground,nan,3,0,0,0,88,58,46,41,62,32,268,0.39008035924810136,-7.852838458818562,121,5.050857405803521,2830,100,3,0,0,13,3
Poison,nan,9,1,0,0,107,122,68,119,104,87,565,1.971217959246855,40.410772823634225,5,4.678513925818537,31226,10,1,1,2,12,2
Fire,Flying,9,1,0,0,115,89,117,89,96,50,568,0.3391951759874497,30.108077169534816,70,5.237802049719195,7911,91,3,2,0,9,4
Dark,Fire,9,0,0,0,81,68,56,125,82,60,621,0.5563774292097252,20.032913558782653,41,3.9804937691836964,7249,46,8,0,-1,9,4
Poison,Poison,5,0,0,0,100,58,36,30,93,111,310,1.563923865614339,0.8391037578903777,85,4.975142217874617,2628,46,3,0,0,8,1
Rock,Dragon,6,0,0,0,99,92,113,112,164,82,667,3.454259394084849,85.12327254156193,27,9.729841383871253,4883,-12,3,2,6,9,7
Rock,Ghost,8,0,0,0,108,48,44,147,72,43,609,0.7755804507927485,25.82344756999518,26,4.855979965133789,3022,-1,1,2,2,11,4
Normal,nan,3,0,0,0,38,32,27,47,31,33,307,0.17365614176221172,7.490611253678875,259,49.546342190866866,5489,249,3,1,8,13,3
Ice,Poison,7,0,0,0,101,21,68,60,46,79,484,1.1924837348852992,16.439830239476443,49,54.363201933863905,2549,50,3,3,2,9,4
Steel,Normal,2,0,0,0,111,86,69,33,91,46,274,0.31082373399008184,21.645096312110066,75,0.1315565164085477,2167,149,3,2,8,4,4
Normal,nan,2,0,0,0,44,53,33,16,45,71,355,0.07369084672397225,-0.15240422486609795,193,5.444076046133763,5123,175,3,1,1,5,3
Grass,Flying,9,0,0,0,86,97,91,61,73,51,579,1.4419824107999457,43.42570956018962,87,6.170084852082882,2456,43,2,1,6,7,4
Grass,nan,2,0,0,0,73,39,57,91,91,103,288,1.0960209768361728,23.311391158759577,60,21.68253879317632,4689,160,3,0,4,9,4
Grass,Grass,7,0,0,0,109,50,107,23,54,54,272,0.4686851003156675,3.4004896892837344,136,4.75076150774627,8145,212,3,0,9,7,3
Psychic,Flying,2,0,0,0,45,38,59,47,62,72,304,0.7768485382036845,13.256914994555414,128,5.4767441674836554,1689,245,3,1,0,16,4
Rock,Fire,6,0,0,0,105,105,97,122,87,95,646,1.4851521356129929,106.24942022671667,49,56.21311588969003,3406,41,3,0,6,9,2
Water,nan,7,0,0,0,97,11,97,64,41,40,317,0.6370202443046367,-4.462749563798516,132,25.94097831763308,4738,261,3,1,2,13,3
Poison,nan,9,0,0,0,82,44,42,132,105,107,538,1.6257915537279384,288.6182232893009,88,5.130080841772092,1281,39,2,1,0,9,4
Ghost,nan,7,0,0,0,80,49,78,33,56,121,309,0.5391932621252767,-0.4492351918334645,99,81.68528328151496,2683,116,8,1,4,11,2
Psychic,Ghost,7,1,1,0,111,63,50,120,116,106,563,2.513225895134587,30.93363635494856,10,4.388622675380253,9081,-8,1,1,2,12,3
Electric,nan,3,1,0,0,93,81,59,73,104,109,633,19.902718516908884,37.01369067482403,8,4.489044191204366,22119,9,1,0,2,12,5
Normal,nan,3,0,0,0,91,116,26,53,74,68,327,1.748630686728994,124.89470016866349,55,50.90601461259164,4828,193,2,1,0,9,1
Fire,nan,5,0,0,0,71,68,51,106,152,130,649,1.18464529064173,74.17123860211973,46,3.5466265490799076,5194,37,2,0,7,5,4
Normal,Water,3,0,0,0,48,40,34,37,30,42,319,0.3349411380932047,-1.2854961264413287,199,48.77846448547223,5075,182,3,1,3,13,3
Grass,nan,6,0,0,0,95,116,110,121,109,118,512,2.2567760360507703,143.29936636095027,45,88.15538479378706,9018,42,1,0,2,13,4
Water,nan,9,0,0,0,100,117,73,146,61,115,587,1.7135041777852196,100.19029896301157,94,5.051876529887904,4825,38,2,0,4,9,1
Ghost,Poison,2,0,0,0,57,30,9,5,34,49,298,0.32788860025922384,2.930022124793396,240,5.878979498624082,2454,251,3,0,0,12,7
Ghost,Fire,9,0,0,0,105,95,88,117,100,54,671,3.2784294604720143,69.04413824760977,48,8.855421103499175,29846,68,1,0,6,12,3
Dragon,Dragon,7,0,1,0,104,51,107,57,114,83,544,4.948951357853298,22.632478434429988,-5,5.069636520294013,30043,13,1,1,5,13,2
Rock,Dragon,1,0,1,0,85,128,184,123,69,93,541,22.238214478653795,126.62309845184356,-14,5.649498092375414,25963,31,1,1,6,11,2
Fire,Psychic,7,0,0,0,112,89,103,92,112,52,410,1.6915814304682428,103.55964417764284,3,6.117908857324341,2998,47,3,1,6,11,6
Fairy,Rock,3,0,0,0,121,72,37,43,98,35,369,0.07028208599028474,29.24140752841213,189,5.115449138152516,2540,124,7,1,5,12,1
Psychic,nan,3,0,1,0,117,139,131,127,103,103,571,0.6898837934113892,25.48324090656953,11,4.427961795385879,34187,-4,1,2,5,6,5
Poison,Fairy,7,0,0,0,52,46,70,67,77,63,283,0.6743646183099281,12.860618532891841,194,4.785748010280778,2313,210,3,1,8,9,4
Water,nan,3,0,0,0,78,51,69,99,68,47,518,1.776710159751219,186.63359854251098,41,-0.8295846611317694,5055,71,2,0,4,12,4
Bug,Flying,9,0,0,0,83,131,96,85,90,96,297,0.3348394037509936,26.69006703173418,20,5.097214165336612,4911,115,9,2,5,3,3
Psychic,Poison,8,0,0,0,100,92,117,47,57,68,375,1.361893497423076,73.16489424889056,241,49.39328119455187,4456,180,3,2,7,9,3
Rock,Normal,8,0,0,0,106,84,70,91,107,121,594,1.7811219458690943,313.10417917652785,28,86.03894566747934,2213,52,2,0,6,9,4
Dark,Electric,6,0,0,0,89,80,77,77,95,84,582,0.8029680273857405,84.77686224805728,39,93.9110036062497,3632,49,2,1,2,9,3
Psychic,nan,7,1,0,0,122,139,48,76,80,91,637,2.051861252331141,329.4464564949549,7,4.028276554342817,20288,17,1,2,3,13,1
Fire,Electric,9,0,0,0,135,141,77,62,118,90,510,1.6075147927330153,338.09258509819875,42,95.37286204943594,3602,48,1,0,5,7,7
Water,nan,5,0,0,0,67,38,49,61,65,74,391,1.3683539035471584,20.052412231836144,86,5.580008496127,5028,201,3,1,5,9,3
Psychic,nan,3,0,0,0,94,87,55,69,152,90,568,0.4515207182102193,10.888095235807647,11,5.998973060027845,23163,172,1,0,6,7,3
Steel,nan,2,1,0,0,63,68,145,65,142,78,626,0.6589707878569558,14.689341020334936,37,4.4799420075980985,9891,-12,2,0,4,6,3
Dark,Electric,5,0,0,0,103,74,97,77,88,92,606,1.4911064353010794,91.10805390329668,38,10.041168257662754,1299,47,2,0,5,6,5
Flying,nan,6,0,1,1,91,56,72,69,75,96,435,1.5241399301475684,7.024713199096743,-3,4.475369991647484,31264,-7,2,1,2,9,3
Grass,Fairy,4,0,0,0,53,22,14,31,32,76,318,0.4054295413345983,8.505666907853557,261,0.5922869548993894,2283,102,3,0,0,12,3
Rock,Fire,4,0,0,0,125,116,82,106,128,74,618,1.7890136105681789,149.0354980485329,39,4.733399472059097,9998,46,3,0,5,6,7
Fighting,Steel,9,0,0,0,62,66,57,51,75,21,371,0.8123815339674634,14.594583215531337,84,2.804293336786461,4731,267,3,1,9,4,4
Poison,nan,3,0,0,0,56,65,20,41,49,57,317,0.21818277016996007,1.9927556663090051,191,5.292998066521981,4831,85,3,0,0,4,3
Fighting,nan,1,0,0,0,190,73,51,93,42,34,341,0.5827096152971376,86.21463375391154,196,5.349931343868,6858,46,3,0,5,4,3
Fire,nan,2,0,0,0,45,27,33,36,49,78,368,0.6869682012582075,-3.505513303602674,104,5.457483075437824,4747,96,3,0,0,13,3
Rock,nan,1,0,0,0,124,119,33,102,121,93,608,1.6179614156981468,308.15792972646625,48,82.59333410635965,3065,43,2,0,5,13,4
Bug,Poison,9,0,0,0,108,108,74,44,98,65,587,0.832168805286893,14.179231531161388,-5,5.377473228537622,2604,8,3,0,2,9,4
Bug,nan,3,0,0,0,72,35,54,7,28,52,360,0.5044518174378947,8.443328581599271,181,4.75347000045925,4944,137,3,3,1,7,3
Psychic,Dragon,8,0,0,0,121,104,103,107,113,85,580,3.6005317298648576,13.257398867183833,54,5.982528494199197,4824,40,2,0,5,9,4
Psychic,nan,3,1,0,0,75,44,73,145,148,118,565,3.1872351365018927,39.88218319586661,14,5.003632270596876,26508,-17,1,2,2,13,3
Ghost,nan,7,0,0,0,130,47,68,54,69,47,283,0.5223883819688891,-2.924896416430469,143,6.758140917264563,2929,100,3,0,3,12,3
Psychic,Dark,3,0,0,0,55,81,46,11,44,73,210,0.5221686442411643,18.723462628994845,45,4.217712587800069,3841,130,3,1,0,10,3
Rock,nan,3,0,0,0,87,20,95,39,110,78,441,1.1387590544867308,54.62111561457891,45,4.890649644491829,2826,188,2,0,0,4,4
Electric,Dark,8,0,0,0,124,119,88,37,100,75,601,0.6339145473240314,79.57751694162769,19,6.639054998977349,3046,42,3,0,2,9,4
Flying,Fire,2,0,0,0,90,86,37,89,111,35,600,1.6319438089792595,63.045268724972765,41,49.53252423233558,7903,35,1,0,4,3,4
Normal,Grass,7,0,0,0,131,41,77,80,104,59,548,0.5485486751155215,229.53513234855086,52,83.34869271311362,2274,54,3,2,4,12,3
Bug,Flying,1,1,0,0,112,144,71,133,158,105,519,1.8752177716148313,129.94612889617832,-2,5.505534968935467,17644,0,1,2,6,12,4
Grass,nan,6,0,0,0,228,61,125,145,101,81,490,0.44591657421351794,23.868532855845572,41,4.719977331314829,5468,15,7,0,5,9,1
Rock,Psychic,1,0,0,0,99,120,56,92,101,107,514,1.4159249627223722,73.56895350991526,33,77.0153915004619,6411,41,3,0,5,7,4
Ground,Water,5,0,0,0,60,43,66,109,83,45,450,1.5304569712978031,52.179953294808485,49,5.302997099286583,7411,43,2,1,4,13,2
Psychic,Dragon,5,0,0,0,111,111,123,108,128,98,512,1.2809061280143585,132.5572078107957,53,4.385750602150599,7852,51,2,0,7,9,4
Bug,nan,2,0,0,0,77,117,40,60,65,84,516,1.2026245663839086,17.660424086523875,80,8.616527399129044,4990,69,3,2,6,13,6
Water,Bug,5,0,0,0,92,53,69,81,154,40,496,1.5012142558088866,144.27125798750046,49,5.943340453530338,2698,30,2,1,-1,7,4
Fairy,Flying,9,0,0,0,70,112,79,50,121,102,629,1.4224353786003365,114.7249230213819,47,83.19343802873391,5283,126,1,0,2,9,3
Fighting,Dragon,6,0,0,0,52,119,62,39,246,64,496,1.4091215251467422,331.54424371554217,43,7.679678530747388,4776,47,3,0,2,5,3
Grass,nan,6,0,0,0,67,47,42,65,99,43,437,1.6850853366000813,12.03229589713358,238,84.41061587878556,4725,130,2,0,2,11,4
Poison,Poison,5,0,0,0,89,35,80,92,88,80,451,1.9219370815824606,5.02021169588571,182,4.956087995595697,5309,-14,2,2,-1,8,4
Fairy,Water,2,0,0,0,57,65,68,40,50,44,553,0.479574950178013,27.248709331341885,60,8.075733715900887,4577,121,2,0,2,15,3
Bug,Psychic,7,0,0,0,43,64,31,18,19,57,249,0.38865628974342215,13.672148797198604,238,5.131801682422577,2123,208,3,0,2,13,7
Bug,Psychic,2,0,1,0,110,118,75,93,91,36,601,0.2615287572745245,8.795108761448354,-6,5.117961597085844,28395,2,1,1,6,3,1
Psychic,nan,4,0,1,0,73,45,49,20,58,107,346,0.46849513084351485,3.7648764436616915,251,4.128206119413051,5050,-5,1,1,2,14,3
Ice,Rock,1,0,0,0,67,81,39,45,135,68,538,1.2330933038622542,148.4580795107635,6,4.4973219705780085,2500,40,3,1,2,5,1
Dark,Fire,9,0,0,0,125,82,42,19,53,92,351,0.25520770573572815,73.13565725625593,167,3.662531357226921,3331,164,1,1,0,5,4
Water,nan,3,0,0,0,48,28,92,25,42,59,338,0.33184868612106744,15.651227323869502,196,4.152688233336311,4999,184,4,0,2,5,3
Rock,nan,3,0,0,0,98,90,74,89,141,77,503,1.657678694489237,45.947602167910226,43,83.28260283200731,5092,50,4,2,4,8,3
Fire,Fire,6,0,0,0,48,53,74,28,47,85,297,0.7702304709814751,8.916432953227684,198,3.643526632400649,4793,111,3,1,0,12,4
Bug,nan,9,0,0,0,47,48,36,41,50,65,335,0.7381251514922114,8.407535547564926,202,4.719764823806715,7005,100,3,1,8,13,3
Ice,Ground,3,0,0,0,96,74,46,40,72,55,315,1.413248857936978,82.20501771340909,192,4.689081625229366,7671,76,4,0,2,5,3
Poison,Fairy,6,0,0,0,52,53,56,33,53,39,338,0.6465886734779303,16.28237320763791,262,4.0496074844774625,2494,95,3,1,7,13,3
Electric,Fighting,7,0,0,0,119,36,46,28,42,63,239,0.7445242733102331,23.461558141683412,247,4.794140046984615,4947,126,3,1,5,6,3
Ice,Normal,8,0,0,0,123,71,73,95,89,56,546,2.041842682236261,1067.0042453897481,46,25.696420782879205,6129,45,3,0,5,11,4
Normal,Ice,2,0,0,0,38,69,57,31,70,39,319,0.3057238246926263,20.96986062150738,229,5.160642263964535,2698,108,3,1,5,13,2
Normal,Flying,8,0,0,0,64,106,32,55,34,39,383,0.9444677518495881,3.1765295419070974,132,5.336387713862633,4831,114,3,1,8,13,4
Rock,nan,9,0,0,0,74,27,41,64,47,87,294,0.6510767505397516,22.913833442269507,190,2.60738843606774,4756,35,3,2,0,9,3
Electric,nan,2,0,0,0,95,61,41,29,48,56,394,0.4327534523830772,4.65665568908214,113,6.147227284663128,2272,180,2,0,4,6,1
Grass,Dark,9,0,0,0,114,89,90,47,99,67,556,0.9801646514757121,168.3284749278763,41,95.61505780223547,2596,59,2,2,4,5,4
Water,nan,6,0,0,0,96,107,61,55,113,72,587,1.1958746086830325,90.38695055591072,46,92.05855450019894,3958,47,2,0,4,9,4
Ground,nan,3,1,0,0,115,89,86,87,119,110,701,2.6665764326024717,94.97683829181878,-15,84.01229802073792,22076,-8,1,0,3,12,2
Normal,nan,9,0,0,0,56,48,51,37,28,36,298,0.5818048610497008,13.482947032754558,137,6.660427155854599,3183,192,2,0,2,7,3
Bug,nan,9,0,0,0,89,58,44,85,92,100,548,0.6978857857457126,14.243780438479206,17,5.496223041387734,3024,-11,1,2,3,4,1
Electric,Ghost,1,0,0,0,91,68,39,88,89,113,482,2.1016391428166195,123.64577967811317,49,84.05627699916182,6108,38,2,2,6,5,6
Ice,nan,9,0,0,0,57,86,56,53,34,99,321,0.7416578052163746,101.10041627034967,141,51.74942605635414,5127,181,3,0,0,8,3
Dark,Psychic,1,0,0,0,120,110,137,59,89,51,558,1.85590270572267,61.05263054328925,56,7.111906571309461,5147,43,3,0,4,5,4
Bug,Ice,1,0,0,0,66,78,58,64,88,55,505,0.46369255085753913,89.34248490368614,47,6.105081601218982,5732,42,2,1,8,9,1
Normal,Electric,4,0,0,0,99,23,52,44,107,49,571,1.1095662452689665,78.29685579315628,46,4.730928285536714,5152,121,3,2,6,9,6
Water,nan,6,0,0,0,79,63,100,105,113,140,562,1.2795786722531914,58.57419465883939,70,5.045595750338672,5611,59,2,0,-1,9,5
Ground,Fire,3,0,0,0,104,31,36,96,95,112,506,0.4122087803697213,144.8044843686804,42,6.171800035471966,5093,110,2,2,6,13,3
Grass,Fire,9,0,0,0,59,133,138,39,57,75,409,0.44723360410963303,13.092235417020719,242,87.00415904166563,3230,64,1,1,1,7,4
Grass,nan,5,0,0,0,44,16,41,22,50,61,286,0.03397375424258903,14.088516564307096,99,6.295084113217735,4896,205,2,0,0,16,3
Steel,nan,9,0,0,0,122,123,109,76,89,106,492,3.4093117895224627,226.4445329196613,17,4.630176812258334,27923,-5,2,2,5,6,3
Water,Fighting,4,0,0,0,115,75,89,51,98,115,506,1.4626523409993268,48.065165338339085,42,83.41080411947148,2567,50,2,0,2,9,1
Rock,Flying,9,1,0,0,126,94,40,84,157,143,657,2.2491120615787645,41.10126025913448,6,4.151340135743783,21469,21,1,1,3,12,1
Bug,Poison,8,0,0,0,114,68,90,87,81,105,581,3.3447661378442937,295.31714077834187,91,59.29276421373208,4964,51,3,1,7,8,7
Ground,Dark,3,0,0,0,122,90,82,135,108,68,469,1.5223119560178142,115.53777687257883,57,0.5672695739157518,5142,50,3,0,5,7,3
Electric,Dragon,5,0,1,1,96,102,96,75,98,58,664,0.3002476145364418,-9.121409917362014,-13,3.1921665712052456,30745,1,1,1,3,12,4
Water,Flying,6,0,0,0,88,33,83,71,90,58,294,0.6847565621572833,14.446588930227596,124,4.422859102857833,6289,112,3,1,2,11,4
Water,nan,1,0,0,0,55,103,58,72,98,131,528,1.622793617652905,44.06834969363656,41,4.546125043440764,4815,41,2,0,4,9,4
Psychic,nan,9,1,1,0,84,92,44,119,106,109,527,0.7349611130884637,19.82500045971012,2,4.62162353759128,26586,29,2,1,0,7,6
Psychic,Fairy,1,0,0,0,115,68,63,128,97,69,518,0.5290788692130972,57.48961006822063,25,5.960291238198811,5331,58,3,2,0,12,3
Poison,Flying,9,1,0,0,111,48,74,123,83,85,622,2.4569357388760706,37.19143720282048,10,4.545549797638937,14520,6,1,1,2,12,3
Dark,nan,5,0,1,0,230,108,171,86,65,95,597,2.77686738545349,604.9748836131961,-16,4.439522045909168,27828,-2,1,2,2,4,4
Dark,Flying,7,0,1,0,73,89,118,88,133,57,670,2.2137709469124784,27.612081347071936,-12,5.020886998247261,25731,11,1,1,2,6,3
Ghost,nan,9,0,0,0,41,40,54,31,104,110,373,1.0909055633465323,14.247745704975507,176,4.887332987663837,4981,109,3,2,0,11,2
Dark,Poison,6,0,0,0,117,66,134,73,101,60,460,1.0951132677235695,181.8928252907109,52,5.093317015950568,3151,128,4,0,6,10,2
Normal,nan,9,0,0,0,83,105,93,119,127,82,436,1.3024186784140188,36.835907561353025,239,6.130788728867446,4244,34,4,2,7,5,2
Dragon,Steel,8,1,0,1,117,75,75,49,139,37,520,0.9133002793208429,32.35839472946208,-20,4.4139807322596045,6391,7,1,1,4,8,4
Fighting,Psychic,2,0,0,0,108,43,53,107,105,28,469,0.483129863241557,52.29303782995726,50,5.623904270959532,7273,37,3,0,0,12,2
Poison,Fighting,9,1,0,0,92,92,35,92,169,96,543,3.4769558295124794,16.437726488727783,-18,6.099531354455812,7427,3,1,2,-1,12,3
Dragon,Water,7,0,0,0,121,35,75,67,43,47,612,1.5810004753022793,35.97193958852742,247,3.8824539094533037,5388,38,3,2,7,7,3
Grass,Ghost,8,0,0,0,109,109,73,66,108,112,533,0.491624290431777,43.376170496057696,-3,4.69139860668542,30404,8,1,1,6,9,4
Grass,nan,1,0,0,0,100,127,103,57,116,113,475,1.240238044727845,121.77422488363769,35,82.2185541497156,5971,46,2,0,4,8,1
Bug,nan,3,0,1,0,113,82,66,109,88,47,476,0.5535197427017403,21.08395261005043,2,4.495480466147371,18297,-1,1,0,5,12,4
Water,nan,4,0,0,0,83,24,70,74,82,61,581,0.6340938237297763,59.961424556668085,12,4.387659016100933,17703,-8,3,0,2,11,3
Grass,Psychic,2,0,0,0,71,88,42,106,49,81,590,0.3127016596224161,19.77706242182701,74,3.96258370387397,27442,136,7,1,3,10,5
Normal,nan,8,0,0,0,46,68,43,57,28,71,368,0.619948999831018,29.385196154120532,118,4.2219858514288555,3231,180,3,2,5,13,3
Dragon,Fairy,7,1,0,0,74,96,80,151,121,102,679,2.3416898811739233,11.972022691467494,43,4.77096398748126,5141,-15,1,1,9,6,1
Fire,nan,5,1,0,0,129,60,81,102,119,108,716,3.5727517149950327,21.229234669797165,-1,4.1888950479436735,10737,-11,1,1,5,12,3
Steel,Poison,7,0,0,0,114,72,92,76,114,65,529,0.6412511226884192,327.4037276325415,35,5.320252629986366,5040,44,1,1,5,9,4
Electric,nan,1,0,0,0,52,64,29,36,40,70,555,0.8070384947734686,18.737062038472402,248,-1.6711780595648529,5080,49,3,0,4,14,3
Electric,nan,3,0,0,0,108,78,65,55,98,92,416,0.8175494338976521,269.19275231631974,51,86.75738925761851,4972,45,2,2,5,9,6
Psychic,Flying,1,0,0,0,49,45,58,66,114,48,471,1.776334531239788,122.09416584707645,75,19.05371148455567,4983,182,2,0,0,7,4
Poison,nan,5,0,0,0,54,30,22,17,31,80,359,0.6216281050770165,5.9995380358783486,257,23.181249790132775,4957,121,4,0,0,14,3
Psychic,Fairy,9,0,0,0,36,24,23,31,41,56,308,0.024969366990227948,-2.6803252863285945,186,23.62678257334158,3164,218,3,1,0,13,3
Water,Ground,1,0,0,0,86,102,103,81,92,58,515,2.8046392095683212,26.944479693024103,48,92.79835552381327,5415,42,4,0,7,9,4
Psychic,nan,2,0,0,0,108,77,82,40,81,64,544,1.1528387905223303,82.10493658301274,51,87.53703240945234,3415,51,3,0,2,13,4
Normal,Bug,8,0,0,0,95,21,45,68,81,104,560,0.5913762350254753,17.184736121401187,21,5.694332428903734,14802,-11,7,1,3,11,1
Dark,nan,6,1,1,0,78,17,57,78,96,66,545,0.8817972841847637,24.029812581010876,51,4.901579281407399,4969,38,3,1,6,12,1
Normal,nan,5,0,0,0,42,18,48,31,49,85,359,0.4925217841894648,18.52147069719748,133,6.285108587500575,2580,133,3,0,2,14,4
Psychic,nan,3,0,0,0,47,41,53,43,88,142,463,0.5020850460308546,22.69481476943889,45,4.752209885848563,5283,70,2,3,5,13,1
Dark,Psychic,6,0,0,0,80,128,81,104,85,94,464,1.6183371269957614,381.9249904595952,44,89.2017900569486,5218,51,2,0,4,9,3
Steel,Ghost,9,0,0,0,84,83,110,110,110,68,630,3.684550312330307,139.05148467521613,27,4.501066495715066,31707,-16,3,0,9,4,4
Electric,Normal,4,0,1,0,115,82,61,100,76,108,516,1.5323698759547826,17.953675638180208,45,5.054534303750477,3563,6,1,0,0,13,1
Fire,Grass,9,0,0,0,106,92,45,78,154,65,660,5.0906377563529,212.02560455055288,46,93.50572347523573,19004,40,2,0,5,9,4
Psychic,nan,3,0,0,0,42,59,62,34,53,81,278,0.44377132522233753,18.030133686331002,126,5.042832862337945,5353,119,3,2,1,6,1
Ice,Normal,3,0,0,0,111,51,87,95,93,91,629,0.5266400792073506,34.332268489166,18,4.956554033425938,7797,39,1,2,5,7,5
Grass,nan,9,0,0,0,108,113,69,79,92,87,521,1.483421987157131,72.18377598223512,81,87.03007338471747,4919,46,3,1,6,9,4
Water,nan,2,0,0,0,88,112,61,40,52,87,374,1.3688380647455904,15.22069844185107,96,2.559428443257616,4831,185,2,0,4,8,7
Water,Ghost,7,0,1,0,89,117,103,103,129,90,604,7.321768410755535,12.321034841107668,3,5.210835991845752,31315,-17,1,2,4,5,4
Fighting,Dragon,9,0,1,0,101,58,130,98,136,88,704,2.5834648198571815,20.385645155676418,-2,3.6445139076131454,26991,-6,1,1,8,5,4
Electric,Normal,8,0,0,0,97,88,100,80,125,91,597,1.971581385730329,20.577982335102796,20,48.94186252793516,14280,52,3,1,2,8,3
Bug,nan,8,1,0,0,90,83,95,78,88,79,549,3.8814878361107237,28.331446619635457,15,5.83431150431096,27694,20,7,2,6,13,3
Grass,Fire,3,0,0,0,106,60,33,30,40,85,352,1.184380871570577,20.993804949006165,143,39.176487052416974,4856,250,3,0,4,13,3
Normal,Bug,7,0,0,0,58,41,33,46,63,39,562,0.2529126613770929,19.682984838892022,189,4.8400216059611125,5669,96,1,1,3,6,3
Rock,nan,5,0,0,0,60,52,77,63,77,68,370,1.7108433746461364,76.41224422530652,66,3.6163249193134357,2124,133,4,1,0,6,3
Ice,nan,3,0,0,0,49,22,36,21,34,24,317,0.28110796985208114,-4.666267586058515,201,5.202747032266094,5075,111,3,2,0,13,3
Grass,Fighting,6,0,0,0,220,97,92,61,100,124,495,1.6839045296647204,69.25745166229517,44,95.68131681768556,3163,48,3,0,4,8,7
Ice,Steel,8,0,0,0,75,43,85,74,62,55,372,0.5038693946425642,15.320579733474112,92,4.652061855451207,4649,132,2,1,0,13,4
Steel,Flying,9,1,0,0,134,69,87,118,70,117,593,3.6069944828779867,15.257586486612885,-2,4.877267826697293,25746,-28,1,3,3,4,2
Normal,nan,4,0,0,0,111,51,42,108,108,55,350,0.8611823888023197,17.960128467973014,189,5.256898295259146,5620,119,3,2,2,14,2
Bug,Fairy,3,0,0,0,88,94,109,46,56,63,429,2.3089570507714026,111.7048718201512,47,85.59224945815659,2003,46,3,1,2,9,4
Electric,nan,2,0,0,0,51,26,44,25,40,109,335,0.20794956834333694,93.45570294001699,235,4.0082946754182665,4786,149,2,0,0,13,3
Psychic,Psychic,5,1,0,0,69,86,53,91,83,106,541,2.4641760244029993,33.25137907658919,-8,5.852237002525346,16119,1,1,0,2,5,4
Electric,nan,9,0,0,0,56,51,78,52,34,85,334,0.6479310544258964,23.370599645518602,145,4.544042792444175,2403,467,3,0,2,12,3
Fighting,nan,6,0,0,0,77,49,46,62,40,65,361,0.6546052445653431,17.414313173758245,43,5.161945994476121,5002,133,3,1,5,12,6
Rock,Bug,7,0,0,1,50,23,30,51,46,66,357,0.38714223869567094,26.101223115131635,85,0.7497422451672922,2900,194,3,3,5,13,3
Grass,nan,1,0,0,0,74,92,49,66,87,89,469,1.3094625512134612,321.9996753745823,43,9.619474750652085,5140,59,2,0,7,6,3
Rock,nan,2,0,0,0,44,40,43,34,121,79,302,0.2434946020058188,-0.9835261533858031,128,3.191317004219044,4130,85,6,1,1,13,2
Poison,Ghost,1,0,0,0,84,51,57,136,121,121,475,1.2263457607584067,122.76001975033792,31,51.14814084466477,4568,69,2,0,5,5,6
Grass,nan,9,0,0,0,70,91,41,73,58,71,587,1.1636911347767147,31.45686395714496,109,6.023669224749684,6072,56,3,0,9,9,1
Normal,nan,9,0,0,0,75,44,47,27,54,46,270,0.1647120767418367,1.6304748530496305,212,5.7559489569261855,3767,111,3,1,1,12,3
Grass,Fire,1,0,0,0,77,24,53,34,64,75,165,0.19954048017546155,-7.523841710409142,131,48.01275756001544,4735,40,3,0,8,9,1
Grass,nan,1,0,0,0,83,62,46,85,81,130,514,1.669481024000767,46.665151127829425,44,4.157438624952407,5506,51,3,0,0,9,5
Dark,Bug,8,0,0,0,104,72,117,64,111,87,594,0.9658023308136248,77.71725525557483,-7,3.356531599809813,32807,1,2,1,8,5,4
Rock,nan,5,0,0,0,39,25,42,24,56,61,244,1.4650941470867853,17.43933755275355,80,5.381633508948111,5026,129,3,1,5,4,3
Dark,Flying,1,0,0,0,118,69,60,60,98,79,650,3.027872432110209,100.4670423541023,78,5.20741239934466,27590,34,2,1,2,8,7
Steel,Flying,5,0,0,0,119,66,57,72,90,70,624,0.6509113530013048,18.51569329783907,5,5.255690652524302,27563,15,1,0,5,4,4
Dragon,Electric,7,0,0,1,99,74,99,100,82,80,596,0.7819669482557399,790.3199158373975,53,5.837984463838968,22603,-16,1,0,7,4,3
Normal,Bug,3,0,0,0,59,78,69,41,30,43,304,0.3395266577447425,25.127903964214767,213,4.3393533784881395,2534,176,3,1,2,13,4
Water,Psychic,7,0,0,0,57,56,38,44,43,106,317,0.44120629001561323,5.015966360726088,199,5.185693735425683,4794,179,4,0,0,16,1
Electric,Flying,3,0,0,0,60,76,69,48,73,87,329,0.9513450423746531,22.980709020256768,112,5.509867954316238,4879,129,3,1,2,6,5
Grass,Ghost,9,0,0,0,98,107,89,79,88,104,535,0.7749426965277405,79.26240099750353,36,84.24089060599539,4711,38,1,0,4,9,1
Ground,Grass,6,0,0,0,110,105,81,36,94,56,519,1.8526036762970473,117.61392213567714,45,5.986383685997098,8591,41,2,0,5,5,4
Water,Ghost,2,0,0,0,77,110,66,44,70,68,255,1.1939870422986183,-1.6937794870701364,116,6.712655075860743,5117,117,1,1,5,12,6
Dark,Water,7,0,0,0,105,58,121,39,61,86,376,1.6548480544768889,22.215979195344985,77,6.153455143612278,4982,224,1,0,3,6,2
Psychic,nan,1,0,0,0,76,84,100,57,109,52,299,0.7729712765622909,56.170590142818,120,4.923694499195173,6481,35,4,2,0,9,4
Grass,Ground,9,0,0,0,98,104,60,91,77,49,411,0.47306334812980316,25.223296565601643,129,4.509751847333623,5115,118,3,1,5,7,3
Normal,nan,2,0,0,0,42,34,36,57,50,31,290,0.17926566035357555,5.424535664192103,127,5.921587236055637,9671,203,4,0,0,14,4
Electric,nan,7,1,0,0,84,79,50,147,130,73,589,2.7956050104878405,27.453774153016518,-2,4.80925855107477,29543,4,1,0,3,12,1
Water,nan,1,0,0,0,97,79,108,111,95,55,596,1.4646296890001047,92.66340975843053,2,4.028134786962805,4922,63,2,0,0,12,4
Bug,Flying,1,0,0,1,78,86,60,71,96,106,536,0.7455413790352832,25.503209911782825,43,3.1720608701386603,4303,86,3,2,4,12,3
Rock,Fairy,4,0,0,0,57,69,77,26,62,42,298,0.7631904650647786,7.889988171952171,254,5.652652075621152,4674,101,2,1,7,11,4
Electric,Rock,9,0,1,0,60,46,64,27,74,46,292,-0.1574569988162169,24.547651076698834,41,4.500746783355282,6118,176,3,2,3,9,2
Dark,Dragon,6,0,0,0,99,103,109,40,77,113,613,0.6693962743358695,37.18787048408788,10,-2.7852837599409614,29653,10,1,1,7,6,2
Poison,nan,2,1,1,0,89,48,90,91,165,122,609,0.5682883959350292,26.148790781373236,-3,-2.596677295044991,19581,-9,1,1,6,12,3
Dark,nan,7,0,1,0,92,52,96,94,96,113,527,6.777331534832064,141.26743670074507,40,4.364294244475022,33237,50,3,0,7,12,7
Grass,Dragon,5,0,0,1,99,142,73,119,98,105,653,3.0338677447006863,1078.4677110332282,13,5.431912369038288,29413,-1,1,1,8,8,3
Grass,Ice,9,0,0,0,112,66,73,42,115,60,428,1.2574890987028122,23.010904265266383,74,3.9955992091406047,7578,42,3,1,5,12,5
Steel,Ghost,7,1,0,0,124,86,106,72,83,117,548,2.6552743036643354,51.44532124835204,-23,3.6777993092589414,32277,-6,1,1,5,12,3
Psychic,Ghost,9,0,1,0,83,47,173,112,83,83,540,3.275762152761975,-2.362530487953867,9,3.8934641743231,30006,16,1,1,2,13,3
Steel,Steel,9,0,0,0,107,43,103,118,127,68,682,2.08566444483085,80.0725530860299,48,11.522692170336537,2566,32,3,1,6,12,4
Fire,nan,3,0,0,1,94,47,75,92,73,87,598,0.6233583548073587,21.215499855633468,17,5.327912859885536,9816,11,1,0,-1,13,5
Poison,Psychic,8,1,0,0,87,50,79,107,148,114,526,4.140524841862973,6.773984341768033,11,6.406984604368038,27548,-15,1,0,5,6,6
Ice,nan,6,0,0,0,131,110,86,49,103,67,489,1.5244350214998301,97.5231359004286,67,82.57861479097306,5254,41,3,0,5,4,4
Flying,Normal,6,0,0,0,74,116,76,99,114,160,563,1.1824256964693685,368.3987568392853,61,81.7852784671379,1646,46,2,0,6,7,4
Dark,nan,6,0,0,0,122,166,64,58,127,89,709,3.3051438333848413,29.795832370295592,-1,5.725165121454266,32560,3,3,1,7,4,1
Normal,nan,2,0,0,0,71,103,38,57,122,108,522,1.5271639024774162,273.4153616868409,145,51.20186873739233,2920,56,3,0,4,6,3
Rock,nan,4,1,0,0,118,54,105,91,143,50,687,3.5139718310897687,40.42683341240694,-18,5.748742580040671,22568,8,1,0,3,5,3
Poison,nan,9,0,0,0,85,130,87,53,94,85,507,1.496114226751741,103.21263557581179,46,6.97659689285495,3395,51,2,0,0,9,3
Ice,nan,3,0,0,0,111,106,59,52,83,126,558,0.9879117549631223,51.725213885581226,38,5.3020299586310955,4721,17,1,0,5,10,4
Water,Flying,1,0,0,0,65,80,87,115,92,90,525,1.7885876039268773,32.622099338213935,45,89.16366264093386,3296,61,2,0,4,12,4
Flying,Ghost,7,0,0,0,111,72,57,91,104,21,537,0.7605266469210203,91.61948616332222,40,6.303829059757304,2644,-10,3,2,8,6,4
Grass,nan,9,0,0,0,116,92,61,123,152,113,539,3.2980372259258717,237.8217832837779,57,89.1213654039295,2027,44,2,0,4,8,6
Rock,Dragon,1,0,0,0,102,37,60,102,90,59,583,1.7286590441925211,37.76712854540975,50,5.476588941175162,26932,47,2,0,6,9,4
Water,nan,5,0,0,0,58,87,81,106,49,58,401,0.8409634639347467,20.27673319287644,57,7.4561018485287835,5135,43,4,0,3,4,7
Rock,Grass,6,0,0,0,63,121,87,43,58,101,489,1.8831696599459986,345.8939399194062,137,4.7497166462651075,2726,47,2,0,5,13,2
Electric,nan,5,0,0,0,48,11,37,11,36,32,318,0.3118202921247269,-3.854516492638618,256,6.19211614896526,5141,96,3,1,2,17,3
Normal,Fighting,7,0,0,0,145,86,56,59,68,114,498,0.5975726276610431,49.83622930611035,53,5.696257209379422,4866,44,3,2,3,9,4
Bug,Steel,8,0,0,0,97,55,110,69,89,82,319,0.5595573735084876,23.72058412028,69,5.419929867065418,26690,-14,1,0,-1,4,3
Water,Psychic,7,0,0,0,102,49,77,54,120,78,517,1.2374719927537194,112.3339157630359,43,5.883024929511524,2075,49,7,1,6,12,4
Normal,nan,2,0,0,0,80,90,61,53,43,69,432,1.8295514770740788,63.21989464092756,104,3.788136250983926,4889,152,2,1,5,13,1
Rock,nan,8,0,1,1,82,32,106,63,78,92,674,11.9327864313981,23.69770710030727,4,3.5759836278964605,33284,-6,1,1,2,12,4
Dark,nan,2,0,0,0,89,38,88,122,110,79,505,1.0549074400663043,21.631335213507295,47,4.901677011173416,32077,47,2,0,3,6,3
Fighting,Fighting,9,0,0,0,112,100,64,78,105,82,511,1.2327153504388275,28.407587064147435,43,82.5122146374249,4594,46,4,0,5,7,4
Ghost,Ghost,6,1,0,0,126,108,53,82,114,60,600,0.5045026966065723,63.97060496768227,6,4.1937693334827575,13097,-18,3,1,5,6,4
Bug,nan,5,0,0,0,47,67,35,5,37,44,367,0.7198622260074534,64.04093517393282,181,-0.9436852700682472,5178,201,4,0,5,13,2
Ground,nan,3,1,0,0,122,78,21,145,99,133,698,0.24323025646293422,28.03160250015236,7,4.338826578082111,16849,14,1,0,4,11,3
Grass,nan,6,0,0,0,38,94,71,75,86,42,323,0.6724045419321505,24.585323049877935,45,5.87852074656046,5452,269,3,0,7,9,3
Grass,Flying,4,0,0,0,118,41,123,132,126,103,644,0.16678291995015254,7.6253731658105455,42,81.06065094593727,5027,39,2,1,5,9,4
Rock,Flying,5,0,0,0,116,135,81,116,96,42,590,1.7373887368958087,48.323418053422614,32,86.78084883894637,5343,40,3,1,4,6,4
Water,Flying,1,0,0,0,66,54,58,46,49,32,288,1.111318511433608,10.790679130861108,146,5.173560690851431,1939,135,4,1,2,9,4
Ground,Electric,9,0,0,0,52,98,74,33,106,99,524,1.246942621802285,28.17995267078743,41,6.2562400113873755,2150,50,3,2,2,7,4
Bug,nan,9,0,0,0,36,20,13,45,30,51,346,0.3981144274802999,-4.238068585592712,213,4.215881958183645,3701,124,3,0,0,7,3
Ground,nan,3,0,0,0,103,142,90,138,118,125,526,1.5465971036742592,108.3616736238213,45,4.7017450413120025,2734,72,2,2,5,9,4
Grass,nan,3,0,0,0,90,74,75,104,95,53,596,0.7753944132261505,6.364361271244572,94,5.035444695144633,5398,122,3,1,5,10,3
Normal,nan,4,0,0,0,41,33,77,105,90,48,385,0.33624548751137223,36.563278400614145,103,84.98550866132864,4953,108,2,1,3,13,3
Ghost,Flying,6,0,0,0,59,118,46,69,120,79,654,1.416399424139599,241.73199758856532,78,95.06622588028623,4522,68,4,1,7,4,3
Normal,Rock,7,0,0,0,65,95,56,20,25,52,361,0.5038768259770761,21.896115094766753,194,4.465221134091019,2191,128,3,0,5,10,4
Electric,nan,5,0,0,0,114,119,40,106,99,109,594,1.896032977189493,124.09236205042339,105,78.40232227248852,2083,54,3,0,7,12,3
Normal,nan,4,0,0,0,49,18,49,55,55,114,323,0.6782635500000713,49.50559519106934,90,6.3794716833125085,5180,109,3,0,3,16,3
Electric,nan,4,1,1,0,89,67,68,79,115,102,614,0.3478369299621031,3.637444704039213,-3,3.33536885244548,30267,12,1,2,2,11,3
Flying,nan,8,0,0,0,77,53,33,23,52,61,377,0.3674122337435415,0.6504069732758264,194,5.809102967154425,4822,87,2,0,5,4,3
Ice,nan,5,0,0,0,42,52,14,46,34,43,291,0.21447234545477317,4.011955746449804,246,4.248630004080639,5441,200,3,2,4,11,3
Water,nan,7,0,1,0,115,120,93,99,82,107,475,1.5921897179317597,17.41164331194679,46,4.908240706278672,32385,36,4,1,5,12,3
Psychic,Ghost,3,0,1,0,101,56,115,83,123,138,613,0.5954150646415511,9.478624050359533,-9,4.4143636118570635,29406,-7,1,1,2,6,4
Psychic,Ghost,3,0,0,0,127,67,88,20,90,70,457,0.6851351739596632,214.5214634350121,179,4.897590225485059,7375,246,3,2,9,11,4
Water,nan,5,0,0,0,95,75,100,107,93,105,533,1.385745066239409,133.25411597258216,45,4.3791108121828834,5301,51,2,1,5,12,4
Ground,Steel,7,0,0,0,104,18,221,97,96,58,498,1.9378243810302584,15.639622246206729,48,4.712760761534144,3579,36,3,0,5,5,5
Ground,nan,2,0,0,0,93,41,73,41,43,47,360,0.5610673969115899,2.059827979340252,190,48.25144096082177,3352,187,3,0,0,10,3
Fire,Flying,7,0,0,1,86,57,109,154,117,59,693,0.5108242631254828,24.875142443597625,7,4.405626936857894,30807,-16,1,1,5,13,3
Fairy,Fairy,9,0,0,0,80,128,41,75,107,76,646,1.6150356139846238,274.2007192097669,37,86.7992422566748,3930,42,3,1,5,11,4
Water,nan,1,0,0,0,53,63,47,54,70,125,555,0.8225710205265361,63.42050605911062,50,2.9707453810576427,5118,182,3,2,-1,11,3
Water,nan,5,0,0,0,85,132,110,76,90,94,640,1.362102905075074,12.3213556307391,85,5.013349417320194,5188,40,3,0,5,12,2
Grass,Flying,3,0,0,0,125,63,77,86,93,124,510,1.3337697372419266,40.921562504697505,37,6.370907928626478,3738,40,3,0,4,5,4
Bug,nan,6,0,0,0,67,120,93,97,93,134,637,2.0212720816597787,110.67666800094196,47,86.2812952839432,4655,74,3,0,4,12,5
Dark,Fairy,1,0,0,0,108,67,86,25,70,73,245,1.7185326105910494,83.64871765051586,38,81.45345770831563,2607,15,4,1,-1,9,4
Normal,nan,2,0,0,0,99,25,65,15,105,126,341,0.14123069715302544,15.652294581614425,86,0.04916009755303641,4986,62,3,0,2,12,4
Rock,nan,9,0,0,0,81,76,72,124,110,67,522,1.3682216250230954,12.575781832497636,56,82.71466567043002,4937,36,3,2,0,7,1
Ghost,Poison,5,0,0,0,52,13,17,24,54,42,277,0.39668803382657747,-3.0601099430153287,185,5.56643669209801,4607,182,3,1,2,8,3
Fighting,nan,1,0,0,0,78,65,81,119,94,98,566,1.6245085886417312,103.52668325151741,34,5.639112070553856,3689,34,2,1,6,6,3
Rock,Flying,9,0,0,0,97,123,93,123,121,103,612,3.4892014167600314,337.4347227502335,16,4.689920708666655,30700,38,3,0,4,7,1
Grass,nan,3,0,0,0,53,52,69,49,99,55,365,1.5420490514977998,63.136002353132625,131,21.190382825336904,6736,114,2,2,3,11,3
Normal,nan,9,0,0,0,92,45,93,48,70,131,309,1.543237419571284,80.99304107102596,46,1.4282784285477246,2947,63,2,0,5,5,4
Rock,Flying,5,0,0,0,98,86,44,37,54,33,484,0.2969147848084285,36.97604180009139,84,4.241035582911972,5333,55,4,2,5,13,3
Rock,nan,3,0,0,0,105,120,68,46,134,127,461,1.9016409684729219,344.5124215483605,54,89.15689333382625,1477,42,3,1,5,12,1
Normal,nan,9,0,0,0,66,62,29,58,76,98,295,0.7245372798778925,16.33651785782204,254,6.304507102628996,2816,109,2,1,2,14,2
Grass,Grass,1,0,0,0,58,99,57,84,96,29,449,0.4191961760035299,101.71093963228893,43,84.1708183167838,4725,34,3,0,4,9,4
Ground,Ground,2,0,0,0,72,32,51,12,45,69,313,0.5846490054278911,11.79215389414031,107,5.448579547165785,4909,131,3,0,5,15,3
Psychic,nan,6,0,0,0,57,37,76,41,58,57,243,0.5685212466172993,9.17697785380352,184,4.909775454811345,5196,108,3,0,6,8,3
Electric,Dark,1,1,0,0,88,122,83,86,157,74,604,1.1655697696550944,623.116897273225,18,4.387245127132251,28217,546,7,1,5,12,4
Fighting,nan,9,0,1,0,110,76,55,80,81,95,498,0.35914501110505015,15.513912137343635,236,4.876080767150407,30305,12,1,2,2,7,3
Bug,Fire,7,0,0,0,100,127,41,93,114,125,650,1.8517228313010967,165.11452184255006,39,10.062060771357508,4632,49,2,0,5,9,4
Ghost,nan,4,0,0,0,34,42,81,28,49,64,351,0.6414612177321554,-1.7976508113039475,98,4.864127838929723,3872,58,3,0,-1,14,5
Normal,Bug,1,0,0,0,114,88,141,102,115,87,442,0.9389787457834788,91.0157640840679,43,3.2040322496788898,4231,29,3,2,2,8,2
Dark,Fairy,7,0,0,0,116,84,101,20,80,63,466,0.17897722817515194,35.49328720900889,53,4.82323476898679,2696,45,2,0,5,10,4
Ground,nan,9,0,0,0,66,62,70,88,57,108,452,0.5907553570961216,18.081673887114558,98,5.449874080742909,9124,124,1,1,2,13,4
Fire,Flying,4,0,0,0,111,104,77,139,66,119,476,1.278075454524905,346.54580749632703,69,79.52553859061032,7786,55,2,0,4,7,5
Bug,nan,7,0,0,0,69,58,78,58,76,64,453,0.27972889111893795,34.427247708011066,119,5.206667438680555,4857,32,3,2,0,9,2
Rock,nan,3,0,0,0,50,77,82,96,153,108,547,1.4101451211190101,16.386508471447428,8,4.399679526087835,5460,49,4,1,2,11,3
Water,nan,6,0,0,0,42,3,35,13,19,43,320,0.5716046264849326,-19.992209472637825,250,3.8850239546552974,2645,195,3,0,5,13,3
Grass,Dark,5,0,0,0,116,121,127,50,85,101,639,1.16411758020732,168.87134483586055,83,85.79513253859577,5274,48,2,0,6,9,4
Electric,Ice,2,0,0,0,86,117,69,96,107,65,528,3.784028966669278,226.74394462931213,42,5.8427947207689535,4169,44,4,1,6,12,5
Ice,nan,1,0,0,0,51,75,77,51,75,104,320,1.6857179334261203,3.8719465044810626,35,4.298511380692487,4470,40,2,0,6,6,5
Rock,Fighting,1,0,0,0,110,110,87,74,130,136,491,2.154812487927426,166.07575491236295,78,89.4282773708053,6756,43,3,0,2,13,2
Water,nan,9,0,0,0,66,63,95,46,72,76,225,0.6010223647270101,61.23257464894252,125,5.375387920103841,2463,109,2,2,5,12,1
Steel,Normal,2,0,0,0,87,52,36,50,81,89,492,0.20430627984255834,87.73476014353375,37,3.630229067498411,2733,115,2,1,4,11,4
Poison,nan,7,0,1,0,105,38,99,136,74,109,630,0.4139547709276745,10.555038736308436,-7,3.6485815905956773,26829,-20,1,1,5,13,4
Normal,nan,7,0,0,0,92,107,62,43,88,84,393,0.48464692511875057,354.4659735777021,47,4.4823705007629355,34338,67,3,2,2,8,2
Grass,nan,4,0,1,0,88,53,86,122,107,126,546,0.52310138236554,16.043010976337186,-15,4.872587906030728,29434,11,1,2,5,5,7
Normal,Flying,5,0,0,0,74,43,66,50,89,54,332,1.8934319456751352,85.12476746008691,194,4.31160300604371,4829,183,3,1,8,8,2
Rock,nan,7,0,0,1,104,125,79,123,87,84,693,3.9368860875279372,16.3269373789039,6,4.428455648334983,29065,5,1,0,5,15,2
Water,Ground,8,0,0,0,50,40,42,38,35,31,229,0.7928739420186274,6.24656636278462,278,22.746804991852404,4931,189,3,1,6,12,3
Bug,Ice,4,0,0,0,80,95,111,65,79,100,533,1.2979922688928902,44.232998605992336,68,3.224488385352674,3988,49,3,1,5,9,4
Ghost,nan,3,0,0,0,99,55,81,41,37,110,419,1.747104689002457,17.224886796834834,183,3.2986990841683683,4987,223,2,1,2,12,3
Fighting,Ghost,9,0,0,0,98,58,99,37,88,58,403,0.7420318875691987,14.009622376771844,113,4.8886240578100315,2195,39,4,0,5,5,1
Ground,nan,3,0,0,0,78,51,108,38,70,102,309,1.4593417353056652,54.37897887121088,112,84.12238932353948,5512,43,4,1,0,8,1
Rock,Steel,3,0,1,0,97,48,79,99,127,128,607,0.30880432578474004,28.247226497851585,13,5.02107280997073,30751,5,1,0,2,6,2
Normal,Fairy,2,0,0,0,54,32,82,55,91,86,276,0.31013046410018796,-7.187996670873561,152,5.637578497143451,28472,107,3,2,0,13,3
Fairy,Fairy,8,0,0,0,103,122,54,45,76,71,654,0.5793448351224758,19.043771972041043,27,5.067707160464554,2461,4,3,1,3,7,1
Grass,nan,6,0,0,0,106,64,99,60,105,86,406,1.3162828340527888,19.481543294251907,118,3.9982597701229503,5923,41,2,2,5,5,4
Grass,Ice,9,0,0,0,84,65,59,75,74,91,490,1.3267568678683284,277.573676075008,50,5.745951449506811,4826,44,3,1,5,6,5
Normal,nan,5,0,0,0,50,58,18,58,47,54,353,0.22433180826877175,78.79655745271978,84,52.79039004850988,2965,179,2,1,0,13,3
Normal,nan,3,0,0,0,60,34,23,33,59,58,431,0.07362138636052074,25.61764997001908,269,5.410993102662815,4778,185,3,2,2,11,3
Rock,nan,3,0,0,0,33,34,73,55,54,63,265,0.12385607199690962,11.861300487488524,125,5.1598928259635555,3458,95,1,1,2,7,3
Rock,nan,1,0,0,0,115,117,130,60,115,102,419,1.5586714961812491,76.9076247691792,53,2.993969306654491,7389,38,2,0,2,9,4
Grass,nan,1,0,0,0,105,62,66,83,53,100,301,1.6054855929857654,40.87025969643461,133,5.621501690718332,5044,-4,3,1,0,9,4
Dark,Flying,8,1,1,0,134,126,70,81,84,126,600,3.235991631265757,22.041209180949192,-11,4.972343115168786,19703,-2,1,1,3,12,1
Fighting,Flying,1,0,0,0,88,57,49,40,54,49,384,0.5951889817228303,19.898837829810457,140,4.437074345095285,2447,232,3,1,4,9,2
Psychic,nan,3,1,1,0,83,52,86,98,151,111,630,3.570764169374711,735.1317753357703,-10,4.566581293532713,31047,-20,1,1,4,13,3
Dark,nan,7,0,0,0,104,112,95,66,113,77,501,1.426892407367675,20.44592493245227,70,9.810728064132292,6164,49,2,0,2,13,3
Fire,nan,9,1,0,0,132,85,65,57,148,96,619,3.6064318667552113,18.613422824809124,2,4.904772143011212,28275,8,1,2,5,10,3
Water,nan,2,0,0,0,101,111,90,124,100,51,544,1.8594786825285983,74.52544738317052,79,6.165316443447856,5178,45,2,1,4,5,3
Flying,nan,4,0,0,0,126,25,70,84,75,59,421,1.0620208153164965,98.66553287913649,9,5.619036086801359,5456,35,3,0,5,9,7
Psychic,Dragon,7,0,1,1,105,80,84,101,108,48,687,1.6126954323059768,3.346055412458437,-2,5.749354440874706,28651,-5,1,0,3,4,4
Dark,Dragon,9,0,0,0,127,34,101,29,66,38,388,0.4253333424546718,16.63725813729041,71,5.030780052044262,6882,122,4,2,7,2,4
Water,Ground,6,0,0,0,105,62,62,71,117,110,594,1.2481800751839314,78.98815759749081,36,91.49028022680378,7752,43,2,0,4,9,2
Rock,Ground,3,0,0,0,82,94,92,97,94,71,610,1.3534417179389056,76.86976088640206,71,-0.11717035380715224,3835,55,2,1,3,6,4
Rock,nan,7,0,0,0,105,77,50,79,187,112,540,1.4650031374753616,15.084758633402803,2,5.435881748007186,7749,36,1,1,0,6,3
Poison,nan,1,0,0,0,73,51,64,57,92,53,285,1.3823619812418044,159.96894861227872,44,22.1918515241496,5019,46,4,0,2,9,4
Fire,nan,2,0,0,0,103,103,61,74,144,39,442,1.267031023902777,129.33961194418055,49,80.33646072146678,4559,48,2,1,2,7,4
Water,nan,9,0,0,0,73,78,63,43,120,67,512,1.2026132453732699,9.81325124421799,115,1.9052987926795053,4436,170,3,0,4,9,4
Dark,Steel,7,0,1,0,95,101,114,78,74,84,466,1.9219641866404824,142.48040239173037,67,6.00337287347484,30622,8,1,1,8,13,4
Grass,Flying,5,0,0,0,78,52,63,61,58,53,410,0.5693272377357905,260.97110983686235,139,81.9430734059092,7391,53,3,0,5,9,3
Fire,nan,4,0,0,0,97,33,88,76,43,65,293,0.7380142261969656,39.35607768883476,119,3.831518935572243,5281,53,3,0,7,12,3
Electric,Water,1,0,0,0,55,16,31,43,27,93,269,0.33518863355552575,16.218891309159343,204,4.266228184697184,3633,197,3,0,3,13,3
Psychic,nan,2,0,0,0,51,25,17,35,76,61,209,0.5688030959076658,85.52056842943439,248,5.545085842749211,6208,190,3,0,1,12,3
Fairy,nan,9,0,0,0,86,15,34,66,90,59,479,1.0415336908087092,63.78092801769553,46,82.71661476442716,2590,48,3,0,0,13,3
Electric,Dark,8,0,0,0,100,107,67,84,65,120,576,1.210587617631839,133.16055486881987,37,4.88886649797509,4916,58,2,0,5,6,4
Psychic,nan,3,1,0,0,105,125,54,108,177,126,723,0.3824560543386976,26.560088887514084,4,4.527770409552153,16865,-12,1,1,3,5,3
Water,Flying,4,0,0,0,114,90,43,135,98,95,560,1.4638487262281474,235.71880378366012,19,4.657732909556433,11824,43,3,2,8,7,4
Fire,nan,6,0,0,0,108,66,91,48,91,82,417,1.1640062603854633,198.44757236168718,38,5.959520920679156,6525,193,3,0,-1,9,3
Fighting,Poison,2,0,1,0,74,72,81,112,110,64,553,1.4604848469319889,13.188321170925917,87,4.927007234988667,24496,9,3,2,2,9,5
Psychic,Dragon,3,0,0,0,103,59,94,92,101,67,535,1.7958742916995882,221.6936130927971,37,5.620768771308909,5051,87,2,2,2,4,5
Steel,Steel,7,0,0,1,122,90,92,124,100,63,660,3.3698583048160278,36.805884306504105,18,5.543301224722958,31775,-12,1,1,8,10,5
Bug,Fighting,7,0,0,0,98,37,95,75,78,69,609,0.39891795579312883,-3.4868879907747985,4,4.980562034161867,1563,-10,1,1,2,8,3
Ice,nan,8,0,0,0,35,34,30,7,35,21,280,0.0023789552193016483,13.176408943662596,143,2.0112509143633113,5014,182,3,2,0,13,1
Electric,Fairy,3,0,1,0,88,48,128,130,104,121,436,1.8424606026726258,583.9100547839606,45,4.49329193670475,31324,30,3,1,7,12,3
Dark,nan,3,0,0,0,47,45,92,37,45,57,288,0.4133967772556807,20.527406295334387,230,4.454151865278757,2326,194,2,2,2,6,3
Electric,Flying,8,0,0,0,112,70,90,111,83,104,406,1.2219022123413352,76.92174382293345,54,6.106231979377089,4983,133,1,0,8,16,2
Fire,Ground,9,0,0,0,109,66,76,139,103,97,676,3.081822127411564,269.3134608577488,50,9.839339404753915,13297,40,2,2,3,11,4
Water,nan,7,0,0,0,73,35,61,54,51,80,439,0.47276232130848184,1.2735042929814728,51,7.320155527188182,4422,146,2,0,0,9,3
Grass,Water,4,0,0,0,72,48,77,68,85,121,454,1.184132264660536,45.47521473234263,48,5.059304099776712,4902,49,2,0,0,6,2
Steel,Rock,4,1,0,0,112,90,69,130,133,98,650,4.721348358311109,28.042251680468333,-5,3.7609779278308055,15601,11,1,0,3,5,3
Normal,nan,5,0,0,0,111,108,98,39,59,111,553,0.5936039384861218,43.220085818263435,119,3.8505232789822346,5155,52,3,1,2,11,6
Rock,Dark,3,0,0,0,109,82,88,36,87,77,591,1.4974681809905823,14.78813534710639,121,5.184129556702729,4195,39,2,1,4,6,6
Dark,nan,3,0,0,0,105,130,123,98,103,128,503,1.4628678610312307,294.15609499309215,44,45.873280585134914,5382,38,3,2,3,11,4
Dragon,Dragon,9,0,1,0,115,112,78,90,85,70,689,2.9944631717496497,281.3193769621841,-2,5.978214726546542,33681,6,1,2,8,7,4
Water,Fighting,9,0,0,0,98,98,102,39,97,78,612,1.7410060791982576,144.95051505635885,49,4.9276995443245495,4947,78,2,1,6,8,3
Fire,Dark,9,0,0,0,123,120,143,80,142,92,462,1.440432777617925,346.1894056029041,49,90.2826762829678,5860,42,3,1,7,5,7
Dragon,nan,7,0,1,0,96,71,109,110,80,139,503,0.5094477322077148,18.834201360310505,-7,5.212878141982201,27472,-7,1,1,0,6,2
Flying,Poison,1,0,0,0,85,58,104,102,62,82,494,1.6227098104394746,38.37202588230163,75,45.053505055025376,6191,-3,3,2,0,13,2
Bug,Steel,3,0,0,0,101,52,83,96,93,39,497,0.9323125814983361,14.818589018431053,45,4.565454440259238,4976,37,1,1,5,5,7
Normal,Fairy,8,0,0,0,50,51,103,51,95,44,333,1.0650200069819844,73.85854837655974,76,5.0024228737150205,4807,115,4,0,6,6,6
Psychic,nan,5,1,0,0,105,104,47,127,170,99,692,2.1683350395070833,42.236101270655396,-3,4.642705387822817,19373,-3,1,1,2,13,3
Ground,Dragon,8,0,0,0,122,70,58,113,98,61,661,0.9197314823555178,44.32863891830504,44,48.53252478932981,2819,33,2,1,5,9,5
Bug,Fire,6,0,0,0,107,102,55,131,106,19,518,3.572886258693404,84.09045259442598,124,90.41405132664741,4240,42,2,0,4,9,4
Water,Dark,9,0,0,0,117,89,81,76,78,73,476,1.4503367923388404,123.7187575504031,54,5.636806717612011,5373,49,3,1,0,9,5
Psychic,nan,9,0,0,0,66,48,92,85,42,67,377,1.2990259026899476,17.120096711980644,42,90.3457502048798,8041,119,4,1,6,9,2
Normal,nan,1,0,0,0,47,65,52,65,62,57,317,0.3582292831766193,34.9510949857711,96,4.867413378715065,2229,47,3,0,6,7,2
Water,nan,6,0,0,0,84,113,59,39,97,122,580,1.801387948479872,71.27817581753239,42,91.84992323811525,5119,48,2,0,5,12,6
Water,Grass,2,0,0,0,85,104,73,115,70,99,548,1.8579509462922008,25.252877710534698,46,77.98389038447243,6721,53,3,0,0,7,4
Rock,Flying,7,0,0,0,77,74,71,81,90,48,471,0.2626590860330791,28.70197278178271,47,4.910086338114044,6143,46,3,0,2,12,3
Steel,Fairy,3,1,0,0,101,77,71,34,85,68,328,0.24504256450097367,27.518042792546478,8,6.538181423896187,6610,169,3,2,1,10,1
Grass,Steel,3,0,0,0,62,49,60,33,54,55,335,0.17481425466614686,15.886684374503401,98,4.192064751217878,5543,91,3,0,2,2,2
Normal,Fairy,4,0,0,0,48,90,97,53,72,56,389,0.7426829926415068,29.607889072934512,117,4.721138280540458,8482,130,3,1,6,13,4
Fire,nan,2,0,0,0,50,37,24,43,71,64,313,0.5922077125510885,28.96933809604932,184,48.09742434181039,5298,186,3,1,0,13,1
Poison,nan,9,0,0,0,64,28,16,24,21,27,256,0.19201705125777002,2.6210397819920352,272,4.2506443246958305,2882,226,3,0,0,14,3
Ice,Fairy,8,0,0,0,64,16,27,14,35,38,316,0.2737718990402167,21.21363764294994,127,4.899303466327262,5143,184,4,1,0,7,3
Ground,nan,6,0,0,0,82,41,58,23,42,55,291,0.41548052855569184,16.087707764545776,241,4.190580442982199,5162,108,3,0,5,3,3
Ground,nan,2,0,0,0,38,16,32,48,51,75,239,0.5809113710018883,10.402668241242182,195,6.609167653696881,4841,111,3,1,4,14,3
Fairy,nan,4,0,0,0,57,79,75,59,73,47,262,0.703295638805634,-6.420667872486012,115,5.907243248436533,5329,174,2,1,2,14,3
Normal,Normal,8,0,0,0,130,71,105,111,102,69,544,0.8448518757984493,34.76715170213828,38,-2.829869108916988,32572,39,1,1,5,10,4
Water,Poison,5,0,1,0,93,63,80,84,109,49,561,2.777754183802781,637.9102035198324,9,83.42703546349901,32031,-1,1,2,3,4,4
Normal,nan,2,0,0,0,42,52,62,31,41,43,277,0.591718050002236,56.001266116495074,124,5.359748070960002,4802,124,4,1,3,9,1
Bug,Fairy,7,0,0,0,95,65,61,105,72,93,489,1.0146010547910804,18.117046768372788,21,4.622132751664092,27978,109,1,2,3,12,5
Normal,nan,3,1,0,0,117,54,143,126,145,102,650,3.5266611873201823,33.736959397049255,-5,5.092656640165664,13596,-24,1,0,3,12,2
Normal,Poison,4,0,0,0,107,116,100,99,94,98,466,0.880496420990161,114.8440801303565,45,80.83434873122559,5551,8,3,1,2,8,3
Dragon,Psychic,9,0,0,0,104,106,99,107,112,90,540,2.108226825799491,368.08634848726814,34,88.65055901870585,3659,51,3,2,5,9,4
Rock,Rock,2,0,0,0,82,65,110,47,93,16,315,1.7358954397118844,84.14616255636048,47,5.009757711586587,4656,45,1,1,6,5,5
Bug,nan,1,0,0,0,64,17,72,23,57,65,203,1.060664363694443,-2.3404356291681427,50,4.770677330249829,4686,114,6,0,2,15,3
Fire,Psychic,2,0,0,0,110,66,113,118,112,95,451,1.1919745584616532,22.949855071273983,45,6.121235330197506,6575,54,3,1,7,3,4
Normal,Ice,3,0,1,0,74,57,58,106,97,65,544,0.07963250734224353,33.60464353074783,-22,3.0797400859703172,31806,-5,1,1,4,11,4
Rock,Psychic,5,0,0,0,79,71,96,78,116,140,583,1.2673221156475325,314.03860879856376,71,82.6652083357481,6009,41,2,2,5,3,4
Fire,Psychic,9,0,0,0,106,76,121,51,107,87,557,1.914850442346404,356.1883329471191,36,6.428000631466677,4321,36,3,1,5,4,4
Fire,Ground,4,0,0,0,86,81,49,143,125,81,388,1.3323667597845608,84.50766100197491,38,78.33308640003852,4440,47,2,0,8,6,6
Rock,Ice,9,0,0,0,99,67,125,128,102,22,558,0.4295816360032701,93.525918086974,71,4.110952275565637,4836,-20,3,3,2,11,4
Grass,Steel,5,0,0,0,84,129,49,118,90,121,634,3.6227206160789107,70.66589758829383,55,7.29192258242396,8418,44,7,0,6,13,4
Fairy,Flying,7,0,0,0,82,41,101,45,76,46,242,0.2286340194340949,33.321171430815575,198,4.833679076941294,2772,-8,3,2,6,5,5
Grass,Dragon,9,0,0,0,58,42,43,90,57,38,327,0.6810754137968059,54.91636330170057,18,4.5464216131902955,5049,129,2,1,9,6,4
Normal,Flying,5,0,0,0,75,74,34,69,83,74,359,0.36260329205982955,9.878589182519393,231,3.848835236158599,2838,76,3,0,3,9,3
Ghost,Grass,6,0,0,0,83,52,53,78,88,110,591,0.6879802229072255,30.715781365920606,45,4.747296389964501,3961,12,1,0,-1,11,3
Psychic,Poison,1,0,0,0,103,69,38,42,100,107,644,0.39536859724771733,31.269419267628145,79,86.95670228168056,5496,129,2,1,5,8,4
Dark,Fighting,4,0,1,0,90,47,85,83,65,81,560,0.6679143388021703,3.4166179803995274,10,2.795551545037049,4984,18,1,1,7,10,3
Flying,Psychic,6,0,0,0,90,68,87,53,87,71,394,0.6526552571072759,91.51748055970498,41,5.218546145396971,4190,46,2,2,5,5,3
Fire,nan,2,0,0,0,70,86,76,87,100,63,275,1.4511764512083354,80.40523126592302,39,74.20010661874275,4748,51,3,0,0,7,4
Electric,nan,1,0,0,0,81,38,49,47,68,115,589,0.6260175642692074,27.48372646608923,244,5.482451183845786,4935,45,1,1,4,6,3
Psychic,nan,8,1,0,0,139,61,107,104,122,125,520,1.6955346042459518,35.02973643448593,-3,3.9168944101771492,36638,18,1,1,0,12,3
Psychic,Ground,3,0,0,0,49,-1,32,4,8,9,312,0.02693670633376566,-10.966424612751892,213,4.144943786435319,2764,101,4,1,7,13,3
Ground,Dragon,5,1,1,0,106,82,159,104,87,90,598,0.5696761308028193,24.856266233851308,-3,4.440174750104838,16433,-3,1,1,5,6,2
Dark,Fairy,4,0,0,0,95,75,49,37,100,78,579,0.8345854713085299,20.39997774170452,39,5.2912145431552435,8326,-6,2,2,5,8,3
Ice,Fighting,3,0,0,0,84,75,46,52,127,46,414,0.6955751062026045,301.43796145009645,45,5.845870175653308,4950,45,3,1,5,9,4
Bug,Ice,9,0,0,0,65,101,47,73,93,54,517,1.4853362796812253,98.38322372235234,49,50.53729271000872,5074,51,4,1,9,9,1
Fairy,Fairy,5,0,0,0,84,50,52,65,83,35,426,0.6890397839684916,21.98843878876713,205,5.17892350857656,4687,79,3,0,2,11,4
Bug,nan,1,0,0,0,89,115,62,101,101,94,529,1.916150019860166,107.51563082589867,43,87.5083728147058,2891,38,2,0,5,7,5
Ghost,Dragon,4,0,0,0,85,24,38,73,74,51,321,0.6875122766259958,33.408156994189355,138,4.591196525231279,4175,97,2,0,8,3,5
Normal,Grass,9,0,0,1,96,125,83,122,87,114,614,1.3817166974330934,134.4966642306479,83,6.31574954133761,5230,46,1,1,4,6,2
Normal,nan,8,0,0,0,53,50,42,45,84,92,298,0.709066580112365,68.24098377149924,38,4.306900923008245,4607,47,2,0,2,9,3
Fighting,nan,5,0,1,0,77,72,97,101,96,127,435,0.8219511858231734,12.78700199190464,1,4.238975541373261,29430,-1,1,1,2,6,4
Psychic,nan,3,1,0,0,107,72,88,123,123,80,702,3.465697819804797,23.808128825357727,12,5.166905223799166,12583,8,1,0,6,10,1
Grass,Ghost,6,0,0,0,100,99,63,77,110,50,521,1.7362561115194368,14.529914161445134,42,46.453193866970956,4639,44,2,0,5,12,3
Poison,nan,9,0,0,0,47,58,29,36,28,107,307,0.29752194233519164,10.524977302988656,123,5.303888313640193,5220,199,3,2,5,16,1
Electric,nan,1,0,0,0,83,141,51,83,106,146,507,2.2377962547827637,134.27500404797578,34,10.317760250081882,3785,44,2,0,7,9,6
Water,nan,4,0,0,0,100,57,47,74,62,102,400,0.4525725772264317,80.42768572627611,59,4.43204225537785,5044,242,3,1,-1,14,2
Bug,nan,5,0,0,0,82,27,41,48,25,59,345,0.43051047688624605,1.8028028041059496,140,5.458539523990587,5001,173,3,0,6,14,3
Steel,Dragon,4,0,0,0,82,65,99,112,95,53,610,1.585736010589719,56.847010945187705,36,-3.7136871275561356,2288,54,3,0,9,10,4
Grass,nan,3,1,0,0,113,124,82,131,46,102,608,2.762765960520228,64.82147568790222,68,89.07427571868642,2575,74,2,0,5,12,3
Electric,nan,3,0,0,0,85,41,32,38,37,58,269,0.3317298640012316,41.04452250964846,36,4.726241906220878,4887,214,3,1,7,13,3
Water,nan,2,0,0,0,82,119,46,78,96,99,594,0.7787629477667565,27.481677076339565,78,91.25762957416548,8386,108,3,0,2,11,4
Bug,Ice,2,0,0,0,107,94,106,81,130,101,452,2.1149357077554907,36.70222325778289,47,55.619463923743815,4488,40,3,0,6,4,4
Ghost,Dark,5,0,0,0,82,115,64,37,77,85,500,1.4000640819416719,83.5321559242622,45,54.18700183604319,5132,52,2,2,0,5,2
Fire,Rock,7,0,0,0,76,47,101,60,90,42,332,0.4355708030203088,24.46370813627248,130,4.466813917523307,4842,251,3,2,2,11,1
Psychic,nan,8,0,0,0,118,67,75,88,110,89,663,3.5216103284289786,960.0719188838721,-1,4.675976217935377,30092,-2,5,0,2,9,5
Fire,Psychic,9,0,0,0,89,73,84,92,95,20,650,1.461546496953424,230.60751477916682,45,8.28655147294128,4292,45,3,0,2,7,3
Ice,nan,3,0,0,0,103,96,52,49,83,147,473,2.110305918020196,121.51971595109913,41,5.80522011738378,4624,38,3,0,2,12,7
Fire,nan,2,0,0,0,51,33,88,82,76,46,502,0.2591239232843805,11.068886377996904,85,8.118370374271741,4608,48,3,0,2,15,4
Fighting,nan,1,0,0,0,88,43,72,126,119,119,488,1.4283566190056802,60.50644642064399,45,2.8395451882823854,4950,49,3,0,2,9,3
Electric,Grass,9,0,0,0,59,82,71,44,73,65,564,0.3271936929006859,37.91328754962378,66,4.733455532982535,4882,50,2,1,5,2,4
Normal,Ghost,7,0,0,0,107,131,49,109,96,106,547,0.4522892093159517,27.44557579751971,14,5.38491942558345,26794,26,3,1,9,6,4
Steel,Dragon,7,0,1,1,120,73,104,121,151,61,695,1.9043484027024355,922.6112414208819,7,6.600091013239029,27416,-11,1,2,3,10,4
Rock,Steel,7,0,0,0,64,65,58,128,83,50,562,1.6457321238500804,83.26287115365561,85,5.207172956034344,3067,43,2,0,7,13,2
Water,nan,2,0,0,0,108,30,78,80,86,45,319,0.7744779900825085,1.1461808771079074,68,2.2680035575104425,5180,112,3,0,1,8,2
Water,nan,2,0,0,0,43,59,57,82,137,64,507,0.8407393617351191,61.995189457659926,48,7.53908524554751,5954,76,4,0,4,9,3
Ground,nan,9,0,0,0,37,61,45,47,23,46,284,0.3839583261765251,19.27202205847391,220,3.9883102123794485,1985,177,4,0,0,13,3
Ground,Dragon,9,0,0,0,116,39,86,68,83,109,565,1.1730427034952355,240.50739288105876,44,4.016971628665451,7881,1,1,2,5,12,3
Poison,Steel,2,0,0,0,88,9,34,109,106,67,269,0.34092097550058975,14.592376592068005,134,5.585480968228782,3371,209,3,2,3,14,3
Grass,nan,6,0,0,0,87,99,28,44,82,111,385,0.3508339333587598,283.08132414145035,68,2.8107454507393816,3390,125,6,0,2,9,1
Rock,Flying,8,0,1,0,100,85,118,71,103,48,569,0.5893264214043831,31.473126856448737,8,3.572891304488409,30599,12,1,1,4,12,3
Psychic,Fighting,8,1,0,0,124,89,94,109,115,105,655,4.414254461749071,227.850103449443,-1,5.233283905372986,15221,-2,1,0,5,13,4
Water,Dragon,9,0,0,0,130,70,82,119,107,21,544,2.8508091091310392,9.073677220496887,-2,3.8770533259748543,28484,2,1,0,3,8,3
Dragon,Flying,6,0,0,0,111,41,36,60,79,67,532,0.654832509366674,24.213187961460058,98,5.814006036855224,5302,6,3,1,2,8,6
Psychic,nan,5,0,0,0,48,43,85,69,38,79,280,0.8141609402027039,26.694363342775645,135,4.725823674504606,8183,182,3,0,4,5,4
Fire,Fighting,2,0,0,0,115,112,122,91,68,96,474,0.4633371211213263,19.262968263959948,28,5.110959544679926,6499,211,3,1,5,4,4
Bug,nan,9,0,0,0,105,110,87,103,97,69,561,3.6323797130266233,22.570232900210616,26,5.122951772971779,6344,54,7,0,2,7,2
Rock,Poison,1,1,0,0,107,127,69,72,90,136,550,2.108718299777495,21.405675339070502,43,3.738060249408308,5054,32,2,0,5,2,5
Ice,Dragon,5,0,0,0,104,115,54,83,123,78,537,1.3748937154192307,33.66406707200837,51,5.520382176917899,4563,-1,1,1,3,12,3
Water,Poison,1,0,0,0,71,115,65,68,97,100,526,1.1674480545851007,316.83407470103896,48,86.84401866535289,4613,38,2,0,4,7,4
Water,Bug,3,0,0,0,45,77,46,64,46,73,365,0.03569468096597361,9.060181355779322,187,76.93350086221417,3192,235,3,0,4,13,3
Fighting,Grass,3,0,0,0,57,108,40,28,37,67,260,0.485004555203454,12.641014234793662,256,5.35296577593834,2573,104,3,0,9,12,3
Rock,Water,1,0,0,0,100,137,88,82,104,45,509,1.8061842488262427,348.22070826164236,41,5.9114875125607504,5289,41,2,1,5,9,4
Psychic,nan,2,0,0,0,51,36,36,33,38,48,332,0.4095372832903456,22.872151100886146,190,4.326741034552783,4753,132,2,1,2,13,3
Bug,Water,9,0,0,0,112,86,109,96,94,75,462,1.0964062775334147,121.66545983857819,41,5.014673520163194,4719,47,3,0,5,9,4
Rock,Ghost,5,0,0,0,80,118,71,80,95,100,406,1.5968060411144842,40.784295411835984,81,10.862984464991778,4405,51,2,2,5,9,3
Fire,nan,3,0,0,0,100,114,109,34,112,144,478,1.5694883389604677,225.66631810266063,36,5.881356453065452,2453,40,2,0,5,12,4
Rock,nan,8,0,0,0,247,97,96,109,92,126,586,3.39692137402671,330.397403624443,47,4.359765727781261,2865,46,2,2,2,9,4
Water,nan,2,0,0,0,105,53,99,55,113,44,452,0.6508067662943587,67.81408992830724,56,2.015883940695241,2349,44,2,1,5,9,3
Flying,nan,7,0,0,0,90,55,62,51,55,63,270,0.5701288974856104,6.760207313202185,135,4.4291750370349705,5284,39,4,1,2,6,3
Grass,nan,5,0,0,0,114,102,49,33,114,91,487,1.960679880280447,45.090348213771875,41,5.6440686989943805,5008,55,2,0,1,9,3
Normal,nan,6,0,0,0,35,59,37,40,59,40,378,0.2814395044309431,12.247741080997283,253,5.130512038922802,4859,242,3,1,5,14,3
Grass,Fire,9,0,0,0,101,108,57,93,106,83,554,1.6366835111712854,220.5435165336505,48,48.366427418689995,4871,47,3,0,4,9,4
Ground,nan,6,0,0,0,88,104,101,70,97,117,653,1.7188540417474665,160.6989927815348,52,83.55228326273031,2198,42,2,1,5,7,5
Psychic,Dragon,4,1,0,0,103,57,95,111,107,89,588,4.490556334621586,735.9346615250695,15,5.264793141199615,15494,0,1,1,0,12,3
Fire,Steel,6,0,0,0,116,67,89,50,129,73,648,1.8264597442527661,89.561785686813,39,13.914325084269993,2164,40,3,2,0,12,4
Ground,Steel,6,0,0,0,92,78,79,26,66,33,443,1.141088795676678,87.34842893581887,47,8.897242336419492,2654,45,3,1,6,4,4
Fighting,nan,1,0,0,0,89,81,105,117,98,54,497,0.6124794489138745,95.30101435957317,9,4.688128481859501,11251,36,1,1,5,10,5
Poison,nan,5,1,0,0,160,55,44,89,115,102,713,3.518496561271207,625.8968395414986,0,4.515815686807672,28871,-17,1,1,2,12,4
Steel,Steel,9,0,0,0,133,85,117,137,83,75,562,3.03001043738976,20.89369229956002,19,5.802831752510325,8116,29,2,0,5,7,4
Normal,Steel,7,0,0,1,116,86,63,123,116,39,623,2.2347448953831264,29.90637994205435,15,6.406900477092405,16107,-2,1,1,7,4,3
Psychic,nan,3,0,0,0,45,62,38,27,37,63,286,0.2860259880761182,-5.52953140107566,251,5.2639951344120535,3243,211,3,1,5,12,3
Electric,nan,3,0,0,0,105,59,89,53,90,63,470,0.39331426738246156,32.62975400290034,51,27.712829367875266,5142,46,3,0,4,12,3
Rock,Fire,6,0,0,0,115,53,88,97,143,80,609,1.0521350411514185,362.6838905833101,3,84.27923528213161,3388,35,1,1,6,9,4
Normal,nan,6,0,0,0,72,57,85,108,49,72,414,0.8121436730224483,10.599377797283712,265,4.266483437762156,3982,65,4,0,3,7,3
Fire,Normal,1,0,0,0,108,90,101,54,114,99,485,1.517204117463994,224.65107997670347,62,4.677470446120699,4439,41,3,0,6,7,7
Dark,Steel,8,0,1,0,116,62,107,70,96,48,531,0.46801636604465063,16.000695219797038,1,4.610580612388367,31193,-23,1,1,3,7,3
Ice,nan,3,1,0,0,147,107,90,94,105,54,609,0.7902539657772758,31.02052315255127,11,4.602728386388091,18008,7,1,2,2,13,3
Steel,Steel,3,1,1,0,107,93,74,127,87,93,661,2.852470890986804,1033.860798059317,7,4.384537549626408,34733,21,1,2,3,12,2
Normal,Fairy,8,0,0,0,85,61,68,56,83,95,407,1.5978276778137346,139.86538925965812,122,0.7278737841553147,4283,47,2,1,5,8,1
Psychic,nan,9,0,1,0,91,108,109,117,106,117,696,5.251519629418127,-9.116204005428942,-8,4.169603988900254,32783,-21,1,2,2,9,4
Water,Poison,5,0,0,0,213,31,44,66,73,38,204,0.5005179397403954,159.0701209150891,56,5.505755408238766,5203,252,2,0,2,4,4
Grass,nan,9,0,0,0,110,127,97,47,79,53,307,0.49771904425789354,207.15983676184234,50,25.224310062924445,1622,224,2,2,4,12,3
Fairy,nan,5,0,0,0,53,56,38,30,44,57,366,0.34649692598474946,25.376683790561188,244,5.069863446800841,4825,105,3,1,1,9,3
Dark,Flying,7,0,0,1,103,84,132,110,83,29,487,0.6788198535611212,274.7371502424892,93,4.920425989440671,4839,31,1,2,5,3,4
Bug,Dragon,1,0,0,0,78,61,74,34,38,44,407,0.6058527717758914,121.83417937746448,178,5.10971619092151,4620,257,2,1,8,4,3
Electric,nan,5,0,0,0,102,57,52,59,99,125,446,3.3812800289609615,70.09313924336837,-14,4.317228622806381,28011,87,1,2,2,13,3
Rock,Fairy,6,0,0,0,112,31,66,96,113,69,498,0.46239711507916814,35.9846787799989,79,-1.1503643824938736,5097,122,3,0,6,9,4
Rock,Psychic,9,0,1,1,81,57,92,45,76,39,581,4.374910439281666,80.16498916558865,33,5.238134090457468,4506,108,6,2,2,9,3
Electric,Flying,9,1,0,0,111,86,50,23,57,61,598,0.6475403596895699,8.538005927644058,12,5.5458343386251965,4901,133,1,1,2,12,3
Water,Dragon,4,0,0,0,51,61,60,69,104,80,563,1.7233784446707452,16.670524081807365,48,4.889509368180348,4852,44,3,1,4,7,4
Psychic,Poison,4,0,0,0,94,57,130,45,94,41,618,0.722379609556095,10.801028429622184,10,6.041946018942691,8114,-2,3,2,2,13,2
Ground,nan,2,0,0,0,76,54,45,43,48,54,280,1.1864993148239957,7.795492427486447,80,5.207513754048749,5056,126,4,2,0,6,3
Grass,nan,1,0,0,0,117,16,50,25,65,77,589,0.7355636751387096,26.768290318918282,83,4.3682933048675325,4629,33,2,2,3,13,7
Steel,Psychic,7,0,0,0,94,65,75,38,62,29,244,0.39025451856433335,25.970554407012216,182,4.786566959161058,3057,-20,3,1,0,14,3
Normal,nan,5,0,0,0,75,39,47,56,86,112,256,0.6914462290164952,16.56620532473567,132,6.1556850188831955,5166,101,4,0,0,13,3
Dark,Dark,4,0,0,0,54,23,27,40,60,56,296,0.5596521420062651,10.547085303993914,83,3.8799964885648484,4636,199,2,1,2,5,3
Normal,nan,2,0,0,0,45,44,52,57,43,53,267,0.46641688931416786,18.782605802905262,196,26.150538356835202,3136,173,2,2,0,12,3
Normal,nan,3,0,0,0,43,21,51,32,23,59,287,0.3527572327190065,2.668422660661962,186,3.989037496984146,4766,110,3,1,0,12,3
Normal,Rock,7,0,0,0,136,73,61,58,24,45,336,0.48023918801295473,26.66196896636346,206,5.810931299780389,1202,113,4,1,9,4,1
Electric,Psychic,7,0,1,0,93,66,61,84,79,82,538,5.567611309287671,15.4489755843306,-10,5.258052084334823,33585,-11,1,1,3,10,2
Bug,Psychic,2,0,0,0,57,62,70,71,46,47,300,0.42817549942132227,9.963379596981369,68,29.221196822664798,2295,121,6,1,3,13,4
Poison,Poison,3,0,0,0,77,57,126,50,45,77,526,1.250741855698881,26.358820972538503,49,6.119365292838487,28544,50,3,1,9,8,2
Grass,Flying,1,0,0,0,156,72,128,23,26,69,474,1.0395575570052942,158.50574740886498,43,6.175996157034132,7266,40,3,1,3,3,4
Rock,nan,7,1,0,0,106,79,94,128,114,126,569,4.8577042066685365,44.13307950559756,-8,3.868970072980873,35785,-29,1,0,3,6,3
Electric,Dark,4,0,0,0,68,87,79,61,142,104,542,0.847499764292855,125.8832597356512,188,6.257648066539937,5170,36,2,0,4,8,3
Grass,nan,9,0,0,0,91,22,71,58,95,113,535,2.968384738947465,204.21410233044213,131,4.994114138805869,4653,48,1,0,3,11,4
Flying,nan,1,0,0,0,75,39,44,44,96,113,542,1.76444571776155,227.85592549880397,46,4.1300626619531124,4904,48,2,0,5,9,4
Ghost,Flying,1,0,0,0,90,99,71,67,124,109,415,1.6806396357422302,320.30278315307737,46,9.18636048128999,2256,52,2,2,7,6,3
Water,nan,5,0,0,0,116,88,73,49,72,73,620,1.4709087726850534,18.563262557076982,43,42.630697728994306,4912,97,2,0,9,10,3
Rock,Dragon,7,0,0,1,124,151,78,122,120,68,670,2.901704486317753,29.468141878858365,17,6.121169650626514,32392,-8,1,1,10,3,2
Steel,nan,9,0,0,0,77,123,68,119,89,102,646,0.3364818376225995,28.548419088709025,36,77.2756862476623,12275,43,2,0,3,9,4
Bug,nan,3,0,0,0,40,24,45,37,42,39,234,0.20362398363365847,12.822037157945669,244,4.6750980856602515,4844,241,3,2,4,5,3
Steel,Flying,2,0,0,0,106,95,98,103,108,90,511,1.2067454832448974,23.01153190581156,48,5.275650189627571,7473,54,3,1,5,6,4
Fighting,Fighting,7,0,0,0,125,36,51,52,56,51,471,0.7157758569791294,16.441394860537265,88,9.729491183471474,4756,97,3,1,2,12,3
Steel,Flying,9,1,0,0,119,56,36,52,82,83,541,0.607489883874404,34.98524404761606,21,6.246243796025135,11366,-9,1,1,0,5,4
Grass,nan,5,0,0,0,59,33,36,11,24,53,264,1.3063487360399682,9.410785107855277,231,15.829363471319398,4632,120,4,0,5,15,3
Normal,nan,1,0,0,0,104,82,22,97,106,101,443,1.159589010379455,323.9302361184996,32,7.4839400568863015,5840,51,3,0,2,10,4
Grass,Water,5,0,0,0,144,113,80,36,72,91,447,1.1728038929502806,631.4324736116298,45,4.515633865656497,9416,130,3,1,6,5,4
Water,nan,5,0,0,0,84,93,90,34,71,79,233,1.109491034020957,23.61420701285441,52,4.853715652951196,5399,193,3,0,0,9,3
Normal,Bug,6,0,0,0,71,54,47,24,46,55,258,1.7349988653410064,23.719607613543474,188,9.614774760108304,1474,193,3,2,2,7,4
Bug,Steel,5,0,0,0,123,124,38,74,46,57,570,0.9193278169231631,12.561148369291942,45,4.545187770408006,3663,-9,1,0,6,13,4
Water,Ground,4,0,0,0,100,62,106,139,101,104,366,17.870520586774596,47.25088645648434,16,83.56727513660796,7539,1,1,1,3,11,4
Water,nan,2,0,0,0,75,61,66,43,94,112,270,1.5630684152072571,18.750963718999316,231,7.961137123232609,8432,110,3,1,2,12,3
Electric,nan,1,0,0,0,86,80,155,138,108,119,565,0.6098411435880227,15.651428688559003,83,3.6025776092057065,4988,-34,1,1,9,14,5
Bug,nan,5,0,0,0,85,70,31,59,59,53,626,0.7848405736722203,2.207483603585235,58,4.837068017187854,4970,15,4,1,0,14,2
Water,Ice,5,0,0,0,102,71,105,96,92,123,493,1.4530237835074085,286.2522816692558,45,52.866527011177254,6748,37,3,1,5,7,4
Ground,Poison,4,0,0,0,54,76,81,45,69,50,292,0.4639414394887469,39.62798718207451,185,5.563609994102482,4020,106,3,1,5,9,4
Rock,Rock,1,0,0,0,106,98,16,43,97,64,424,1.7804629126550189,104.33188465509252,47,2.889711796054335,3726,53,3,0,5,9,3
Rock,nan,9,0,0,0,136,51,67,95,89,56,627,1.6956602505547542,78.166402418429,51,5.332314396075376,2560,116,2,1,6,9,5
Poison,nan,2,0,0,0,83,44,66,57,108,85,273,1.716618897570242,104.34707930016862,33,80.88573826960769,4791,116,3,0,2,7,3
Bug,nan,6,0,0,0,45,43,49,55,52,60,292,0.645917971603462,76.16174224515242,78,5.408905066552861,5530,92,3,0,0,13,4
Fire,nan,4,0,0,0,92,62,57,109,83,92,671,1.6496799761937728,242.75771194893852,47,93.05185111666893,7586,44,3,0,7,7,4
Fighting,Flying,5,0,0,0,64,92,63,47,46,70,397,0.7618550037423731,21.620635057309478,236,4.0985319660359,5284,187,4,1,3,9,1
Poison,nan,3,0,0,0,70,50,89,24,99,90,330,0.4468978074904091,34.740575744739424,73,13.103464734644565,2940,116,3,1,4,9,3
Normal,nan,9,0,0,0,108,79,54,101,88,69,519,0.4238780025810471,17.794000259421143,121,3.6456292400438395,1669,-18,4,0,5,7,3
Ghost,nan,3,1,0,0,75,64,48,31,125,102,622,2.1740591166613115,216.2227069143119,1,5.563775126182338,3452,24,2,2,3,9,3
Poison,Fighting,8,0,0,0,121,129,45,143,121,103,619,3.7415296849779516,109.73244743253207,52,5.062950351182725,8287,-8,3,2,2,7,3
Normal,nan,8,0,0,0,55,51,27,54,47,68,315,0.47162211161514545,5.216883020015857,204,4.7980386011232055,4583,110,3,0,2,12,1
Psychic,nan,5,0,0,0,53,38,87,37,45,29,322,0.3908807776910457,-15.635294479650481,135,4.986004735113847,5139,113,2,0,0,7,3
Steel,Flying,3,1,0,0,145,138,71,47,114,102,656,1.876346379091569,376.46053344304477,-17,6.808184423496288,16012,-1,1,2,2,5,7
Ice,Dark,3,0,0,0,133,77,84,40,41,103,455,0.42521774905325105,24.82465003613536,87,4.5203189007158855,3529,190,2,1,4,11,2
Water,nan,3,0,0,0,49,42,12,22,42,29,327,0.26913297678225345,-1.0733137972645626,194,5.256732032629296,4622,170,2,0,0,14,3
Water,nan,9,0,0,0,94,55,62,43,93,72,600,1.9963618845177202,12.320148736911593,41,6.995263754654294,2316,38,3,3,6,9,3
