id,name,hp,attack,defense,sp_attack,sp_defense,speed,base_stats,normal_weakness,fire_weakness,water_weakness,electric_weakness,grass_weakness,ice_weakness,fighting_weakness,poison_weakness,ground_weakness,flying_weakness,psychic_weakness,bug_weakness,rock_weakness,ghost_weakness,dragon_weakness,dark_weakness,steel_weakness,fairy_weakness,height_inches,height_meters,weight_pounds,weight_kilograms,capturing_rate,gender_male_ratio,egg_steps,egg_cycles,abilities,type_1,type_2,classification_info,forms,gen,is_legendary,is_mythical,is_ultra_beast,number_immune,number_not_effective,number_normal,number_super_effective,has_forms,abilities_count,base_stats_calc,base_stats_diff
1,Bulbasaur,45,49,49,65,65,45,318,1.0,2.0,0.5,0.5,0.25,2.0,0.5,1.0,1.0,2.0,2.0,1.0,1.0,1.0,1.0,1.0,1.0,0.5,204,0.7,15.2,6.9,45,88.1,5120,45,Chlorophyll; Overgrow,Grass,Poison,Seed,,1,0,0,0,0,5,9,4,0,2,318,0
2,Ivysaur,60,62,63,80,80,60,405,1.0,2.0,0.5,0.5,0.25,2.0,0.5,1.0,1.0,2.0,2.0,1.0,1.0,1.0,1.0,1.0,1.0,0.5,303,1.0,28.7,13.0,45,88.1,5120,45,Chlorophyll; Overgrow,Grass,Poison,Seed,,1,0,0,0,0,5,9,4,0,2,405,0
3,Venusaur,80,82,83,100,100,80,525,1.0,2.0,0.5,0.5,0.25,2.0,0.5,1.0,1.0,2.0,2.0,1.0,1.0,1.0,1.0,1.0,1.0,0.5,607,2.0,220.5,100.0,45,88.1,5120,45,Chlorophyll; Overgrow,Grass,Poison,Seed,Mega Venusaur,1,0,0,0,0,5,9,4,1,2,525,0
4,Charmander,39,52,43,60,50,65,309,1.0,0.5,2.0,1.0,0.5,0.5,1.0,1.0,2.0,1.0,1.0,0.5,2.0,1.0,1.0,1.0,0.5,0.5,200,0.6,18.7,8.5,45,88.1,5120,45,Blaze; Solar Power,Fire,None,Lizard,,1,0,0,0,0,6,9,3,0,2,309,0
5,Charmeleon,58,64,58,80,65,80,405,1.0,0.5,2.0,1.0,0.5,0.5,1.0,1.0,2.0,1.0,1.0,0.5,2.0,1.0,1.0,1.0,0.5,0.5,307,1.1,41.9,19.0,45,88.1,5120,45,Blaze; Solar Power,Fire,None,Flame,,1,0,0,0,0,6,9,3,0,2,405,0
6,Charizard,78,84,78,109,85,100,534,1.0,0.5,2.0,2.0,0.25,1.0,0.5,1.0,0.0,1.0,1.0,0.25,4.0,1.0,1.0,1.0,0.5,0.5,507,1.7,199.5,90.5,45,88.1,5120,45,Blaze; Solar Power,Fire,Flying,Flame,Mega Charizard X; Mega Charizard Y,1,0,0,0,1,6,8,3,1,2,534,0
7,Squirtle,44,48,65,50,64,43,314,1.0,0.5,0.5,2.0,2.0,0.5,1.0,1.0,1.0,1.0,1.0,1.0,1.0,1.0,1.0,1.0,0.5,1.0,108,0.5,19.8,9.0,45,88.1,5120,45,Rain Dish; Torrent,Water,None,Tiny Turtle,,1,0,0,0,0,4,12,2,0,2,314,0
8,Wartortle,59,63,80,65,80,58,405,1.0,0.5,0.5,2.0,2.0,0.5,1.0,1.0,1.0,1.0,1.0,1.0,1.0,1.0,1.0,1.0,0.5,1.0,303,1.0,49.6,22.5,45,88.1,5120,45,Rain Dish; Torrent,Water,None,Turtle,,1,0,0,0,0,4,12,2,0,2,405,0
9,Blastoise,79,83,100,85,105,78,530,1.0,0.5,0.5,2.0,2.0,0.5,1.0,1.0,1.0,1.0,1.0,1.0,1.0,1.0,1.0,1.0,0.5,1.0,503,1.6,188.5,85.5,45,88.1,5120,45,Rain Dish; Torrent,Water,None,Shellfish,Mega Blastoise,1,0,0,0,0,4,12,2,1,2,530,0
10,Caterpie,45,30,35,20,20,45,195,1.0,2.0,1.0,1.0,0.5,1.0,0.5,1.0,0.5,2.0,1.0,1.0,2.0,1.0,1.0,1.0,1.0,1.0,100,0.3,6.4,2.9,255,5.0,3840,255,Available; Run Away; Shield Dust,Bug,None,Worm,,1,0,0,0,0,3,12,3,0,3,195,0
11,Metapod,50,20,55,25,25,30,205,1.0,2.0,1.0,1.0,0.5,1.0,0.5,1.0,0.5,2.0,1.0,1.0,2.0,1.0,1.0,1.0,1.0,1.0,204,0.7,21.8,9.9,120,5.0,3840,120,Shed Skin,Bug,None,Cocoon,,1,0,0,0,0,3,12,3,0,1,205,0
12,Butterfree,60,45,50,90,80,70,395,1.0,2.0,1.0,2.0,0.25,2.0,0.25,1.0,0.0,2.0,1.0,0.5,4.0,1.0,1.0,1.0,1.0,1.0,307,1.1,70.5,32.0,45,5.0,3840,45,Available; Compound Eyes; Tinted Lens,Bug,Flying,Butterfly,,1,0,0,0,1,3,9,5,0,3,395,0
13,Weedle,40,35,30,20,20,50,195,1.0,2.0,1.0,1.0,0.25,1.0,0.25,0.5,1.0,2.0,2.0,0.5,2.0,1.0,1.0,1.0,1.0,0.5,100,0.3,7.1,3.2,255,5.0,3840,255,Run Away; Shield Dust,Bug,Poison,Hairy Bug,,1,0,0,0,0,5,9,4,0,2,195,0
14,Kakuna,45,25,50,25,25,35,205,1.0,2.0,1.0,1.0,0.25,1.0,0.25,0.5,1.0,2.0,2.0,0.5,2.0,1.0,1.0,1.0,1.0,0.5,200,0.6,22.0,10.0,120,5.0,3840,120,Shed Skin,Bug,Poison,Cocoon,,1,0,0,0,0,5,9,4,0,1,205,0
15,Beedrill,65,90,40,45,80,75,395,1.0,2.0,1.0,1.0,0.25,1.0,0.25,0.5,1.0,2.0,2.0,0.5,2.0,1.0,1.0,1.0,1.0,0.5,303,1.0,65.0,29.5,45,5.0,3840,45,Sniper; Swarm,Bug,Poison,Poison Bee,Mega Beedrill,1,0,0,0,0,5,9,4,1,2,395,0
16,Pidgey,40,45,40,35,35,56,251,1.0,1.0,1.0,2.0,0.5,2.0,1.0,1.0,0.0,1.0,1.0,0.5,2.0,0.0,1.0,1.0,1.0,1.0,100,0.3,4.0,1.8,255,5.0,3840,255,Big Pecks; Keen Eye; Tangled Feet,Normal,Flying,Tiny Bird,,1,0,0,0,2,2,11,3,0,3,251,0
17,Pidgeotto,63,60,55,50,50,71,349,1.0,1.0,1.0,2.0,0.5,2.0,1.0,1.0,0.0,1.0,1.0,0.5,2.0,0.0,1.0,1.0,1.0,1.0,307,1.1,66.1,30.0,120,5.0,3840,120,Big Pecks; Keen Eye; Tangled Feet,Normal,Flying,Bird,,1,0,0,0,2,2,11,3,0,3,349,0
18,Pidgeot,83,80,75,70,70,101,479,1.0,1.0,1.0,2.0,0.5,2.0,1.0,1.0,0.0,1.0,1.0,0.5,2.0,0.0,1.0,1.0,1.0,1.0,411,1.5,87.1,39.5,45,5.0,3840,45,Big Pecks; Keen Eye; Tangled Feet,Normal,Flying,Bird,Mega Pidgeot,1,0,0,0,2,2,11,3,1,3,479,0
19,Rattata,30,56,35,25,35,72,253,1.0,1.0,1.0,1.0,1.0,1.0,2.0,1.0,1.0,1.0,1.0,1.0,1.0,0.0,1.0,1.0,1.0,1.0,12,0.3,7.7,3.5,255,5.0,3840,255,Alola Form; Alola Form Abilities; Available; Gluttony; Guts; Hidden; Hustle; Run Away; Thick Fat,Normal,None,Mouse,Alolan Rattata,1,0,0,0,1,0,16,1,1,9,253,0
20,Raticate,55,81,60,50,70,97,413,1.0,1.0,1.0,1.0,1.0,1.0,2.0,1.0,1.0,1.0,1.0,1.0,1.0,0.0,1.0,1.0,1.0,1.0,28,0.7,40.8,18.5,127,5.0,3840,127,Alola Form; Alola Form Abilities; Available; Gluttony; Guts; Hidden; Hustle; Run Away; Thick Fat,Normal,None,Mouse,Alolan Raticate,1,0,0,0,1,0,16,1,1,9,413,0
21,Spearow,40,60,30,31,31,70,262,1.0,1.0,1.0,2.0,0.5,2.0,1.0,1.0,0.0,1.0,1.0,0.5,2.0,0.0,1.0,1.0,1.0,1.0,100,0.3,4.4,2.0,255,5.0,3840,255,Available; Keen Eye; Sniper,Normal,Flying,Tiny Bird,,1,0,0,0,2,2,11,3,0,3,262,0
22,Fearow,65,90,65,61,61,100,442,1.0,1.0,1.0,2.0,0.5,2.0,1.0,1.0,0.0,1.0,1.0,0.5,2.0,0.0,1.0,1.0,1.0,1.0,311,1.2,83.8,38.0,90,5.0,3840,90,Available; Keen Eye; Sniper,Normal,Flying,Beak,,1,0,0,0,2,2,11,3,0,3,442,0
23,Ekans,35,60,44,40,54,55,288,1.0,1.0,1.0,1.0,0.5,1.0,0.5,0.5,2.0,1.0,2.0,0.5,1.0,1.0,1.0,1.0,1.0,0.5,607,2.0,15.2,6.9,255,5.0,5120,255,Intimidate; Shed Skin; Unnerve,Poison,None,Snake,,1,0,0,0,0,5,11,2,0,3,288,0
24,Arbok,60,95,69,65,79,80,448,1.0,1.0,1.0,1.0,0.5,1.0,0.5,0.5,2.0,1.0,2.0,0.5,1.0,1.0,1.0,1.0,1.0,0.5,1106,3.5,143.3,65.0,90,5.0,5120,90,Intimidate; Shed Skin; Unnerve,Poison,None,Cobra,,1,0,0,0,0,5,11,2,0,3,448,0
25,Pikachu,35,55,40,50,50,90,320,1.0,1.0,1.0,0.5,1.0,1.0,1.0,1.0,2.0,0.5,1.0,1.0,1.0,1.0,1.0,1.0,0.5,1.0,104,0.4,13.2,6.0,190,5.0,2560,190,Available; Lightning Rod; Static,Electric,None,Mouse,Partner Pikachu,1,0,0,0,0,3,14,1,1,3,320,0
26,Raichu,60,90,55,90,80,110,485,1.0,1.0,1.0,0.5,1.0,1.0,1.0,1.0,2.0,0.5,1.0,1.0,1.0,1.0,1.0,1.0,0.5,1.0,31,28.0,46.3,21.0,75,5.0,2560,75,Alola Form; Alola Form Abilities; Hidden; Lightning Rod; Static; Surge Surfer,Electric,None,Mouse,Alolan Raichu,1,0,0,0,0,3,14,1,1,6,485,0
27,Sandshrew,50,75,85,20,30,40,300,1.0,1.0,2.0,0.0,2.0,2.0,1.0,0.5,1.0,1.0,1.0,1.0,0.5,1.0,1.0,1.0,1.0,1.0,24,0.6,26.5,12.0,255,5.0,5120,255,Alola Form; Alola Form Abilities; Available; Hidden; Sand Rush; Sand Veil; Slush Rush; Snow Cloak,Ground,None,Mouse,Alolan Sandshrew,1,0,0,0,1,2,12,3,1,8,300,0
28,Sandslash,75,100,110,45,55,65,450,1.0,1.0,2.0,0.0,2.0,2.0,1.0,0.5,1.0,1.0,1.0,1.0,0.5,1.0,1.0,1.0,1.0,1.0,39,1.0,65.0,29.5,90,5.0,5120,90,Alola Form; Alola Form Abilities; Available; Hidden; Sand Rush; Sand Veil; Slush Rush; Snow Cloak,Ground,None,Mouse,Alolan Sandslash,1,0,0,0,1,2,12,3,1,8,450,0
29,Nidoran-m,55,47,52,40,40,41,275,1.0,1.0,1.0,1.0,0.5,1.0,0.5,0.5,2.0,1.0,2.0,0.5,1.0,1.0,1.0,1.0,1.0,0.5,104,0.4,15.4,7.0,235,0.0,5120,235,Hustle; Poison Point; Rivalry,Poison,None,Poison Pin,,1,0,0,0,0,5,11,2,0,3,275,0
30,Nidorina,70,62,67,55,55,56,365,1.0,1.0,1.0,1.0,0.5,1.0,0.5,0.5,2.0,1.0,2.0,0.5,1.0,1.0,1.0,1.0,1.0,0.5,207,0.8,44.1,20.0,120,0.0,5120,120,Hustle; Poison Point; Rivalry,Poison,None,Poison Pin,,1,0,0,0,0,5,11,2,0,3,365,0
31,Nidoqueen,90,92,87,75,85,76,505,1.0,1.0,2.0,0.0,1.0,2.0,0.5,0.25,2.0,1.0,2.0,0.5,0.5,1.0,1.0,1.0,1.0,0.5,403,1.3,132.3,60.0,45,0.0,5120,45,Poison Point; Rivalry; Sheer Force,Poison,Ground,Drill,,1,0,0,0,1,5,8,4,0,3,505,0
32,Nidoran-f,46,57,40,40,40,50,273,1.0,1.0,1.0,1.0,0.5,1.0,0.5,0.5,2.0,1.0,2.0,0.5,1.0,1.0,1.0,1.0,1.0,0.5,108,0.5,19.8,9.0,235,10.0,5120,235,Hustle; Poison Point; Rivalry,Poison,None,Poison Pin,,1,0,0,0,0,5,11,2,0,3,273,0
33,Nidorino,61,72,57,55,55,65,365,1.0,1.0,1.0,1.0,0.5,1.0,0.5,0.5,2.0,1.0,2.0,0.5,1.0,1.0,1.0,1.0,1.0,0.5,211,0.9,43.0,19.5,120,10.0,5120,120,Hustle; Poison Point; Rivalry,Poison,None,Poison Pin,,1,0,0,0,0,5,11,2,0,3,365,0
34,Nidoking,81,102,77,85,75,85,505,1.0,1.0,2.0,0.0,1.0,2.0,0.5,0.25,2.0,1.0,2.0,0.5,0.5,1.0,1.0,1.0,1.0,0.5,407,1.4,136.7,62.0,45,10.0,5120,45,Poison Point; Rivalry; Sheer Force,Poison,Ground,Drill,,1,0,0,0,1,5,8,4,0,3,505,0
35,Clefairy,70,45,48,60,65,35,323,1.0,1.0,1.0,1.0,1.0,1.0,0.5,2.0,1.0,1.0,1.0,0.5,1.0,1.0,0.0,0.5,2.0,1.0,200,0.6,16.5,7.5,150,24.6,2560,150,Available; Cute Charm; Friend Guard; Magic Guard,Fairy,None,Fairy,,1,0,0,0,1,3,12,2,0,4,323,0
36,Clefable,95,70,73,95,90,60,483,1.0,1.0,1.0,1.0,1.0,1.0,0.5,2.0,1.0,1.0,1.0,0.5,1.0,1.0,0.0,0.5,2.0,1.0,403,1.3,88.2,40.0,25,24.6,2560,25,Available; Cute Charm; Magic Guard; Unaware,Fairy,None,Fairy,,1,0,0,0,1,3,12,2,0,4,483,0
37,Vulpix,38,41,40,50,65,65,299,1.0,0.5,2.0,1.0,0.5,0.5,1.0,1.0,2.0,1.0,1.0,0.5,2.0,1.0,1.0,1.0,0.5,0.5,24,0.6,21.8,9.9,190,24.6,5120,190,Alola Form; Alola Form Abilities; Available; Drought; Flash Fire; Hidden; Snow Cloak; Snow Warning,Fire,None,Fox,Alolan Vulpix,1,0,0,0,0,6,9,3,1,8,299,0
38,Ninetales,73,76,75,81,100,100,505,1.0,0.5,2.0,1.0,0.5,0.5,1.0,1.0,2.0,1.0,1.0,0.5,2.0,1.0,1.0,1.0,0.5,0.5,43,1.1,43.9,19.9,75,24.6,5120,75,Alola Form; Alola Form Abilities; Available; Drought; Flash Fire; Hidden; Snow Cloak; Snow Warning,Fire,None,Fox,Alolan Ninetales,1,0,0,0,0,6,9,3,1,8,505,0
39,Jigglypuff,115,45,20,45,25,20,270,1.0,1.0,1.0,1.0,1.0,1.0,1.0,2.0,1.0,1.0,1.0,0.5,1.0,0.0,0.0,0.5,2.0,1.0,108,0.5,12.1,5.5,170,24.6,2560,170,Available; Competitive; Cute Charm; Friend Guard,Normal,Fairy,Balloon,,1,0,0,0,2,2,12,2,0,4,270,0
40,Wigglytuff,140,70,45,85,50,45,435,1.0,1.0,1.0,1.0,1.0,1.0,1.0,2.0,1.0,1.0,1.0,0.5,1.0,0.0,0.0,0.5,2.0,1.0,303,1.0,26.5,12.0,50,24.6,2560,50,Available; Competitive; Cute Charm; Frisk,Normal,Fairy,Balloon,,1,0,0,0,2,2,12,2,0,4,435,0
41,Zubat,40,45,35,30,40,55,245,1.0,1.0,1.0,2.0,0.25,2.0,0.25,0.5,0.0,1.0,2.0,0.25,2.0,1.0,1.0,1.0,1.0,0.5,207,0.8,16.5,7.5,255,5.0,3840,255,Available; Infiltrator; Inner Focus,Poison,Flying,Bat,,1,0,0,0,1,5,8,4,0,3,245,0
42,Golbat,75,80,70,65,75,90,455,1.0,1.0,1.0,2.0,0.25,2.0,0.25,0.5,0.0,1.0,2.0,0.25,2.0,1.0,1.0,1.0,1.0,0.5,503,1.6,121.3,55.0,90,5.0,3840,90,Available; Infiltrator; Inner Focus,Poison,Flying,Bat,,1,0,0,0,1,5,8,4,0,3,455,0
43,Oddish,45,50,55,75,65,30,320,1.0,2.0,0.5,0.5,0.25,2.0,0.5,1.0,1.0,2.0,2.0,1.0,1.0,1.0,1.0,1.0,1.0,0.5,108,0.5,11.9,5.4,255,5.0,5120,255,Chlorophyll; Run Away,Grass,Poison,Weed,,1,0,0,0,0,5,9,4,0,2,320,0
44,Gloom,60,65,70,85,75,40,395,1.0,2.0,0.5,0.5,0.25,2.0,0.5,1.0,1.0,2.0,2.0,1.0,1.0,1.0,1.0,1.0,1.0,0.5,207,0.8,19.0,8.6,120,5.0,5120,120,Chlorophyll; Stench,Grass,Poison,Weed,,1,0,0,0,0,5,9,4,0,2,395,0
45,Vileplume,75,80,85,110,90,50,490,1.0,2.0,0.5,0.5,0.25,2.0,0.5,1.0,1.0,2.0,2.0,1.0,1.0,1.0,1.0,1.0,1.0,0.5,311,1.2,41.0,18.6,45,5.0,5120,45,Chlorophyll; Effect Spore,Grass,Poison,Flower,,1,0,0,0,0,5,9,4,0,2,490,0
46,Paras,35,70,55,45,55,25,285,1.0,4.0,0.5,0.5,0.25,2.0,0.5,2.0,0.25,4.0,1.0,2.0,2.0,1.0,1.0,1.0,1.0,1.0,100,0.3,11.9,5.4,190,5.0,5120,190,Available; Damp; Dry Skin; Effect Spore,Bug,Grass,Mushroom,,1,0,0,0,0,5,7,6,0,4,285,0
47,Parasect,60,95,80,60,80,30,405,1.0,4.0,0.5,0.5,0.25,2.0,0.5,2.0,0.25,4.0,1.0,2.0,2.0,1.0,1.0,1.0,1.0,1.0,303,1.0,65.0,29.5,75,5.0,5120,75,Available; Damp; Dry Skin; Effect Spore,Bug,Grass,Mushroom,,1,0,0,0,0,5,7,6,0,4,405,0
48,Venonat,60,55,50,40,55,45,305,1.0,2.0,1.0,1.0,0.25,1.0,0.25,0.5,1.0,2.0,2.0,0.5,2.0,1.0,1.0,1.0,1.0,0.5,303,1.0,66.1,30.0,190,5.0,5120,190,Compound Eyes; Run Away; Tinted Lens,Bug,Poison,Insect,,1,0,0,0,0,5,9,4,0,3,305,0
49,Venomoth,70,65,60,90,75,90,450,1.0,2.0,1.0,1.0,0.25,1.0,0.25,0.5,1.0,2.0,2.0,0.5,2.0,1.0,1.0,1.0,1.0,0.5,411,1.5,27.6,12.5,75,5.0,5120,75,Shield Dust; Tinted Lens; Wonder Skin,Bug,Poison,Poison Moth,,1,0,0,0,0,5,9,4,0,3,450,0
50,Diglett,10,55,25,35,45,95,265,1.0,1.0,2.0,0.0,2.0,2.0,1.0,0.5,1.0,1.0,1.0,1.0,0.5,1.0,1.0,1.0,1.0,1.0,8,0.2,1.8,0.8,255,5.0,5120,255,Alola Form; Alola Form Abilities; Arena Trap; Available; Hidden; Sand Force; Sand Veil; Tangling Hair,Ground,None,Mole,Alolan Diglett,1,0,0,0,1,2,12,3,1,8,265,0
51,Dugtrio,35,100,50,50,70,120,425,1.0,1.0,2.0,0.0,2.0,2.0,1.0,0.5,1.0,1.0,1.0,1.0,0.5,1.0,1.0,1.0,1.0,1.0,28,0.7,73.4,33.3,50,5.0,5120,50,Alola Form; Alola Form Abilities; Arena Trap; Available; Hidden; Sand Force; Sand Veil; Tangling Hair,Ground,None,Mole,Alolan Dugtrio,1,0,0,0,1,2,12,3,1,8,425,0
52,Meowth,40,45,35,40,40,90,290,1.0,1.0,1.0,1.0,1.0,1.0,2.0,1.0,1.0,1.0,1.0,1.0,1.0,0.0,1.0,1.0,1.0,1.0,16,0.4,9.3,4.2,255,5.0,5120,255,Alola Form; Alola Form Abilities; Available; Hidden; Pickup; Rattled; Technician; Unnerve,Normal,None,Scratch Cat,Alolan Meowth; Galarian Meowth,1,0,0,0,1,0,16,1,1,8,290,0
53,Persian,65,70,60,65,65,115,440,1.0,1.0,1.0,1.0,1.0,1.0,2.0,1.0,1.0,1.0,1.0,1.0,1.0,0.0,1.0,1.0,1.0,1.0,39,1.0,70.5,32.0,90,5.0,5120,90,Alola Form; Alola Form Abilities; Available; Fur Coat; Hidden; Limber; Rattled; Technician; Unnerve,Normal,None,Classy Cat,Alolan Persian,1,0,0,0,1,0,16,1,1,9,440,0
54,Psyduck,50,52,48,65,50,55,320,1.0,0.5,0.5,2.0,2.0,0.5,1.0,1.0,1.0,1.0,1.0,1.0,1.0,1.0,1.0,1.0,0.5,1.0,207,0.8,43.2,19.6,190,5.0,5120,190,Available; Cloud Nine; Damp; Swift Swim,Water,None,Duck,,1,0,0,0,0,4,12,2,0,4,320,0
55,Golduck,80,82,78,95,80,85,500,1.0,0.5,0.5,2.0,2.0,0.5,1.0,1.0,1.0,1.0,1.0,1.0,1.0,1.0,1.0,1.0,0.5,1.0,507,1.7,168.9,76.6,75,5.0,5120,75,Available; Cloud Nine; Damp; Swift Swim,Water,None,Duck,,1,0,0,0,0,4,12,2,0,4,500,0
56,Mankey,40,80,35,35,45,70,305,1.0,1.0,1.0,1.0,1.0,1.0,1.0,1.0,1.0,2.0,2.0,0.5,0.5,1.0,1.0,0.5,1.0,2.0,108,0.5,61.7,28.0,190,5.0,5120,190,Anger Point; Available; Defiant; Vital Spirit,Fighting,None,Pig Monkey,,1,0,0,0,0,3,12,3,0,4,305,0
57,Primeape,65,105,60,60,70,95,455,1.0,1.0,1.0,1.0,1.0,1.0,1.0,1.0,1.0,2.0,2.0,0.5,0.5,1.0,1.0,0.5,1.0,2.0,303,1.0,70.5,32.0,75,5.0,5120,75,Anger Point; Available; Defiant; Vital Spirit,Fighting,None,Pig Monkey,,1,0,0,0,0,3,12,3,0,4,455,0
58,Growlithe,55,70,45,70,50,60,350,1.0,0.5,2.0,1.0,0.5,0.5,1.0,1.0,2.0,1.0,1.0,0.5,2.0,1.0,1.0,1.0,0.5,0.5,204,0.7,41.9,19.0,190,75.4,5120,190,Available; Flash Fire; Intimidate; Justified,Fire,None,Puppy,Hisuian Growlithe,1,0,0,0,0,6,9,3,1,4,350,0
59,Arcanine,90,110,80,100,80,95,555,1.0,0.5,2.0,1.0,0.5,0.5,1.0,1.0,2.0,1.0,1.0,0.5,2.0,1.0,1.0,1.0,0.5,0.5,603,1.9,341.7,155.0,75,75.4,5120,75,Available; Flash Fire; Intimidate; Justified,Fire,None,Legendary,Hisuian Arcanine,1,0,0,0,0,6,9,3,1,4,555,0
60,Poliwag,40,50,40,40,40,90,300,1.0,0.5,0.5,2.0,2.0,0.5,1.0,1.0,1.0,1.0,1.0,1.0,1.0,1.0,1.0,1.0,0.5,1.0,200,0.6,27.3,12.4,255,5.0,5120,255,Available; Damp; Swift Swim; Water Absorb,Water,None,Tadpole,,1,0,0,0,0,4,12,2,0,4,300,0
61,Poliwhirl,65,65,65,50,50,90,385,1.0,0.5,0.5,2.0,2.0,0.5,1.0,1.0,1.0,1.0,1.0,1.0,1.0,1.0,1.0,1.0,0.5,1.0,303,1.0,44.1,20.0,120,5.0,5120,120,Available; Damp; Swift Swim; Water Absorb,Water,None,Tadpole,,1,0,0,0,0,4,12,2,0,4,385,0
62,Poliwrath,90,95,95,70,90,70,510,1.0,0.5,0.5,2.0,2.0,0.5,1.0,1.0,1.0,2.0,2.0,0.5,0.5,1.0,1.0,0.5,0.5,2.0,403,1.3,119.0,54.0,45,5.0,5120,45,Available; Damp; Swift Swim; Water Absorb,Water,Fighting,Tadpole,,1,0,0,0,0,7,6,5,0,4,510,0
63,Abra,25,20,15,105,55,90,310,1.0,1.0,1.0,1.0,1.0,1.0,0.5,1.0,1.0,1.0,0.5,2.0,1.0,2.0,1.0,2.0,1.0,1.0,211,0.9,43.0,19.5,200,75.4,5120,200,Available; Inner Focus; Magic Guard; Synchronize,Psychic,None,Psi,,1,0,0,0,0,2,13,3,0,4,310,0
64,Kadabra,40,35,30,120,70,105,400,1.0,1.0,1.0,1.0,1.0,1.0,0.5,1.0,1.0,1.0,0.5,2.0,1.0,2.0,1.0,2.0,1.0,1.0,403,1.3,124.6,56.5,100,75.4,5120,100,Available; Inner Focus; Magic Guard; Synchronize,Psychic,None,Psi,,1,0,0,0,0,2,13,3,0,4,400,0
65,Alakazam,55,50,45,135,95,120,500,1.0,1.0,1.0,1.0,1.0,1.0,0.5,1.0,1.0,1.0,0.5,2.0,1.0,2.0,1.0,2.0,1.0,1.0,411,1.5,105.8,48.0,50,75.4,5120,50,Available; Inner Focus; Magic Guard; Synchronize,Psychic,None,Psi,Mega Alakazam,1,0,0,0,0,2,13,3,1,4,500,0
66,Machop,70,80,50,35,35,35,305,1.0,1.0,1.0,1.0,1.0,1.0,1.0,1.0,1.0,2.0,2.0,0.5,0.5,1.0,1.0,0.5,1.0,2.0,207,0.8,43.0,19.5,180,75.4,5120,180,Available; Guts; No Guard; Steadfast,Fighting,None,Superpower,,1,0,0,0,0,3,12,3,0,4,305,0
67,Machoke,80,100,70,50,60,45,405,1.0,1.0,1.0,1.0,1.0,1.0,1.0,1.0,1.0,2.0,2.0,0.5,0.5,1.0,1.0,0.5,1.0,2.0,411,1.5,155.4,70.5,90,75.4,5120,90,Available; Guts; No Guard; Steadfast,Fighting,None,Superpower,,1,0,0,0,0,3,12,3,0,4,405,0
68,Machamp,90,130,80,65,85,55,505,1.0,1.0,1.0,1.0,1.0,1.0,1.0,1.0,1.0,2.0,2.0,0.5,0.5,1.0,1.0,0.5,1.0,2.0,503,1.6,286.6,130.0,45,75.4,5120,45,Available; Guts; No Guard; Steadfast,Fighting,None,Superpower,,1,0,0,0,0,3,12,3,0,4,505,0
69,Bellsprout,50,75,35,70,30,40,300,1.0,2.0,0.5,0.5,0.25,2.0,0.5,1.0,1.0,2.0,2.0,1.0,1.0,1.0,1.0,1.0,1.0,0.5,204,0.7,8.8,4.0,255,5.0,5120,255,Chlorophyll; Gluttony,Grass,Poison,Flower,,1,0,0,0,0,5,9,4,0,2,300,0
70,Weepinbell,65,90,50,85,45,55,390,1.0,2.0,0.5,0.5,0.25,2.0,0.5,1.0,1.0,2.0,2.0,1.0,1.0,1.0,1.0,1.0,1.0,0.5,303,1.0,14.1,6.4,120,5.0,5120,120,Chlorophyll; Gluttony,Grass,Poison,Flycatcher,,1,0,0,0,0,5,9,4,0,2,390,0
71,Victreebel,80,105,65,100,70,70,490,1.0,2.0,0.5,0.5,0.25,2.0,0.5,1.0,1.0,2.0,2.0,1.0,1.0,1.0,1.0,1.0,1.0,0.5,507,1.7,34.2,15.5,45,5.0,5120,45,Chlorophyll; Gluttony,Grass,Poison,Flycatcher,,1,0,0,0,0,5,9,4,0,2,490,0
72,Tentacool,40,40,35,50,100,70,335,1.0,0.5,0.5,2.0,1.0,0.5,0.5,0.5,2.0,1.0,2.0,0.5,1.0,1.0,1.0,1.0,0.5,0.5,211,0.9,100.3,45.5,190,5.0,5120,190,Available; Clear Body; Liquid Ooze; Rain Dish,Water,Poison,Jellyfish,,1,0,0,0,0,8,7,3,0,4,335,0
73,Tentacruel,80,70,65,80,120,100,515,1.0,0.5,0.5,2.0,1.0,0.5,0.5,0.5,2.0,1.0,2.0,0.5,1.0,1.0,1.0,1.0,0.5,0.5,503,1.6,121.3,55.0,60,5.0,5120,60,Available; Clear Body; Liquid Ooze; Rain Dish,Water,Poison,Jellyfish,,1,0,0,0,0,8,7,3,0,4,515,0
74,Geodude,40,80,100,30,30,20,300,0.5,0.5,4.0,0.0,4.0,2.0,2.0,0.25,2.0,0.5,1.0,1.0,0.5,1.0,1.0,1.0,2.0,1.0,16,0.4,44.1,20.0,255,5.0,3840,255,Alola Form; Alola Form Abilities; Available; Galvanize; Hidden; Magnet Pull; Rock Head; Sand Veil; Sturdy,Rock,Ground,Rock,Alolan Geodude,1,0,0,0,1,5,6,6,1,9,300,0
75,Graveler,55,95,115,45,45,35,390,0.5,0.5,4.0,0.0,4.0,2.0,2.0,0.25,2.0,0.5,1.0,1.0,0.5,1.0,1.0,1.0,2.0,1.0,39,1.0,231.5,105.0,120,5.0,3840,120,Alola Form; Alola Form Abilities; Available; Galvanize; Hidden; Magnet Pull; Rock Head; Sand Veil; Sturdy,Rock,Ground,Rock,Alolan Graveler,1,0,0,0,1,5,6,6,1,9,390,0
76,Golem,80,120,130,55,65,45,495,0.5,0.5,4.0,0.0,4.0,2.0,2.0,0.25,2.0,0.5,1.0,1.0,0.5,1.0,1.0,1.0,2.0,1.0,55,1.4,661.4,300.0,45,5.0,3840,45,Alola Form; Alola Form Abilities; Available; Galvanize; Hidden; Magnet Pull; Rock Head; Sand Veil; Sturdy,Rock,Ground,Megaton,Alolan Golem,1,0,0,0,1,5,6,6,1,9,495,0
77,Ponyta,50,85,55,65,65,90,410,1.0,0.5,2.0,1.0,0.5,0.5,1.0,1.0,2.0,1.0,1.0,0.5,2.0,1.0,1.0,1.0,0.5,0.5,303,1.0,66.1,30.0,190,5.0,5120,190,Flame Body; Flash Fire; Run Away,Fire,None,Fire Horse,Galarian Ponyta,1,0,0,0,0,6,9,3,1,3,410,0
78,Rapidash,65,100,70,80,80,105,500,1.0,0.5,2.0,1.0,0.5,0.5,1.0,1.0,2.0,1.0,1.0,0.5,2.0,1.0,1.0,1.0,0.5,0.5,507,1.7,209.4,95.0,60,5.0,5120,60,Flame Body; Flash Fire; Run Away,Fire,None,Fire Horse,Galarian Rapidash,1,0,0,0,0,6,9,3,1,3,500,0
79,Slowpoke,90,65,65,40,40,15,315,1.0,0.5,0.5,2.0,2.0,0.5,0.5,1.0,1.0,1.0,0.5,2.0,1.0,2.0,1.0,2.0,0.5,1.0,311,1.2,79.4,36.0,190,5.0,5120,190,Available; Oblivious; Own Tempo; Regenerator,Water,Psychic,Dopey,Galarian Slowpoke,1,0,0,0,0,6,7,5,1,4,315,0
80,Slowbro,95,75,110,100,80,30,490,1.0,0.5,0.5,2.0,2.0,0.5,0.5,1.0,1.0,1.0,0.5,2.0,1.0,2.0,1.0,2.0,0.5,1.0,503,1.6,173.1,78.5,75,5.0,5120,75,Available; Oblivious; Own Tempo; Regenerator,Water,Psychic,Hermit Crab,Mega Slowbro; Galarian Slowbro,1,0,0,0,0,6,7,5,1,4,490,0
81,Magnemite,25,35,70,95,55,45,325,0.5,2.0,1.0,0.5,0.5,0.5,2.0,0.0,4.0,0.25,0.5,0.5,0.5,1.0,0.5,1.0,0.25,0.5,100,0.3,13.2,6.0,190,5.0,5120,190,Analytic; Available; Magnet Pull; Sturdy,Electric,Steel,Magnet,,1,0,0,0,1,11,3,3,0,4,325,0
82,Magneton,50,60,95,120,70,70,465,0.5,2.0,1.0,0.5,0.5,0.5,2.0,0.0,4.0,0.25,0.5,0.5,0.5,1.0,0.5,1.0,0.25,0.5,303,1.0,132.3,60.0,60,5.0,5120,60,Analytic; Available; Magnet Pull; Sturdy,Electric,Steel,Magnet,,1,0,0,0,1,11,3,3,0,4,465,0
83,Farfetchd,52,90,55,58,62,60,377,1.0,1.0,1.0,2.0,0.5,2.0,1.0,1.0,0.0,1.0,1.0,0.5,2.0,0.0,1.0,1.0,1.0,1.0,207,0.8,33.1,15.0,45,5.0,5120,45,Defiant; Inner Focus; Keen Eye,Normal,Flying,Wild Duck,Galarian Farfetch'd,1,0,0,0,2,2,11,3,1,3,377,0
84,Doduo,35,85,45,35,35,75,310,1.0,1.0,1.0,2.0,0.5,2.0,1.0,1.0,0.0,1.0,1.0,0.5,2.0,0.0,1.0,1.0,1.0,1.0,407,1.4,86.4,39.2,190,5.0,5120,190,Early Bird; Run Away; Tangled Feet,Normal,Flying,Twin Bird,,1,0,0,0,2,2,11,3,0,3,310,0
85,Dodrio,60,110,70,60,60,110,470,1.0,1.0,1.0,2.0,0.5,2.0,1.0,1.0,0.0,1.0,1.0,0.5,2.0,0.0,1.0,1.0,1.0,1.0,511,1.8,187.8,85.2,45,5.0,5120,45,Early Bird; Run Away; Tangled Feet,Normal,Flying,Triple Bird,,1,0,0,0,2,2,11,3,0,3,470,0
86,Seel,65,45,55,45,70,45,325,1.0,0.5,0.5,2.0,2.0,0.5,1.0,1.0,1.0,1.0,1.0,1.0,1.0,1.0,1.0,1.0,0.5,1.0,307,1.1,198.4,90.0,190,5.0,5120,190,Hydration; Ice Body; Thick Fat,Water,None,Sea Lion,,1,0,0,0,0,4,12,2,0,3,325,0
87,Dewgong,90,70,80,70,95,70,475,1.0,1.0,0.5,2.0,2.0,0.25,2.0,1.0,1.0,1.0,1.0,1.0,2.0,1.0,1.0,1.0,1.0,1.0,507,1.7,264.6,120.0,75,5.0,5120,75,Hydration; Ice Body; Thick Fat,Water,Ice,Sea Lion,,1,0,0,0,0,2,12,4,0,3,475,0
88,Grimer,80,80,50,40,50,25,325,1.0,1.0,1.0,1.0,0.5,1.0,0.5,0.5,2.0,1.0,2.0,0.5,1.0,1.0,1.0,1.0,1.0,0.5,35,0.9,66.1,30.0,190,5.0,5120,190,Alola Form; Alola Form Abilities; Available; Gluttony; Hidden; Poison Touch; Stench; Sticky Hold,Poison,None,Sludge,Alolan Grimer,1,0,0,0,0,5,11,2,1,8,325,0
89,Muk,105,105,75,65,100,50,500,1.0,1.0,1.0,1.0,0.5,1.0,0.5,0.5,2.0,1.0,2.0,0.5,1.0,1.0,1.0,1.0,1.0,0.5,39,1.0,66.1,30.0,75,5.0,5120,75,Alola Form; Alola Form Abilities; Available; Gluttony; Hidden; Poison Touch; Stench; Sticky Hold,Poison,None,Sludge,Alolan Muk,1,0,0,0,0,5,11,2,1,8,500,0
90,Shellder,30,65,100,45,25,40,305,1.0,0.5,0.5,2.0,2.0,0.5,1.0,1.0,1.0,1.0,1.0,1.0,1.0,1.0,1.0,1.0,0.5,1.0,100,0.3,8.8,4.0,190,5.0,5120,190,Available; Overcoat; Shell Armor; Skill Link,Water,None,Bivalve,,1,0,0,0,0,4,12,2,0,4,305,0
91,Cloyster,50,95,180,85,45,70,525,1.0,1.0,0.5,2.0,2.0,0.25,2.0,1.0,1.0,1.0,1.0,1.0,2.0,1.0,1.0,1.0,1.0,1.0,411,1.5,292.1,132.5,60,5.0,5120,60,Available; Overcoat; Shell Armor; Skill Link,Water,Ice,Bivalve,,1,0,0,0,0,2,12,4,0,4,525,0
92,Gastly,30,35,30,100,35,80,310,0.0,1.0,1.0,1.0,0.5,1.0,0.0,0.25,2.0,1.0,2.0,0.25,1.0,2.0,1.0,2.0,1.0,0.5,403,1.3,0.2,0.1,190,5.0,5120,190,Levitate,Ghost,Poison,Gas,,1,0,0,0,2,4,8,4,0,1,310,0
93,Haunter,45,50,45,115,55,95,405,0.0,1.0,1.0,1.0,0.5,1.0,0.0,0.25,2.0,1.0,2.0,0.25,1.0,2.0,1.0,2.0,1.0,0.5,503,1.6,0.2,0.1,90,5.0,5120,90,Levitate,Ghost,Poison,Gas,,1,0,0,0,2,4,8,4,0,1,405,0
94,Gengar,60,65,60,130,75,110,500,0.0,1.0,1.0,1.0,0.5,1.0,0.0,0.25,2.0,1.0,2.0,0.25,1.0,2.0,1.0,2.0,1.0,0.5,411,1.5,89.3,40.5,45,5.0,5120,45,Cursed Body,Ghost,Poison,Shadow,Mega Gengar,1,0,0,0,2,4,8,4,1,1,500,0
95,Onix,35,45,160,30,45,70,385,0.5,0.5,4.0,0.0,4.0,2.0,2.0,0.25,2.0,0.5,1.0,1.0,0.5,1.0,1.0,1.0,2.0,1.0,2810,8.8,463.0,210.0,45,5.0,6400,45,Rock Head; Sturdy; Weak Armor,Rock,Ground,Rock Snake,,1,0,0,0,1,5,6,6,0,3,385,0
96,Drowzee,60,48,45,43,90,42,328,1.0,1.0,1.0,1.0,1.0,1.0,0.5,1.0,1.0,1.0,0.5,2.0,1.0,2.0,1.0,2.0,1.0,1.0,303,1.0,71.4,32.4,190,5.0,5120,190,Available; Forewarn; Inner Focus; Insomnia,Psychic,None,Hypnosis,,1,0,0,0,0,2,13,3,0,4,328,0
97,Hypno,85,73,70,73,115,67,483,1.0,1.0,1.0,1.0,1.0,1.0,0.5,1.0,1.0,1.0,0.5,2.0,1.0,2.0,1.0,2.0,1.0,1.0,503,1.6,166.7,75.6,75,5.0,5120,75,Available; Forewarn; Inner Focus; Insomnia,Psychic,None,Hypnosis,,1,0,0,0,0,2,13,3,0,4,483,0
98,Krabby,30,105,90,25,25,50,325,1.0,0.5,0.5,2.0,2.0,0.5,1.0,1.0,1.0,1.0,1.0,1.0,1.0,1.0,1.0,1.0,0.5,1.0,104,0.4,14.3,6.5,225,5.0,5120,225,Hyper Cutter; Sheer Force; Shell Armor,Water,None,River Crab,,1,0,0,0,0,4,12,2,0,3,325,0
99,Kingler,55,130,115,50,50,75,475,1.0,0.5,0.5,2.0,2.0,0.5,1.0,1.0,1.0,1.0,1.0,1.0,1.0,1.0,1.0,1.0,0.5,1.0,403,1.3,132.3,60.0,60,5.0,5120,60,Hyper Cutter; Sheer Force; Shell Armor,Water,None,Pincer,,1,0,0,0,0,4,12,2,0,3,475,0
100,Voltorb,40,30,50,55,55,100,330,1.0,1.0,1.0,0.5,1.0,1.0,1.0,1.0,2.0,0.5,1.0,1.0,1.0,1.0,1.0,1.0,0.5,1.0,108,0.5,22.9,10.4,190,5.0,5120,190,Aftermath; Soundproof; Static,Electric,None,Ball,Hisuian Voltorb,1,0,0,0,0,3,14,1,1,3,330,0
101,Electrode,60,50,70,80,80,150,490,1.0,1.0,1.0,0.5,1.0,1.0,1.0,1.0,2.0,0.5,1.0,1.0,1.0,1.0,1.0,1.0,0.5,1.0,311,1.2,146.8,66.6,60,5.0,5120,60,Aftermath; Soundproof; Static,Electric,None,Ball,Hisuian Electrode,1,0,0,0,0,3,14,1,1,3,490,0
102,Exeggcute,60,40,80,60,45,40,325,1.0,2.0,0.5,0.5,0.5,2.0,0.5,2.0,0.5,2.0,0.5,4.0,1.0,2.0,1.0,2.0,1.0,1.0,104,0.4,5.5,2.5,90,5.0,5120,90,Available; Chlorophyll; Harvest,Grass,Psychic,Egg,,1,0,0,0,0,6,5,7,0,3,325,0
103,Exeggutor,95,95,85,125,75,55,530,1.0,2.0,0.5,0.5,0.5,2.0,0.5,2.0,0.5,2.0,0.5,4.0,1.0,2.0,1.0,2.0,1.0,1.0,79,2.0,264.6,120.0,45,5.0,5120,45,Alola Form; Alola Form Abilities; Available; Chlorophyll; Frisk; Harvest; Hidden,Grass,Psychic,Coconut,Alolan Exeggutor,1,0,0,0,0,6,5,7,1,7,530,0
104,Cubone,50,50,95,40,50,35,320,1.0,1.0,2.0,0.0,2.0,2.0,1.0,0.5,1.0,1.0,1.0,1.0,0.5,1.0,1.0,1.0,1.0,1.0,104,0.4,14.3,6.5,190,5.0,5120,190,Available; Battle Armor; Lightning Rod; Rock Head,Ground,None,Lonely,,1,0,0,0,1,2,12,3,0,4,320,0
105,Marowak,60,80,110,50,80,45,425,1.0,1.0,2.0,0.0,2.0,2.0,1.0,0.5,1.0,1.0,1.0,1.0,0.5,1.0,1.0,1.0,1.0,1.0,39,1.0,75.0,34.0,75,5.0,5120,75,Alola Form; Alola Form Abilities; Available; Battle Armor; Cursed Body; Hidden; Lightning Rod; Rock Head,Ground,None,Bone Keeper,Alolan Marowak,1,0,0,0,1,2,12,3,1,8,425,0
106,Hitmonlee,50,120,53,35,110,87,455,1.0,1.0,1.0,1.0,1.0,1.0,1.0,1.0,1.0,2.0,2.0,0.5,0.5,1.0,1.0,0.5,1.0,2.0,411,1.5,109.8,49.8,45,10.0,6400,45,Limber; Reckless; Unburden,Fighting,None,Kicking,,1,0,0,0,0,3,12,3,0,3,455,0
107,Hitmonchan,50,105,79,35,110,76,455,1.0,1.0,1.0,1.0,1.0,1.0,1.0,1.0,1.0,2.0,2.0,0.5,0.5,1.0,1.0,0.5,1.0,2.0,407,1.4,110.7,50.2,45,10.0,6400,45,Inner Focus; Iron Fist; Keen Eye,Fighting,None,Punching,,1,0,0,0,0,3,12,3,0,3,455,0
108,Lickitung,90,55,75,60,75,30,385,1.0,1.0,1.0,1.0,1.0,1.0,2.0,1.0,1.0,1.0,1.0,1.0,1.0,0.0,1.0,1.0,1.0,1.0,311,1.2,144.4,65.5,45,5.0,5120,45,Cloud Nine; Oblivious; Own Tempo,Normal,None,Licking,,1,0,0,0,1,0,16,1,0,3,385,0
109,Koffing,40,65,95,60,45,35,340,1.0,1.0,1.0,1.0,0.5,1.0,0.5,0.5,2.0,1.0,2.0,0.5,1.0,1.0,1.0,1.0,1.0,0.5,200,0.6,2.2,1.0,190,5.0,5120,190,Levitate,Poison,None,Poison Gas,,1,0,0,0,0,5,11,2,0,1,340,0
110,Weezing,65,90,120,85,70,60,490,1.0,1.0,1.0,1.0,0.5,1.0,0.5,0.5,2.0,1.0,2.0,0.5,1.0,1.0,1.0,1.0,1.0,0.5,311,1.2,20.9,9.5,60,5.0,5120,60,Levitate,Poison,None,Poison Gas,Galarian Weezing,1,0,0,0,0,5,11,2,1,1,490,0
111,Rhyhorn,80,85,95,30,30,25,345,0.5,0.5,4.0,0.0,4.0,2.0,2.0,0.25,2.0,0.5,1.0,1.0,0.5,1.0,1.0,1.0,2.0,1.0,303,1.0,253.5,115.0,120,5.0,5120,120,Lightning Rod; Reckless; Rock Head,Ground,Rock,Spikes,,1,0,0,0,1,5,6,6,0,3,345,0
112,Rhydon,105,130,120,45,45,40,485,0.5,0.5,4.0,0.0,4.0,2.0,2.0,0.25,2.0,0.5,1.0,1.0,0.5,1.0,1.0,1.0,2.0,1.0,603,1.9,264.6,120.0,60,5.0,5120,60,Lightning Rod; Reckless; Rock Head,Ground,Rock,Drill,,1,0,0,0,1,5,6,6,0,3,485,0
113,Chansey,250,5,5,35,105,50,450,1.0,1.0,1.0,1.0,1.0,1.0,2.0,1.0,1.0,1.0,1.0,1.0,1.0,0.0,1.0,1.0,1.0,1.0,307,1.1,76.3,34.6,30,0.0,10240,30,Available; Healer; Natural Cure; Serene Grace,Normal,None,Egg,,1,0,0,0,1,0,16,1,0,4,450,0
114,Tangela,65,55,115,100,40,60,435,1.0,2.0,0.5,0.5,0.5,2.0,1.0,2.0,0.5,2.0,1.0,2.0,1.0,1.0,1.0,1.0,1.0,1.0,303,1.0,77.2,35.0,45,5.0,5120,45,Chlorophyll; Leaf Guard; Regenerator,Grass,None,Vine,,1,0,0,0,0,4,9,5,0,3,435,0
115,Kangaskhan,105,95,80,40,80,90,490,1.0,1.0,1.0,1.0,1.0,1.0,2.0,1.0,1.0,1.0,1.0,1.0,1.0,0.0,1.0,1.0,1.0,1.0,703,2.2,176.4,80.0,45,0.0,5120,45,Available; Early Bird; Inner Focus; Scrappy,Normal,None,Parent,Mega Kangaskhan,1,0,0,0,1,0,16,1,1,4,490,0
116,Horsea,30,40,70,70,25,60,295,1.0,0.5,0.5,2.0,2.0,0.5,1.0,1.0,1.0,1.0,1.0,1.0,1.0,1.0,1.0,1.0,0.5,1.0,104,0.4,17.6,8.0,225,5.0,5120,225,Damp; Sniper; Swift Swim,Water,None,Dragon,,1,0,0,0,0,4,12,2,0,3,295,0
117,Seadra,55,65,95,95,45,85,440,1.0,0.5,0.5,2.0,2.0,0.5,1.0,1.0,1.0,1.0,1.0,1.0,1.0,1.0,1.0,1.0,0.5,1.0,311,1.2,55.1,25.0,75,5.0,5120,75,Damp; Poison Point; Sniper,Water,None,Dragon,,1,0,0,0,0,4,12,2,0,3,440,0
118,Goldeen,45,67,60,35,50,63,320,1.0,0.5,0.5,2.0,2.0,0.5,1.0,1.0,1.0,1.0,1.0,1.0,1.0,1.0,1.0,1.0,0.5,1.0,200,0.6,33.1,15.0,225,5.0,5120,225,Available; Lightning Rod; Swift Swim; Water Veil,Water,None,Goldfish,,1,0,0,0,0,4,12,2,0,4,320,0
119,Seaking,80,92,65,65,80,68,450,1.0,0.5,0.5,2.0,2.0,0.5,1.0,1.0,1.0,1.0,1.0,1.0,1.0,1.0,1.0,1.0,0.5,1.0,403,1.3,86.0,39.0,60,5.0,5120,60,Available; Lightning Rod; Swift Swim; Water Veil,Water,None,Goldfish,,1,0,0,0,0,4,12,2,0,4,450,0
120,Staryu,30,45,55,70,55,85,340,1.0,0.5,0.5,2.0,2.0,0.5,1.0,1.0,1.0,1.0,1.0,1.0,1.0,1.0,1.0,1.0,0.5,1.0,207,0.8,76.1,34.5,225,5.0,5120,225,Analytic; Available; Illuminate; Natural Cure,Water,None,Starshape,,1,0,0,0,0,4,12,2,0,4,340,0
121,Starmie,60,75,85,100,85,115,520,1.0,0.5,0.5,2.0,2.0,0.5,0.5,1.0,1.0,1.0,0.5,2.0,1.0,2.0,1.0,2.0,0.5,1.0,307,1.1,176.4,80.0,60,5.0,5120,60,Analytic; Available; Illuminate; Natural Cure,Water,Psychic,Mysterious,,1,0,0,0,0,6,7,5,0,4,520,0
122,Mr-mime,40,45,65,100,120,90,460,1.0,1.0,1.0,1.0,1.0,1.0,0.25,2.0,1.0,1.0,0.5,1.0,1.0,2.0,0.0,1.0,2.0,1.0,403,1.3,120.2,54.5,45,5.0,6400,45,Filter; Soundproof; Technician,Psychic,Fairy,Barrier,Galarian Mr. Mime,1,0,0,0,1,2,12,3,1,3,460,0
123,Scyther,70,110,80,55,80,105,500,1.0,2.0,1.0,2.0,0.25,2.0,0.25,1.0,0.0,2.0,1.0,0.5,4.0,1.0,1.0,1.0,1.0,1.0,411,1.5,123.5,56.0,45,5.0,6400,45,Available; Steadfast; Swarm; Technician,Bug,Flying,Mantis,,1,0,0,0,1,3,9,5,0,4,500,0
124,Jynx,65,50,35,115,95,95,455,1.0,2.0,1.0,1.0,1.0,0.5,1.0,1.0,1.0,1.0,0.5,2.0,2.0,2.0,1.0,2.0,2.0,1.0,407,1.4,89.5,40.6,45,0.0,6400,45,Dry Skin; Forewarn; Oblivious,Ice,Psychic,Humanshape,,1,0,0,0,0,2,10,6,0,3,455,0
125,Electabuzz,65,83,57,95,85,105,490,1.0,1.0,1.0,0.5,1.0,1.0,1.0,1.0,2.0,0.5,1.0,1.0,1.0,1.0,1.0,1.0,0.5,1.0,307,1.1,66.1,30.0,45,75.4,6400,45,Available; Static; Vital Spirit,Electric,None,Electric,,1,0,0,0,0,3,14,1,0,3,490,0
126,Magmar,65,95,57,100,85,93,495,1.0,0.5,2.0,1.0,0.5,0.5,1.0,1.0,2.0,1.0,1.0,0.5,2.0,1.0,1.0,1.0,0.5,0.5,403,1.3,98.1,44.5,45,75.4,6400,45,Available; Flame Body; Vital Spirit,Fire,None,Spitfire,,1,0,0,0,0,6,9,3,0,3,495,0
127,Pinsir,65,125,100,55,70,85,500,1.0,2.0,1.0,1.0,0.5,1.0,0.5,1.0,0.5,2.0,1.0,1.0,2.0,1.0,1.0,1.0,1.0,1.0,411,1.5,121.3,55.0,45,5.0,6400,45,Available; Hyper Cutter; Mold Breaker; Moxie,Bug,None,Stagbeetle,Mega Pinsir,1,0,0,0,0,3,12,3,1,4,500,0
128,Tauros,75,100,95,40,70,110,490,1.0,1.0,1.0,1.0,1.0,1.0,2.0,1.0,1.0,1.0,1.0,1.0,1.0,0.0,1.0,1.0,1.0,1.0,407,1.4,194.9,88.4,45,10.0,5120,45,Anger Point; Available; Intimidate; Sheer Force,Normal,None,Wild Bull,Combat Breed; Blaze Breed; Aqua Breed,1,0,0,0,1,0,16,1,1,4,490,0
129,Magikarp,20,10,55,15,20,80,200,1.0,0.5,0.5,2.0,2.0,0.5,1.0,1.0,1.0,1.0,1.0,1.0,1.0,1.0,1.0,1.0,0.5,1.0,211,0.9,22.0,10.0,255,5.0,1280,255,Available; Rattled; Swift Swim,Water,None,Fish,,1,0,0,0,0,4,12,2,0,3,200,0
130,Gyarados,95,125,79,60,100,81,540,1.0,0.5,0.5,4.0,1.0,1.0,0.5,1.0,0.0,1.0,1.0,0.5,2.0,1.0,1.0,1.0,0.5,1.0,2104,6.5,518.1,235.0,45,5.0,1280,45,Available; Intimidate; Moxie,Water,Flying,Atrocious,Mega Gyarados,1,0,0,0,1,5,10,2,1,3,540,0
131,Lapras,130,85,80,85,95,60,535,1.0,1.0,0.5,2.0,2.0,0.25,2.0,1.0,1.0,1.0,1.0,1.0,2.0,1.0,1.0,1.0,1.0,1.0,802,2.5,485.0,220.0,45,5.0,10240,45,Available; Hydration; Shell Armor; Water Absorb,Water,Ice,Transport,,1,0,0,0,0,2,12,4,0,4,535,0
132,Ditto,48,48,48,48,48,48,288,1.0,1.0,1.0,1.0,1.0,1.0,2.0,1.0,1.0,1.0,1.0,1.0,1.0,0.0,1.0,1.0,1.0,1.0,100,0.3,8.8,4.0,35,5.0,5120,35,Available; Imposter; Limber,Normal,None,Transform,,1,0,0,0,1,0,16,1,0,3,288,0
133,Eevee,55,55,50,45,65,55,325,1.0,1.0,1.0,1.0,1.0,1.0,2.0,1.0,1.0,1.0,1.0,1.0,1.0,0.0,1.0,1.0,1.0,1.0,100,0.3,14.3,6.5,45,88.1,8960,45,Adaptability; Anticipation; Available; Run Away,Normal,None,Evolution,Partner Eevee,1,0,0,0,1,0,16,1,1,4,325,0
134,Vaporeon,130,65,60,110,95,65,525,1.0,0.5,0.5,2.0,2.0,0.5,1.0,1.0,1.0,1.0,1.0,1.0,1.0,1.0,1.0,1.0,0.5,1.0,303,1.0,63.9,29.0,45,88.1,8960,45,Available; Hydration; Water Absorb,Water,None,Bubble Jet,,1,0,0,0,0,4,12,2,0,3,525,0
135,Jolteon,65,65,60,110,95,130,525,1.0,1.0,1.0,0.5,1.0,1.0,1.0,1.0,2.0,0.5,1.0,1.0,1.0,1.0,1.0,1.0,0.5,1.0,207,0.8,54.0,24.5,45,88.1,8960,45,Available; Quick Feet; Volt Absorb,Electric,None,Lightning,,1,0,0,0,0,3,14,1,0,3,525,0
136,Flareon,65,130,60,95,110,65,525,1.0,0.5,2.0,1.0,0.5,0.5,1.0,1.0,2.0,1.0,1.0,0.5,2.0,1.0,1.0,1.0,0.5,0.5,211,0.9,55.1,25.0,45,88.1,8960,45,Available; Flash Fire; Guts,Fire,None,Flame,,1,0,0,0,0,6,9,3,0,3,525,0
137,Porygon,65,60,70,85,75,40,395,1.0,1.0,1.0,1.0,1.0,1.0,2.0,1.0,1.0,1.0,1.0,1.0,1.0,0.0,1.0,1.0,1.0,1.0,207,0.8,80.5,36.5,45,5.0,5120,45,Analytic; Download; Trace,Normal,None,Virtual,,1,0,0,0,1,0,16,1,0,3,395,0
138,Omanyte,35,40,100,90,55,35,355,0.5,0.25,1.0,2.0,4.0,0.5,2.0,0.5,2.0,0.5,1.0,1.0,1.0,1.0,1.0,1.0,1.0,1.0,104,0.4,16.5,7.5,45,88.1,7680,45,Shell Armor; Swift Swim; Weak Armor,Rock,Water,Spiral,,1,0,0,0,0,5,9,4,0,3,355,0
139,Omastar,70,60,125,115,70,55,495,0.5,0.25,1.0,2.0,4.0,0.5,2.0,0.5,2.0,0.5,1.0,1.0,1.0,1.0,1.0,1.0,1.0,1.0,303,1.0,77.2,35.0,45,88.1,7680,45,Shell Armor; Swift Swim; Weak Armor,Rock,Water,Spiral,,1,0,0,0,0,5,9,4,0,3,495,0
140,Kabuto,30,80,90,55,45,55,355,0.5,0.25,1.0,2.0,4.0,0.5,2.0,0.5,2.0,0.5,1.0,1.0,1.0,1.0,1.0,1.0,1.0,1.0,108,0.5,25.4,11.5,45,88.1,7680,45,Battle Armor; Swift Swim; Weak Armor,Rock,Water,Shellfish,,1,0,0,0,0,5,9,4,0,3,355,0
141,Kabutops,60,115,105,65,70,80,495,0.5,0.25,1.0,2.0,4.0,0.5,2.0,0.5,2.0,0.5,1.0,1.0,1.0,1.0,1.0,1.0,1.0,1.0,403,1.3,89.3,40.5,45,88.1,7680,45,Battle Armor; Swift Swim; Weak Armor,Rock,Water,Shellfish,,1,0,0,0,0,5,9,4,0,3,495,0
142,Aerodactyl,80,105,65,60,75,130,515,0.5,0.5,2.0,2.0,1.0,2.0,1.0,0.5,0.0,0.5,1.0,0.5,2.0,1.0,1.0,1.0,2.0,1.0,511,1.8,130.1,59.0,45,88.1,8960,45,Pressure; Rock Head; Unnerve,Rock,Flying,Fossil,Mega Aerodactyl,1,0,0,0,1,5,7,5,1,3,515,0
143,Snorlax,160,110,65,65,110,30,540,1.0,1.0,1.0,1.0,1.0,1.0,2.0,1.0,1.0,1.0,1.0,1.0,1.0,0.0,1.0,1.0,1.0,1.0,611,2.1,1014.1,460.0,25,88.1,10240,25,Available; Gluttony; Immunity; Thick Fat,Normal,None,Sleeping,,1,0,0,0,1,0,16,1,0,4,540,0
144,Articuno,90,85,100,95,125,85,580,1.0,2.0,1.0,2.0,0.5,1.0,1.0,1.0,0.0,1.0,1.0,0.5,4.0,1.0,1.0,1.0,2.0,1.0,507,1.7,122.1,55.4,3,5.0,20480,3,Pressure; Snow Cloak,Ice,Flying,Freeze,Galarian Articuno,1,1,0,0,1,2,11,4,1,2,580,0
145,Zapdos,90,90,85,125,90,100,580,1.0,1.0,1.0,1.0,0.5,2.0,0.5,1.0,0.0,0.5,1.0,0.5,2.0,1.0,1.0,1.0,0.5,1.0,503,1.6,116.0,52.6,3,5.0,20480,3,Pressure; Static,Electric,Flying,Electric,Galarian Zapdos,1,1,0,0,1,5,10,2,1,2,580,0
146,Moltres,90,100,90,125,85,90,580,1.0,0.5,2.0,2.0,0.25,1.0,0.5,1.0,0.0,1.0,1.0,0.25,4.0,1.0,1.0,1.0,0.5,0.5,607,2.0,132.3,60.0,3,5.0,20480,3,Flame Body; Pressure,Fire,Flying,Flame,Galarian Moltres,1,1,0,0,1,6,8,3,1,2,580,0
147,Dratini,41,64,45,50,50,50,300,1.0,0.5,0.5,0.5,0.5,2.0,1.0,1.0,1.0,1.0,1.0,1.0,1.0,1.0,2.0,1.0,1.0,2.0,511,1.8,7.3,3.3,45,5.0,10240,45,Available; Marvel Scale; Shed Skin,Dragon,None,Dragon,,1,0,0,0,0,4,11,3,0,3,300,0
148,Dragonair,61,84,65,70,70,70,420,1.0,0.5,0.5,0.5,0.5,2.0,1.0,1.0,1.0,1.0,1.0,1.0,1.0,1.0,2.0,1.0,1.0,2.0,1301,4.0,36.4,16.5,45,5.0,10240,45,Available; Marvel Scale; Shed Skin,Dragon,None,Dragon,,1,0,0,0,0,4,11,3,0,3,420,0
149,Dragonite,91,134,95,100,100,80,600,1.0,0.5,0.5,1.0,0.25,4.0,0.5,1.0,0.0,1.0,1.0,0.5,2.0,1.0,2.0,1.0,1.0,2.0,703,2.2,463.0,210.0,45,5.0,10240,45,Available; Inner Focus; Multiscale,Dragon,Flying,Dragon,,1,0,0,0,1,5,8,4,0,3,600,0
150,Mewtwo,106,110,90,154,90,130,680,1.0,1.0,1.0,1.0,1.0,1.0,0.5,1.0,1.0,1.0,0.5,2.0,1.0,2.0,1.0,2.0,1.0,1.0,607,2.0,269.0,122.0,3,5.0,30720,3,Pressure; Unnerve,Psychic,None,Genetic,Mega Mewtwo X; Mega Mewtwo Y,1,1,0,0,0,2,13,3,1,2,680,0
151,Mew,100,100,100,100,100,100,600,1.0,1.0,1.0,1.0,1.0,1.0,0.5,1.0,1.0,1.0,0.5,2.0,1.0,2.0,1.0,2.0,1.0,1.0,104,0.4,8.8,4.0,45,5.0,30720,45,Synchronize,Psychic,None,New Species,,1,0,1,0,0,2,13,3,0,1,600,0
152,Chikorita,45,49,65,49,65,45,318,1.0,2.0,0.5,0.5,0.5,2.0,1.0,2.0,0.5,2.0,1.0,2.0,1.0,1.0,1.0,1.0,1.0,1.0,211,0.9,14.1,6.4,45,88.1,5120,45,Leaf Guard; Overgrow,Grass,None,Leaf,,2,0,0,0,0,4,9,5,0,2,318,0
153,Bayleef,60,62,80,63,80,60,405,1.0,2.0,0.5,0.5,0.5,2.0,1.0,2.0,0.5,2.0,1.0,2.0,1.0,1.0,1.0,1.0,1.0,1.0,311,1.2,34.8,15.8,45,88.1,5120,45,Leaf Guard; Overgrow,Grass,None,Leaf,,2,0,0,0,0,4,9,5,0,2,405,0
154,Meganium,80,82,100,83,100,80,525,1.0,2.0,0.5,0.5,0.5,2.0,1.0,2.0,0.5,2.0,1.0,2.0,1.0,1.0,1.0,1.0,1.0,1.0,511,1.8,221.6,100.5,45,88.1,5120,45,Leaf Guard; Overgrow,Grass,None,Herb,,2,0,0,0,0,4,9,5,0,2,525,0
155,Cyndaquil,39,52,43,60,50,65,309,1.0,0.5,2.0,1.0,0.5,0.5,1.0,1.0,2.0,1.0,1.0,0.5,2.0,1.0,1.0,1.0,0.5,0.5,108,0.5,17.4,7.9,45,88.1,5120,45,Blaze; Flash Fire,Fire,None,Fire Mouse,,2,0,0,0,0,6,9,3,0,2,309,0
156,Quilava,58,64,58,80,65,80,405,1.0,0.5,2.0,1.0,0.5,0.5,1.0,1.0,2.0,1.0,1.0,0.5,2.0,1.0,1.0,1.0,0.5,0.5,211,0.9,41.9,19.0,45,88.1,5120,45,Blaze; Flash Fire,Fire,None,Volcano,,2,0,0,0,0,6,9,3,0,2,405,0
157,Typhlosion,78,84,78,109,85,100,534,1.0,0.5,2.0,1.0,0.5,0.5,1.0,1.0,2.0,1.0,1.0,0.5,2.0,1.0,1.0,1.0,0.5,0.5,507,1.7,175.3,79.5,45,88.1,5120,45,Blaze; Flash Fire,Fire,None,Volcano,Hisuian Typhlosion,2,0,0,0,0,6,9,3,1,2,534,0
158,Totodile,50,65,64,44,48,43,314,1.0,0.5,0.5,2.0,2.0,0.5,1.0,1.0,1.0,1.0,1.0,1.0,1.0,1.0,1.0,1.0,0.5,1.0,200,0.6,20.9,9.5,45,88.1,5120,45,Sheer Force; Torrent,Water,None,Big Jaw,,2,0,0,0,0,4,12,2,0,2,314,0
159,Croconaw,65,80,80,59,63,58,405,1.0,0.5,0.5,2.0,2.0,0.5,1.0,1.0,1.0,1.0,1.0,1.0,1.0,1.0,1.0,1.0,0.5,1.0,307,1.1,55.1,25.0,45,88.1,5120,45,Sheer Force; Torrent,Water,None,Big Jaw,,2,0,0,0,0,4,12,2,0,2,405,0
160,Feraligatr,85,105,100,79,83,78,530,1.0,0.5,0.5,2.0,2.0,0.5,1.0,1.0,1.0,1.0,1.0,1.0,1.0,1.0,1.0,1.0,0.5,1.0,707,2.3,195.8,88.8,45,88.1,5120,45,Sheer Force; Torrent,Water,None,Big Jaw,,2,0,0,0,0,4,12,2,0,2,530,0
161,Sentret,35,46,34,35,45,20,215,1.0,1.0,1.0,1.0,1.0,1.0,2.0,1.0,1.0,1.0,1.0,1.0,1.0,0.0,1.0,1.0,1.0,1.0,207,0.8,13.2,6.0,255,5.0,3840,255,Frisk; Keen Eye; Run Away,Normal,None,Scout,,2,0,0,0,1,0,16,1,0,3,215,0
162,Furret,85,76,64,45,55,90,415,1.0,1.0,1.0,1.0,1.0,1.0,2.0,1.0,1.0,1.0,1.0,1.0,1.0,0.0,1.0,1.0,1.0,1.0,511,1.8,71.6,32.5,90,5.0,3840,90,Frisk; Keen Eye; Run Away,Normal,None,Long Body,,2,0,0,0,1,0,16,1,0,3,415,0
163,Hoothoot,60,30,30,36,56,50,262,1.0,1.0,1.0,2.0,0.5,2.0,1.0,1.0,0.0,1.0,1.0,0.5,2.0,0.0,1.0,1.0,1.0,1.0,204,0.7,46.7,21.2,255,5.0,3840,255,Insomnia; Keen Eye; Tinted Lens,Normal,Flying,Owl,,2,0,0,0,2,2,11,3,0,3,262,0
164,Noctowl,100,50,50,86,96,70,452,1.0,1.0,1.0,2.0,0.5,2.0,1.0,1.0,0.0,1.0,1.0,0.5,2.0,0.0,1.0,1.0,1.0,1.0,503,1.6,89.9,40.8,90,5.0,3840,90,Insomnia; Keen Eye; Tinted Lens,Normal,Flying,Owl,,2,0,0,0,2,2,11,3,0,3,452,0
165,Ledyba,40,20,30,40,80,55,265,1.0,2.0,1.0,2.0,0.25,2.0,0.25,1.0,0.0,2.0,1.0,0.5,4.0,1.0,1.0,1.0,1.0,1.0,303,1.0,23.8,10.8,255,5.0,3840,255,Available; Early Bird; Rattled; Swarm,Bug,Flying,Five Star,,2,0,0,0,1,3,9,5,0,4,265,0
166,Ledian,55,35,50,55,110,85,390,1.0,2.0,1.0,2.0,0.25,2.0,0.25,1.0,0.0,2.0,1.0,0.5,4.0,1.0,1.0,1.0,1.0,1.0,407,1.4,78.5,35.6,90,5.0,3840,90,Available; Early Bird; Iron Fist; Swarm,Bug,Flying,Five Star,,2,0,0,0,1,3,9,5,0,4,390,0
167,Spinarak,40,60,40,40,40,30,250,1.0,2.0,1.0,1.0,0.25,1.0,0.25,0.5,1.0,2.0,2.0,0.5,2.0,1.0,1.0,1.0,1.0,0.5,108,0.5,18.7,8.5,255,5.0,3840,255,Available; Insomnia; Sniper; Swarm,Bug,Poison,String Spit,,2,0,0,0,0,5,9,4,0,4,250,0
168,Ariados,70,90,70,60,70,40,400,1.0,2.0,1.0,1.0,0.25,1.0,0.25,0.5,1.0,2.0,2.0,0.5,2.0,1.0,1.0,1.0,1.0,0.5,307,1.1,73.9,33.5,90,5.0,3840,90,Available; Insomnia; Sniper; Swarm,Bug,Poison,Long Leg,,2,0,0,0,0,5,9,4,0,4,400,0
169,Crobat,85,90,80,70,80,130,535,1.0,1.0,1.0,2.0,0.25,2.0,0.25,0.5,0.0,1.0,2.0,0.25,2.0,1.0,1.0,1.0,1.0,0.5,511,1.8,165.3,75.0,90,5.0,3840,90,Available; Infiltrator; Inner Focus,Poison,Flying,Bat,,2,0,0,0,1,5,8,4,0,3,535,0
170,Chinchou,75,38,38,56,56,67,330,1.0,0.5,0.5,1.0,2.0,0.5,1.0,1.0,2.0,0.5,1.0,1.0,1.0,1.0,1.0,1.0,0.25,1.0,108,0.5,26.5,12.0,190,5.0,5120,190,Available; Illuminate; Volt Absorb; Water Absorb,Water,Electric,Angler,,2,0,0,0,0,5,11,2,0,4,330,0
171,Lanturn,125,58,58,76,76,67,460,1.0,0.5,0.5,1.0,2.0,0.5,1.0,1.0,2.0,0.5,1.0,1.0,1.0,1.0,1.0,1.0,0.25,1.0,311,1.2,49.6,22.5,75,5.0,5120,75,Available; Illuminate; Volt Absorb; Water Absorb,Water,Electric,Light,,2,0,0,0,0,5,11,2,0,4,460,0
172,Pichu,20,40,15,35,35,60,205,1.0,1.0,1.0,0.5,1.0,1.0,1.0,1.0,2.0,0.5,1.0,1.0,1.0,1.0,1.0,1.0,0.5,1.0,100,0.3,4.4,2.0,190,5.0,2560,190,Available; Lightning Rod; Static,Electric,None,Tiny Mouse,,2,0,0,0,0,3,14,1,0,3,205,0
173,Cleffa,50,25,28,45,55,15,218,1.0,1.0,1.0,1.0,1.0,1.0,0.5,2.0,1.0,1.0,1.0,0.5,1.0,1.0,0.0,0.5,2.0,1.0,100,0.3,6.6,3.0,150,24.6,2560,150,Available; Cute Charm; Friend Guard; Magic Guard,Fairy,None,Star Shape,,2,0,0,0,1,3,12,2,0,4,218,0
174,Igglybuff,90,30,15,40,20,15,210,1.0,1.0,1.0,1.0,1.0,1.0,1.0,2.0,1.0,1.0,1.0,0.5,1.0,0.0,0.0,0.5,2.0,1.0,100,0.3,2.2,1.0,170,24.6,2560,170,Available; Competitive; Cute Charm; Friend Guard,Normal,Fairy,Balloon,,2,0,0,0,2,2,12,2,0,4,210,0
175,Togepi,35,20,65,40,65,20,245,1.0,1.0,1.0,1.0,1.0,1.0,0.5,2.0,1.0,1.0,1.0,0.5,1.0,1.0,0.0,0.5,2.0,1.0,100,0.3,3.3,1.5,190,88.1,2560,190,Hustle; Serene Grace; Super Luck,Fairy,None,Spike Ball,,2,0,0,0,1,3,12,2,0,3,245,0
176,Togetic,55,40,85,80,105,40,405,1.0,1.0,1.0,2.0,0.5,2.0,0.25,2.0,0.0,1.0,1.0,0.25,2.0,1.0,0.0,0.5,2.0,1.0,200,0.6,7.1,3.2,75,88.1,2560,75,Hustle; Serene Grace; Super Luck,Fairy,Flying,Happiness,,2,0,0,0,2,4,7,5,0,3,405,0
177,Natu,40,50,45,70,45,70,320,1.0,1.0,1.0,2.0,0.5,2.0,0.25,1.0,0.0,1.0,0.5,1.0,2.0,2.0,1.0,2.0,1.0,1.0,8,0.2,4.4,2.0,190,5.0,5120,190,Early Bird; Magic Bounce; Synchronize,Psychic,Flying,Little Bird,,2,0,0,0,1,3,9,5,0,3,320,0
178,Xatu,65,75,70,95,70,95,470,1.0,1.0,1.0,2.0,0.5,2.0,0.25,1.0,0.0,1.0,0.5,1.0,2.0,2.0,1.0,2.0,1.0,1.0,411,1.5,33.1,15.0,75,5.0,5120,75,Early Bird; Magic Bounce; Synchronize,Psychic,Flying,Mystic,,2,0,0,0,1,3,9,5,0,3,470,0
179,Mareep,55,40,40,65,45,35,280,1.0,1.0,1.0,0.5,1.0,1.0,1.0,1.0,2.0,0.5,1.0,1.0,1.0,1.0,1.0,1.0,0.5,1.0,200,0.6,17.2,7.8,235,5.0,5120,235,Plus; Static,Electric,None,Wool,,2,0,0,0,0,3,14,1,0,2,280,0
180,Flaaffy,70,55,55,80,60,45,365,1.0,1.0,1.0,0.5,1.0,1.0,1.0,1.0,2.0,0.5,1.0,1.0,1.0,1.0,1.0,1.0,0.5,1.0,207,0.8,29.3,13.3,120,5.0,5120,120,Plus; Static,Electric,None,Wool,,2,0,0,0,0,3,14,1,0,2,365,0
181,Ampharos,90,75,85,115,90,55,510,1.0,1.0,1.0,0.5,1.0,1.0,1.0,1.0,2.0,0.5,1.0,1.0,1.0,1.0,1.0,1.0,0.5,1.0,407,1.4,135.6,61.5,45,5.0,5120,45,Plus; Static,Electric,None,Light,Mega Ampharos,2,0,0,0,0,3,14,1,1,2,510,0
182,Bellossom,75,80,95,90,100,50,490,1.0,2.0,0.5,0.5,0.5,2.0,1.0,2.0,0.5,2.0,1.0,2.0,1.0,1.0,1.0,1.0,1.0,1.0,104,0.4,12.8,5.8,45,5.0,5120,45,Chlorophyll; Healer,Grass,None,Flower,,2,0,0,0,0,4,9,5,0,2,490,0
183,Marill,70,20,50,20,50,40,250,1.0,0.5,0.5,2.0,2.0,0.5,0.5,2.0,1.0,1.0,1.0,0.5,1.0,1.0,0.0,0.5,1.0,1.0,104,0.4,18.7,8.5,190,5.0,2560,190,Huge Power; Sap Sipper; Thick Fat,Water,Fairy,Aquamouse,,2,0,0,0,1,6,8,3,0,3,250,0
184,Azumarill,100,50,80,60,80,50,420,1.0,0.5,0.5,2.0,2.0,0.5,0.5,2.0,1.0,1.0,1.0,0.5,1.0,1.0,0.0,0.5,1.0,1.0,207,0.8,62.8,28.5,75,5.0,2560,75,Huge Power; Sap Sipper; Thick Fat,Water,Fairy,Aquarabbit,,2,0,0,0,1,6,8,3,0,3,420,0
185,Sudowoodo,70,100,115,30,65,30,410,0.5,0.5,2.0,1.0,2.0,1.0,2.0,0.5,2.0,0.5,1.0,1.0,1.0,1.0,1.0,1.0,2.0,1.0,311,1.2,83.8,38.0,65,5.0,5120,65,Available; Rattled; Rock Head; Sturdy,Rock,None,Imitation,,2,0,0,0,0,4,9,5,0,4,410,0
186,Politoed,90,75,75,90,100,70,500,1.0,0.5,0.5,2.0,2.0,0.5,1.0,1.0,1.0,1.0,1.0,1.0,1.0,1.0,1.0,1.0,0.5,1.0,307,1.1,74.7,33.9,45,5.0,5120,45,Available; Damp; Drizzle; Water Absorb,Water,None,Frog,,2,0,0,0,0,4,12,2,0,4,500,0
187,Hoppip,35,35,40,35,55,50,250,1.0,2.0,0.5,1.0,0.25,4.0,0.5,2.0,0.0,2.0,1.0,1.0,2.0,1.0,1.0,1.0,1.0,1.0,104,0.4,1.1,0.5,255,5.0,5120,255,Chlorophyll; Infiltrator; Leaf Guard,Grass,Flying,Cottonweed,,2,0,0,0,1,3,9,5,0,3,250,0
188,Skiploom,55,45,50,45,65,80,340,1.0,2.0,0.5,1.0,0.25,4.0,0.5,2.0,0.0,2.0,1.0,1.0,2.0,1.0,1.0,1.0,1.0,1.0,200,0.6,2.2,1.0,120,5.0,5120,120,Chlorophyll; Infiltrator; Leaf Guard,Grass,Flying,Cottonweed,,2,0,0,0,1,3,9,5,0,3,340,0
189,Jumpluff,75,55,70,55,95,110,460,1.0,2.0,0.5,1.0,0.25,4.0,0.5,2.0,0.0,2.0,1.0,1.0,2.0,1.0,1.0,1.0,1.0,1.0,207,0.8,6.6,3.0,45,5.0,5120,45,Chlorophyll; Infiltrator; Leaf Guard,Grass,Flying,Cottonweed,,2,0,0,0,1,3,9,5,0,3,460,0
190,Aipom,55,70,55,40,55,85,360,1.0,1.0,1.0,1.0,1.0,1.0,2.0,1.0,1.0,1.0,1.0,1.0,1.0,0.0,1.0,1.0,1.0,1.0,207,0.8,25.4,11.5,45,5.0,5120,45,Pickup; Run Away; Skill Link,Normal,None,Long Tail,,2,0,0,0,1,0,16,1,0,3,360,0
191,Sunkern,30,30,30,30,30,30,180,1.0,2.0,0.5,0.5,0.5,2.0,1.0,2.0,0.5,2.0,1.0,2.0,1.0,1.0,1.0,1.0,1.0,1.0,100,0.3,4.0,1.8,235,5.0,5120,235,Chlorophyll; Early Bird; Solar Power,Grass,None,Seed,,2,0,0,0,0,4,9,5,0,3,180,0
192,Sunflora,75,75,55,105,85,30,425,1.0,2.0,0.5,0.5,0.5,2.0,1.0,2.0,0.5,2.0,1.0,2.0,1.0,1.0,1.0,1.0,1.0,1.0,207,0.8,18.7,8.5,120,5.0,5120,120,Chlorophyll; Early Bird; Solar Power,Grass,None,Sun,,2,0,0,0,0,4,9,5,0,3,425,0
193,Yanma,65,65,45,75,45,95,390,1.0,2.0,1.0,2.0,0.25,2.0,0.25,1.0,0.0,2.0,1.0,0.5,4.0,1.0,1.0,1.0,1.0,1.0,311,1.2,83.8,38.0,75,5.0,5120,75,Compound Eyes; Frisk; Speed Boost,Bug,Flying,Clear Wing,,2,0,0,0,1,3,9,5,0,3,390,0
194,Wooper,55,45,45,25,25,15,210,1.0,0.5,1.0,0.0,4.0,1.0,1.0,0.5,1.0,1.0,1.0,1.0,0.5,1.0,1.0,1.0,0.5,1.0,104,0.4,18.7,8.5,255,5.0,5120,255,Damp; Unaware; Water Absorb,Water,Ground,Water Fish,Paldean Wooper,2,0,0,0,1,4,12,1,1,3,210,0
195,Quagsire,95,85,85,65,65,35,430,1.0,0.5,1.0,0.0,4.0,1.0,1.0,0.5,1.0,1.0,1.0,1.0,0.5,1.0,1.0,1.0,0.5,1.0,407,1.4,165.3,75.0,90,5.0,5120,90,Damp; Unaware; Water Absorb,Water,Ground,Water Fish,,2,0,0,0,1,4,12,1,0,3,430,0
196,Espeon,65,65,60,130,95,110,525,1.0,1.0,1.0,1.0,1.0,1.0,0.5,1.0,1.0,1.0,0.5,2.0,1.0,2.0,1.0,2.0,1.0,1.0,211,0.9,58.4,26.5,45,88.1,8960,45,Available; Magic Bounce; Synchronize,Psychic,None,Sun,,2,0,0,0,0,2,13,3,0,3,525,0
197,Umbreon,95,65,110,60,130,65,525,1.0,1.0,1.0,1.0,1.0,1.0,2.0,1.0,1.0,1.0,0.0,2.0,1.0,0.5,1.0,0.5,1.0,2.0,303,1.0,59.5,27.0,45,88.1,8960,45,Available; Inner Focus; Synchronize,Dark,None,Moonlight,,2,0,0,0,1,2,12,3,0,3,525,0
198,Murkrow,60,85,42,85,42,91,405,1.0,1.0,1.0,2.0,0.5,2.0,1.0,1.0,0.0,1.0,0.0,1.0,2.0,0.5,1.0,0.5,1.0,2.0,108,0.5,4.6,2.1,30,5.0,5120,30,Available; Insomnia; Prankster; Super Luck,Dark,Flying,Darkness,,2,0,0,0,2,3,9,4,0,4,405,0
199,Slowking,95,75,80,100,110,30,490,1.0,0.5,0.5,2.0,2.0,0.5,0.5,1.0,1.0,1.0,0.5,2.0,1.0,2.0,1.0,2.0,0.5,1.0,607,2.0,175.3,79.5,70,5.0,5120,70,Available; Oblivious; Own Tempo; Regenerator,Water,Psychic,Royal,Galarian Slowking,2,0,0,0,0,6,7,5,1,4,490,0
200,Misdreavus,60,60,60,85,85,85,435,0.0,1.0,1.0,1.0,1.0,1.0,0.0,0.5,1.0,1.0,1.0,0.5,1.0,2.0,1.0,2.0,1.0,1.0,204,0.7,2.2,1.0,45,5.0,6400,45,Levitate,Ghost,None,Screech,,2,0,0,0,2,2,12,2,0,1,435,0
201,Unown,48,72,48,72,48,48,336,1.0,1.0,1.0,1.0,1.0,1.0,0.5,1.0,1.0,1.0,0.5,2.0,1.0,2.0,1.0,2.0,1.0,1.0,108,0.5,11.0,5.0,225,5.0,10240,225,Levitate,Psychic,None,Symbol,,2,0,0,0,0,2,13,3,0,1,336,0
202,Wobbuffet,190,33,58,33,58,33,405,1.0,1.0,1.0,1.0,1.0,1.0,0.5,1.0,1.0,1.0,0.5,2.0,1.0,2.0,1.0,2.0,1.0,1.0,403,1.3,62.8,28.5,45,5.0,5120,45,Shadow Tag; Telepathy,Psychic,None,Patient,,2,0,0,0,0,2,13,3,0,2,405,0
203,Girafarig,70,80,65,90,65,85,455,1.0,1.0,1.0,1.0,1.0,1.0,1.0,1.0,1.0,1.0,0.5,2.0,1.0,0.0,1.0,2.0,1.0,1.0,411,1.5,91.5,41.5,60,5.0,5120,60,Early Bird; Inner Focus; Sap Sipper,Normal,Psychic,Long Neck,,2,0,0,0,1,1,14,2,0,3,455,0
204,Pineco,50,65,90,35,35,15,290,1.0,2.0,1.0,1.0,0.5,1.0,0.5,1.0,0.5,2.0,1.0,1.0,2.0,1.0,1.0,1.0,1.0,1.0,200,0.6,15.9,7.2,190,5.0,5120,190,Overcoat; Sturdy,Bug,None,Bagworm,,2,0,0,0,0,3,12,3,0,2,290,0
205,Forretress,75,90,140,60,60,40,465,0.5,4.0,1.0,1.0,0.25,0.5,1.0,0.0,1.0,1.0,0.5,0.5,1.0,1.0,0.5,1.0,0.5,0.5,311,1.2,277.3,125.8,75,5.0,5120,75,Overcoat; Sturdy,Bug,Steel,Bagworm,,2,0,0,0,1,8,8,1,0,2,465,0
206,Dunsparce,100,70,70,65,65,45,415,1.0,1.0,1.0,1.0,1.0,1.0,2.0,1.0,1.0,1.0,1.0,1.0,1.0,0.0,1.0,1.0,1.0,1.0,411,1.5,30.9,14.0,190,5.0,5120,190,Rattled; Run Away; Serene Grace,Normal,None,Land Snake,,2,0,0,0,1,0,16,1,0,3,415,0
207,Gligar,65,75,105,35,65,85,430,1.0,1.0,2.0,0.0,1.0,4.0,0.5,0.5,0.0,1.0,1.0,0.5,1.0,1.0,1.0,1.0,1.0,1.0,307,1.1,142.9,64.8,60,5.0,5120,60,Hyper Cutter; Immunity; Sand Veil,Ground,Flying,Flyscorpion,,2,0,0,0,2,3,11,2,0,3,430,0
208,Steelix,75,85,200,55,65,30,510,0.5,2.0,2.0,0.0,1.0,1.0,2.0,0.0,2.0,0.5,0.5,0.5,0.25,1.0,0.5,1.0,0.5,0.5,3002,9.2,881.8,400.0,25,5.0,6400,25,Rock Head; Sheer Force; Sturdy,Steel,Ground,Iron Snake,Mega Steelix,2,0,0,0,2,8,4,4,1,3,510,0
209,Snubbull,60,80,50,40,40,30,300,1.0,1.0,1.0,1.0,1.0,1.0,0.5,2.0,1.0,1.0,1.0,0.5,1.0,1.0,0.0,0.5,2.0,1.0,200,0.6,17.2,7.8,190,24.6,5120,190,Available; Intimidate; Rattled; Run Away,Fairy,None,Fairy,,2,0,0,0,1,3,12,2,0,4,300,0
210,Granbull,90,120,75,60,60,45,450,1.0,1.0,1.0,1.0,1.0,1.0,0.5,2.0,1.0,1.0,1.0,0.5,1.0,1.0,0.0,0.5,2.0,1.0,407,1.4,107.4,48.7,75,24.6,5120,75,Available; Intimidate; Quick Feet; Rattled,Fairy,None,Fairy,,2,0,0,0,1,3,12,2,0,4,450,0
211,Qwilfish,65,95,85,55,55,85,440,1.0,0.5,0.5,2.0,1.0,0.5,0.5,0.5,2.0,1.0,2.0,0.5,1.0,1.0,1.0,1.0,0.5,0.5,108,0.5,8.6,3.9,45,5.0,5120,45,Intimidate; Poison Point; Swift Swim,Water,Poison,Balloon,Hisuian Qwilfish,2,0,0,0,0,8,7,3,1,3,440,0
212,Scizor,70,130,100,55,80,65,500,0.5,4.0,1.0,1.0,0.25,0.5,1.0,0.0,1.0,1.0,0.5,0.5,1.0,1.0,0.5,1.0,0.5,0.5,511,1.8,260.1,118.0,25,5.0,6400,25,Available; Light Metal; Swarm; Technician,Bug,Steel,Pincer,Mega Scizor,2,0,0,0,1,8,8,1,1,4,500,0
213,Shuckle,20,10,230,10,230,5,505,0.5,1.0,2.0,1.0,1.0,1.0,1.0,0.5,1.0,1.0,1.0,1.0,2.0,1.0,1.0,1.0,2.0,1.0,200,0.6,45.2,20.5,190,5.0,5120,190,Contrary; Gluttony; Sturdy,Bug,Rock,Mold,,2,0,0,0,0,2,13,3,0,3,505,0
214,Heracross,80,125,75,40,95,85,500,1.0,2.0,1.0,1.0,0.5,1.0,0.5,1.0,0.5,4.0,2.0,0.5,1.0,1.0,1.0,0.5,1.0,2.0,411,1.5,119.0,54.0,45,5.0,6400,45,Guts; Moxie; Swarm,Bug,Fighting,Singlehorn,Mega Heracross,2,0,0,0,0,5,9,4,1,3,500,0
215,Sneasel,55,95,55,35,75,115,430,1.0,2.0,1.0,1.0,1.0,0.5,4.0,1.0,1.0,1.0,0.0,2.0,2.0,0.5,1.0,0.5,2.0,2.0,211,0.9,61.7,28.0,60,5.0,5120,60,Available; Inner Focus; Keen Eye; Pickpocket,Dark,Ice,Sharp Claw,Hisuian Sneasel,2,0,0,0,1,3,8,6,1,4,430,0
216,Teddiursa,60,80,50,50,50,40,330,1.0,1.0,1.0,1.0,1.0,1.0,2.0,1.0,1.0,1.0,1.0,1.0,1.0,0.0,1.0,1.0,1.0,1.0,200,0.6,19.4,8.8,120,5.0,5120,120,Honey Gather; Pickup; Quick Feet,Normal,None,Little Bear,,2,0,0,0,1,0,16,1,0,3,330,0
217,Ursaring,90,130,75,75,75,55,500,1.0,1.0,1.0,1.0,1.0,1.0,2.0,1.0,1.0,1.0,1.0,1.0,1.0,0.0,1.0,1.0,1.0,1.0,511,1.8,277.3,125.8,60,5.0,5120,60,Guts; Quick Feet; Unnerve,Normal,None,Hibernator,,2,0,0,0,1,0,16,1,0,3,500,0
218,Slugma,40,40,40,70,40,20,250,1.0,0.5,2.0,1.0,0.5,0.5,1.0,1.0,2.0,1.0,1.0,0.5,2.0,1.0,1.0,1.0,0.5,0.5,204,0.7,77.2,35.0,190,5.0,5120,190,Flame Body; Magma Armor; Weak Armor,Fire,None,Lava,,2,0,0,0,0,6,9,3,0,3,250,0
219,Magcargo,60,50,120,90,80,30,430,0.5,0.25,4.0,1.0,1.0,0.5,2.0,0.5,4.0,0.5,1.0,0.5,2.0,1.0,1.0,1.0,1.0,0.5,207,0.8,121.3,55.0,75,5.0,5120,75,Flame Body; Magma Armor; Weak Armor,Fire,Rock,Lava,,2,0,0,0,0,7,7,4,0,3,430,0
220,Swinub,50,50,40,30,30,50,250,1.0,2.0,2.0,0.0,2.0,1.0,2.0,0.5,1.0,1.0,1.0,1.0,1.0,1.0,1.0,1.0,2.0,1.0,104,0.4,14.3,6.5,225,5.0,5120,225,Oblivious; Snow Cloak; Thick Fat,Ice,Ground,Pig,,2,0,0,0,1,1,11,5,0,3,250,0
221,Piloswine,100,100,80,60,60,50,450,1.0,2.0,2.0,0.0,2.0,1.0,2.0,0.5,1.0,1.0,1.0,1.0,1.0,1.0,1.0,1.0,2.0,1.0,307,1.1,123.0,55.8,75,5.0,5120,75,Oblivious; Snow Cloak; Thick Fat,Ice,Ground,Swine,,2,0,0,0,1,1,11,5,0,3,450,0
222,Corsola,65,55,95,65,95,35,410,0.5,0.25,1.0,2.0,4.0,0.5,2.0,0.5,2.0,0.5,1.0,1.0,1.0,1.0,1.0,1.0,1.0,1.0,200,0.6,11.0,5.0,60,24.6,5120,60,Available; Hustle; Natural Cure; Regenerator,Water,Rock,Coral,Galarian Corsola,2,0,0,0,0,5,9,4,1,4,410,0
223,Remoraid,35,65,35,65,35,65,300,1.0,0.5,0.5,2.0,2.0,0.5,1.0,1.0,1.0,1.0,1.0,1.0,1.0,1.0,1.0,1.0,0.5,1.0,200,0.6,26.5,12.0,190,5.0,5120,190,Hustle; Moody; Sniper,Water,None,Jet,,2,0,0,0,0,4,12,2,0,3,300,0
224,Octillery,75,105,75,105,75,45,480,1.0,0.5,0.5,2.0,2.0,0.5,1.0,1.0,1.0,1.0,1.0,1.0,1.0,1.0,1.0,1.0,0.5,1.0,211,0.9,62.8,28.5,75,5.0,5120,75,Moody; Sniper; Suction Cups,Water,None,Jet,,2,0,0,0,0,4,12,2,0,3,480,0
225,Delibird,45,55,45,65,45,75,330,1.0,2.0,1.0,2.0,0.5,1.0,1.0,1.0,0.0,1.0,1.0,0.5,4.0,1.0,1.0,1.0,2.0,1.0,211,0.9,35.3,16.0,45,5.0,5120,45,Available; Hustle; Insomnia; Vital Spirit,Ice,Flying,Delivery,,2,0,0,0,1,2,11,4,0,4,330,0
226,Mantine,85,40,70,80,140,70,485,1.0,0.5,0.5,4.0,1.0,1.0,0.5,1.0,0.0,1.0,1.0,0.5,2.0,1.0,1.0,1.0,0.5,1.0,611,2.1,485.0,220.0,25,5.0,6400,25,Swift Swim; Water Absorb; Water Veil,Water,Flying,Kite,,2,0,0,0,1,5,10,2,0,3,485,0
227,Skarmory,65,80,140,40,70,70,465,0.5,2.0,1.0,2.0,0.25,1.0,1.0,0.0,0.0,0.5,0.5,0.25,1.0,1.0,0.5,1.0,0.5,0.5,507,1.7,111.3,50.5,25,5.0,6400,25,Available; Keen Eye; Sturdy; Weak Armor,Steel,Flying,Armor Bird,,2,0,0,0,2,8,6,2,0,4,465,0
228,Houndour,45,60,30,80,50,65,330,1.0,0.5,2.0,1.0,0.5,0.5,2.0,1.0,2.0,1.0,0.0,1.0,2.0,0.5,1.0,0.5,0.5,1.0,200,0.6,23.8,10.8,120,5.0,5120,120,Early Bird; Flash Fire; Unnerve,Dark,Fire,Dark,,2,0,0,0,1,6,7,4,0,3,330,0
229,Houndoom,75,90,50,110,80,95,500,1.0,0.5,2.0,1.0,0.5,0.5,2.0,1.0,2.0,1.0,0.0,1.0,2.0,0.5,1.0,0.5,0.5,1.0,407,1.4,77.2,35.0,45,5.0,5120,45,Early Bird; Flash Fire; Unnerve,Dark,Fire,Dark,Mega Houndoom,2,0,0,0,1,6,7,4,1,3,500,0
230,Kingdra,75,95,95,95,95,85,540,1.0,0.25,0.25,1.0,1.0,1.0,1.0,1.0,1.0,1.0,1.0,1.0,1.0,1.0,2.0,1.0,0.5,2.0,511,1.8,335.1,152.0,45,5.0,5120,45,Damp; Sniper; Swift Swim,Water,Dragon,Dragon,,2,0,0,0,0,3,13,2,0,3,540,0
231,Phanpy,90,60,60,40,40,40,330,1.0,1.0,2.0,0.0,2.0,2.0,1.0,0.5,1.0,1.0,1.0,1.0,0.5,1.0,1.0,1.0,1.0,1.0,108,0.5,73.9,33.5,120,5.0,5120,120,Pickup; Sand Veil,Ground,None,Long Nose,,2,0,0,0,1,2,12,3,0,2,330,0
232,Donphan,90,120,120,60,60,50,500,1.0,1.0,2.0,0.0,2.0,2.0,1.0,0.5,1.0,1.0,1.0,1.0,0.5,1.0,1.0,1.0,1.0,1.0,307,1.1,264.6,120.0,60,5.0,5120,60,Sand Veil; Sturdy,Ground,None,Armor,,2,0,0,0,1,2,12,3,0,2,500,0
233,Porygon2,85,80,90,105,95,60,515,1.0,1.0,1.0,1.0,1.0,1.0,2.0,1.0,1.0,1.0,1.0,1.0,1.0,0.0,1.0,1.0,1.0,1.0,200,0.6,71.6,32.5,45,5.0,5120,45,Analytic; Download; Trace,Normal,None,Virtual,,2,0,0,0,1,0,16,1,0,3,515,0
234,Stantler,73,95,62,85,65,85,465,1.0,1.0,1.0,1.0,1.0,1.0,2.0,1.0,1.0,1.0,1.0,1.0,1.0,0.0,1.0,1.0,1.0,1.0,407,1.4,157.0,71.2,45,5.0,5120,45,Frisk; Intimidate; Sap Sipper,Normal,None,Big Horn,,2,0,0,0,1,0,16,1,0,3,465,0
235,Smeargle,55,20,35,20,45,75,250,1.0,1.0,1.0,1.0,1.0,1.0,2.0,1.0,1.0,1.0,1.0,1.0,1.0,0.0,1.0,1.0,1.0,1.0,311,1.2,127.9,58.0,45,5.0,5120,45,Available; Moody; Own Tempo; Technician,Normal,None,Painter,,2,0,0,0,1,0,16,1,0,4,250,0
236,Tyrogue,35,35,35,35,35,35,210,1.0,1.0,1.0,1.0,1.0,1.0,1.0,1.0,1.0,2.0,2.0,0.5,0.5,1.0,1.0,0.5,1.0,2.0,204,0.7,46.3,21.0,75,10.0,6400,75,Guts; Steadfast; Vital Spirit,Fighting,None,Scuffle,,2,0,0,0,0,3,12,3,0,3,210,0
237,Hitmontop,50,95,95,35,110,70,455,1.0,1.0,1.0,1.0,1.0,1.0,1.0,1.0,1.0,2.0,2.0,0.5,0.5,1.0,1.0,0.5,1.0,2.0,407,1.4,105.8,48.0,45,10.0,6400,45,Intimidate; Steadfast; Technician,Fighting,None,Handstand,,2,0,0,0,0,3,12,3,0,3,455,0
238,Smoochum,45,30,15,85,65,65,305,1.0,2.0,1.0,1.0,1.0,0.5,1.0,1.0,1.0,1.0,0.5,2.0,2.0,2.0,1.0,2.0,2.0,1.0,104,0.4,13.2,6.0,45,0.0,6400,45,Forewarn; Hydration; Oblivious,Ice,Psychic,Kiss,,2,0,0,0,0,2,10,6,0,3,305,0
239,Elekid,45,63,37,65,55,95,360,1.0,1.0,1.0,0.5,1.0,1.0,1.0,1.0,2.0,0.5,1.0,1.0,1.0,1.0,1.0,1.0,0.5,1.0,200,0.6,51.8,23.5,45,75.4,6400,45,Available; Static; Vital Spirit,Electric,None,Electric,,2,0,0,0,0,3,14,1,0,3,360,0
240,Magby,45,75,37,70,55,83,365,1.0,0.5,2.0,1.0,0.5,0.5,1.0,1.0,2.0,1.0,1.0,0.5,2.0,1.0,1.0,1.0,0.5,0.5,204,0.7,47.2,21.4,45,75.4,6400,45,Available; Flame Body; Vital Spirit,Fire,None,Live Coal,,2,0,0,0,0,6,9,3,0,3,365,0
241,Miltank,95,80,105,40,70,100,490,1.0,1.0,1.0,1.0,1.0,1.0,2.0,1.0,1.0,1.0,1.0,1.0,1.0,0.0,1.0,1.0,1.0,1.0,311,1.2,166.4,75.5,45,0.0,5120,45,Available; Sap Sipper; Scrappy; Thick Fat,Normal,None,Milk Cow,,2,0,0,0,1,0,16,1,0,4,490,0
242,Blissey,255,10,10,75,135,55,540,1.0,1.0,1.0,1.0,1.0,1.0,2.0,1.0,1.0,1.0,1.0,1.0,1.0,0.0,1.0,1.0,1.0,1.0,411,1.5,103.2,46.8,30,0.0,10240,30,Available; Healer; Natural Cure; Serene Grace,Normal,None,Happiness,,2,0,0,0,1,0,16,1,0,4,540,0
243,Raikou,90,85,75,115,100,115,580,1.0,1.0,1.0,0.5,1.0,1.0,1.0,1.0,2.0,0.5,1.0,1.0,1.0,1.0,1.0,1.0,0.5,1.0,603,1.9,392.4,178.0,3,5.0,20480,3,Available; Inner Focus; Pressure,Electric,None,Thunder,,2,1,0,0,0,3,14,1,0,3,580,0
244,Entei,115,115,85,90,75,100,580,1.0,0.5,2.0,1.0,0.5,0.5,1.0,1.0,2.0,1.0,1.0,0.5,2.0,1.0,1.0,1.0,0.5,0.5,611,2.1,436.5,198.0,3,5.0,20480,3,Available; Inner Focus; Pressure,Fire,None,Volcano,,2,1,0,0,0,6,9,3,0,3,580,0
245,Suicune,100,75,115,90,115,85,580,1.0,0.5,0.5,2.0,2.0,0.5,1.0,1.0,1.0,1.0,1.0,1.0,1.0,1.0,1.0,1.0,0.5,1.0,607,2.0,412.3,187.0,3,5.0,20480,3,Available; Inner Focus; Pressure,Water,None,Aurora,,2,1,0,0,0,4,12,2,0,3,580,0
246,Larvitar,50,64,50,45,50,41,300,0.5,0.5,4.0,0.0,4.0,2.0,2.0,0.25,2.0,0.5,1.0,1.0,0.5,1.0,1.0,1.0,2.0,1.0,200,0.6,158.7,72.0,45,5.0,10240,45,Guts; Sand Veil,Rock,Ground,Rock Skin,,2,0,0,0,1,5,6,6,0,2,300,0
247,Pupitar,70,84,70,65,70,51,410,0.5,0.5,4.0,0.0,4.0,2.0,2.0,0.25,2.0,0.5,1.0,1.0,0.5,1.0,1.0,1.0,2.0,1.0,311,1.2,335.1,152.0,45,5.0,10240,45,Shed Skin,Rock,Ground,Hard Shell,,2,0,0,0,1,5,6,6,0,1,410,0
248,Tyranitar,100,134,110,95,100,61,600,0.5,0.5,2.0,1.0,2.0,1.0,4.0,0.5,2.0,0.5,0.0,2.0,1.0,0.5,1.0,0.5,2.0,2.0,607,2.0,445.3,202.0,45,5.0,10240,45,Sand Stream; Unnerve,Rock,Dark,Armor,Mega Tyranitar,2,0,0,0,1,6,4,7,1,2,600,0
249,Lugia,106,90,130,90,154,110,680,1.0,1.0,1.0,2.0,0.5,2.0,0.25,1.0,0.0,1.0,0.5,1.0,2.0,2.0,1.0,2.0,1.0,1.0,1701,5.2,476.2,216.0,3,5.0,30720,3,Multiscale; Pressure,Psychic,Flying,Diving,,2,1,0,0,1,3,9,5,0,2,680,0
250,Ho-Oh,106,130,90,110,154,90,680,1.0,0.5,2.0,2.0,0.25,1.0,0.5,1.0,0.0,1.0,1.0,0.25,4.0,1.0,1.0,1.0,0.5,0.5,1206,3.8,438.7,199.0,3,5.0,30720,3,Pressure; Regenerator,Fire,Flying,Rainbow,,2,1,0,0,1,6,8,3,0,2,680,0
251,Celebi,100,100,100,100,100,100,600,1.0,2.0,0.5,0.5,0.5,2.0,0.5,2.0,0.5,2.0,0.5,4.0,1.0,2.0,1.0,2.0,1.0,1.0,200,0.6,11.0,5.0,45,5.0,30720,45,Natural Cure,Psychic,Grass,Time Travel,,2,0,1,0,0,6,5,7,0,1,600,0
252,Treecko,40,45,35,65,55,70,310,1.0,2.0,0.5,0.5,0.5,2.0,1.0,2.0,0.5,2.0,1.0,2.0,1.0,1.0,1.0,1.0,1.0,1.0,108,0.5,11.0,5.0,45,88.1,5120,45,Overgrow; Unburden,Grass,None,Wood Gecko,,3,0,0,0,0,4,9,5,0,2,310,0
253,Grovyle,50,65,45,85,65,95,405,1.0,2.0,0.5,0.5,0.5,2.0,1.0,2.0,0.5,2.0,1.0,2.0,1.0,1.0,1.0,1.0,1.0,1.0,211,0.9,47.6,21.6,45,88.1,5120,45,Overgrow; Unburden,Grass,None,Wood Gecko,,3,0,0,0,0,4,9,5,0,2,405,0
254,Sceptile,70,85,65,105,85,120,530,1.0,2.0,0.5,0.5,0.5,2.0,1.0,2.0,0.5,2.0,1.0,2.0,1.0,1.0,1.0,1.0,1.0,1.0,507,1.7,115.1,52.2,45,88.1,5120,45,Overgrow; Unburden,Grass,None,Forest,Mega Sceptile,3,0,0,0,0,4,9,5,1,2,530,0
255,Torchic,45,60,40,70,50,45,310,1.0,0.5,2.0,1.0,0.5,0.5,1.0,1.0,2.0,1.0,1.0,0.5,2.0,1.0,1.0,1.0,0.5,0.5,104,0.4,5.5,2.5,45,88.1,5120,45,Blaze; Speed Boost,Fire,None,Chick,,3,0,0,0,0,6,9,3,0,2,310,0
256,Combusken,60,85,60,85,60,55,405,1.0,0.5,2.0,1.0,0.5,0.5,1.0,1.0,2.0,2.0,2.0,0.25,1.0,1.0,1.0,0.5,0.5,1.0,211,0.9,43.0,19.5,45,88.1,5120,45,Blaze; Speed Boost,Fire,Fighting,Young Fowl,,3,0,0,0,0,6,8,4,0,2,405,0
257,Blaziken,80,120,70,110,70,80,530,1.0,0.5,2.0,1.0,0.5,0.5,1.0,1.0,2.0,2.0,2.0,0.25,1.0,1.0,1.0,0.5,0.5,1.0,603,1.9,114.6,52.0,45,88.1,5120,45,Blaze; Speed Boost,Fire,Fighting,Blaze,Mega Blaziken,3,0,0,0,0,6,8,4,1,2,530,0
258,Mudkip,50,70,50,50,50,40,310,1.0,0.5,0.5,2.0,2.0,0.5,1.0,1.0,1.0,1.0,1.0,1.0,1.0,1.0,1.0,1.0,0.5,1.0,104,0.4,16.8,7.6,45,88.1,5120,45,Damp; Torrent,Water,None,Mud Fish,,3,0,0,0,0,4,12,2,0,2,310,0
259,Marshtomp,70,85,70,60,70,50,405,1.0,0.5,1.0,0.0,4.0,1.0,1.0,0.5,1.0,1.0,1.0,1.0,0.5,1.0,1.0,1.0,0.5,1.0,204,0.7,61.7,28.0,45,88.1,5120,45,Damp; Torrent,Water,Ground,Mud Fish,,3,0,0,0,1,4,12,1,0,2,405,0
260,Swampert,100,110,90,85,90,60,535,1.0,0.5,1.0,0.0,4.0,1.0,1.0,0.5,1.0,1.0,1.0,1.0,0.5,1.0,1.0,1.0,0.5,1.0,411,1.5,180.6,81.9,45,88.1,5120,45,Damp; Torrent,Water,Ground,Mud Fish,Mega Swampert,3,0,0,0,1,4,12,1,1,2,535,0
261,Poochyena,35,55,35,30,30,35,220,1.0,1.0,1.0,1.0,1.0,1.0,2.0,1.0,1.0,1.0,0.0,2.0,1.0,0.5,1.0,0.5,1.0,2.0,108,0.5,30.0,13.6,255,5.0,3840,255,Quick Feet; Rattled; Run Away,Dark,None,Bite,,3,0,0,0,1,2,12,3,0,3,220,0
262,Mightyena,70,90,70,60,60,70,420,1.0,1.0,1.0,1.0,1.0,1.0,2.0,1.0,1.0,1.0,0.0,2.0,1.0,0.5,1.0,0.5,1.0,2.0,303,1.0,81.6,37.0,127,5.0,3840,127,Intimidate; Moxie; Quick Feet,Dark,None,Bite,,3,0,0,0,1,2,12,3,0,3,420,0
263,Zigzagoon,38,30,41,30,41,60,240,1.0,1.0,1.0,1.0,1.0,1.0,2.0,1.0,1.0,1.0,1.0,1.0,1.0,0.0,1.0,1.0,1.0,1.0,104,0.4,38.6,17.5,255,5.0,3840,255,Gluttony; Pickup; Quick Feet,Normal,None,Tiny Racoon,Galarian Zigzagoon,3,0,0,0,1,0,16,1,1,3,240,0
264,Linoone,78,70,61,50,61,100,420,1.0,1.0,1.0,1.0,1.0,1.0,2.0,1.0,1.0,1.0,1.0,1.0,1.0,0.0,1.0,1.0,1.0,1.0,108,0.5,71.6,32.5,90,5.0,3840,90,Gluttony; Pickup; Quick Feet,Normal,None,Rushing,Galarian Linoone,3,0,0,0,1,0,16,1,1,3,420,0
265,Wurmple,45,45,35,20,30,20,195,1.0,2.0,1.0,1.0,0.5,1.0,0.5,1.0,0.5,2.0,1.0,1.0,2.0,1.0,1.0,1.0,1.0,1.0,100,0.3,7.9,3.6,255,5.0,3840,255,Run Away; Shield Dust,Bug,None,Worm,,3,0,0,0,0,3,12,3,0,2,195,0
266,Silcoon,50,35,55,25,25,15,205,1.0,2.0,1.0,1.0,0.5,1.0,0.5,1.0,0.5,2.0,1.0,1.0,2.0,1.0,1.0,1.0,1.0,1.0,200,0.6,22.0,10.0,120,5.0,3840,120,Shed Skin,Bug,None,Cocoon,,3,0,0,0,0,3,12,3,0,1,205,0
267,Beautifly,60,70,50,100,50,65,395,1.0,2.0,1.0,2.0,0.25,2.0,0.25,1.0,0.0,2.0,1.0,0.5,4.0,1.0,1.0,1.0,1.0,1.0,303,1.0,62.6,28.4,45,5.0,3840,45,Rivalry; Swarm,Bug,Flying,Butterfly,,3,0,0,0,1,3,9,5,0,2,395,0
268,Cascoon,50,35,55,25,25,15,205,1.0,2.0,1.0,1.0,0.5,1.0,0.5,1.0,0.5,2.0,1.0,1.0,2.0,1.0,1.0,1.0,1.0,1.0,204,0.7,25.4,11.5,120,5.0,3840,120,Shed Skin,Bug,None,Cocoon,,3,0,0,0,0,3,12,3,0,1,205,0
269,Dustox,60,50,70,50,90,65,385,1.0,2.0,1.0,1.0,0.25,1.0,0.25,0.5,1.0,2.0,2.0,0.5,2.0,1.0,1.0,1.0,1.0,0.5,311,1.2,69.7,31.6,45,5.0,3840,45,Compound Eyes; Shield Dust,Bug,Poison,Poison Moth,,3,0,0,0,0,5,9,4,0,2,385,0
270,Lotad,40,30,30,40,50,30,220,1.0,1.0,0.25,1.0,1.0,1.0,1.0,2.0,0.5,2.0,1.0,2.0,1.0,1.0,1.0,1.0,0.5,1.0,108,0.5,5.7,2.6,255,5.0,3840,255,Own Tempo; Rain Dish; Swift Swim,Water,Grass,Water Weed,,3,0,0,0,0,3,12,3,0,3,220,0
271,Lombre,60,50,50,60,70,50,340,1.0,1.0,0.25,1.0,1.0,1.0,1.0,2.0,0.5,2.0,1.0,2.0,1.0,1.0,1.0,1.0,0.5,1.0,311,1.2,71.6,32.5,120,5.0,3840,120,Own Tempo; Rain Dish; Swift Swim,Water,Grass,Jolly,,3,0,0,0,0,3,12,3,0,3,340,0
272,Ludicolo,80,70,70,90,100,70,480,1.0,1.0,0.25,1.0,1.0,1.0,1.0,2.0,0.5,2.0,1.0,2.0,1.0,1.0,1.0,1.0,0.5,1.0,411,1.5,121.3,55.0,45,5.0,3840,45,Own Tempo; Rain Dish; Swift Swim,Water,Grass,Carefree,,3,0,0,0,0,3,12,3,0,3,480,0
273,Seedot,40,40,50,30,30,30,220,1.0,2.0,0.5,0.5,0.5,2.0,1.0,2.0,0.5,2.0,1.0,2.0,1.0,1.0,1.0,1.0,1.0,1.0,108,0.5,8.8,4.0,255,5.0,3840,255,Chlorophyll; Early Bird; Pickpocket,Grass,None,Acorn,,3,0,0,0,0,4,9,5,0,3,220,0
274,Nuzleaf,70,70,40,60,40,60,340,1.0,2.0,0.5,0.5,0.5,2.0,2.0,2.0,0.5,2.0,0.0,4.0,1.0,0.5,1.0,0.5,1.0,2.0,303,1.0,61.7,28.0,120,5.0,3840,120,Chlorophyll; Early Bird; Pickpocket,Grass,Dark,Wily,,3,0,0,0,1,6,4,7,0,3,340,0
275,Shiftry,90,100,60,90,60,80,480,1.0,2.0,0.5,0.5,0.5,2.0,2.0,2.0,0.5,2.0,0.0,4.0,1.0,0.5,1.0,0.5,1.0,2.0,403,1.3,131.4,59.6,45,5.0,3840,45,Chlorophyll; Early Bird; Pickpocket,Grass,Dark,Wickid,,3,0,0,0,1,6,4,7,0,3,480,0
276,Taillow,40,55,30,30,30,85,270,1.0,1.0,1.0,2.0,0.5,2.0,1.0,1.0,0.0,1.0,1.0,0.5,2.0,0.0,1.0,1.0,1.0,1.0,100,0.3,5.1,2.3,200,5.0,3840,200,Guts; Scrappy,Normal,Flying,TinySwallow,,3,0,0,0,2,2,11,3,0,2,270,0
277,Swellow,60,85,60,75,50,125,455,1.0,1.0,1.0,2.0,0.5,2.0,1.0,1.0,0.0,1.0,1.0,0.5,2.0,0.0,1.0,1.0,1.0,1.0,204,0.7,43.7,19.8,45,5.0,3840,45,Guts; Scrappy,Normal,Flying,Swallow,,3,0,0,0,2,2,11,3,0,2,455,0
278,Wingull,40,30,30,55,30,85,270,1.0,0.5,0.5,4.0,1.0,1.0,0.5,1.0,0.0,1.0,1.0,0.5,2.0,1.0,1.0,1.0,0.5,1.0,200,0.6,20.9,9.5,190,5.0,5120,190,Available; Hydration; Keen Eye; Rain Dish,Water,Flying,Seagull,,3,0,0,0,1,5,10,2,0,4,270,0
279,Pelipper,60,50,100,95,70,65,440,1.0,0.5,0.5,4.0,1.0,1.0,0.5,1.0,0.0,1.0,1.0,0.5,2.0,1.0,1.0,1.0,0.5,1.0,311,1.2,61.7,28.0,45,5.0,5120,45,Available; Drizzle; Keen Eye; Rain Dish,Water,Flying,Water Bird,,3,0,0,0,1,5,10,2,0,4,440,0
280,Ralts,28,25,25,45,35,40,198,1.0,1.0,1.0,1.0,1.0,1.0,0.25,2.0,1.0,1.0,0.5,1.0,1.0,2.0,0.0,1.0,2.0,1.0,104,0.4,14.6,6.6,235,5.0,5120,235,Synchronize; Telepathy; Trace,Psychic,Fairy,Feeling,,3,0,0,0,1,2,12,3,0,3,198,0
281,Kirlia,38,35,35,65,55,50,278,1.0,1.0,1.0,1.0,1.0,1.0,0.25,2.0,1.0,1.0,0.5,1.0,1.0,2.0,0.0,1.0,2.0,1.0,207,0.8,44.5,20.2,120,5.0,5120,120,Synchronize; Telepathy; Trace,Psychic,Fairy,Emotion,,3,0,0,0,1,2,12,3,0,3,278,0
282,Gardevoir,68,65,65,125,115,80,518,1.0,1.0,1.0,1.0,1.0,1.0,0.25,2.0,1.0,1.0,0.5,1.0,1.0,2.0,0.0,1.0,2.0,1.0,503,1.6,106.7,48.4,45,5.0,5120,45,Synchronize; Telepathy; Trace,Psychic,Fairy,Embrace,Mega Gardevoir,3,0,0,0,1,2,12,3,1,3,518,0
283,Surskit,40,30,32,50,52,65,269,1.0,1.0,0.5,2.0,1.0,0.5,0.5,1.0,0.5,2.0,1.0,1.0,2.0,1.0,1.0,1.0,0.5,1.0,108,0.5,3.7,1.7,200,5.0,3840,200,Available; Rain Dish; Swift Swim,Bug,Water,Pond Skater,,3,0,0,0,0,5,10,3,0,3,269,0
284,Masquerain,70,60,62,100,82,80,454,1.0,2.0,1.0,2.0,0.25,2.0,0.25,1.0,0.0,2.0,1.0,0.5,4.0,1.0,1.0,1.0,1.0,1.0,207,0.8,7.9,3.6,75,5.0,3840,75,Available; Intimidate; Unnerve,Bug,Flying,Eyeball,,3,0,0,0,1,3,9,5,0,3,454,0
285,Shroomish,60,40,60,40,60,35,295,1.0,2.0,0.5,0.5,0.5,2.0,1.0,2.0,0.5,2.0,1.0,2.0,1.0,1.0,1.0,1.0,1.0,1.0,104,0.4,9.9,4.5,255,5.0,3840,255,Effect Spore; Poison Heal; Quick Feet,Grass,None,Mushroom,,3,0,0,0,0,4,9,5,0,3,295,0
286,Breloom,60,130,80,60,60,70,460,1.0,2.0,0.5,0.5,0.5,2.0,1.0,2.0,0.5,4.0,2.0,1.0,0.5,1.0,1.0,0.5,1.0,2.0,311,1.2,86.4,39.2,90,5.0,3840,90,Effect Spore; Poison Heal; Technician,Grass,Fighting,Mushroom,,3,0,0,0,0,6,6,6,0,3,460,0
287,Slakoth,60,60,60,35,35,30,280,1.0,1.0,1.0,1.0,1.0,1.0,2.0,1.0,1.0,1.0,1.0,1.0,1.0,0.0,1.0,1.0,1.0,1.0,207,0.8,52.9,24.0,255,5.0,3840,255,Truant,Normal,None,Slacker,,3,0,0,0,1,0,16,1,0,1,280,0
288,Vigoroth,80,80,80,55,55,90,440,1.0,1.0,1.0,1.0,1.0,1.0,2.0,1.0,1.0,1.0,1.0,1.0,1.0,0.0,1.0,1.0,1.0,1.0,407,1.4,102.5,46.5,120,5.0,3840,120,Vital Spirit,Normal,None,Wild Monkey,,3,0,0,0,1,0,16,1,0,1,440,0
289,Slaking,150,160,100,95,65,100,670,1.0,1.0,1.0,1.0,1.0,1.0,2.0,1.0,1.0,1.0,1.0,1.0,1.0,0.0,1.0,1.0,1.0,1.0,607,2.0,287.7,130.5,45,5.0,3840,45,Truant,Normal,None,Lazy,,3,0,0,0,1,0,16,1,0,1,670,0
290,Nincada,31,45,90,30,30,40,266,1.0,2.0,2.0,0.0,1.0,2.0,0.5,0.5,0.5,2.0,1.0,1.0,1.0,1.0,1.0,1.0,1.0,1.0,108,0.5,12.1,5.5,255,5.0,3840,255,Compound Eyes; Run Away,Bug,Ground,Trainee,,3,0,0,0,1,3,10,4,0,2,266,0
291,Ninjask,61,90,45,50,50,160,456,1.0,2.0,1.0,2.0,0.25,2.0,0.25,1.0,0.0,2.0,1.0,0.5,4.0,1.0,1.0,1.0,1.0,1.0,207,0.8,26.5,12.0,120,5.0,3840,120,Infiltrator; Speed Boost,Bug,Flying,Ninja,,3,0,0,0,1,3,9,5,0,2,456,0
292,Shedinja,1,90,45,30,30,40,236,0.0,2.0,1.0,1.0,0.5,1.0,0.0,0.5,0.5,2.0,1.0,0.5,2.0,2.0,1.0,2.0,1.0,1.0,207,0.8,2.6,1.2,45,5.0,3840,45,Wonder Guard,Bug,Ghost,Shed,,3,0,0,0,2,4,7,5,0,1,236,0
293,Whismur,64,51,23,51,23,28,240,1.0,1.0,1.0,1.0,1.0,1.0,2.0,1.0,1.0,1.0,1.0,1.0,1.0,0.0,1.0,1.0,1.0,1.0,200,0.6,35.9,16.3,190,5.0,5120,190,Rattled; Soundproof,Normal,None,Whisper,,3,0,0,0,1,0,16,1,0,2,240,0
294,Loudred,84,71,43,71,43,48,360,1.0,1.0,1.0,1.0,1.0,1.0,2.0,1.0,1.0,1.0,1.0,1.0,1.0,0.0,1.0,1.0,1.0,1.0,303,1.0,89.3,40.5,120,5.0,5120,120,Scrappy; Soundproof,Normal,None,Big Voice,,3,0,0,0,1,0,16,1,0,2,360,0
295,Exploud,104,91,63,91,73,68,490,1.0,1.0,1.0,1.0,1.0,1.0,2.0,1.0,1.0,1.0,1.0,1.0,1.0,0.0,1.0,1.0,1.0,1.0,411,1.5,185.2,84.0,45,5.0,5120,45,Scrappy; Soundproof,Normal,None,Loud Noise,,3,0,0,0,1,0,16,1,0,2,490,0
296,Makuhita,72,60,30,20,30,25,237,1.0,1.0,1.0,1.0,1.0,1.0,1.0,1.0,1.0,2.0,2.0,0.5,0.5,1.0,1.0,0.5,1.0,2.0,303,1.0,190.5,86.4,180,75.4,5120,180,Available; Guts; Sheer Force; Thick Fat,Fighting,None,Guts,,3,0,0,0,0,3,12,3,0,4,237,0
297,Hariyama,144,120,60,40,60,50,474,1.0,1.0,1.0,1.0,1.0,1.0,1.0,1.0,1.0,2.0,2.0,0.5,0.5,1.0,1.0,0.5,1.0,2.0,707,2.3,559.5,253.8,200,75.4,5120,200,Available; Guts; Sheer Force; Thick Fat,Fighting,None,Arm Thrust,,3,0,0,0,0,3,12,3,0,4,474,0
298,Azurill,50,20,40,20,40,20,190,1.0,1.0,1.0,1.0,1.0,1.0,1.0,2.0,1.0,1.0,1.0,0.5,1.0,0.0,0.0,0.5,2.0,1.0,8,0.2,4.4,2.0,150,24.6,2560,150,Huge Power; Sap Sipper; Thick Fat,Normal,Fairy,Polka Dot,,3,0,0,0,2,2,12,2,0,3,190,0
299,Nosepass,30,45,135,45,90,30,375,0.5,0.5,2.0,1.0,2.0,1.0,2.0,0.5,2.0,0.5,1.0,1.0,1.0,1.0,1.0,1.0,2.0,1.0,303,1.0,213.8,97.0,255,5.0,5120,255,Available; Magnet Pull; Sand Force; Sturdy,Rock,None,Compass,,3,0,0,0,0,4,9,5,0,4,375,0
300,Skitty,50,45,45,35,35,50,260,1.0,1.0,1.0,1.0,1.0,1.0,2.0,1.0,1.0,1.0,1.0,1.0,1.0,0.0,1.0,1.0,1.0,1.0,200,0.6,24.3,11.0,255,24.6,3840,255,Cute Charm; Normalize; Wonder Skin,Normal,None,Kitten,,3,0,0,0,1,0,16,1,0,3,260,0
301,Delcatty,70,65,65,55,55,90,400,1.0,1.0,1.0,1.0,1.0,1.0,2.0,1.0,1.0,1.0,1.0,1.0,1.0,0.0,1.0,1.0,1.0,1.0,307,1.1,71.9,32.6,60,24.6,3840,60,Cute Charm; Normalize; Wonder Skin,Normal,None,Prim,,3,0,0,0,1,0,16,1,0,3,400,0
302,Sableye,50,75,75,65,65,50,380,0.0,1.0,1.0,1.0,1.0,1.0,0.0,0.5,1.0,1.0,0.0,1.0,1.0,1.0,1.0,1.0,1.0,2.0,108,0.5,24.3,11.0,45,5.0,6400,45,Available; Keen Eye; Prankster; Stall,Dark,Ghost,Darkness,Mega Sableye,3,0,0,0,3,1,13,1,1,4,380,0
303,Mawile,50,85,85,55,55,50,380,0.5,2.0,1.0,1.0,0.5,0.5,1.0,0.0,2.0,0.5,0.5,0.25,0.5,1.0,0.0,0.5,1.0,0.5,200,0.6,25.4,11.5,45,5.0,5120,45,Hyper Cutter; Intimidate; Sheer Force,Steel,Fairy,Deceiver,Mega Mawile,3,0,0,0,2,9,5,2,1,3,380,0
304,Aron,50,70,100,40,40,30,330,0.25,1.0,2.0,1.0,1.0,0.5,4.0,0.0,4.0,0.25,0.5,0.5,0.5,1.0,0.5,1.0,1.0,0.5,104,0.4,132.3,60.0,180,5.0,8960,180,Heavy Metal; Rock Head; Sturdy,Steel,Rock,Iron Armor,,3,0,0,0,1,8,6,3,0,3,330,0
305,Lairon,60,90,140,50,50,40,430,0.25,1.0,2.0,1.0,1.0,0.5,4.0,0.0,4.0,0.25,0.5,0.5,0.5,1.0,0.5,1.0,1.0,0.5,211,0.9,264.6,120.0,90,5.0,8960,90,Heavy Metal; Rock Head; Sturdy,Steel,Rock,Iron Armor,,3,0,0,0,1,8,6,3,0,3,430,0
306,Aggron,70,110,180,60,60,50,530,0.25,1.0,2.0,1.0,1.0,0.5,4.0,0.0,4.0,0.25,0.5,0.5,0.5,1.0,0.5,1.0,1.0,0.5,611,2.1,793.7,360.0,45,5.0,8960,45,Heavy Metal; Rock Head; Sturdy,Steel,Rock,Iron Armor,Mega Aggron,3,0,0,0,1,8,6,3,1,3,530,0
307,Meditite,30,40,55,40,55,60,280,1.0,1.0,1.0,1.0,1.0,1.0,0.5,1.0,1.0,2.0,1.0,1.0,0.5,2.0,1.0,1.0,1.0,2.0,200,0.6,24.7,11.2,180,5.0,5120,180,Pure Power; Telepathy,Fighting,Psychic,Meditate,,3,0,0,0,0,2,13,3,0,2,280,0
308,Medicham,60,60,75,60,75,80,410,1.0,1.0,1.0,1.0,1.0,1.0,0.5,1.0,1.0,2.0,1.0,1.0,0.5,2.0,1.0,1.0,1.0,2.0,403,1.3,69.4,31.5,90,5.0,5120,90,Pure Power; Telepathy,Fighting,Psychic,Meditate,Mega Medicham,3,0,0,0,0,2,13,3,1,2,410,0
309,Electrike,40,45,40,65,40,65,295,1.0,1.0,1.0,0.5,1.0,1.0,1.0,1.0,2.0,0.5,1.0,1.0,1.0,1.0,1.0,1.0,0.5,1.0,200,0.6,33.5,15.2,120,5.0,5120,120,Lightning Rod; Minus; Static,Electric,None,Lightning,,3,0,0,0,0,3,14,1,0,3,295,0
310,Manectric,70,75,60,105,60,105,475,1.0,1.0,1.0,0.5,1.0,1.0,1.0,1.0,2.0,0.5,1.0,1.0,1.0,1.0,1.0,1.0,0.5,1.0,411,1.5,88.6,40.2,45,5.0,5120,45,Lightning Rod; Minus; Static,Electric,None,Discharge,Mega Manectric,3,0,0,0,0,3,14,1,1,3,475,0
311,Plusle,60,50,40,85,75,95,405,1.0,1.0,1.0,0.5,1.0,1.0,1.0,1.0,2.0,0.5,1.0,1.0,1.0,1.0,1.0,1.0,0.5,1.0,104,0.4,9.3,4.2,200,5.0,5120,200,Lightning Rod; Plus,Electric,None,Cheering,,3,0,0,0,0,3,14,1,0,2,405,0
312,Minun,60,40,50,75,85,95,405,1.0,1.0,1.0,0.5,1.0,1.0,1.0,1.0,2.0,0.5,1.0,1.0,1.0,1.0,1.0,1.0,0.5,1.0,104,0.4,9.3,4.2,200,5.0,5120,200,Minus; Volt Absorb,Electric,None,Cheering,,3,0,0,0,0,3,14,1,0,2,405,0
313,Volbeat,65,73,75,47,85,85,430,1.0,2.0,1.0,1.0,0.5,1.0,0.5,1.0,0.5,2.0,1.0,1.0,2.0,1.0,1.0,1.0,1.0,1.0,204,0.7,39.0,17.7,150,10.0,3840,150,Illuminate; Prankster; Swarm,Bug,None,Firefly,,3,0,0,0,0,3,12,3,0,3,430,0
314,Illumise,65,47,75,73,85,85,430,1.0,2.0,1.0,1.0,0.5,1.0,0.5,1.0,0.5,2.0,1.0,1.0,2.0,1.0,1.0,1.0,1.0,1.0,200,0.6,39.0,17.7,150,0.0,3840,150,Oblivious; Prankster; Tinted Lens,Bug,None,Firefly,,3,0,0,0,0,3,12,3,0,3,430,0
315,Roselia,50,60,45,100,80,65,400,1.0,2.0,0.5,0.5,0.25,2.0,0.5,1.0,1.0,2.0,2.0,1.0,1.0,1.0,1.0,1.0,1.0,0.5,100,0.3,4.4,2.0,150,5.0,5120,150,Leaf Guard; Natural Cure; Poison Point,Grass,Poison,Thorn,,3,0,0,0,0,5,9,4,0,3,400,0
316,Gulpin,70,43,53,43,53,40,302,1.0,1.0,1.0,1.0,0.5,1.0,0.5,0.5,2.0,1.0,2.0,0.5,1.0,1.0,1.0,1.0,1.0,0.5,104,0.4,22.7,10.3,225,5.0,5120,225,Gluttony; Liquid Ooze; Sticky Hold,Poison,None,Stomach,,3,0,0,0,0,5,11,2,0,3,302,0
317,Swalot,100,73,83,73,83,55,467,1.0,1.0,1.0,1.0,0.5,1.0,0.5,0.5,2.0,1.0,2.0,0.5,1.0,1.0,1.0,1.0,1.0,0.5,507,1.7,176.4,80.0,75,5.0,5120,75,Gluttony; Liquid Ooze; Sticky Hold,Poison,None,Poison Bag,,3,0,0,0,0,5,11,2,0,3,467,0
318,Carvanha,45,90,20,65,20,65,305,1.0,0.5,0.5,2.0,2.0,0.5,2.0,1.0,1.0,1.0,0.0,2.0,1.0,0.5,1.0,0.5,0.5,2.0,207,0.8,45.9,20.8,225,5.0,5120,225,Available; Rough Skin; Speed Boost,Water,Dark,Savage,,3,0,0,0,1,6,6,5,0,3,305,0
319,Sharpedo,70,120,40,95,40,95,460,1.0,0.5,0.5,2.0,2.0,0.5,2.0,1.0,1.0,1.0,0.0,2.0,1.0,0.5,1.0,0.5,0.5,2.0,511,1.8,195.8,88.8,60,5.0,5120,60,Available; Rough Skin; Speed Boost,Water,Dark,Brutal,Mega Sharpedo,3,0,0,0,1,6,6,5,1,3,460,0
320,Wailmer,130,70,35,70,35,60,400,1.0,0.5,0.5,2.0,2.0,0.5,1.0,1.0,1.0,1.0,1.0,1.0,1.0,1.0,1.0,1.0,0.5,1.0,607,2.0,286.6,130.0,125,5.0,10240,125,Available; Oblivious; Pressure; Water Veil,Water,None,Ball Whale,,3,0,0,0,0,4,12,2,0,4,400,0
321,Wailord,170,90,45,90,45,60,500,1.0,0.5,0.5,2.0,2.0,0.5,1.0,1.0,1.0,1.0,1.0,1.0,1.0,1.0,1.0,1.0,0.5,1.0,4707,14.5,877.4,398.0,60,5.0,10240,60,Available; Oblivious; Pressure; Water Veil,Water,None,Float Whale,,3,0,0,0,0,4,12,2,0,4,500,0
322,Numel,60,60,40,65,45,35,305,1.0,0.5,4.0,0.0,1.0,1.0,1.0,0.5,2.0,1.0,1.0,0.5,1.0,1.0,1.0,1.0,0.5,0.5,204,0.7,52.9,24.0,255,5.0,5120,255,Oblivious; Own Tempo; Simple,Fire,Ground,Numb,,3,0,0,0,1,5,10,2,0,3,305,0
323,Camerupt,70,100,70,105,75,40,460,1.0,0.5,4.0,0.0,1.0,1.0,1.0,0.5,2.0,1.0,1.0,0.5,1.0,1.0,1.0,1.0,0.5,0.5,603,1.9,485.0,220.0,150,5.0,5120,150,Anger Point; Magma Armor; Solid Rock,Fire,Ground,Eruption,Mega Camerupt,3,0,0,0,1,5,10,2,1,3,460,0
324,Torkoal,70,85,140,85,70,20,470,1.0,0.5,2.0,1.0,0.5,0.5,1.0,1.0,2.0,1.0,1.0,0.5,2.0,1.0,1.0,1.0,0.5,0.5,108,0.5,177.2,80.4,90,5.0,5120,90,Available; Drought; Shell Armor; White Smoke,Fire,None,Coal,,3,0,0,0,0,6,9,3,0,4,470,0
325,Spoink,60,25,35,70,80,60,330,1.0,1.0,1.0,1.0,1.0,1.0,0.5,1.0,1.0,1.0,0.5,2.0,1.0,2.0,1.0,2.0,1.0,1.0,204,0.7,67.5,30.6,255,5.0,5120,255,Gluttony; Own Tempo; Thick Fat,Psychic,None,Bounce,,3,0,0,0,0,2,13,3,0,3,330,0
326,Grumpig,80,45,65,90,110,80,470,1.0,1.0,1.0,1.0,1.0,1.0,0.5,1.0,1.0,1.0,0.5,2.0,1.0,2.0,1.0,2.0,1.0,1.0,211,0.9,157.6,71.5,60,5.0,5120,60,Gluttony; Own Tempo; Thick Fat,Psychic,None,Manipulate,,3,0,0,0,0,2,13,3,0,3,470,0
327,Spinda,60,60,60,60,60,60,360,1.0,1.0,1.0,1.0,1.0,1.0,2.0,1.0,1.0,1.0,1.0,1.0,1.0,0.0,1.0,1.0,1.0,1.0,307,1.1,11.0,5.0,255,5.0,3840,255,Available; Contrary; Own Tempo; Tangled Feet,Normal,None,Spot Panda,,3,0,0,0,1,0,16,1,0,4,360,0
328,Trapinch,45,100,45,45,45,10,290,1.0,1.0,2.0,0.0,2.0,2.0,1.0,0.5,1.0,1.0,1.0,1.0,0.5,1.0,1.0,1.0,1.0,1.0,204,0.7,33.1,15.0,255,5.0,5120,255,Arena Trap; Available; Hyper Cutter; Sheer Force,Ground,None,Ant Pit,,3,0,0,0,1,2,12,3,0,4,290,0
329,Vibrava,50,70,50,50,50,70,340,1.0,0.5,1.0,0.0,1.0,4.0,1.0,0.5,1.0,1.0,1.0,1.0,0.5,1.0,2.0,1.0,1.0,2.0,307,1.1,33.7,15.3,120,5.0,5120,120,Levitate,Ground,Dragon,Vibration,,3,0,0,0,1,3,11,3,0,1,340,0
330,Flygon,80,100,80,80,80,100,520,1.0,0.5,1.0,0.0,1.0,4.0,1.0,0.5,1.0,1.0,1.0,1.0,0.5,1.0,2.0,1.0,1.0,2.0,607,2.0,180.8,82.0,45,5.0,5120,45,Levitate,Ground,Dragon,Mystic,,3,0,0,0,1,3,11,3,0,1,520,0
331,Cacnea,50,85,40,85,40,35,335,1.0,2.0,0.5,0.5,0.5,2.0,1.0,2.0,0.5,2.0,1.0,2.0,1.0,1.0,1.0,1.0,1.0,1.0,104,0.4,113.1,51.3,190,5.0,5120,190,Sand Veil; Water Absorb,Grass,None,Cactus,,3,0,0,0,0,4,9,5,0,2,335,0
332,Cacturne,70,115,60,115,60,55,475,1.0,2.0,0.5,0.5,0.5,2.0,2.0,2.0,0.5,2.0,0.0,4.0,1.0,0.5,1.0,0.5,1.0,2.0,403,1.3,170.6,77.4,60,5.0,5120,60,Sand Veil; Water Absorb,Grass,Dark,Scarecrow,,3,0,0,0,1,6,4,7,0,2,475,0
333,Swablu,45,40,60,40,75,50,310,1.0,1.0,1.0,2.0,0.5,2.0,1.0,1.0,0.0,1.0,1.0,0.5,2.0,0.0,1.0,1.0,1.0,1.0,104,0.4,2.6,1.2,255,5.0,5120,255,Cloud Nine; Natural Cure,Normal,Flying,Cotton Bird,,3,0,0,0,2,2,11,3,0,2,310,0
334,Altaria,75,70,90,70,105,80,490,1.0,0.5,0.5,1.0,0.25,4.0,0.5,1.0,0.0,1.0,1.0,0.5,2.0,1.0,2.0,1.0,1.0,2.0,307,1.1,45.4,20.6,45,5.0,5120,45,Cloud Nine; Natural Cure,Dragon,Flying,Humming,Mega Altaria,3,0,0,0,1,5,8,4,1,2,490,0
335,Zangoose,73,115,60,60,60,90,458,1.0,1.0,1.0,1.0,1.0,1.0,2.0,1.0,1.0,1.0,1.0,1.0,1.0,0.0,1.0,1.0,1.0,1.0,403,1.3,88.8,40.3,90,5.0,5120,90,Immunity; Toxic Boost,Normal,None,Cat Ferret,,3,0,0,0,1,0,16,1,0,2,458,0
336,Seviper,73,100,60,100,60,65,458,1.0,1.0,1.0,1.0,0.5,1.0,0.5,0.5,2.0,1.0,2.0,0.5,1.0,1.0,1.0,1.0,1.0,0.5,810,2.7,115.7,52.5,90,5.0,5120,90,Infiltrator; Shed Skin,Poison,None,Fang Snake,,3,0,0,0,0,5,11,2,0,2,458,0
337,Lunatone,90,55,65,95,85,70,460,0.5,0.5,2.0,1.0,2.0,1.0,1.0,0.5,2.0,0.5,0.5,2.0,1.0,2.0,1.0,2.0,2.0,1.0,303,1.0,370.4,168.0,45,5.0,6400,45,Levitate,Rock,Psychic,Meteorite,,3,0,0,0,0,5,6,7,0,1,460,0
338,Solrock,90,95,85,55,65,70,460,0.5,0.5,2.0,1.0,2.0,1.0,1.0,0.5,2.0,0.5,0.5,2.0,1.0,2.0,1.0,2.0,2.0,1.0,311,1.2,339.5,154.0,45,5.0,6400,45,Levitate,Rock,Psychic,Meteorite,,3,0,0,0,0,5,6,7,0,1,460,0
339,Barboach,50,48,43,46,41,60,288,1.0,0.5,1.0,0.0,4.0,1.0,1.0,0.5,1.0,1.0,1.0,1.0,0.5,1.0,1.0,1.0,0.5,1.0,104,0.4,4.2,1.9,190,5.0,5120,190,Anticipation; Available; Hydration; Oblivious,Water,Ground,Whiskers,,3,0,0,0,1,4,12,1,0,4,288,0
340,Whiscash,110,78,73,76,71,60,468,1.0,0.5,1.0,0.0,4.0,1.0,1.0,0.5,1.0,1.0,1.0,1.0,0.5,1.0,1.0,1.0,0.5,1.0,211,0.9,52.0,23.6,75,5.0,5120,75,Anticipation; Available; Hydration; Oblivious,Water,Ground,Whiskers,,3,0,0,0,1,4,12,1,0,4,468,0
341,Corphish,43,80,65,50,35,35,308,1.0,0.5,0.5,2.0,2.0,0.5,1.0,1.0,1.0,1.0,1.0,1.0,1.0,1.0,1.0,1.0,0.5,1.0,200,0.6,25.4,11.5,205,5.0,3840,205,Adaptability; Hyper Cutter; Shell Armor,Water,None,Ruffian,,3,0,0,0,0,4,12,2,0,3,308,0
342,Crawdaunt,63,120,85,90,55,55,468,1.0,0.5,0.5,2.0,2.0,0.5,2.0,1.0,1.0,1.0,0.0,2.0,1.0,0.5,1.0,0.5,0.5,2.0,307,1.1,72.3,32.8,155,5.0,3840,155,Adaptability; Hyper Cutter; Shell Armor,Water,Dark,Rogue,,3,0,0,0,1,6,6,5,0,3,468,0
343,Baltoy,40,40,55,40,70,55,300,1.0,1.0,2.0,0.0,2.0,2.0,0.5,0.5,1.0,1.0,0.5,2.0,0.5,2.0,1.0,2.0,1.0,1.0,108,0.5,47.4,21.5,255,5.0,5120,255,Levitate,Ground,Psychic,Clay Doll,,3,0,0,0,1,4,7,6,0,1,300,0
344,Claydol,60,70,105,70,120,75,500,1.0,1.0,2.0,0.0,2.0,2.0,0.5,0.5,1.0,1.0,0.5,2.0,0.5,2.0,1.0,2.0,1.0,1.0,411,1.5,238.1,108.0,90,5.0,5120,90,Levitate,Ground,Psychic,Clay Doll,,3,0,0,0,1,4,7,6,0,1,500,0
345,Lileep,66,41,77,61,87,23,355,0.5,1.0,1.0,0.5,1.0,2.0,2.0,1.0,1.0,1.0,1.0,2.0,1.0,1.0,1.0,1.0,2.0,1.0,303,1.0,52.5,23.8,45,88.1,7680,45,Storm Drain; Suction Cups,Rock,Grass,Sea Lily,,3,0,0,0,0,2,12,4,0,2,355,0
346,Cradily,86,81,97,81,107,43,495,0.5,1.0,1.0,0.5,1.0,2.0,2.0,1.0,1.0,1.0,1.0,2.0,1.0,1.0,1.0,1.0,2.0,1.0,411,1.5,133.2,60.4,45,88.1,7680,45,Storm Drain; Suction Cups,Rock,Grass,Barnacle,,3,0,0,0,0,2,12,4,0,2,495,0
347,Anorith,45,95,50,40,50,75,355,0.5,1.0,2.0,1.0,1.0,1.0,1.0,0.5,1.0,1.0,1.0,1.0,2.0,1.0,1.0,1.0,2.0,1.0,204,0.7,27.6,12.5,45,88.1,7680,45,Battle Armor; Swift Swim,Rock,Bug,Old Shrimp,,3,0,0,0,0,2,13,3,0,2,355,0
348,Armaldo,75,125,100,70,80,45,495,0.5,1.0,2.0,1.0,1.0,1.0,1.0,0.5,1.0,1.0,1.0,1.0,2.0,1.0,1.0,1.0,2.0,1.0,411,1.5,150.4,68.2,45,88.1,7680,45,Battle Armor; Swift Swim,Rock,Bug,Plate,,3,0,0,0,0,2,13,3,0,2,495,0
349,Feebas,20,15,20,10,55,80,200,1.0,0.5,0.5,2.0,2.0,0.5,1.0,1.0,1.0,1.0,1.0,1.0,1.0,1.0,1.0,1.0,0.5,1.0,200,0.6,16.3,7.4,255,5.0,5120,255,Adaptability; Available; Oblivious; Swift Swim,Water,None,Fish,,3,0,0,0,0,4,12,2,0,4,200,0
350,Milotic,95,60,79,100,125,81,540,1.0,0.5,0.5,2.0,2.0,0.5,1.0,1.0,1.0,1.0,1.0,1.0,1.0,1.0,1.0,1.0,0.5,1.0,2004,6.2,357.1,162.0,60,5.0,5120,60,Available; Competitive; Cute Charm; Marvel Scale,Water,None,Tender,,3,0,0,0,0,4,12,2,0,4,540,0
351,Castform,70,70,70,70,70,70,420,1.0,1.0,1.0,1.0,1.0,1.0,2.0,1.0,1.0,1.0,1.0,1.0,1.0,0.0,1.0,1.0,1.0,1.0,100,0.3,1.8,0.8,45,5.0,6400,45,Forecast,Normal,None,Weather,Sunny Form; Rainy Form; Snowy Form,3,0,0,0,1,0,16,1,1,1,420,0
352,Kecleon,60,90,70,60,120,40,440,1.0,1.0,1.0,1.0,1.0,1.0,2.0,1.0,1.0,1.0,1.0,1.0,1.0,0.0,1.0,1.0,1.0,1.0,303,1.0,48.5,22.0,200,5.0,5120,200,Color Change; Protean,Normal,None,Color Swap,,3,0,0,0,1,0,16,1,0,2,440,0
353,Shuppet,44,75,35,63,33,45,295,0.0,1.0,1.0,1.0,1.0,1.0,0.0,0.5,1.0,1.0,1.0,0.5,1.0,2.0,1.0,2.0,1.0,1.0,200,0.6,5.1,2.3,225,5.0,6400,225,Cursed Body; Frisk; Insomnia,Ghost,None,Puppet,,3,0,0,0,2,2,12,2,0,3,295,0
354,Banette,64,115,65,83,63,65,455,0.0,1.0,1.0,1.0,1.0,1.0,0.0,0.5,1.0,1.0,1.0,0.5,1.0,2.0,1.0,2.0,1.0,1.0,307,1.1,27.6,12.5,45,5.0,6400,45,Cursed Body; Frisk; Insomnia,Ghost,None,Marionette,Mega Banette,3,0,0,0,2,2,12,2,1,3,455,0
355,Duskull,20,40,90,30,90,25,295,0.0,1.0,1.0,1.0,1.0,1.0,0.0,0.5,1.0,1.0,1.0,0.5,1.0,2.0,1.0,2.0,1.0,1.0,207,0.8,33.1,15.0,190,5.0,6400,190,Frisk; Levitate,Ghost,None,Requiem,,3,0,0,0,2,2,12,2,0,2,295,0
356,Dusclops,40,70,130,60,130,25,455,0.0,1.0,1.0,1.0,1.0,1.0,0.0,0.5,1.0,1.0,1.0,0.5,1.0,2.0,1.0,2.0,1.0,1.0,503,1.6,67.5,30.6,90,5.0,6400,90,Frisk; Pressure,Ghost,None,Beckon,,3,0,0,0,2,2,12,2,0,2,455,0
357,Tropius,99,68,83,72,87,51,460,1.0,2.0,0.5,1.0,0.25,4.0,0.5,2.0,0.0,2.0,1.0,1.0,2.0,1.0,1.0,1.0,1.0,1.0,607,2.0,220.5,100.0,200,5.0,6400,200,Chlorophyll; Harvest; Solar Power,Grass,Flying,Fruit,,3,0,0,0,1,3,9,5,0,3,460,0
358,Chimecho,75,50,80,95,90,65,455,1.0,1.0,1.0,1.0,1.0,1.0,0.5,1.0,1.0,1.0,0.5,2.0,1.0,2.0,1.0,2.0,1.0,1.0,200,0.6,2.2,1.0,45,5.0,6400,45,Levitate,Psychic,None,Wind Chime,,3,0,0,0,0,2,13,3,0,1,455,0
359,Absol,65,130,60,75,60,75,465,1.0,1.0,1.0,1.0,1.0,1.0,2.0,1.0,1.0,1.0,0.0,2.0,1.0,0.5,1.0,0.5,1.0,2.0,311,1.2,103.6,47.0,30,5.0,6400,30,Available; Justified; Pressure; Super Luck,Dark,None,Disaster,Mega Absol,3,0,0,0,1,2,12,3,1,4,465,0
360,Wynaut,95,23,48,23,48,23,260,1.0,1.0,1.0,1.0,1.0,1.0,0.5,1.0,1.0,1.0,0.5,2.0,1.0,2.0,1.0,2.0,1.0,1.0,200,0.6,30.9,14.0,125,5.0,5120,125,Shadow Tag; Telepathy,Psychic,None,Bright,,3,0,0,0,0,2,13,3,0,2,260,0
361,Snorunt,50,50,50,50,50,50,300,1.0,2.0,1.0,1.0,1.0,0.5,2.0,1.0,1.0,1.0,1.0,1.0,2.0,1.0,1.0,1.0,2.0,1.0,204,0.7,37.0,16.8,190,5.0,5120,190,Available; Ice Body; Inner Focus; Moody,Ice,None,Snow Hat,,3,0,0,0,0,1,13,4,0,4,300,0
362,Glalie,80,80,80,80,80,80,480,1.0,2.0,1.0,1.0,1.0,0.5,2.0,1.0,1.0,1.0,1.0,1.0,2.0,1.0,1.0,1.0,2.0,1.0,411,1.5,565.5,256.5,75,5.0,5120,75,Available; Ice Body; Inner Focus; Moody,Ice,None,Face,Mega Glalie,3,0,0,0,0,1,13,4,1,4,480,0
363,Spheal,70,40,50,55,50,25,290,1.0,1.0,0.5,2.0,2.0,0.25,2.0,1.0,1.0,1.0,1.0,1.0,2.0,1.0,1.0,1.0,1.0,1.0,207,0.8,87.1,39.5,255,5.0,5120,255,Ice Body; Oblivious; Thick Fat,Ice,Water,Clap,,3,0,0,0,0,2,12,4,0,3,290,0
364,Sealeo,90,60,70,75,70,45,410,1.0,1.0,0.5,2.0,2.0,0.25,2.0,1.0,1.0,1.0,1.0,1.0,2.0,1.0,1.0,1.0,1.0,1.0,307,1.1,193.1,87.6,120,5.0,5120,120,Ice Body; Oblivious; Thick Fat,Ice,Water,Ball Roll,,3,0,0,0,0,2,12,4,0,3,410,0
365,Walrein,110,80,90,95,90,65,530,1.0,1.0,0.5,2.0,2.0,0.25,2.0,1.0,1.0,1.0,1.0,1.0,2.0,1.0,1.0,1.0,1.0,1.0,407,1.4,332.0,150.6,45,5.0,5120,45,Ice Body; Oblivious; Thick Fat,Ice,Water,Ice Break,,3,0,0,0,0,2,12,4,0,3,530,0
366,Clamperl,35,64,85,74,55,32,345,1.0,0.5,0.5,2.0,2.0,0.5,1.0,1.0,1.0,1.0,1.0,1.0,1.0,1.0,1.0,1.0,0.5,1.0,104,0.4,115.7,52.5,255,5.0,5120,255,Rattled; Shell Armor,Water,None,Bivalve,,3,0,0,0,0,4,12,2,0,2,345,0
367,Huntail,55,104,105,94,75,52,485,1.0,0.5,0.5,2.0,2.0,0.5,1.0,1.0,1.0,1.0,1.0,1.0,1.0,1.0,1.0,1.0,0.5,1.0,507,1.7,59.5,27.0,60,5.0,5120,60,Swift Swim; Water Veil,Water,None,Deep Sea,,3,0,0,0,0,4,12,2,0,2,485,0
368,Gorebyss,55,84,105,114,75,52,485,1.0,0.5,0.5,2.0,2.0,0.5,1.0,1.0,1.0,1.0,1.0,1.0,1.0,1.0,1.0,1.0,0.5,1.0,511,1.8,49.8,22.6,60,5.0,5120,60,Hydration; Swift Swim,Water,None,South Sea,,3,0,0,0,0,4,12,2,0,2,485,0
369,Relicanth,100,90,130,45,65,55,485,0.5,0.25,1.0,2.0,4.0,0.5,2.0,0.5,2.0,0.5,1.0,1.0,1.0,1.0,1.0,1.0,1.0,1.0,303,1.0,51.6,23.4,25,88.1,10240,25,Available; Rock Head; Sturdy; Swift Swim,Water,Rock,Longevity,,3,0,0,0,0,5,9,4,0,4,485,0
370,Luvdisc,43,30,55,40,65,97,330,1.0,0.5,0.5,2.0,2.0,0.5,1.0,1.0,1.0,1.0,1.0,1.0,1.0,1.0,1.0,1.0,0.5,1.0,200,0.6,19.2,8.7,225,24.6,5120,225,Available; Hydration; Swift Swim,Water,None,Rendezvous,,3,0,0,0,0,4,12,2,0,3,330,0
371,Bagon,45,75,60,40,30,50,300,1.0,0.5,0.5,0.5,0.5,2.0,1.0,1.0,1.0,1.0,1.0,1.0,1.0,1.0,2.0,1.0,1.0,2.0,200,0.6,92.8,42.1,45,5.0,10240,45,Available; Rock Head; Sheer Force,Dragon,None,Rock Head,,3,0,0,0,0,4,11,3,0,3,300,0
372,Shelgon,65,95,100,60,50,50,420,1.0,0.5,0.5,0.5,0.5,2.0,1.0,1.0,1.0,1.0,1.0,1.0,1.0,1.0,2.0,1.0,1.0,2.0,307,1.1,243.6,110.5,45,5.0,10240,45,Available; Overcoat; Rock Head,Dragon,None,Endurance,,3,0,0,0,0,4,11,3,0,3,420,0
373,Salamence,95,135,80,110,80,100,600,1.0,0.5,0.5,1.0,0.25,4.0,0.5,1.0,0.0,1.0,1.0,0.5,2.0,1.0,2.0,1.0,1.0,2.0,411,1.5,226.2,102.6,45,5.0,10240,45,Available; Intimidate; Moxie,Dragon,Flying,Dragon,Mega Salamence,3,0,0,0,1,5,8,4,1,3,600,0
374,Beldum,40,55,80,35,60,30,300,0.5,2.0,1.0,1.0,0.5,0.5,1.0,0.0,2.0,0.5,0.25,1.0,0.5,2.0,0.5,2.0,0.5,0.5,200,0.6,209.9,95.2,3,5.0,10240,3,Available; Clear Body; Light Metal,Steel,Psychic,Iron Ball,,3,0,0,0,1,9,4,4,0,3,300,0
375,Metang,60,75,100,55,80,50,420,0.5,2.0,1.0,1.0,0.5,0.5,1.0,0.0,2.0,0.5,0.25,1.0,0.5,2.0,0.5,2.0,0.5,0.5,311,1.2,446.4,202.5,3,5.0,10240,3,Available; Clear Body; Light Metal,Steel,Psychic,Iron Claw,,3,0,0,0,1,9,4,4,0,3,420,0
376,Metagross,80,135,130,95,90,70,600,0.5,2.0,1.0,1.0,0.5,0.5,1.0,0.0,2.0,0.5,0.25,1.0,0.5,2.0,0.5,2.0,0.5,0.5,503,1.6,1212.5,550.0,3,5.0,10240,3,Available; Clear Body; Light Metal,Steel,Psychic,Iron Leg,Mega Metagross,3,0,0,0,1,9,4,4,1,3,600,0
377,Regirock,80,100,200,50,100,50,580,0.5,0.5,2.0,1.0,2.0,1.0,2.0,0.5,2.0,0.5,1.0,1.0,1.0,1.0,1.0,1.0,2.0,1.0,507,1.7,507.1,230.0,3,5.0,20480,3,Clear Body; Sturdy,Rock,None,Rock Peak,,3,1,0,0,0,4,9,5,0,2,580,0
378,Regice,80,50,100,100,200,50,580,1.0,2.0,1.0,1.0,1.0,0.5,2.0,1.0,1.0,1.0,1.0,1.0,2.0,1.0,1.0,1.0,2.0,1.0,511,1.8,385.8,175.0,3,5.0,20480,3,Clear Body; Ice Body,Ice,None,Iceberg,,3,1,0,0,0,1,13,4,0,2,580,0
379,Registeel,80,75,150,75,150,50,580,0.5,2.0,1.0,1.0,0.5,0.5,2.0,0.0,2.0,0.5,0.5,0.5,0.5,1.0,0.5,1.0,0.5,0.5,603,1.9,451.9,205.0,3,5.0,20480,3,Clear Body; Light Metal,Steel,None,Iron,,3,1,0,0,1,10,4,3,0,2,580,0
380,Latias,80,80,90,110,130,110,600,1.0,0.5,0.5,0.5,0.5,2.0,0.5,1.0,1.0,1.0,0.5,2.0,1.0,2.0,2.0,2.0,1.0,2.0,407,1.4,88.2,40.0,3,0.0,30720,3,Levitate,Dragon,Psychic,Eon,Mega Latias,3,1,0,0,0,6,6,6,1,1,600,0
381,Latios,80,90,80,130,110,110,600,1.0,0.5,0.5,0.5,0.5,2.0,0.5,1.0,1.0,1.0,0.5,2.0,1.0,2.0,2.0,2.0,1.0,2.0,607,2.0,132.3,60.0,3,10.0,30720,3,Levitate,Dragon,Psychic,Eon,Mega Latios,3,1,0,0,0,6,6,6,1,1,600,0
382,Kyogre,100,100,90,150,140,90,670,1.0,0.5,0.5,2.0,2.0,0.5,1.0,1.0,1.0,1.0,1.0,1.0,1.0,1.0,1.0,1.0,0.5,1.0,1409,4.5,776.0,352.0,3,5.0,30720,3,Drizzle,Water,None,Sea Basin,Primal Kyogre,3,1,0,0,0,4,12,2,1,1,670,0
383,Groudon,100,150,140,100,90,90,670,1.0,1.0,2.0,0.0,2.0,2.0,1.0,0.5,1.0,1.0,1.0,1.0,0.5,1.0,1.0,1.0,1.0,1.0,1106,3.5,2094.4,950.0,3,5.0,30720,3,Drought,Ground,None,Continent,Primal Groudon,3,1,0,0,1,2,12,3,1,1,670,0
384,Rayquaza,105,150,90,150,90,95,680,1.0,0.5,0.5,1.0,0.25,4.0,0.5,1.0,0.0,1.0,1.0,0.5,2.0,1.0,2.0,1.0,1.0,2.0,2300,7.0,455.2,206.5,45,5.0,30720,45,Air Lock,Dragon,Flying,Sky High,Mega Rayquaza,3,1,0,0,1,5,8,4,1,1,680,0
385,Jirachi,100,100,100,100,100,100,600,0.5,2.0,1.0,1.0,0.5,0.5,1.0,0.0,2.0,0.5,0.25,1.0,0.5,2.0,0.5,2.0,0.5,0.5,100,0.3,2.4,1.1,3,5.0,30720,3,Serene Grace,Steel,Psychic,Wish,,3,0,1,0,1,9,4,4,0,1,600,0
386,Deoxys,50,150,50,150,50,150,600,1.0,1.0,1.0,1.0,1.0,1.0,0.5,1.0,1.0,1.0,0.5,2.0,1.0,2.0,1.0,2.0,1.0,1.0,507,1.7,134.0,60.8,3,5.0,30720,3,Pressure,Psychic,None,DNA,Normal Forme; Attack Forme; Defense Forme; Speed Forme,3,0,1,0,0,2,13,3,1,1,600,0
387,Turtwig,55,68,64,45,55,31,318,1.0,2.0,0.5,0.5,0.5,2.0,1.0,2.0,0.5,2.0,1.0,2.0,1.0,1.0,1.0,1.0,1.0,1.0,104,0.4,22.5,10.2,45,88.1,5120,45,Overgrow; Shell Armor,Grass,None,Tiny Leaf,,4,0,0,0,0,4,9,5,0,2,318,0
388,Grotle,75,89,85,55,65,36,405,1.0,2.0,0.5,0.5,0.5,2.0,1.0,2.0,0.5,2.0,1.0,2.0,1.0,1.0,1.0,1.0,1.0,1.0,307,1.1,213.8,97.0,45,88.1,5120,45,Overgrow; Shell Armor,Grass,None,Grove,,4,0,0,0,0,4,9,5,0,2,405,0
389,Torterra,95,109,105,75,85,56,525,1.0,2.0,1.0,0.0,1.0,4.0,1.0,1.0,0.5,2.0,1.0,2.0,0.5,1.0,1.0,1.0,1.0,1.0,703,2.2,683.4,310.0,45,88.1,5120,45,Overgrow; Shell Armor,Grass,Ground,Continent,,4,0,0,0,1,2,11,4,0,2,525,0
390,Chimchar,44,58,44,58,44,61,309,1.0,0.5,2.0,1.0,0.5,0.5,1.0,1.0,2.0,1.0,1.0,0.5,2.0,1.0,1.0,1.0,0.5,0.5,108,0.5,13.7,6.2,45,88.1,5120,45,Blaze; Iron Fist,Fire,None,Chimp,,4,0,0,0,0,6,9,3,0,2,309,0
391,Monferno,64,78,52,78,52,81,405,1.0,0.5,2.0,1.0,0.5,0.5,1.0,1.0,2.0,2.0,2.0,0.25,1.0,1.0,1.0,0.5,0.5,1.0,211,0.9,48.5,22.0,45,88.1,5120,45,Blaze; Iron Fist,Fire,Fighting,Playful,,4,0,0,0,0,6,8,4,0,2,405,0
392,Infernape,76,104,71,104,71,108,534,1.0,0.5,2.0,1.0,0.5,0.5,1.0,1.0,2.0,2.0,2.0,0.25,1.0,1.0,1.0,0.5,0.5,1.0,311,1.2,121.3,55.0,45,88.1,5120,45,Blaze; Iron Fist,Fire,Fighting,Flame,,4,0,0,0,0,6,8,4,0,2,534,0
393,Piplup,53,51,53,61,56,40,314,1.0,0.5,0.5,2.0,2.0,0.5,1.0,1.0,1.0,1.0,1.0,1.0,1.0,1.0,1.0,1.0,0.5,1.0,104,0.4,11.5,5.2,45,88.1,5120,45,Defiant; Torrent,Water,None,Penguin,,4,0,0,0,0,4,12,2,0,2,314,0
394,Prinplup,64,66,68,81,76,50,405,1.0,0.5,0.5,2.0,2.0,0.5,1.0,1.0,1.0,1.0,1.0,1.0,1.0,1.0,1.0,1.0,0.5,1.0,207,0.8,50.7,23.0,45,88.1,5120,45,Defiant; Torrent,Water,None,Penguin,,4,0,0,0,0,4,12,2,0,2,405,0
395,Empoleon,84,86,88,111,101,60,530,0.5,1.0,0.5,2.0,1.0,0.25,2.0,0.0,2.0,0.5,0.5,0.5,0.5,1.0,0.5,1.0,0.25,0.5,507,1.7,186.3,84.5,45,88.1,5120,45,Defiant; Torrent,Water,Steel,Emperor,,4,0,0,0,1,10,4,3,0,2,530,0
396,Starly,40,55,30,30,30,60,245,1.0,1.0,1.0,2.0,0.5,2.0,1.0,1.0,0.0,1.0,1.0,0.5,2.0,0.0,1.0,1.0,1.0,1.0,100,0.3,4.4,2.0,255,5.0,3840,255,Keen Eye; Reckless,Normal,Flying,Starling,,4,0,0,0,2,2,11,3,0,2,245,0
397,Staravia,55,75,50,40,40,80,340,1.0,1.0,1.0,2.0,0.5,2.0,1.0,1.0,0.0,1.0,1.0,0.5,2.0,0.0,1.0,1.0,1.0,1.0,200,0.6,34.2,15.5,120,5.0,3840,120,Intimidate; Reckless,Normal,Flying,Starling,,4,0,0,0,2,2,11,3,0,2,340,0
398,Staraptor,85,120,70,50,60,100,485,1.0,1.0,1.0,2.0,0.5,2.0,1.0,1.0,0.0,1.0,1.0,0.5,2.0,0.0,1.0,1.0,1.0,1.0,311,1.2,54.9,24.9,45,5.0,3840,45,Intimidate; Reckless,Normal,Flying,Predator,,4,0,0,0,2,2,11,3,0,2,485,0
399,Bidoof,59,45,40,35,40,31,250,1.0,1.0,1.0,1.0,1.0,1.0,2.0,1.0,1.0,1.0,1.0,1.0,1.0,0.0,1.0,1.0,1.0,1.0,108,0.5,44.1,20.0,255,5.0,3840,255,Moody; Simple; Unaware,Normal,None,Plump Mouse,,4,0,0,0,1,0,16,1,0,3,250,0
400,Bibarel,79,85,60,55,60,71,410,1.0,0.5,0.5,2.0,2.0,0.5,2.0,1.0,1.0,1.0,1.0,1.0,1.0,0.0,1.0,1.0,0.5,1.0,303,1.0,69.4,31.5,127,5.0,3840,127,Moody; Simple; Unaware,Normal,Water,Beaver,,4,0,0,0,1,4,10,3,0,3,410,0
401,Kricketot,37,25,41,25,41,25,194,1.0,2.0,1.0,1.0,0.5,1.0,0.5,1.0,0.5,2.0,1.0,1.0,2.0,1.0,1.0,1.0,1.0,1.0,100,0.3,4.9,2.2,255,5.0,3840,255,Run Away; Shed Skin,Bug,None,Cricket,,4,0,0,0,0,3,12,3,0,2,194,0
402,Kricketune,77,85,51,55,51,65,384,1.0,2.0,1.0,1.0,0.5,1.0,0.5,1.0,0.5,2.0,1.0,1.0,2.0,1.0,1.0,1.0,1.0,1.0,303,1.0,56.2,25.5,45,5.0,3840,45,Swarm; Technician,Bug,None,Cricket,,4,0,0,0,0,3,12,3,0,2,384,0
403,Shinx,45,65,34,40,34,45,263,1.0,1.0,1.0,0.5,1.0,1.0,1.0,1.0,2.0,0.5,1.0,1.0,1.0,1.0,1.0,1.0,0.5,1.0,108,0.5,20.9,9.5,235,5.0,5120,235,Guts; Intimidate; Rivalry,Electric,None,Flash,,4,0,0,0,0,3,14,1,0,3,263,0
404,Luxio,60,85,49,60,49,60,363,1.0,1.0,1.0,0.5,1.0,1.0,1.0,1.0,2.0,0.5,1.0,1.0,1.0,1.0,1.0,1.0,0.5,1.0,211,0.9,67.2,30.5,120,5.0,2560,120,Guts; Intimidate; Rivalry,Electric,None,Spark,,4,0,0,0,0,3,14,1,0,3,363,0
405,Luxray,80,120,79,95,79,70,523,1.0,1.0,1.0,0.5,1.0,1.0,1.0,1.0,2.0,0.5,1.0,1.0,1.0,1.0,1.0,1.0,0.5,1.0,407,1.4,92.6,42.0,45,5.0,5120,45,Guts; Intimidate; Rivalry,Electric,None,Gleam Eyes,,4,0,0,0,0,3,14,1,0,3,523,0
406,Budew,40,30,35,50,70,55,280,1.0,2.0,0.5,0.5,0.25,2.0,0.5,1.0,1.0,2.0,2.0,1.0,1.0,1.0,1.0,1.0,1.0,0.5,8,0.2,2.6,1.2,255,5.0,5120,255,Leaf Guard; Natural Cure; Poison Point,Grass,Poison,Bud,,4,0,0,0,0,5,9,4,0,3,280,0
407,Roserade,60,70,65,125,105,90,515,1.0,2.0,0.5,0.5,0.25,2.0,0.5,1.0,1.0,2.0,2.0,1.0,1.0,1.0,1.0,1.0,1.0,0.5,211,0.9,32.0,14.5,75,5.0,5120,75,Natural Cure; Poison Point; Technician,Grass,Poison,Bouquet,,4,0,0,0,0,5,9,4,0,3,515,0
408,Cranidos,67,125,40,30,30,58,350,0.5,0.5,2.0,1.0,2.0,1.0,2.0,0.5,2.0,0.5,1.0,1.0,1.0,1.0,1.0,1.0,2.0,1.0,211,0.9,69.4,31.5,45,88.1,7680,45,Mold Breaker; Sheer Force,Rock,None,Head Butt,,4,0,0,0,0,4,9,5,0,2,350,0
409,Rampardos,97,165,60,65,50,58,495,0.5,0.5,2.0,1.0,2.0,1.0,2.0,0.5,2.0,0.5,1.0,1.0,1.0,1.0,1.0,1.0,2.0,1.0,503,1.6,226.0,102.5,45,88.1,7680,45,Mold Breaker; Sheer Force,Rock,None,Head Butt,,4,0,0,0,0,4,9,5,0,2,495,0
410,Shieldon,30,42,118,42,88,30,350,0.25,1.0,2.0,1.0,1.0,0.5,4.0,0.0,4.0,0.25,0.5,0.5,0.5,1.0,0.5,1.0,1.0,0.5,108,0.5,125.7,57.0,45,88.1,7680,45,Soundproof; Sturdy,Rock,Steel,Shield,,4,0,0,0,1,8,6,3,0,2,350,0
411,Bastiodon,60,52,168,47,138,30,495,0.25,1.0,2.0,1.0,1.0,0.5,4.0,0.0,4.0,0.25,0.5,0.5,0.5,1.0,0.5,1.0,1.0,0.5,403,1.3,329.6,149.5,45,88.1,7680,45,Soundproof; Sturdy,Rock,Steel,Shield,,4,0,0,0,1,8,6,3,0,2,495,0
412,Burmy,40,29,45,29,45,36,224,1.0,2.0,1.0,1.0,0.5,1.0,0.5,1.0,0.5,2.0,1.0,1.0,2.0,1.0,1.0,1.0,1.0,1.0,8,0.2,7.5,3.4,120,5.0,3840,120,Overcoat; Shed Skin,Bug,None,Bagworm,Plant Cloak; Sandy Cloak; Trash Cloak,4,0,0,0,0,3,12,3,1,2,224,0
413,Wormadam,60,59,85,79,105,36,424,1.0,4.0,0.5,0.5,0.25,2.0,0.5,2.0,0.25,4.0,1.0,2.0,2.0,1.0,1.0,1.0,1.0,1.0,108,0.5,14.3,6.5,45,0.0,3840,45,Anticipation; Overcoat,Bug,Grass,Bagworm,Plant Cloak; Sandy Cloak; Trash Cloak,4,0,0,0,0,5,7,6,1,2,424,0
414,Mothim,70,94,50,94,50,66,424,1.0,2.0,1.0,2.0,0.25,2.0,0.25,1.0,0.0,2.0,1.0,0.5,4.0,1.0,1.0,1.0,1.0,1.0,211,0.9,51.4,23.3,45,10.0,3840,45,Swarm; Tinted Lens,Bug,Flying,Moth,,4,0,0,0,1,3,9,5,0,2,424,0
415,Combee,30,30,42,30,42,70,244,1.0,2.0,1.0,2.0,0.25,2.0,0.25,1.0,0.0,2.0,1.0,0.5,4.0,1.0,1.0,1.0,1.0,1.0,100,0.3,12.1,5.5,120,88.1,3840,120,Honey Gather; Hustle,Bug,Flying,Tiny Bee,,4,0,0,0,1,3,9,5,0,2,244,0
416,Vespiquen,70,80,102,80,102,40,474,1.0,2.0,1.0,2.0,0.25,2.0,0.25,1.0,0.0,2.0,1.0,0.5,4.0,1.0,1.0,1.0,1.0,1.0,311,1.2,84.9,38.5,45,0.0,3840,45,Pressure; Unnerve,Bug,Flying,Beehive,,4,0,0,0,1,3,9,5,0,2,474,0
417,Pachirisu,60,45,70,45,90,95,405,1.0,1.0,1.0,0.5,1.0,1.0,1.0,1.0,2.0,0.5,1.0,1.0,1.0,1.0,1.0,1.0,0.5,1.0,104,0.4,8.6,3.9,200,5.0,2560,200,Pickup; Run Away; Volt Absorb,Electric,None,EleSquirrel,,4,0,0,0,0,3,14,1,0,3,405,0
418,Buizel,55,65,35,60,30,85,330,1.0,0.5,0.5,2.0,2.0,0.5,1.0,1.0,1.0,1.0,1.0,1.0,1.0,1.0,1.0,1.0,0.5,1.0,204,0.7,65.0,29.5,190,5.0,5120,190,Swift Swim; Water Veil,Water,None,Sea Weasel,,4,0,0,0,0,4,12,2,0,2,330,0
419,Floatzel,85,105,55,85,50,115,495,1.0,0.5,0.5,2.0,2.0,0.5,1.0,1.0,1.0,1.0,1.0,1.0,1.0,1.0,1.0,1.0,0.5,1.0,307,1.1,73.9,33.5,75,5.0,5120,75,Swift Swim; Water Veil,Water,None,Sea Weasel,,4,0,0,0,0,4,12,2,0,2,495,0
420,Cherubi,45,35,45,62,53,35,275,1.0,2.0,0.5,0.5,0.5,2.0,1.0,2.0,0.5,2.0,1.0,2.0,1.0,1.0,1.0,1.0,1.0,1.0,104,0.4,7.3,3.3,190,5.0,5120,190,Chlorophyll,Grass,None,Cherry,,4,0,0,0,0,4,9,5,0,1,275,0
421,Cherrim,70,60,70,87,78,85,450,1.0,2.0,0.5,0.5,0.5,2.0,1.0,2.0,0.5,2.0,1.0,2.0,1.0,1.0,1.0,1.0,1.0,1.0,108,0.5,20.5,9.3,75,5.0,5120,75,Flower Gift,Grass,None,Blossom,,4,0,0,0,0,4,9,5,0,1,450,0
422,Shellos,76,48,48,57,62,34,325,1.0,0.5,0.5,2.0,2.0,0.5,1.0,1.0,1.0,1.0,1.0,1.0,1.0,1.0,1.0,1.0,0.5,1.0,100,0.3,13.9,6.3,190,5.0,5120,190,Available; Sand Force; Sticky Hold; Storm Drain,Water,None,Sea Slug,,4,0,0,0,0,4,12,2,0,4,325,0
423,Gastrodon,111,83,68,92,82,39,475,1.0,0.5,1.0,0.0,4.0,1.0,1.0,0.5,1.0,1.0,1.0,1.0,0.5,1.0,1.0,1.0,0.5,1.0,211,0.9,65.9,29.9,75,5.0,5120,75,Available; Sand Force; Sticky Hold; Storm Drain,Water,Ground,Sea Slug,,4,0,0,0,1,4,12,1,0,4,475,0
424,Ambipom,75,100,66,60,66,115,482,1.0,1.0,1.0,1.0,1.0,1.0,2.0,1.0,1.0,1.0,1.0,1.0,1.0,0.0,1.0,1.0,1.0,1.0,311,1.2,44.8,20.3,45,5.0,5120,45,Pickup; Skill Link; Technician,Normal,None,Long Tail,,4,0,0,0,1,0,16,1,0,3,482,0
425,Drifloon,90,50,34,60,44,70,348,0.0,1.0,1.0,2.0,0.5,2.0,0.0,0.5,0.0,1.0,1.0,0.25,2.0,2.0,1.0,2.0,1.0,1.0,104,0.4,2.6,1.2,125,5.0,7680,125,Aftermath; Available; Flare Boost; Unburden,Ghost,Flying,Balloon,,4,0,0,0,3,3,7,5,0,4,348,0
426,Drifblim,150,80,44,90,54,80,498,0.0,1.0,1.0,2.0,0.5,2.0,0.0,0.5,0.0,1.0,1.0,0.25,2.0,2.0,1.0,2.0,1.0,1.0,311,1.2,33.1,15.0,60,5.0,7680,60,Aftermath; Available; Flare Boost; Unburden,Ghost,Flying,Blimp,,4,0,0,0,3,3,7,5,0,4,498,0
427,Buneary,55,66,44,44,56,85,350,1.0,1.0,1.0,1.0,1.0,1.0,2.0,1.0,1.0,1.0,1.0,1.0,1.0,0.0,1.0,1.0,1.0,1.0,104,0.4,12.1,5.5,190,5.0,5120,190,Klutz; Limber; Run Away,Normal,None,Rabbit,,4,0,0,0,1,0,16,1,0,3,350,0
428,Lopunny,65,76,84,54,96,105,480,1.0,1.0,1.0,1.0,1.0,1.0,2.0,1.0,1.0,1.0,1.0,1.0,1.0,0.0,1.0,1.0,1.0,1.0,311,1.2,73.4,33.3,60,5.0,5120,60,Cute Charm; Klutz; Limber,Normal,None,Rabbit,Mega Lopunny,4,0,0,0,1,0,16,1,1,3,480,0
429,Mismagius,60,60,60,105,105,105,495,0.0,1.0,1.0,1.0,1.0,1.0,0.0,0.5,1.0,1.0,1.0,0.5,1.0,2.0,1.0,2.0,1.0,1.0,211,0.9,9.7,4.4,45,5.0,6400,45,Levitate,Ghost,None,Magical,,4,0,0,0,2,2,12,2,0,1,495,0
430,Honchkrow,100,125,52,105,52,71,505,1.0,1.0,1.0,2.0,0.5,2.0,1.0,1.0,0.0,1.0,0.0,1.0,2.0,0.5,1.0,0.5,1.0,2.0,211,0.9,60.2,27.3,30,5.0,5120,30,Available; Insomnia; Moxie; Super Luck,Dark,Flying,Big Boss,,4,0,0,0,2,3,9,4,0,4,505,0
431,Glameow,49,55,42,42,37,85,310,1.0,1.0,1.0,1.0,1.0,1.0,2.0,1.0,1.0,1.0,1.0,1.0,1.0,0.0,1.0,1.0,1.0,1.0,108,0.5,8.6,3.9,190,24.6,5120,190,Keen Eye; Limber; Own Tempo,Normal,None,Catty,,4,0,0,0,1,0,16,1,0,3,310,0
432,Purugly,71,82,64,64,59,112,452,1.0,1.0,1.0,1.0,1.0,1.0,2.0,1.0,1.0,1.0,1.0,1.0,1.0,0.0,1.0,1.0,1.0,1.0,303,1.0,96.6,43.8,75,24.6,5120,75,Defiant; Own Tempo; Thick Fat,Normal,None,Tiger Cat,,4,0,0,0,1,0,16,1,0,3,452,0
433,Chingling,45,30,50,65,50,45,285,1.0,1.0,1.0,1.0,1.0,1.0,0.5,1.0,1.0,1.0,0.5,2.0,1.0,2.0,1.0,2.0,1.0,1.0,8,0.2,1.3,0.6,120,5.0,6400,120,Levitate,Psychic,None,Bell,,4,0,0,0,0,2,13,3,0,1,285,0
434,Stunky,63,63,47,41,41,74,329,1.0,1.0,1.0,1.0,0.5,1.0,1.0,0.5,2.0,1.0,0.0,1.0,1.0,0.5,1.0,0.5,1.0,1.0,104,0.4,42.3,19.2,225,5.0,5120,225,Aftermath; Keen Eye; Stench,Poison,Dark,Skunk,,4,0,0,0,1,4,12,1,0,3,329,0
435,Skuntank,103,93,67,71,61,84,479,1.0,1.0,1.0,1.0,0.5,1.0,1.0,0.5,2.0,1.0,0.0,1.0,1.0,0.5,1.0,0.5,1.0,1.0,303,1.0,83.8,38.0,60,5.0,5120,60,Aftermath; Keen Eye; Stench,Poison,Dark,Skunk,,4,0,0,0,1,4,12,1,0,3,479,0
436,Bronzor,57,24,86,24,86,23,300,0.5,2.0,1.0,1.0,0.5,0.5,1.0,0.0,2.0,0.5,0.25,1.0,0.5,2.0,0.5,2.0,0.5,0.5,108,0.5,133.4,60.5,255,5.0,5120,255,Heatproof; Heavy Metal; Levitate,Steel,Psychic,Bronze,,4,0,0,0,1,9,4,4,0,3,300,0
437,Bronzong,67,89,116,79,116,33,500,0.5,2.0,1.0,1.0,0.5,0.5,1.0,0.0,2.0,0.5,0.25,1.0,0.5,2.0,0.5,2.0,0.5,0.5,403,1.3,412.3,187.0,90,5.0,5120,90,Heatproof; Heavy Metal; Levitate,Steel,Psychic,Bronze Bell,,4,0,0,0,1,9,4,4,0,3,500,0
438,Bonsly,50,80,95,10,45,10,290,0.5,0.5,2.0,1.0,2.0,1.0,2.0,0.5,2.0,0.5,1.0,1.0,1.0,1.0,1.0,1.0,2.0,1.0,108,0.5,33.1,15.0,255,5.0,5120,255,Available; Rattled; Rock Head; Sturdy,Rock,None,Bonsai,,4,0,0,0,0,4,9,5,0,4,290,0
439,Mime-jr,20,25,45,70,90,60,310,1.0,1.0,1.0,1.0,1.0,1.0,0.25,2.0,1.0,1.0,0.5,1.0,1.0,2.0,0.0,1.0,2.0,1.0,200,0.6,28.7,13.0,145,5.0,6400,145,Filter; Soundproof; Technician,Psychic,Fairy,Mime,,4,0,0,0,1,2,12,3,0,3,310,0
440,Happiny,100,5,5,15,65,30,220,1.0,1.0,1.0,1.0,1.0,1.0,2.0,1.0,1.0,1.0,1.0,1.0,1.0,0.0,1.0,1.0,1.0,1.0,200,0.6,53.8,24.4,130,0.0,10240,130,Available; Friend Guard; Natural Cure; Serene Grace,Normal,None,Playhouse,,4,0,0,0,1,0,16,1,0,4,220,0
441,Chatot,76,65,45,92,42,91,411,1.0,1.0,1.0,2.0,0.5,2.0,1.0,1.0,0.0,1.0,1.0,0.5,2.0,0.0,1.0,1.0,1.0,1.0,108,0.5,4.2,1.9,30,5.0,5120,30,Big Pecks; Keen Eye; Tangled Feet,Normal,Flying,Music Note,,4,0,0,0,2,2,11,3,0,3,411,0
442,Spiritomb,50,92,108,92,108,35,485,0.0,1.0,1.0,1.0,1.0,1.0,0.0,0.5,1.0,1.0,0.0,1.0,1.0,1.0,1.0,1.0,1.0,2.0,303,1.0,238.1,108.0,100,5.0,7680,100,Infiltrator; Pressure,Ghost,Dark,Forbidden,,4,0,0,0,3,1,13,1,0,2,485,0
443,Gible,58,70,45,40,45,42,300,1.0,0.5,1.0,0.0,1.0,4.0,1.0,0.5,1.0,1.0,1.0,1.0,0.5,1.0,2.0,1.0,1.0,2.0,204,0.7,45.2,20.5,45,5.0,10240,45,Available; Rough Skin; Sand Veil,Dragon,Ground,Land Shark,,4,0,0,0,1,3,11,3,0,3,300,0
444,Gabite,68,90,65,50,55,82,410,1.0,0.5,1.0,0.0,1.0,4.0,1.0,0.5,1.0,1.0,1.0,1.0,0.5,1.0,2.0,1.0,1.0,2.0,407,1.4,123.5,56.0,45,5.0,10240,45,Available; Rough Skin; Sand Veil,Dragon,Ground,Cave,,4,0,0,0,1,3,11,3,0,3,410,0
445,Garchomp,108,130,95,80,85,102,600,1.0,0.5,1.0,0.0,1.0,4.0,1.0,0.5,1.0,1.0,1.0,1.0,0.5,1.0,2.0,1.0,1.0,2.0,603,1.9,209.4,95.0,45,5.0,10240,45,Available; Rough Skin; Sand Veil,Dragon,Ground,Mach,Mega Garchomp,4,0,0,0,1,3,11,3,1,3,600,0
446,Munchlax,135,85,40,40,85,5,390,1.0,1.0,1.0,1.0,1.0,1.0,2.0,1.0,1.0,1.0,1.0,1.0,1.0,0.0,1.0,1.0,1.0,1.0,200,0.6,231.5,105.0,50,88.1,10240,50,Available; Gluttony; Pickup; Thick Fat,Normal,None,Big Eater,,4,0,0,0,1,0,16,1,0,4,390,0
447,Riolu,40,70,40,35,40,60,285,1.0,1.0,1.0,1.0,1.0,1.0,1.0,1.0,1.0,2.0,2.0,0.5,0.5,1.0,1.0,0.5,1.0,2.0,204,0.7,44.5,20.2,75,88.1,6400,75,Available; Inner Focus; Prankster; Steadfast,Fighting,None,Emanation,,4,0,0,0,0,3,12,3,0,4,285,0
448,Lucario,70,110,70,115,70,90,525,0.5,2.0,1.0,1.0,0.5,0.5,2.0,0.0,2.0,1.0,1.0,0.25,0.25,1.0,0.5,0.5,0.5,1.0,311,1.2,119.0,54.0,45,88.1,6400,45,Available; Inner Focus; Justified; Steadfast,Fighting,Steel,Aura,Mega Lucario,4,0,0,0,1,8,6,3,1,4,525,0
449,Hippopotas,68,72,78,38,42,32,330,1.0,1.0,2.0,0.0,2.0,2.0,1.0,0.5,1.0,1.0,1.0,1.0,0.5,1.0,1.0,1.0,1.0,1.0,207,0.8,109.1,49.5,140,5.0,7680,140,Sand Force; Sand Stream,Ground,None,Hippo,,4,0,0,0,1,2,12,3,0,2,330,0
450,Hippowdon,108,112,118,68,72,47,525,1.0,1.0,2.0,0.0,2.0,2.0,1.0,0.5,1.0,1.0,1.0,1.0,0.5,1.0,1.0,1.0,1.0,1.0,607,2.0,661.4,300.0,60,5.0,7680,60,Sand Force; Sand Stream,Ground,None,Heavyweight,,4,0,0,0,1,2,12,3,0,2,525,0
451,Skorupi,40,50,90,30,55,65,330,1.0,2.0,1.0,1.0,0.25,1.0,0.25,0.5,1.0,2.0,2.0,0.5,2.0,1.0,1.0,1.0,1.0,0.5,207,0.8,26.5,12.0,120,5.0,5120,120,Battle Armor; Keen Eye; Sniper,Poison,Bug,Scorpion,,4,0,0,0,0,5,9,4,0,3,330,0
452,Drapion,70,90,110,60,75,95,500,1.0,1.0,1.0,1.0,0.5,1.0,1.0,0.5,2.0,1.0,0.0,1.0,1.0,0.5,1.0,0.5,1.0,1.0,403,1.3,135.6,61.5,45,5.0,5120,45,Battle Armor; Keen Eye; Sniper,Poison,Dark,Ogre Scorp,,4,0,0,0,1,4,12,1,0,3,500,0
453,Croagunk,48,61,40,61,40,50,300,1.0,1.0,1.0,1.0,0.5,1.0,0.5,0.5,2.0,2.0,4.0,0.25,0.5,1.0,1.0,0.5,1.0,1.0,204,0.7,50.7,23.0,140,5.0,2560,140,Anticipation; Dry Skin; Poison Touch,Poison,Fighting,Toxic Mouth,,4,0,0,0,0,6,9,3,0,3,300,0
454,Toxicroak,83,106,65,86,65,85,490,1.0,1.0,1.0,1.0,0.5,1.0,0.5,0.5,2.0,2.0,4.0,0.25,0.5,1.0,1.0,0.5,1.0,1.0,403,1.3,97.9,44.4,75,5.0,5120,75,Anticipation; Dry Skin; Poison Touch,Poison,Fighting,Toxic Mouth,,4,0,0,0,0,6,9,3,0,3,490,0
455,Carnivine,74,100,72,90,72,46,454,1.0,2.0,0.5,0.5,0.5,2.0,1.0,2.0,0.5,2.0,1.0,2.0,1.0,1.0,1.0,1.0,1.0,1.0,407,1.4,59.5,27.0,200,5.0,6400,200,Levitate,Grass,None,Bug Catcher,,4,0,0,0,0,4,9,5,0,1,454,0
456,Finneon,49,49,56,49,61,66,330,1.0,0.5,0.5,2.0,2.0,0.5,1.0,1.0,1.0,1.0,1.0,1.0,1.0,1.0,1.0,1.0,0.5,1.0,104,0.4,15.4,7.0,190,5.0,5120,190,Available; Storm Drain; Swift Swim; Water Veil,Water,None,Wing Fish,,4,0,0,0,0,4,12,2,0,4,330,0
457,Lumineon,69,69,76,69,86,91,460,1.0,0.5,0.5,2.0,2.0,0.5,1.0,1.0,1.0,1.0,1.0,1.0,1.0,1.0,1.0,1.0,0.5,1.0,311,1.2,52.9,24.0,75,5.0,5120,75,Available; Storm Drain; Swift Swim; Water Veil,Water,None,Neon,,4,0,0,0,0,4,12,2,0,4,460,0
458,Mantyke,45,20,50,60,120,50,345,1.0,0.5,0.5,4.0,1.0,1.0,0.5,1.0,0.0,1.0,1.0,0.5,2.0,1.0,1.0,1.0,0.5,1.0,303,1.0,143.3,65.0,25,5.0,6400,25,Swift Swim; Water Absorb; Water Veil,Water,Flying,Kite,,4,0,0,0,1,5,10,2,0,3,345,0
459,Snover,60,62,50,62,60,40,334,1.0,4.0,0.5,0.5,0.5,1.0,2.0,2.0,0.5,2.0,1.0,2.0,2.0,1.0,1.0,1.0,2.0,1.0,303,1.0,111.3,50.5,120,5.0,5120,120,Snow Warning; Soundproof,Grass,Ice,Frosted Tree,,4,0,0,0,0,4,7,7,0,2,334,0
460,Abomasnow,90,92,75,92,85,60,494,1.0,4.0,0.5,0.5,0.5,1.0,2.0,2.0,0.5,2.0,1.0,2.0,2.0,1.0,1.0,1.0,2.0,1.0,703,2.2,298.7,135.5,60,5.0,5120,60,Snow Warning; Soundproof,Grass,Ice,Frosted Tree,Mega Abomasnow,4,0,0,0,0,4,7,7,1,2,494,0
461,Weavile,70,120,65,45,85,125,510,1.0,2.0,1.0,1.0,1.0,0.5,4.0,1.0,1.0,1.0,0.0,2.0,2.0,0.5,1.0,0.5,2.0,2.0,307,1.1,75.0,34.0,45,5.0,5120,45,Available; Pickpocket; Pressure,Dark,Ice,Sharp Claw,,4,0,0,0,1,3,8,6,0,3,510,0
462,Magnezone,70,70,115,130,90,60,535,0.5,2.0,1.0,0.5,0.5,0.5,2.0,0.0,4.0,0.25,0.5,0.5,0.5,1.0,0.5,1.0,0.25,0.5,311,1.2,396.8,180.0,30,5.0,5120,30,Analytic; Available; Magnet Pull; Sturdy,Electric,Steel,Magnet Area,,4,0,0,0,1,11,3,3,0,4,535,0
463,Lickilicky,110,85,95,80,95,50,515,1.0,1.0,1.0,1.0,1.0,1.0,2.0,1.0,1.0,1.0,1.0,1.0,1.0,0.0,1.0,1.0,1.0,1.0,507,1.7,308.6,140.0,30,5.0,5120,30,Cloud Nine; Oblivious; Own Tempo,Normal,None,Licking,,4,0,0,0,1,0,16,1,0,3,515,0
464,Rhyperior,115,140,130,55,55,40,535,0.5,0.5,4.0,0.0,4.0,2.0,2.0,0.25,2.0,0.5,1.0,1.0,0.5,1.0,1.0,1.0,2.0,1.0,710,2.4,623.5,282.8,30,5.0,5120,30,Lightning Rod; Reckless; Solid Rock,Ground,Rock,Drill,,4,0,0,0,1,5,6,6,0,3,535,0
465,Tangrowth,100,100,125,110,50,50,535,1.0,2.0,0.5,0.5,0.5,2.0,1.0,2.0,0.5,2.0,1.0,2.0,1.0,1.0,1.0,1.0,1.0,1.0,607,2.0,283.5,128.6,30,5.0,5120,30,Chlorophyll; Leaf Guard; Regenerator,Grass,None,Vine,,4,0,0,0,0,4,9,5,0,3,535,0
466,Electivire,75,123,67,95,85,95,540,1.0,1.0,1.0,0.5,1.0,1.0,1.0,1.0,2.0,0.5,1.0,1.0,1.0,1.0,1.0,1.0,0.5,1.0,511,1.8,305.6,138.6,30,75.4,6400,30,Available; Motor Drive; Vital Spirit,Electric,None,Thunderbolt,,4,0,0,0,0,3,14,1,0,3,540,0
467,Magmortar,75,95,67,125,95,83,540,1.0,0.5,2.0,1.0,0.5,0.5,1.0,1.0,2.0,1.0,1.0,0.5,2.0,1.0,1.0,1.0,0.5,0.5,503,1.6,149.9,68.0,30,75.4,6400,30,Available; Flame Body; Vital Spirit,Fire,None,Blast,,4,0,0,0,0,6,9,3,0,3,540,0
468,Togekiss,85,50,95,120,115,80,545,1.0,1.0,1.0,2.0,0.5,2.0,0.25,2.0,0.0,1.0,1.0,0.25,2.0,1.0,0.0,0.5,2.0,1.0,411,1.5,83.8,38.0,30,88.1,2560,30,Hustle; Serene Grace; Super Luck,Fairy,Flying,Jubilee,,4,0,0,0,2,4,7,5,0,3,545,0
469,Yanmega,86,76,86,116,56,95,515,1.0,2.0,1.0,2.0,0.25,2.0,0.25,1.0,0.0,2.0,1.0,0.5,4.0,1.0,1.0,1.0,1.0,1.0,603,1.9,113.5,51.5,30,5.0,5120,30,Frisk; Speed Boost; Tinted Lens,Bug,Flying,Ogre Darner,,4,0,0,0,1,3,9,5,0,3,515,0
470,Leafeon,65,110,130,60,65,95,525,1.0,2.0,0.5,0.5,0.5,2.0,1.0,2.0,0.5,2.0,1.0,2.0,1.0,1.0,1.0,1.0,1.0,1.0,303,1.0,56.2,25.5,45,88.1,8960,45,Available; Chlorophyll; Leaf Guard,Grass,None,Verdant,,4,0,0,0,0,4,9,5,0,3,525,0
471,Glaceon,65,60,110,130,95,65,525,1.0,2.0,1.0,1.0,1.0,0.5,2.0,1.0,1.0,1.0,1.0,1.0,2.0,1.0,1.0,1.0,2.0,1.0,207,0.8,57.1,25.9,45,88.1,8960,45,Available; Ice Body; Snow Cloak,Ice,None,Fresh Snow,,4,0,0,0,0,1,13,4,0,3,525,0
472,Gliscor,75,95,125,45,75,95,510,1.0,1.0,2.0,0.0,1.0,4.0,0.5,0.5,0.0,1.0,1.0,0.5,1.0,1.0,1.0,1.0,1.0,1.0,607,2.0,93.7,42.5,30,5.0,5120,30,Hyper Cutter; Poison Heal; Sand Veil,Ground,Flying,Fang Scorp,,4,0,0,0,2,3,11,2,0,3,510,0
473,Mamoswine,110,130,80,70,60,80,530,1.0,2.0,2.0,0.0,2.0,1.0,2.0,0.5,1.0,1.0,1.0,1.0,1.0,1.0,1.0,1.0,2.0,1.0,802,2.5,641.5,291.0,50,5.0,5120,50,Oblivious; Snow Cloak; Thick Fat,Ice,Ground,Twin Tusk,,4,0,0,0,1,1,11,5,0,3,530,0
474,Porygon-Z,85,80,70,135,75,90,535,1.0,1.0,1.0,1.0,1.0,1.0,2.0,1.0,1.0,1.0,1.0,1.0,1.0,0.0,1.0,1.0,1.0,1.0,211,0.9,75.0,34.0,30,5.0,5120,30,Adaptability; Analytic; Download,Normal,None,Virtual,,4,0,0,0,1,0,16,1,0,3,535,0
475,Gallade,68,125,65,65,115,80,518,1.0,1.0,1.0,1.0,1.0,1.0,0.5,1.0,1.0,2.0,1.0,1.0,0.5,2.0,1.0,1.0,1.0,2.0,503,1.6,114.6,52.0,45,10.0,5120,45,Justified; Steadfast,Psychic,Fighting,Blade,Mega Gallade,4,0,0,0,0,2,13,3,1,2,518,0
476,Probopass,60,55,145,75,150,40,525,0.25,1.0,2.0,1.0,1.0,0.5,4.0,0.0,4.0,0.25,0.5,0.5,0.5,1.0,0.5,1.0,1.0,0.5,407,1.4,749.6,340.0,60,5.0,5120,60,Available; Magnet Pull; Sand Force; Sturdy,Rock,Steel,Compass,,4,0,0,0,1,8,6,3,0,4,525,0
477,Dusknoir,45,100,135,65,135,45,525,0.0,1.0,1.0,1.0,1.0,1.0,0.0,0.5,1.0,1.0,1.0,0.5,1.0,2.0,1.0,2.0,1.0,1.0,703,2.2,235.0,106.6,45,5.0,6400,45,Frisk; Pressure,Ghost,None,Gripper,,4,0,0,0,2,2,12,2,0,2,525,0
478,Froslass,70,80,70,80,70,110,480,0.0,2.0,1.0,1.0,1.0,0.5,0.0,0.5,1.0,1.0,1.0,0.5,2.0,2.0,1.0,2.0,2.0,1.0,403,1.3,58.6,26.6,75,0.0,5120,75,Available; Cursed Body; Snow Cloak,Ice,Ghost,Snow Land,,4,0,0,0,2,3,8,5,0,3,480,0
479,Rotom,50,50,77,95,77,91,440,0.0,1.0,1.0,0.5,1.0,1.0,0.0,0.5,2.0,0.5,1.0,0.5,1.0,2.0,1.0,2.0,0.5,1.0,100,0.3,0.7,0.3,45,5.0,5120,45,Levitate,Electric,Ghost,Plasma,Heat Rotom; Wash Rotom; Frost Rotom; Fan Rotom; Mow Rotom,4,0,0,0,2,5,8,3,1,1,440,0
480,Uxie,75,75,130,75,130,95,580,1.0,1.0,1.0,1.0,1.0,1.0,0.5,1.0,1.0,1.0,0.5,2.0,1.0,2.0,1.0,2.0,1.0,1.0,100,0.3,0.7,0.3,3,5.0,20480,3,Levitate,Psychic,None,Knowledge,,4,1,0,0,0,2,13,3,0,1,580,0
481,Mesprit,80,105,105,105,105,80,580,1.0,1.0,1.0,1.0,1.0,1.0,0.5,1.0,1.0,1.0,0.5,2.0,1.0,2.0,1.0,2.0,1.0,1.0,100,0.3,0.7,0.3,3,5.0,20480,3,Levitate,Psychic,None,Emotion,,4,1,0,0,0,2,13,3,0,1,580,0
482,Azelf,75,125,70,125,70,115,580,1.0,1.0,1.0,1.0,1.0,1.0,0.5,1.0,1.0,1.0,0.5,2.0,1.0,2.0,1.0,2.0,1.0,1.0,100,0.3,0.7,0.3,3,5.0,20480,3,Levitate,Psychic,None,Willpower,,4,1,0,0,0,2,13,3,0,1,580,0
483,Dialga,100,120,120,150,100,90,680,0.5,1.0,0.5,0.5,0.25,1.0,2.0,0.0,2.0,0.5,0.5,0.5,0.5,1.0,1.0,1.0,0.5,1.0,1709,5.4,1505.7,683.0,3,5.0,30720,3,Pressure; Telepathy,Steel,Dragon,Temporal,Origin Forme,4,1,0,0,1,9,6,2,1,2,680,0
484,Palkia,90,120,100,150,120,100,680,1.0,0.25,0.25,1.0,1.0,1.0,1.0,1.0,1.0,1.0,1.0,1.0,1.0,1.0,2.0,1.0,0.5,2.0,1309,4.2,740.7,336.0,3,5.0,30720,3,Pressure; Telepathy,Water,Dragon,Spatial,Origin Forme,4,1,0,0,0,3,13,2,1,2,680,0
485,Heatran,91,90,106,130,106,77,600,0.5,1.0,2.0,1.0,0.25,0.25,2.0,0.0,4.0,0.5,0.5,0.25,1.0,1.0,0.5,1.0,0.25,0.25,507,1.7,948.0,430.0,3,5.0,2560,3,Flame Body; Flash Fire; Not Available,Fire,Steel,Lava Dome,,4,1,0,0,1,9,5,3,0,3,600,0
486,Regigigas,110,160,110,80,110,100,670,1.0,1.0,1.0,1.0,1.0,1.0,2.0,1.0,1.0,1.0,1.0,1.0,1.0,0.0,1.0,1.0,1.0,1.0,1202,3.7,925.9,420.0,3,5.0,30720,3,Slow Start,Normal,None,Colossal,,4,1,0,0,1,0,16,1,0,1,670,0
487,Giratina,150,100,120,100,120,90,680,0.0,0.5,0.5,0.5,0.5,2.0,0.0,0.5,1.0,1.0,1.0,0.5,1.0,2.0,2.0,2.0,1.0,2.0,177,4.5,1433.0,750.0,3,5.0,30720,3,Available; Hidden; Levitate; Origin Forme; Origin Forme Ability; Pressure; Telepathy,Ghost,Dragon,Renegade,Altered Forme; Origin Forme,4,1,0,0,2,6,5,5,1,7,680,0
488,Cresselia,120,70,120,75,130,85,600,1.0,1.0,1.0,1.0,1.0,1.0,0.5,1.0,1.0,1.0,0.5,2.0,1.0,2.0,1.0,2.0,1.0,1.0,411,1.5,188.7,85.6,3,0.0,30720,3,Levitate,Psychic,None,Lunar,,4,1,0,0,0,2,13,3,0,1,600,0
489,Phione,80,80,80,80,80,80,480,1.0,0.5,0.5,2.0,2.0,0.5,1.0,1.0,1.0,1.0,1.0,1.0,1.0,1.0,1.0,1.0,0.5,1.0,104,0.4,6.8,3.1,30,5.0,10240,30,Hydration,Water,None,Sea Drifter,,4,0,1,0,0,4,12,2,0,1,480,0
490,Manaphy,100,100,100,100,100,100,600,1.0,0.5,0.5,2.0,2.0,0.5,1.0,1.0,1.0,1.0,1.0,1.0,1.0,1.0,1.0,1.0,0.5,1.0,100,0.3,3.1,1.4,3,5.0,2560,3,Hydration,Water,None,Seafaring,,4,0,1,0,0,4,12,2,0,1,600,0
491,Darkrai,70,90,90,135,90,125,600,1.0,1.0,1.0,1.0,1.0,1.0,2.0,1.0,1.0,1.0,0.0,2.0,1.0,0.5,1.0,0.5,1.0,2.0,411,1.5,111.3,50.5,3,5.0,30720,3,Bad Dreams,Dark,None,Pitch-Black,,4,0,1,0,1,2,12,3,0,1,600,0
492,Shaymin,100,100,100,100,100,100,600,1.0,2.0,0.5,0.5,0.5,2.0,1.0,2.0,0.5,2.0,1.0,2.0,1.0,1.0,1.0,1.0,1.0,1.0,8,0.2,4.6,2.1,45,5.0,30720,45,Natural Cure; Serene Grace; Sky Forme; Sky Forme Ability,Grass,None,Gratitude,Land Forme; Sky Forme,4,0,1,0,0,4,9,5,1,4,600,0
493,Arceus,120,120,120,120,120,120,720,1.0,1.0,1.0,1.0,1.0,1.0,2.0,1.0,1.0,1.0,1.0,1.0,1.0,0.0,1.0,1.0,1.0,1.0,1006,3.2,705.5,320.0,3,5.0,30720,3,Multitype,Normal,None,Alpha,,4,0,1,0,1,0,16,1,0,1,720,0
494,Victini,100,100,100,100,100,100,600,1.0,0.5,2.0,1.0,0.5,0.5,0.5,1.0,2.0,1.0,0.5,1.0,2.0,2.0,1.0,2.0,0.5,0.5,104,0.4,8.8,4.0,3,5.0,30720,3,Victory Star,Psychic,Fire,Victory,,5,0,1,0,0,7,6,5,0,1,600,0
495,Snivy,45,45,55,45,55,63,308,1.0,2.0,0.5,0.5,0.5,2.0,1.0,2.0,0.5,2.0,1.0,2.0,1.0,1.0,1.0,1.0,1.0,1.0,200,0.6,17.9,8.1,45,88.1,5120,45,Contrary; Overgrow,Grass,None,Grass Snake,,5,0,0,0,0,4,9,5,0,2,308,0
496,Servine,60,60,75,60,75,83,413,1.0,2.0,0.5,0.5,0.5,2.0,1.0,2.0,0.5,2.0,1.0,2.0,1.0,1.0,1.0,1.0,1.0,1.0,207,0.8,35.3,16.0,45,88.1,5120,45,Contrary; Overgrow,Grass,None,Grass Snake,,5,0,0,0,0,4,9,5,0,2,413,0
497,Serperior,75,75,95,75,95,113,528,1.0,2.0,0.5,0.5,0.5,2.0,1.0,2.0,0.5,2.0,1.0,2.0,1.0,1.0,1.0,1.0,1.0,1.0,1010,3.3,138.9,63.0,45,88.1,5120,45,Contrary; Overgrow,Grass,None,Regal,,5,0,0,0,0,4,9,5,0,2,528,0
498,Tepig,65,63,45,45,45,45,308,1.0,0.5,2.0,1.0,0.5,0.5,1.0,1.0,2.0,1.0,1.0,0.5,2.0,1.0,1.0,1.0,0.5,0.5,108,0.5,21.8,9.9,45,88.1,5120,45,Blaze; Thick Fat,Fire,None,Fire Pig,,5,0,0,0,0,6,9,3,0,2,308,0
499,Pignite,90,93,55,70,55,55,418,1.0,0.5,2.0,1.0,0.5,0.5,1.0,1.0,2.0,2.0,2.0,0.25,1.0,1.0,1.0,0.5,0.5,1.0,303,1.0,122.4,55.5,45,88.1,5120,45,Blaze; Thick Fat,Fire,Fighting,Fire Pig,,5,0,0,0,0,6,8,4,0,2,418,0
500,Emboar,110,123,65,100,65,65,528,1.0,0.5,2.0,1.0,0.5,0.5,1.0,1.0,2.0,2.0,2.0,0.25,1.0,1.0,1.0,0.5,0.5,1.0,503,1.6,330.7,150.0,45,88.1,5120,45,Blaze; Reckless,Fire,Fighting,Mega Fire Pig,,5,0,0,0,0,6,8,4,0,2,528,0
501,Oshawott,55,55,45,63,45,45,308,1.0,0.5,0.5,2.0,2.0,0.5,1.0,1.0,1.0,1.0,1.0,1.0,1.0,1.0,1.0,1.0,0.5,1.0,108,0.5,13.0,5.9,45,88.1,5120,45,Shell Armor; Torrent,Water,None,Sea Otter,,5,0,0,0,0,4,12,2,0,2,308,0
502,Dewott,75,75,60,83,60,60,413,1.0,0.5,0.5,2.0,2.0,0.5,1.0,1.0,1.0,1.0,1.0,1.0,1.0,1.0,1.0,1.0,0.5,1.0,207,0.8,54.0,24.5,45,88.1,5120,45,Shell Armor; Torrent,Water,None,Discipline,,5,0,0,0,0,4,12,2,0,2,413,0
503,Samurott,95,100,85,108,70,70,528,1.0,0.5,0.5,2.0,2.0,0.5,1.0,1.0,1.0,1.0,1.0,1.0,1.0,1.0,1.0,1.0,0.5,1.0,411,1.5,208.6,94.6,45,88.1,5120,45,Shell Armor; Torrent,Water,None,Formidable,Hisuian Samurott,5,0,0,0,0,4,12,2,1,2,528,0
504,Patrat,45,55,39,35,39,42,255,1.0,1.0,1.0,1.0,1.0,1.0,2.0,1.0,1.0,1.0,1.0,1.0,1.0,0.0,1.0,1.0,1.0,1.0,108,0.5,25.6,11.6,255,5.0,3840,255,Analytic; Keen Eye; Run Away,Normal,None,Scout,,5,0,0,0,1,0,16,1,0,3,255,0
505,Watchog,60,85,69,60,69,77,420,1.0,1.0,1.0,1.0,1.0,1.0,2.0,1.0,1.0,1.0,1.0,1.0,1.0,0.0,1.0,1.0,1.0,1.0,307,1.1,59.5,27.0,255,5.0,5120,255,Analytic; Illuminate; Keen Eye,Normal,None,Lookout,,5,0,0,0,1,0,16,1,0,3,420,0
506,Lillipup,45,60,45,25,45,55,275,1.0,1.0,1.0,1.0,1.0,1.0,2.0,1.0,1.0,1.0,1.0,1.0,1.0,0.0,1.0,1.0,1.0,1.0,104,0.4,9.0,4.1,255,5.0,3840,255,Available; Pickup; Run Away; Vital Spirit,Normal,None,Puppy,,5,0,0,0,1,0,16,1,0,4,275,0
507,Herdier,65,80,65,35,65,60,370,1.0,1.0,1.0,1.0,1.0,1.0,2.0,1.0,1.0,1.0,1.0,1.0,1.0,0.0,1.0,1.0,1.0,1.0,211,0.9,32.4,14.7,120,5.0,3840,120,Available; Intimidate; Sand Rush; Scrappy,Normal,None,Loyal Dog,,5,0,0,0,1,0,16,1,0,4,370,0
508,Stoutland,85,110,90,45,90,80,500,1.0,1.0,1.0,1.0,1.0,1.0,2.0,1.0,1.0,1.0,1.0,1.0,1.0,0.0,1.0,1.0,1.0,1.0,311,1.2,134.5,61.0,45,5.0,3840,45,Available; Intimidate; Sand Rush; Scrappy,Normal,None,Big-Hearted,,5,0,0,0,1,0,16,1,0,4,500,0
509,Purrloin,41,50,37,50,37,66,281,1.0,1.0,1.0,1.0,1.0,1.0,2.0,1.0,1.0,1.0,0.0,2.0,1.0,0.5,1.0,0.5,1.0,2.0,104,0.4,22.3,10.1,255,5.0,5120,255,Limber; Prankster; Unburden,Dark,None,Devious,,5,0,0,0,1,2,12,3,0,3,281,0
510,Liepard,64,88,50,88,50,106,446,1.0,1.0,1.0,1.0,1.0,1.0,2.0,1.0,1.0,1.0,0.0,2.0,1.0,0.5,1.0,0.5,1.0,2.0,307,1.1,82.7,37.5,90,5.0,5120,90,Limber; Prankster; Unburden,Dark,None,Cruel,,5,0,0,0,1,2,12,3,0,3,446,0
511,Pansage,50,53,48,53,48,64,316,1.0,2.0,0.5,0.5,0.5,2.0,1.0,2.0,0.5,2.0,1.0,2.0,1.0,1.0,1.0,1.0,1.0,1.0,200,0.6,23.1,10.5,190,88.1,5120,190,Gluttony; Overgrow,Grass,None,Grass Monkey,,5,0,0,0,0,4,9,5,0,2,316,0
512,Simisage,75,98,63,98,63,101,498,1.0,2.0,0.5,0.5,0.5,2.0,1.0,2.0,0.5,2.0,1.0,2.0,1.0,1.0,1.0,1.0,1.0,1.0,307,1.1,67.2,30.5,75,88.1,5120,75,Gluttony; Overgrow,Grass,None,Thorn Monkey,,5,0,0,0,0,4,9,5,0,2,498,0
513,Pansear,50,53,48,53,48,64,316,1.0,0.5,2.0,1.0,0.5,0.5,1.0,1.0,2.0,1.0,1.0,0.5,2.0,1.0,1.0,1.0,0.5,0.5,200,0.6,24.3,11.0,190,88.1,5120,190,Blaze; Gluttony,Fire,None,High Temp,,5,0,0,0,0,6,9,3,0,2,316,0
514,Simisear,75,98,63,98,63,101,498,1.0,0.5,2.0,1.0,0.5,0.5,1.0,1.0,2.0,1.0,1.0,0.5,2.0,1.0,1.0,1.0,0.5,0.5,303,1.0,61.7,28.0,75,88.1,5120,75,Blaze; Gluttony,Fire,None,Ember,,5,0,0,0,0,6,9,3,0,2,498,0
515,Panpour,50,53,48,53,48,64,316,1.0,0.5,0.5,2.0,2.0,0.5,1.0,1.0,1.0,1.0,1.0,1.0,1.0,1.0,1.0,1.0,0.5,1.0,200,0.6,29.8,13.5,190,88.1,5120,190,Gluttony; Torrent,Water,None,Spray,,5,0,0,0,0,4,12,2,0,2,316,0
516,Simipour,75,98,63,98,63,101,498,1.0,0.5,0.5,2.0,2.0,0.5,1.0,1.0,1.0,1.0,1.0,1.0,1.0,1.0,1.0,1.0,0.5,1.0,303,1.0,63.9,29.0,75,88.1,5120,75,Gluttony; Torrent,Water,None,Geyser,,5,0,0,0,0,4,12,2,0,2,498,0
517,Munna,76,25,45,67,55,24,292,1.0,1.0,1.0,1.0,1.0,1.0,0.5,1.0,1.0,1.0,0.5,2.0,1.0,2.0,1.0,2.0,1.0,1.0,200,0.6,51.4,23.3,190,5.0,2560,190,Forewarn; Synchronize; Telepathy,Psychic,None,Dream Eater,,5,0,0,0,0,2,13,3,0,3,292,0
518,Musharna,116,55,85,107,95,29,487,1.0,1.0,1.0,1.0,1.0,1.0,0.5,1.0,1.0,1.0,0.5,2.0,1.0,2.0,1.0,2.0,1.0,1.0,307,1.1,133.4,60.5,75,5.0,2560,75,Forewarn; Synchronize; Telepathy,Psychic,None,Drowsing,,5,0,0,0,0,2,13,3,0,3,487,0
519,Pidove,50,55,50,36,30,43,264,1.0,1.0,1.0,2.0,0.5,2.0,1.0,1.0,0.0,1.0,1.0,0.5,2.0,0.0,1.0,1.0,1.0,1.0,100,0.3,4.6,2.1,255,5.0,3840,255,Big Pecks; Rivalry; Super Luck,Normal,Flying,Tiny Pigeon,,5,0,0,0,2,2,11,3,0,3,264,0
520,Tranquill,62,77,62,50,42,65,358,1.0,1.0,1.0,2.0,0.5,2.0,1.0,1.0,0.0,1.0,1.0,0.5,2.0,0.0,1.0,1.0,1.0,1.0,200,0.6,33.1,15.0,120,5.0,3840,120,Big Pecks; Rivalry; Super Luck,Normal,Flying,Wild Pigeon,,5,0,0,0,2,2,11,3,0,3,358,0
521,Unfezant,80,115,80,65,55,93,488,1.0,1.0,1.0,2.0,0.5,2.0,1.0,1.0,0.0,1.0,1.0,0.5,2.0,0.0,1.0,1.0,1.0,1.0,311,1.2,63.9,29.0,45,5.0,3840,45,Big Pecks; Rivalry; Super Luck,Normal,Flying,Proud,,5,0,0,0,2,2,11,3,0,3,488,0
522,Blitzle,45,60,32,50,32,76,295,1.0,1.0,1.0,0.5,1.0,1.0,1.0,1.0,2.0,0.5,1.0,1.0,1.0,1.0,1.0,1.0,0.5,1.0,207,0.8,65.7,29.8,190,5.0,5120,190,Lightning Rod; Motor Drive; Sap Sipper,Electric,None,Electrified,,5,0,0,0,0,3,14,1,0,3,295,0
523,Zebstrika,75,100,63,80,63,116,497,1.0,1.0,1.0,0.5,1.0,1.0,1.0,1.0,2.0,0.5,1.0,1.0,1.0,1.0,1.0,1.0,0.5,1.0,503,1.6,175.3,79.5,75,5.0,5120,75,Lightning Rod; Motor Drive; Sap Sipper,Electric,None,Thunderbolt,,5,0,0,0,0,3,14,1,0,3,497,0
524,Roggenrola,55,75,85,25,25,15,280,0.5,0.5,2.0,1.0,2.0,1.0,2.0,0.5,2.0,0.5,1.0,1.0,1.0,1.0,1.0,1.0,2.0,1.0,104,0.4,39.7,18.0,255,5.0,3840,255,Available; Sand Force; Sturdy; Weak Armor,Rock,None,Mantle,,5,0,0,0,0,4,9,5,0,4,280,0
525,Boldore,70,105,105,50,40,20,390,0.5,0.5,2.0,1.0,2.0,1.0,2.0,0.5,2.0,0.5,1.0,1.0,1.0,1.0,1.0,1.0,2.0,1.0,211,0.9,224.9,102.0,120,5.0,3840,120,Available; Sand Force; Sturdy; Weak Armor,Rock,None,Ore,,5,0,0,0,0,4,9,5,0,4,390,0
526,Gigalith,85,135,130,60,80,25,515,0.5,0.5,2.0,1.0,2.0,1.0,2.0,0.5,2.0,0.5,1.0,1.0,1.0,1.0,1.0,1.0,2.0,1.0,507,1.7,573.2,260.0,45,5.0,3840,45,Available; Sand Force; Sand Stream; Sturdy,Rock,None,Compressed,,5,0,0,0,0,4,9,5,0,4,515,0
527,Woobat,65,45,43,55,43,72,323,1.0,1.0,1.0,2.0,0.5,2.0,0.25,1.0,0.0,1.0,0.5,1.0,2.0,2.0,1.0,2.0,1.0,1.0,104,0.4,4.6,2.1,190,5.0,3840,190,Klutz; Simple; Unaware,Psychic,Flying,Bat,,5,0,0,0,1,3,9,5,0,3,323,0
528,Swoobat,67,57,55,77,55,114,425,1.0,1.0,1.0,2.0,0.5,2.0,0.25,1.0,0.0,1.0,0.5,1.0,2.0,2.0,1.0,2.0,1.0,1.0,211,0.9,23.1,10.5,45,5.0,3840,45,Klutz; Simple; Unaware,Psychic,Flying,Courting,,5,0,0,0,1,3,9,5,0,3,425,0
529,Drilbur,60,85,40,30,45,68,328,1.0,1.0,2.0,0.0,2.0,2.0,1.0,0.5,1.0,1.0,1.0,1.0,0.5,1.0,1.0,1.0,1.0,1.0,100,0.3,18.7,8.5,120,5.0,5120,120,Mold Breaker; Sand Force; Sand Rush,Ground,None,Mole,,5,0,0,0,1,2,12,3,0,3,328,0
530,Excadrill,110,135,60,50,65,88,508,0.5,2.0,2.0,0.0,1.0,1.0,2.0,0.0,2.0,0.5,0.5,0.5,0.25,1.0,0.5,1.0,0.5,0.5,204,0.7,89.1,40.4,60,5.0,5120,60,Mold Breaker; Sand Force; Sand Rush,Ground,Steel,Subterrene,,5,0,0,0,2,8,4,4,0,3,508,0
531,Audino,103,60,86,60,86,50,445,1.0,1.0,1.0,1.0,1.0,1.0,2.0,1.0,1.0,1.0,1.0,1.0,1.0,0.0,1.0,1.0,1.0,1.0,307,1.1,68.3,31.0,255,5.0,5120,255,Healer; Klutz; Regenerator,Normal,None,Hearing,Mega Audino,5,0,0,0,1,0,16,1,1,3,445,0
532,Timburr,75,80,55,25,35,35,305,1.0,1.0,1.0,1.0,1.0,1.0,1.0,1.0,1.0,2.0,2.0,0.5,0.5,1.0,1.0,0.5,1.0,2.0,200,0.6,27.6,12.5,180,75.4,5120,180,Guts; Iron Fist; Sheer Force,Fighting,None,Muscular,,5,0,0,0,0,3,12,3,0,3,305,0
533,Gurdurr,85,105,85,40,50,40,405,1.0,1.0,1.0,1.0,1.0,1.0,1.0,1.0,1.0,2.0,2.0,0.5,0.5,1.0,1.0,0.5,1.0,2.0,311,1.2,88.2,40.0,90,75.4,5120,90,Guts; Iron Fist; Sheer Force,Fighting,None,Muscular,,5,0,0,0,0,3,12,3,0,3,405,0
534,Conkeldurr,105,140,95,55,65,45,505,1.0,1.0,1.0,1.0,1.0,1.0,1.0,1.0,1.0,2.0,2.0,0.5,0.5,1.0,1.0,0.5,1.0,2.0,407,1.4,191.8,87.0,45,75.4,5120,45,Guts; Iron Fist; Sheer Force,Fighting,None,Muscular,,5,0,0,0,0,3,12,3,0,3,505,0
535,Tympole,50,50,40,50,40,64,294,1.0,0.5,0.5,2.0,2.0,0.5,1.0,1.0,1.0,1.0,1.0,1.0,1.0,1.0,1.0,1.0,0.5,1.0,108,0.5,9.9,4.5,255,5.0,5120,255,Hydration; Swift Swim; Water Absorb,Water,None,Tadpole,,5,0,0,0,0,4,12,2,0,3,294,0
536,Palpitoad,75,65,55,65,55,69,384,1.0,0.5,1.0,0.0,4.0,1.0,1.0,0.5,1.0,1.0,1.0,1.0,0.5,1.0,1.0,1.0,0.5,1.0,207,0.8,37.5,17.0,120,5.0,5120,120,Hydration; Swift Swim; Water Absorb,Water,Ground,Vibration,,5,0,0,0,1,4,12,1,0,3,384,0
537,Seismitoad,105,95,75,85,75,74,509,1.0,0.5,1.0,0.0,4.0,1.0,1.0,0.5,1.0,1.0,1.0,1.0,0.5,1.0,1.0,1.0,0.5,1.0,411,1.5,136.7,62.0,45,5.0,5120,45,Poison Touch; Swift Swim; Water Absorb,Water,Ground,Vibration,,5,0,0,0,1,4,12,1,0,3,509,0
538,Throh,120,100,85,30,85,45,465,1.0,1.0,1.0,1.0,1.0,1.0,1.0,1.0,1.0,2.0,2.0,0.5,0.5,1.0,1.0,0.5,1.0,2.0,403,1.3,122.4,55.5,45,10.0,5120,45,Guts; Inner Focus; Mold Breaker,Fighting,None,Judo,,5,0,0,0,0,3,12,3,0,3,465,0
539,Sawk,75,125,75,30,75,85,465,1.0,1.0,1.0,1.0,1.0,1.0,1.0,1.0,1.0,2.0,2.0,0.5,0.5,1.0,1.0,0.5,1.0,2.0,407,1.4,112.4,51.0,45,10.0,5120,45,Inner Focus; Mold Breaker; Sturdy,Fighting,None,Karate,,5,0,0,0,0,3,12,3,0,3,465,0
540,Sewaddle,45,53,70,40,60,42,310,1.0,4.0,0.5,0.5,0.25,2.0,0.5,2.0,0.25,4.0,1.0,2.0,2.0,1.0,1.0,1.0,1.0,1.0,100,0.3,5.5,2.5,255,5.0,3840,255,Chlorophyll; Overcoat; Swarm,Bug,Grass,Sewing,,5,0,0,0,0,5,7,6,0,3,310,0
541,Swadloon,55,63,90,50,80,42,380,1.0,4.0,0.5,0.5,0.25,2.0,0.5,2.0,0.25,4.0,1.0,2.0,2.0,1.0,1.0,1.0,1.0,1.0,108,0.5,16.1,7.3,120,5.0,3840,120,Chlorophyll; Leaf Guard; Overcoat,Bug,Grass,Leaf-Wrapped,,5,0,0,0,0,5,7,6,0,3,380,0
542,Leavanny,75,103,80,70,80,92,500,1.0,4.0,0.5,0.5,0.25,2.0,0.5,2.0,0.25,4.0,1.0,2.0,2.0,1.0,1.0,1.0,1.0,1.0,311,1.2,45.2,20.5,45,5.0,3840,45,Chlorophyll; Overcoat; Swarm,Bug,Grass,Nurturing,,5,0,0,0,0,5,7,6,0,3,500,0
543,Venipede,30,45,59,30,39,57,260,1.0,2.0,1.0,1.0,0.25,1.0,0.25,0.5,1.0,2.0,2.0,0.5,2.0,1.0,1.0,1.0,1.0,0.5,104,0.4,11.7,5.3,255,5.0,3840,255,Poison Point; Speed Boost; Swarm,Bug,Poison,Centipede,,5,0,0,0,0,5,9,4,0,3,260,0
544,Whirlipede,40,55,99,40,79,47,360,1.0,2.0,1.0,1.0,0.25,1.0,0.25,0.5,1.0,2.0,2.0,0.5,2.0,1.0,1.0,1.0,1.0,0.5,311,1.2,129.0,58.5,120,5.0,3840,120,Poison Point; Speed Boost; Swarm,Bug,Poison,Curlipede,,5,0,0,0,0,5,9,4,0,3,360,0
545,Scolipede,60,100,89,55,69,112,485,1.0,2.0,1.0,1.0,0.25,1.0,0.25,0.5,1.0,2.0,2.0,0.5,2.0,1.0,1.0,1.0,1.0,0.5,802,2.5,442.0,200.5,45,5.0,5120,45,Poison Point; Speed Boost; Swarm,Bug,Poison,Megapede,,5,0,0,0,0,5,9,4,0,3,485,0
546,Cottonee,40,27,60,37,50,66,280,1.0,2.0,0.5,0.5,0.5,2.0,0.5,4.0,0.5,2.0,1.0,1.0,1.0,1.0,0.0,0.5,2.0,1.0,100,0.3,1.3,0.6,190,5.0,5120,190,Available; Chlorophyll; Infiltrator; Prankster,Grass,Fairy,Cotton Puff,,5,0,0,0,1,6,6,5,0,4,280,0
547,Whimsicott,60,67,85,77,75,116,480,1.0,2.0,0.5,0.5,0.5,2.0,0.5,4.0,0.5,2.0,1.0,1.0,1.0,1.0,0.0,0.5,2.0,1.0,204,0.7,14.6,6.6,75,5.0,5120,75,Available; Chlorophyll; Infiltrator; Prankster,Grass,Fairy,Windveiled,,5,0,0,0,1,6,6,5,0,4,480,0
548,Petilil,45,35,50,70,50,30,280,1.0,2.0,0.5,0.5,0.5,2.0,1.0,2.0,0.5,2.0,1.0,2.0,1.0,1.0,1.0,1.0,1.0,1.0,108,0.5,14.6,6.6,190,0.0,5120,190,Available; Chlorophyll; Leaf Guard; Own Tempo,Grass,None,Bulb,,5,0,0,0,0,4,9,5,0,4,280,0
549,Lilligant,70,60,75,110,75,90,480,1.0,2.0,0.5,0.5,0.5,2.0,1.0,2.0,0.5,2.0,1.0,2.0,1.0,1.0,1.0,1.0,1.0,1.0,307,1.1,35.9,16.3,75,0.0,5120,75,Available; Chlorophyll; Leaf Guard; Own Tempo,Grass,None,Flowering,Hisuian Lilligant,5,0,0,0,0,4,9,5,1,4,480,0
550,Basculin,70,92,65,80,55,98,460,1.0,0.5,0.5,2.0,2.0,0.5,1.0,1.0,1.0,1.0,1.0,1.0,1.0,1.0,1.0,1.0,0.5,1.0,303,1.0,39.7,18.0,25,5.0,10240,25,Adaptability; Both Forms; Dream World; Dream World Ability; Mold Breaker; Reckless; Rock Head,Water,None,Hostile,Red-Striped Form; Blue-Striped Form; White-Striped Form,5,0,0,0,0,4,12,2,1,7,460,0
551,Sandile,50,72,35,35,35,65,292,1.0,1.0,2.0,0.0,2.0,2.0,2.0,0.5,1.0,1.0,0.0,2.0,0.5,0.5,1.0,0.5,1.0,2.0,204,0.7,33.5,15.2,180,5.0,5120,180,Anger Point; Available; Intimidate; Moxie,Ground,Dark,Desert Croc,,5,0,0,0,2,4,6,6,0,4,292,0
552,Krokorok,60,82,45,45,45,74,351,1.0,1.0,2.0,0.0,2.0,2.0,2.0,0.5,1.0,1.0,0.0,2.0,0.5,0.5,1.0,0.5,1.0,2.0,303,1.0,73.6,33.4,90,5.0,5120,90,Anger Point; Available; Intimidate; Moxie,Ground,Dark,Desert Croc,,5,0,0,0,2,4,6,6,0,4,351,0
553,Krookodile,95,117,80,65,70,92,519,1.0,1.0,2.0,0.0,2.0,2.0,2.0,0.5,1.0,1.0,0.0,2.0,0.5,0.5,1.0,0.5,1.0,2.0,411,1.5,212.3,96.3,45,5.0,5120,45,Anger Point; Available; Intimidate; Moxie,Ground,Dark,Intimidation,,5,0,0,0,2,4,6,6,0,4,519,0
554,Darumaka,70,90,45,15,45,50,315,1.0,0.5,2.0,1.0,0.5,0.5,1.0,1.0,2.0,1.0,1.0,0.5,2.0,1.0,1.0,1.0,0.5,0.5,200,0.6,82.7,37.5,120,5.0,5120,120,Hustle; Inner Focus,Fire,None,Zen Charm,Galarian Darumaka,5,0,0,0,0,6,9,3,1,2,315,0
555,Darmanitan,105,140,55,30,55,95,480,1.0,0.5,2.0,1.0,0.5,0.5,1.0,1.0,2.0,1.0,1.0,0.5,2.0,1.0,1.0,1.0,0.5,0.5,403,1.3,204.8,92.9,60,5.0,5120,60,Sheer Force; Zen Mode,Fire,None,Blazing (Unovan)Zen Charmn (Galarian),Standard Mode; Zen Mode; Galarian Standard Mode; Galarian Zen Mode,5,0,0,0,0,6,9,3,1,2,480,0
556,Maractus,75,86,67,106,67,60,461,1.0,2.0,0.5,0.5,0.5,2.0,1.0,2.0,0.5,2.0,1.0,2.0,1.0,1.0,1.0,1.0,1.0,1.0,303,1.0,61.7,28.0,255,5.0,5120,255,Chlorophyll; Storm Drain; Water Absorb,Grass,None,Cactus,,5,0,0,0,0,4,9,5,0,3,461,0
557,Dwebble,50,65,85,35,35,55,325,0.5,1.0,2.0,1.0,1.0,1.0,1.0,0.5,1.0,1.0,1.0,1.0,2.0,1.0,1.0,1.0,2.0,1.0,100,0.3,32.0,14.5,190,5.0,5120,190,Shell Armor; Sturdy; Weak Armor,Bug,Rock,Rock Inn,,5,0,0,0,0,2,13,3,0,3,325,0
558,Crustle,70,105,125,65,75,45,485,0.5,1.0,2.0,1.0,1.0,1.0,1.0,0.5,1.0,1.0,1.0,1.0,2.0,1.0,1.0,1.0,2.0,1.0,407,1.4,440.9,200.0,75,5.0,5120,75,Shell Armor; Sturdy; Weak Armor,Bug,Rock,Stone Home,,5,0,0,0,0,2,13,3,0,3,485,0
559,Scraggy,50,75,70,35,70,48,348,1.0,1.0,1.0,1.0,1.0,1.0,2.0,1.0,1.0,2.0,0.0,1.0,0.5,0.5,1.0,0.25,1.0,4.0,200,0.6,26.0,11.8,180,5.0,3840,180,Intimidate; Moxie; Shed Skin,Dark,Fighting,Shedding,,5,0,0,0,1,3,11,3,0,3,348,0
560,Scrafty,65,90,115,45,115,58,488,1.0,1.0,1.0,1.0,1.0,1.0,2.0,1.0,1.0,2.0,0.0,1.0,0.5,0.5,1.0,0.25,1.0,4.0,307,1.1,66.1,30.0,90,5.0,3840,90,Intimidate; Moxie; Shed Skin,Dark,Fighting,Hoodlum,,5,0,0,0,1,3,11,3,0,3,488,0
561,Sigilyph,72,58,80,103,80,97,490,1.0,1.0,1.0,2.0,0.5,2.0,0.25,1.0,0.0,1.0,0.5,1.0,2.0,2.0,1.0,2.0,1.0,1.0,407,1.4,30.9,14.0,45,5.0,5120,45,Magic Guard; Tinted Lens; Wonder Skin,Psychic,Flying,Avianoid,,5,0,0,0,1,3,9,5,0,3,490,0
562,Yamask,38,30,85,55,65,30,303,0.0,1.0,1.0,1.0,1.0,1.0,0.0,0.5,1.0,1.0,1.0,0.5,1.0,2.0,1.0,2.0,1.0,1.0,108,0.5,3.3,1.5,190,5.0,6400,190,Mummy,Ghost,None,Spirit,Galarian Yamask,5,0,0,0,2,2,12,2,1,1,303,0
563,Cofagrigus,58,50,145,95,105,30,483,0.0,1.0,1.0,1.0,1.0,1.0,0.0,0.5,1.0,1.0,1.0,0.5,1.0,2.0,1.0,2.0,1.0,1.0,507,1.7,168.7,76.5,90,5.0,6400,90,Mummy,Ghost,None,Coffin,,5,0,0,0,2,2,12,2,0,1,483,0
564,Tirtouga,54,78,103,53,45,22,355,0.5,0.25,1.0,2.0,4.0,0.5,2.0,0.5,2.0,0.5,1.0,1.0,1.0,1.0,1.0,1.0,1.0,1.0,204,0.7,36.4,16.5,45,88.1,7680,45,Solid Rock; Sturdy; Swift Swim,Water,Rock,Prototurtle,,5,0,0,0,0,5,9,4,0,3,355,0
565,Carracosta,74,108,133,83,65,32,495,0.5,0.25,1.0,2.0,4.0,0.5,2.0,0.5,2.0,0.5,1.0,1.0,1.0,1.0,1.0,1.0,1.0,1.0,311,1.2,178.6,81.0,45,88.1,7680,45,Solid Rock; Sturdy; Swift Swim,Water,Rock,Prototurtle,,5,0,0,0,0,5,9,4,0,3,495,0
566,Archen,55,112,45,74,45,70,401,0.5,0.5,2.0,2.0,1.0,2.0,1.0,0.5,0.0,0.5,1.0,0.5,2.0,1.0,1.0,1.0,2.0,1.0,108,0.5,20.9,9.5,45,88.1,7680,45,Defeatist,Rock,Flying,First Bird,,5,0,0,0,1,5,7,5,0,1,401,0
567,Archeops,75,140,65,112,65,110,567,0.5,0.5,2.0,2.0,1.0,2.0,1.0,0.5,0.0,0.5,1.0,0.5,2.0,1.0,1.0,1.0,2.0,1.0,407,1.4,70.5,32.0,45,88.1,7680,45,Defeatist,Rock,Flying,First Bird,,5,0,0,0,1,5,7,5,0,1,567,0
568,Trubbish,50,50,62,40,62,65,329,1.0,1.0,1.0,1.0,0.5,1.0,0.5,0.5,2.0,1.0,2.0,0.5,1.0,1.0,1.0,1.0,1.0,0.5,200,0.6,68.3,31.0,190,5.0,5120,190,Aftermath; Available; Stench; Sticky Hold,Poison,None,Trash Bag,,5,0,0,0,0,5,11,2,0,4,329,0
569,Garbodor,80,95,82,60,82,75,474,1.0,1.0,1.0,1.0,0.5,1.0,0.5,0.5,2.0,1.0,2.0,0.5,1.0,1.0,1.0,1.0,1.0,0.5,603,1.9,236.6,107.3,60,5.0,5120,60,Aftermath; Available; Stench; Weak Armor,Poison,None,Trash Heap,,5,0,0,0,0,5,11,2,0,4,474,0
570,Zorua,40,65,40,80,40,65,330,1.0,1.0,1.0,1.0,1.0,1.0,2.0,1.0,1.0,1.0,0.0,2.0,1.0,0.5,1.0,0.5,1.0,2.0,204,0.7,27.6,12.5,75,88.1,6400,75,Illusion,Dark,None,Tricky Fox,Hisuian Zorua,5,0,0,0,1,2,12,3,1,1,330,0
571,Zoroark,60,105,60,120,60,105,510,1.0,1.0,1.0,1.0,1.0,1.0,2.0,1.0,1.0,1.0,0.0,2.0,1.0,0.5,1.0,0.5,1.0,2.0,503,1.6,178.8,81.1,45,88.1,5120,45,Illusion,Dark,None,Illusion Fox,Hisuian Zoroark,5,0,0,0,1,2,12,3,1,1,510,0
572,Minccino,55,50,40,40,40,75,300,1.0,1.0,1.0,1.0,1.0,1.0,2.0,1.0,1.0,1.0,1.0,1.0,1.0,0.0,1.0,1.0,1.0,1.0,104,0.4,12.8,5.8,255,24.6,3840,255,Cute Charm; Skill Link; Technician,Normal,None,Chinchilla,,5,0,0,0,1,0,16,1,0,3,300,0
573,Cinccino,75,95,60,65,60,115,470,1.0,1.0,1.0,1.0,1.0,1.0,2.0,1.0,1.0,1.0,1.0,1.0,1.0,0.0,1.0,1.0,1.0,1.0,108,0.5,16.5,7.5,60,24.6,3840,60,Cute Charm; Skill Link; Technician,Normal,None,Scarf,,5,0,0,0,1,0,16,1,0,3,470,0
574,Gothita,45,30,50,55,65,45,290,1.0,1.0,1.0,1.0,1.0,1.0,0.5,1.0,1.0,1.0,0.5,2.0,1.0,2.0,1.0,2.0,1.0,1.0,104,0.4,12.8,5.8,200,24.6,5120,200,Competitive; Frisk; Shadow Tag,Psychic,None,Fixation,,5,0,0,0,0,2,13,3,0,3,290,0
575,Gothorita,60,45,70,75,85,55,390,1.0,1.0,1.0,1.0,1.0,1.0,0.5,1.0,1.0,1.0,0.5,2.0,1.0,2.0,1.0,2.0,1.0,1.0,204,0.7,39.7,18.0,100,24.6,5120,100,Competitive; Frisk; Shadow Tag,Psychic,None,Manipulate,,5,0,0,0,0,2,13,3,0,3,390,0
576,Gothitelle,70,55,95,95,110,65,490,1.0,1.0,1.0,1.0,1.0,1.0,0.5,1.0,1.0,1.0,0.5,2.0,1.0,2.0,1.0,2.0,1.0,1.0,411,1.5,97.0,44.0,50,24.6,5120,50,Competitive; Frisk; Shadow Tag,Psychic,None,Astral Body,,5,0,0,0,0,2,13,3,0,3,490,0
577,Solosis,45,30,40,105,50,20,290,1.0,1.0,1.0,1.0,1.0,1.0,0.5,1.0,1.0,1.0,0.5,2.0,1.0,2.0,1.0,2.0,1.0,1.0,100,0.3,2.2,1.0,200,5.0,5120,200,Magic Guard; Overcoat; Regenerator,Psychic,None,Cell,,5,0,0,0,0,2,13,3,0,3,290,0
578,Duosion,65,40,50,125,60,30,370,1.0,1.0,1.0,1.0,1.0,1.0,0.5,1.0,1.0,1.0,0.5,2.0,1.0,2.0,1.0,2.0,1.0,1.0,200,0.6,17.6,8.0,100,5.0,5120,100,Magic Guard; Overcoat; Regenerator,Psychic,None,Mitosis,,5,0,0,0,0,2,13,3,0,3,370,0
579,Reuniclus,110,65,75,125,85,30,490,1.0,1.0,1.0,1.0,1.0,1.0,0.5,1.0,1.0,1.0,0.5,2.0,1.0,2.0,1.0,2.0,1.0,1.0,303,1.0,44.3,20.1,50,5.0,5120,50,Magic Guard; Overcoat; Regenerator,Psychic,None,Multiplying,,5,0,0,0,0,2,13,3,0,3,490,0
580,Ducklett,62,44,50,44,50,55,305,1.0,0.5,0.5,4.0,1.0,1.0,0.5,1.0,0.0,1.0,1.0,0.5,2.0,1.0,1.0,1.0,0.5,1.0,108,0.5,12.1,5.5,190,5.0,5120,190,Big Pecks; Hydration; Keen Eye,Water,Flying,Water Bird,,5,0,0,0,1,5,10,2,0,3,305,0
581,Swanna,75,87,63,87,63,98,473,1.0,0.5,0.5,4.0,1.0,1.0,0.5,1.0,0.0,1.0,1.0,0.5,2.0,1.0,1.0,1.0,0.5,1.0,403,1.3,53.4,24.2,45,5.0,5120,45,Big Pecks; Hydration; Keen Eye,Water,Flying,White Bird,,5,0,0,0,1,5,10,2,0,3,473,0
582,Vanillite,36,50,50,65,60,44,305,1.0,2.0,1.0,1.0,1.0,0.5,2.0,1.0,1.0,1.0,1.0,1.0,2.0,1.0,1.0,1.0,2.0,1.0,104,0.4,12.6,5.7,255,5.0,5120,255,Available; Ice Body; Snow Cloak; Weak Armor,Ice,None,Fresh Snow,,5,0,0,0,0,1,13,4,0,4,305,0
583,Vanillish,51,65,65,80,75,59,395,1.0,2.0,1.0,1.0,1.0,0.5,2.0,1.0,1.0,1.0,1.0,1.0,2.0,1.0,1.0,1.0,2.0,1.0,307,1.1,90.4,41.0,120,5.0,5120,120,Available; Ice Body; Snow Cloak; Weak Armor,Ice,None,Icy Snow,,5,0,0,0,0,1,13,4,0,4,395,0
584,Vanilluxe,71,95,85,110,95,79,535,1.0,2.0,1.0,1.0,1.0,0.5,2.0,1.0,1.0,1.0,1.0,1.0,2.0,1.0,1.0,1.0,2.0,1.0,403,1.3,126.8,57.5,45,5.0,5120,45,Available; Ice Body; Snow Warning; Weak Armor,Ice,None,Snowstorm,,5,0,0,0,0,1,13,4,0,4,535,0
585,Deerling,60,60,50,40,50,75,335,1.0,2.0,0.5,0.5,0.5,2.0,2.0,2.0,0.5,2.0,1.0,2.0,1.0,0.0,1.0,1.0,1.0,1.0,200,0.6,43.0,19.5,190,5.0,5120,190,Chlorophyll; Sap Sipper; Serene Grace,Normal,Grass,Season,,5,0,0,0,1,4,7,6,0,3,335,0
586,Sawsbuck,80,100,70,60,70,95,475,1.0,2.0,0.5,0.5,0.5,2.0,2.0,2.0,0.5,2.0,1.0,2.0,1.0,0.0,1.0,1.0,1.0,1.0,603,1.9,203.9,92.5,75,5.0,5120,75,Chlorophyll; Sap Sipper; Serene Grace,Normal,Grass,Season,,5,0,0,0,1,4,7,6,0,3,475,0
587,Emolga,55,75,60,75,60,103,428,1.0,1.0,1.0,1.0,0.5,2.0,0.5,1.0,0.0,0.5,1.0,0.5,2.0,1.0,1.0,1.0,0.5,1.0,104,0.4,11.0,5.0,200,5.0,5120,200,Available; Motor Drive; Static,Electric,Flying,Sky Squirrel,,5,0,0,0,1,5,10,2,0,3,428,0
588,Karrablast,50,75,45,40,45,60,315,1.0,2.0,1.0,1.0,0.5,1.0,0.5,1.0,0.5,2.0,1.0,1.0,2.0,1.0,1.0,1.0,1.0,1.0,108,0.5,13.0,5.9,200,5.0,3840,200,No Guard; Shed Skin; Swarm,Bug,None,Clamping,,5,0,0,0,0,3,12,3,0,3,315,0
589,Escavalier,70,135,105,60,105,20,495,0.5,4.0,1.0,1.0,0.25,0.5,1.0,0.0,1.0,1.0,0.5,0.5,1.0,1.0,0.5,1.0,0.5,0.5,303,1.0,72.8,33.0,75,5.0,3840,75,Overcoat; Shell Armor; Swarm,Bug,Steel,Cavalry,,5,0,0,0,1,8,8,1,0,3,495,0
590,Foongus,69,55,45,55,55,15,294,1.0,2.0,0.5,0.5,0.25,2.0,0.5,1.0,1.0,2.0,2.0,1.0,1.0,1.0,1.0,1.0,1.0,0.5,8,0.2,2.2,1.0,190,5.0,5120,190,Effect Spore; Regenerator,Grass,Poison,Mushroom,,5,0,0,0,0,5,9,4,0,2,294,0
591,Amoonguss,114,85,70,85,80,30,464,1.0,2.0,0.5,0.5,0.25,2.0,0.5,1.0,1.0,2.0,2.0,1.0,1.0,1.0,1.0,1.0,1.0,0.5,200,0.6,23.1,10.5,75,5.0,5120,75,Effect Spore; Regenerator,Grass,Poison,Mushroom,,5,0,0,0,0,5,9,4,0,2,464,0
592,Frillish,55,40,50,65,85,40,335,0.0,0.5,0.5,2.0,2.0,0.5,0.0,0.5,1.0,1.0,1.0,0.5,1.0,2.0,1.0,2.0,0.5,1.0,311,1.2,72.8,33.0,190,5.0,5120,190,Cursed Body; Damp; Water Absorb,Water,Ghost,Floating,,5,0,0,0,2,6,6,4,0,3,335,0
593,Jellicent,100,60,70,85,105,60,480,0.0,0.5,0.5,2.0,2.0,0.5,0.0,0.5,1.0,1.0,1.0,0.5,1.0,2.0,1.0,2.0,0.5,1.0,703,2.2,297.6,135.0,60,5.0,5120,60,Cursed Body; Damp; Water Absorb,Water,Ghost,Floating,,5,0,0,0,2,6,6,4,0,3,480,0
594,Alomomola,165,75,80,40,45,65,470,1.0,0.5,0.5,2.0,2.0,0.5,1.0,1.0,1.0,1.0,1.0,1.0,1.0,1.0,1.0,1.0,0.5,1.0,311,1.2,69.7,31.6,75,5.0,10240,75,Available; Healer; Hydration; Regenerator,Water,None,Caring,,5,0,0,0,0,4,12,2,0,4,470,0
595,Joltik,50,47,50,57,50,65,319,1.0,2.0,1.0,0.5,0.5,1.0,0.5,1.0,1.0,1.0,1.0,1.0,2.0,1.0,1.0,1.0,0.5,1.0,4,0.1,1.3,0.6,190,5.0,5120,190,Compound Eyes; Swarm; Unnerve,Bug,Electric,Attaching,,5,0,0,0,0,4,12,2,0,3,319,0
596,Galvantula,70,77,60,97,60,108,472,1.0,2.0,1.0,0.5,0.5,1.0,0.5,1.0,1.0,1.0,1.0,1.0,2.0,1.0,1.0,1.0,0.5,1.0,207,0.8,31.5,14.3,75,5.0,5120,75,Compound Eyes; Swarm; Unnerve,Bug,Electric,EleSpider,,5,0,0,0,0,4,12,2,0,3,472,0
597,Ferroseed,44,50,91,24,86,10,305,0.5,4.0,0.5,0.5,0.25,1.0,2.0,0.0,1.0,1.0,0.5,1.0,0.5,1.0,0.5,1.0,0.5,0.5,200,0.6,41.4,18.8,255,5.0,5120,255,Iron Barbs,Grass,Steel,Thorn Seed,,5,0,0,0,1,9,6,2,0,1,305,0
598,Ferrothorn,74,94,131,54,116,20,489,0.5,4.0,0.5,0.5,0.25,1.0,2.0,0.0,1.0,1.0,0.5,1.0,0.5,1.0,0.5,1.0,0.5,0.5,303,1.0,242.5,110.0,90,5.0,5120,90,Anticipation; Iron Barbs,Grass,Steel,Thorn Pod,,5,0,0,0,1,9,6,2,0,2,489,0
599,Klink,40,55,70,45,60,30,300,0.5,2.0,1.0,1.0,0.5,0.5,2.0,0.0,2.0,0.5,0.5,0.5,0.5,1.0,0.5,1.0,0.5,0.5,100,0.3,46.3,21.0,130,5.0,5120,130,Clear Body; Minus; Plus,Steel,None,Gear,,5,0,0,0,1,10,4,3,0,3,300,0
600,Klang,60,80,95,70,85,50,440,0.5,2.0,1.0,1.0,0.5,0.5,2.0,0.0,2.0,0.5,0.5,0.5,0.5,1.0,0.5,1.0,0.5,0.5,200,0.6,112.4,51.0,60,5.0,5120,60,Clear Body; Minus; Plus,Steel,None,Gear,,5,0,0,0,1,10,4,3,0,3,440,0
601,Klinklang,60,100,115,70,85,90,520,0.5,2.0,1.0,1.0,0.5,0.5,2.0,0.0,2.0,0.5,0.5,0.5,0.5,1.0,0.5,1.0,0.5,0.5,200,0.6,178.6,81.0,30,5.0,5120,30,Clear Body; Minus; Plus,Steel,None,Gear,,5,0,0,0,1,10,4,3,0,3,520,0
602,Tynamo,35,55,40,45,40,60,275,1.0,1.0,1.0,0.5,1.0,1.0,1.0,1.0,2.0,0.5,1.0,1.0,1.0,1.0,1.0,1.0,0.5,1.0,8,0.2,0.7,0.3,190,5.0,5120,190,Levitate,Electric,None,EleFish,,5,0,0,0,0,3,14,1,0,1,275,0
603,Eelektrik,65,85,70,75,70,40,405,1.0,1.0,1.0,0.5,1.0,1.0,1.0,1.0,2.0,0.5,1.0,1.0,1.0,1.0,1.0,1.0,0.5,1.0,311,1.2,48.5,22.0,60,5.0,5120,60,Levitate,Electric,None,EleFish,,5,0,0,0,0,3,14,1,0,1,405,0
604,Eelektross,85,115,80,105,80,50,515,1.0,1.0,1.0,0.5,1.0,1.0,1.0,1.0,2.0,0.5,1.0,1.0,1.0,1.0,1.0,1.0,0.5,1.0,611,2.1,177.5,80.5,30,5.0,5120,30,Levitate,Electric,None,EleFish,,5,0,0,0,0,3,14,1,0,1,515,0
605,Elgyem,55,55,55,85,55,30,335,1.0,1.0,1.0,1.0,1.0,1.0,0.5,1.0,1.0,1.0,0.5,2.0,1.0,2.0,1.0,2.0,1.0,1.0,108,0.5,19.8,9.0,255,5.0,5120,255,Analytic; Synchronize; Telepathy,Psychic,None,Cerebral,,5,0,0,0,0,2,13,3,0,3,335,0
606,Beheeyem,75,75,75,125,95,40,485,1.0,1.0,1.0,1.0,1.0,1.0,0.5,1.0,1.0,1.0,0.5,2.0,1.0,2.0,1.0,2.0,1.0,1.0,303,1.0,76.1,34.5,90,5.0,5120,90,Analytic; Synchronize; Telepathy,Psychic,None,Cerebral,,5,0,0,0,0,2,13,3,0,3,485,0
607,Litwick,50,30,55,65,55,20,275,0.0,0.5,2.0,1.0,0.5,0.5,0.0,0.5,2.0,1.0,1.0,0.25,2.0,2.0,1.0,2.0,0.5,0.5,100,0.3,6.8,3.1,190,5.0,5120,190,Flame Body; Flash Fire; Infiltrator,Ghost,Fire,Candle,,5,0,0,0,2,7,4,5,0,3,275,0
608,Lampent,60,40,60,95,60,55,370,0.0,0.5,2.0,1.0,0.5,0.5,0.0,0.5,2.0,1.0,1.0,0.25,2.0,2.0,1.0,2.0,0.5,0.5,200,0.6,28.7,13.0,90,5.0,5120,90,Flame Body; Flash Fire; Infiltrator,Ghost,Fire,Lamp,,5,0,0,0,2,7,4,5,0,3,370,0
609,Chandelure,60,55,90,145,90,80,520,0.0,0.5,2.0,1.0,0.5,0.5,0.0,0.5,2.0,1.0,1.0,0.25,2.0,2.0,1.0,2.0,0.5,0.5,303,1.0,75.6,34.3,45,5.0,5120,45,Flame Body; Flash Fire; Infiltrator,Ghost,Fire,Luring,,5,0,0,0,2,7,4,5,0,3,520,0
610,Axew,46,87,60,30,40,57,320,1.0,0.5,0.5,0.5,0.5,2.0,1.0,1.0,1.0,1.0,1.0,1.0,1.0,1.0,2.0,1.0,1.0,2.0,200,0.6,39.7,18.0,75,5.0,10240,75,Mold Breaker; Rivalry; Unnerve,Dragon,None,Tusk,,5,0,0,0,0,4,11,3,0,3,320,0
611,Fraxure,66,117,70,40,50,67,410,1.0,0.5,0.5,0.5,0.5,2.0,1.0,1.0,1.0,1.0,1.0,1.0,1.0,1.0,2.0,1.0,1.0,2.0,303,1.0,79.4,36.0,60,5.0,10240,60,Mold Breaker; Rivalry; Unnerve,Dragon,None,Axe Jaw,,5,0,0,0,0,4,11,3,0,3,410,0
612,Haxorus,76,147,90,60,70,97,540,1.0,0.5,0.5,0.5,0.5,2.0,1.0,1.0,1.0,1.0,1.0,1.0,1.0,1.0,2.0,1.0,1.0,2.0,511,1.8,232.6,105.5,45,5.0,10240,45,Mold Breaker; Rivalry; Unnerve,Dragon,None,Axe Jaw,,5,0,0,0,0,4,11,3,0,3,540,0
613,Cubchoo,55,70,40,60,40,40,305,1.0,2.0,1.0,1.0,1.0,0.5,2.0,1.0,1.0,1.0,1.0,1.0,2.0,1.0,1.0,1.0,2.0,1.0,108,0.5,18.7,8.5,120,5.0,5120,120,Rattled; Slush Rush; Snow Cloak,Ice,None,Chill,,5,0,0,0,0,1,13,4,0,3,305,0
614,Beartic,95,130,80,70,80,50,505,1.0,2.0,1.0,1.0,1.0,0.5,2.0,1.0,1.0,1.0,1.0,1.0,2.0,1.0,1.0,1.0,2.0,1.0,806,2.6,573.2,260.0,60,5.0,5120,60,Slush Rush; Snow Cloak; Swift Swim,Ice,None,Freezing,,5,0,0,0,0,1,13,4,0,3,505,0
615,Cryogonal,80,50,50,95,135,105,515,1.0,2.0,1.0,1.0,1.0,0.5,2.0,1.0,1.0,1.0,1.0,1.0,2.0,1.0,1.0,1.0,2.0,1.0,307,1.1,326.3,148.0,25,5.0,6400,25,Levitate,Ice,None,Crystallizing,,5,0,0,0,0,1,13,4,0,1,515,0
616,Shelmet,50,40,85,40,65,25,305,1.0,2.0,1.0,1.0,0.5,1.0,0.5,1.0,0.5,2.0,1.0,1.0,2.0,1.0,1.0,1.0,1.0,1.0,104,0.4,17.0,7.7,200,5.0,3840,200,Hydration; Overcoat; Shell Armor,Bug,None,Snail,,5,0,0,0,0,3,12,3,0,3,305,0
617,Accelgor,80,70,40,100,60,145,495,1.0,2.0,1.0,1.0,0.5,1.0,0.5,1.0,0.5,2.0,1.0,1.0,2.0,1.0,1.0,1.0,1.0,1.0,207,0.8,55.8,25.3,75,5.0,3840,75,Hydration; Sticky Hold; Unburden,Bug,None,Shell Out,,5,0,0,0,0,3,12,3,0,3,495,0
618,Stunfisk,109,66,84,81,99,32,471,1.0,1.0,2.0,0.0,2.0,2.0,1.0,0.5,2.0,0.5,1.0,1.0,0.5,1.0,1.0,1.0,0.5,1.0,204,0.7,24.3,11.0,75,5.0,5120,75,Limber; Sand Veil; Static,Ground,Electric,Trap,Galarian Stunfisk,5,0,0,0,1,4,9,4,1,3,471,0
619,Mienfoo,45,85,50,55,50,65,350,1.0,1.0,1.0,1.0,1.0,1.0,1.0,1.0,1.0,2.0,2.0,0.5,0.5,1.0,1.0,0.5,1.0,2.0,211,0.9,44.1,20.0,180,5.0,6400,180,Inner Focus; Reckless; Regenerator,Fighting,None,Martial Arts,,5,0,0,0,0,3,12,3,0,3,350,0
620,Mienshao,65,125,60,95,60,105,510,1.0,1.0,1.0,1.0,1.0,1.0,1.0,1.0,1.0,2.0,2.0,0.5,0.5,1.0,1.0,0.5,1.0,2.0,407,1.4,78.3,35.5,45,5.0,6400,45,Inner Focus; Reckless; Regenerator,Fighting,None,Martial Arts,,5,0,0,0,0,3,12,3,0,3,510,0
621,Druddigon,77,120,90,60,90,48,485,1.0,0.5,0.5,0.5,0.5,2.0,1.0,1.0,1.0,1.0,1.0,1.0,1.0,1.0,2.0,1.0,1.0,2.0,503,1.6,306.4,139.0,45,5.0,7680,45,Mold Breaker; Rough Skin; Sheer Force,Dragon,None,Cave,,5,0,0,0,0,4,11,3,0,3,485,0
622,Golett,59,74,50,35,50,35,303,0.0,1.0,2.0,0.0,2.0,2.0,0.0,0.25,1.0,1.0,1.0,0.5,0.5,2.0,1.0,2.0,1.0,1.0,303,1.0,202.8,92.0,190,5.0,6400,190,Iron Fist; Klutz; No Guard,Ground,Ghost,Automaton,,5,0,0,0,3,3,7,5,0,3,303,0
623,Golurk,89,124,80,55,80,55,483,0.0,1.0,2.0,0.0,2.0,2.0,0.0,0.25,1.0,1.0,1.0,0.5,0.5,2.0,1.0,2.0,1.0,1.0,902,2.8,727.5,330.0,90,5.0,6400,90,Available; Iron Fist; Klutz; No Guard,Ground,Ghost,Automaton,,5,0,0,0,3,3,7,5,0,4,483,0
624,Pawniard,45,85,70,40,40,60,340,0.5,2.0,1.0,1.0,0.5,0.5,4.0,0.0,2.0,0.5,0.0,1.0,0.5,0.5,0.5,0.5,0.5,1.0,108,0.5,22.5,10.2,120,5.0,5120,120,Available; Defiant; Inner Focus; Pressure,Dark,Steel,Sharp Blade,,5,0,0,0,2,9,4,3,0,4,340,0
625,Bisharp,65,125,100,60,70,70,490,0.5,2.0,1.0,1.0,0.5,0.5,4.0,0.0,2.0,0.5,0.0,1.0,0.5,0.5,0.5,0.5,0.5,1.0,503,1.6,154.3,70.0,45,5.0,5120,45,Defiant; Inner Focus; Pressure,Dark,Steel,Sword Blade,,5,0,0,0,2,9,4,3,0,3,490,0
626,Bouffalant,95,110,95,40,95,55,490,1.0,1.0,1.0,1.0,1.0,1.0,2.0,1.0,1.0,1.0,1.0,1.0,1.0,0.0,1.0,1.0,1.0,1.0,503,1.6,208.6,94.6,45,5.0,5120,45,Reckless; Sap Sipper; Soundproof,Normal,None,Bash Buffalo,,5,0,0,0,1,0,16,1,0,3,490,0
627,Rufflet,70,83,50,37,50,60,350,1.0,1.0,1.0,2.0,0.5,2.0,1.0,1.0,0.0,1.0,1.0,0.5,2.0,0.0,1.0,1.0,1.0,1.0,108,0.5,23.1,10.5,190,10.0,5120,190,Available; Hustle; Keen Eye; Sheer Force,Normal,Flying,Eaglet,,5,0,0,0,2,2,11,3,0,4,350,0
628,Braviary,100,123,75,57,75,80,510,1.0,1.0,1.0,2.0,0.5,2.0,1.0,1.0,0.0,1.0,1.0,0.5,2.0,0.0,1.0,1.0,1.0,1.0,411,1.5,90.4,41.0,60,10.0,5120,60,Available; Defiant; Keen Eye; Sheer Force,Normal,Flying,Valiant,Hisuian Braviary,5,0,0,0,2,2,11,3,1,4,510,0
629,Vullaby,70,55,75,45,65,60,370,1.0,1.0,1.0,2.0,0.5,2.0,1.0,1.0,0.0,1.0,0.0,1.0,2.0,0.5,1.0,0.5,1.0,2.0,108,0.5,19.8,9.0,190,0.0,5120,190,Available; Big Pecks; Overcoat; Weak Armor,Dark,Flying,Diapered,,5,0,0,0,2,3,9,4,0,4,370,0
630,Mandibuzz,110,65,105,55,95,80,510,1.0,1.0,1.0,2.0,0.5,2.0,1.0,1.0,0.0,1.0,0.0,1.0,2.0,0.5,1.0,0.5,1.0,2.0,311,1.2,87.1,39.5,60,0.0,5120,60,Available; Big Pecks; Overcoat; Weak Armor,Dark,Flying,Bone Vulture,,5,0,0,0,2,3,9,4,0,4,510,0
631,Heatmor,85,97,66,105,66,65,484,1.0,0.5,2.0,1.0,0.5,0.5,1.0,1.0,2.0,1.0,1.0,0.5,2.0,1.0,1.0,1.0,0.5,0.5,407,1.4,127.9,58.0,90,5.0,5120,90,Flash Fire; Gluttony; White Smoke,Fire,None,Anteater,,5,0,0,0,0,6,9,3,0,3,484,0
632,Durant,58,109,112,48,48,109,484,0.5,4.0,1.0,1.0,0.25,0.5,1.0,0.0,1.0,1.0,0.5,0.5,1.0,1.0,0.5,1.0,0.5,0.5,100,0.3,72.8,33.0,90,5.0,5120,90,Hustle; Swarm; Truant,Bug,Steel,Iron Ant,,5,0,0,0,1,8,8,1,0,3,484,0
633,Deino,52,65,50,45,50,38,300,1.0,0.5,0.5,0.5,0.5,2.0,2.0,1.0,1.0,1.0,0.0,2.0,1.0,0.5,2.0,0.5,1.0,4.0,207,0.8,38.1,17.3,45,5.0,10240,45,Hustle,Dark,Dragon,Irate,,5,0,0,0,1,6,6,5,0,1,300,0
634,Zweilous,72,85,70,65,70,58,420,1.0,0.5,0.5,0.5,0.5,2.0,2.0,1.0,1.0,1.0,0.0,2.0,1.0,0.5,2.0,0.5,1.0,4.0,407,1.4,110.2,50.0,45,5.0,10240,45,Hustle,Dark,Dragon,Hostile,,5,0,0,0,1,6,6,5,0,1,420,0
635,Hydreigon,92,105,90,125,90,98,600,1.0,0.5,0.5,0.5,0.5,2.0,2.0,1.0,1.0,1.0,0.0,2.0,1.0,0.5,2.0,0.5,1.0,4.0,511,1.8,352.7,160.0,45,5.0,10240,45,Levitate,Dark,Dragon,Brutal,,5,0,0,0,1,6,6,5,0,1,600,0
636,Larvesta,55,85,55,50,55,60,360,1.0,1.0,2.0,1.0,0.25,0.5,0.5,1.0,1.0,2.0,1.0,0.5,4.0,1.0,1.0,1.0,0.5,0.5,307,1.1,63.5,28.8,45,5.0,10240,45,Flame Body; Swarm,Bug,Fire,Torch,,5,0,0,0,0,6,9,3,0,2,360,0
637,Volcarona,85,60,65,135,105,100,550,1.0,1.0,2.0,1.0,0.25,0.5,0.5,1.0,1.0,2.0,1.0,0.5,4.0,1.0,1.0,1.0,0.5,0.5,503,1.6,101.4,46.0,15,5.0,10240,15,Flame Body; Swarm,Bug,Fire,Sun,,5,0,0,0,0,6,9,3,0,2,550,0
638,Cobalion,91,90,129,90,72,108,580,0.5,2.0,1.0,1.0,0.5,0.5,2.0,0.0,2.0,1.0,1.0,0.25,0.25,1.0,0.5,0.5,0.5,1.0,611,2.1,551.1,250.0,3,5.0,20480,3,Justified,Steel,Fighting,Iron Will,,5,1,0,0,1,8,6,3,0,1,580,0
639,Terrakion,91,129,90,72,90,108,580,0.5,0.5,2.0,1.0,2.0,1.0,2.0,0.5,2.0,1.0,2.0,0.5,0.5,1.0,1.0,0.5,2.0,2.0,603,1.9,573.2,260.0,3,5.0,20480,3,Justified,Rock,Fighting,Cavern,,5,1,0,0,0,6,5,7,0,1,580,0
640,Virizion,91,90,72,90,129,108,580,1.0,2.0,0.5,0.5,0.5,2.0,1.0,2.0,0.5,4.0,2.0,1.0,0.5,1.0,1.0,0.5,1.0,2.0,607,2.0,440.9,200.0,3,5.0,20480,3,Justified,Grass,Fighting,Grassland,,5,1,0,0,0,6,6,6,0,1,580,0
641,Tornadus,79,115,70,125,80,111,580,1.0,1.0,1.0,2.0,0.5,2.0,0.5,1.0,0.0,1.0,1.0,0.5,2.0,1.0,1.0,1.0,1.0,1.0,59,1.5,138.9,63.0,3,10.0,30720,3,Available Through Transfer; Defiant; Hidden; Prankster; Regenerator; Therian Forme; Therian Forme Ability,Flying,None,Cyclone,Incarnate Forme; Therian Forme,5,1,0,0,1,3,11,3,1,7,580,0
642,Thundurus,79,115,70,125,80,111,580,1.0,1.0,1.0,1.0,0.5,2.0,0.5,1.0,0.0,0.5,1.0,0.5,2.0,1.0,1.0,1.0,0.5,1.0,59,1.5,134.5,61.0,3,10.0,30720,3,Available Through Transfer; Defiant; Hidden; Prankster; Therian Forme; Therian Forme Ability; Volt Absorb,Electric,Flying,Bolt Strike,Incarnate Forme; Therian Forme,5,1,0,0,1,5,10,2,1,7,580,0
643,Reshiram,100,120,100,150,120,90,680,1.0,0.25,1.0,0.5,0.25,1.0,1.0,1.0,2.0,1.0,1.0,0.5,2.0,1.0,2.0,1.0,0.5,1.0,1006,3.2,727.5,330.0,3,5.0,30720,3,Turboblaze,Dragon,Fire,Vast White,,5,1,0,0,0,5,10,3,0,1,680,0
644,Zekrom,100,150,120,120,100,90,680,1.0,0.5,0.5,0.25,0.5,2.0,1.0,1.0,2.0,0.5,1.0,1.0,1.0,1.0,2.0,1.0,0.5,2.0,906,2.9,760.6,345.0,3,5.0,30720,3,Teravolt,Dragon,Electric,Deep Black,,5,1,0,0,0,6,8,4,0,1,680,0
645,Landorus,89,125,90,115,80,101,600,1.0,1.0,2.0,0.0,1.0,4.0,0.5,0.5,0.0,1.0,1.0,0.5,1.0,1.0,1.0,1.0,1.0,1.0,59,1.5,149.9,68.0,3,10.0,30720,3,Available Through Transfer; Hidden; Intimidate; Sand Force; Sheer Force; Therian Forme; Therian Forme Ability,Ground,Flying,Abundance,Incarnate Forme; Therian Forme,5,1,0,0,2,3,11,2,1,7,600,0
646,Kyurem,125,130,90,130,90,95,660,1.0,1.0,0.5,0.5,0.5,1.0,2.0,1.0,1.0,1.0,1.0,1.0,2.0,1.0,2.0,1.0,2.0,2.0,142,3.6,716.5,325.0,3,5.0,30720,3,Black Kyurem Ability; Pressure; Teravolt; Turboblaze; White Kyurem; White Kyurem Ability,Dragon,Ice,Boundary,White Kyurem; Black Kyurem,5,1,0,0,0,3,10,5,1,6,660,0
647,Keldeo,91,72,90,129,90,108,580,1.0,0.5,0.5,2.0,2.0,0.5,1.0,1.0,1.0,2.0,2.0,0.5,0.5,1.0,1.0,0.5,0.5,2.0,407,1.4,106.9,48.5,3,5.0,20480,3,Justified,Water,Fighting,Colt,Ordinary Form; Resolute Form,5,0,1,0,0,7,6,5,1,1,580,0
648,Meloetta,100,77,77,128,128,90,600,1.0,1.0,1.0,1.0,1.0,1.0,1.0,1.0,1.0,1.0,0.5,2.0,1.0,0.0,1.0,2.0,1.0,1.0,200,0.6,14.3,6.5,3,5.0,30720,3,Serene Grace,Normal,Psychic,Melody,Aria Forme; Pirouette Forme,5,0,1,0,1,1,14,2,1,1,600,0
649,Genesect,71,120,95,120,95,99,600,0.5,4.0,1.0,1.0,0.25,0.5,1.0,0.0,1.0,1.0,0.5,0.5,1.0,1.0,0.5,1.0,0.5,0.5,411,1.5,181.9,82.5,3,5.0,30720,3,Download,Bug,Steel,Paleozoic,,5,0,1,0,1,8,8,1,0,1,600,0
650,Chespin,56,61,65,48,45,38,313,1.0,2.0,0.5,0.5,0.5,2.0,1.0,2.0,0.5,2.0,1.0,2.0,1.0,1.0,1.0,1.0,1.0,1.0,104,0.4,19.8,9.0,45,88.1,5120,45,Bulletproof; Overgrow,Grass,None,Spiky Nut,,6,0,0,0,0,4,9,5,0,2,313,0
651,Quilladin,61,78,95,56,58,57,405,1.0,2.0,0.5,0.5,0.5,2.0,1.0,2.0,0.5,2.0,1.0,2.0,1.0,1.0,1.0,1.0,1.0,1.0,204,0.7,63.9,29.0,45,88.1,5120,45,Bulletproof; Overgrow,Grass,None,Spiny Armor,,6,0,0,0,0,4,9,5,0,2,405,0
652,Chesnaught,88,107,122,74,75,64,530,1.0,2.0,0.5,0.5,0.5,2.0,1.0,2.0,0.5,4.0,2.0,1.0,0.5,1.0,1.0,0.5,1.0,2.0,503,1.6,198.4,90.0,45,88.1,5120,45,Bulletproof; Overgrow,Grass,Fighting,Spiny Armor,,6,0,0,0,0,6,6,6,0,2,530,0
653,Fennekin,40,45,40,62,60,60,307,1.0,0.5,2.0,1.0,0.5,0.5,1.0,1.0,2.0,1.0,1.0,0.5,2.0,1.0,1.0,1.0,0.5,0.5,104,0.4,20.7,9.4,45,88.1,5120,45,Blaze; Magician,Fire,None,Fox,,6,0,0,0,0,6,9,3,0,2,307,0
654,Braixen,59,59,58,90,70,73,409,1.0,0.5,2.0,1.0,0.5,0.5,1.0,1.0,2.0,1.0,1.0,0.5,2.0,1.0,1.0,1.0,0.5,0.5,303,1.0,32.0,14.5,45,88.1,5120,45,Blaze; Magician,Fire,None,Fox,,6,0,0,0,0,6,9,3,0,2,409,0
655,Delphox,75,69,72,114,100,104,534,1.0,0.5,2.0,1.0,0.5,0.5,0.5,1.0,2.0,1.0,0.5,1.0,2.0,2.0,1.0,2.0,0.5,0.5,411,1.5,86.0,39.0,45,88.1,5120,45,Blaze; Magician,Fire,Psychic,Fox,,6,0,0,0,0,7,6,5,0,2,534,0
656,Froakie,41,56,40,62,44,71,314,1.0,0.5,0.5,2.0,2.0,0.5,1.0,1.0,1.0,1.0,1.0,1.0,1.0,1.0,1.0,1.0,0.5,1.0,100,0.3,15.4,7.0,45,88.1,5120,45,Protean; Torrent,Water,None,Bubble Frog,,6,0,0,0,0,4,12,2,0,2,314,0
657,Frogadier,54,63,52,83,56,97,405,1.0,0.5,0.5,2.0,2.0,0.5,1.0,1.0,1.0,1.0,1.0,1.0,1.0,1.0,1.0,1.0,0.5,1.0,200,0.6,24.0,10.9,45,88.1,5120,45,Protean; Torrent,Water,None,Bubble Frog,,6,0,0,0,0,4,12,2,0,2,405,0
658,Greninja,72,95,67,103,71,122,530,1.0,0.5,0.5,2.0,2.0,0.5,2.0,1.0,1.0,1.0,0.0,2.0,1.0,0.5,1.0,0.5,0.5,2.0,411,1.5,88.2,40.0,45,88.1,5120,45,Battle Bond; Protean; Torrent,Water,Dark,Ninja,Ash-Greninja,6,0,0,0,1,6,6,5,1,3,530,0
659,Bunnelby,38,36,38,32,36,57,237,1.0,1.0,1.0,1.0,1.0,1.0,2.0,1.0,1.0,1.0,1.0,1.0,1.0,0.0,1.0,1.0,1.0,1.0,104,0.4,11.0,5.0,255,5.0,3840,255,Cheek Pouch; Huge Power; Pickup,Normal,None,Digging,,6,0,0,0,1,0,16,1,0,3,237,0
660,Diggersby,85,56,77,50,77,78,423,1.0,1.0,2.0,0.0,2.0,2.0,2.0,0.5,1.0,1.0,1.0,1.0,0.5,0.0,1.0,1.0,1.0,1.0,303,1.0,93.5,42.4,127,5.0,3840,127,Cheek Pouch; Huge Power; Pickup,Normal,Ground,Digging,,6,0,0,0,2,2,10,4,0,3,423,0
661,Fletchling,45,50,43,40,38,62,278,1.0,1.0,1.0,2.0,0.5,2.0,1.0,1.0,0.0,1.0,1.0,0.5,2.0,0.0,1.0,1.0,1.0,1.0,100,0.3,3.7,1.7,255,5.0,3840,255,Available; Big Pecks; Gale Wings,Normal,Flying,Tiny Robin,,6,0,0,0,2,2,11,3,0,3,278,0
662,Fletchinder,62,73,55,56,52,84,382,1.0,0.5,2.0,2.0,0.25,1.0,0.5,1.0,0.0,1.0,1.0,0.25,4.0,1.0,1.0,1.0,0.5,0.5,204,0.7,35.3,16.0,120,5.0,3840,120,Available; Flame Body; Gale Wings,Fire,Flying,Ember,,6,0,0,0,1,6,8,3,0,3,382,0
663,Talonflame,78,81,71,74,69,126,499,1.0,0.5,2.0,2.0,0.25,1.0,0.5,1.0,0.0,1.0,1.0,0.25,4.0,1.0,1.0,1.0,0.5,0.5,311,1.2,54.0,24.5,45,5.0,3840,45,Available; Flame Body; Gale Wings,Fire,Flying,Scorching,,6,0,0,0,1,6,8,3,0,3,499,0
664,Scatterbug,38,35,40,27,25,35,200,1.0,2.0,1.0,1.0,0.5,1.0,0.5,1.0,0.5,2.0,1.0,1.0,2.0,1.0,1.0,1.0,1.0,1.0,100,0.3,5.5,2.5,255,5.0,3840,255,Compound Eyes; Friend Guard; Shield Dust,Bug,None,Scatterdust,,6,0,0,0,0,3,12,3,0,3,200,0
665,Spewpa,45,22,60,27,30,29,213,1.0,2.0,1.0,1.0,0.5,1.0,0.5,1.0,0.5,2.0,1.0,1.0,2.0,1.0,1.0,1.0,1.0,1.0,100,0.3,18.5,8.4,120,5.0,3840,120,Friend Guard; Shed Skin,Bug,None,Scatterdust,,6,0,0,0,0,3,12,3,0,2,213,0
666,Vivillon,80,52,50,90,50,89,411,1.0,2.0,1.0,2.0,0.25,2.0,0.25,1.0,0.0,2.0,1.0,0.5,4.0,1.0,1.0,1.0,1.0,1.0,311,1.2,37.5,17.0,45,5.0,3840,45,Compound Eyes; Friend Guard; Shield Dust,Bug,Flying,Scale,,6,0,0,0,1,3,9,5,0,3,411,0
667,Litleo,62,50,58,73,54,72,369,1.0,0.5,2.0,1.0,0.5,0.5,2.0,1.0,2.0,1.0,1.0,0.5,2.0,0.0,1.0,1.0,0.5,0.5,200,0.6,29.8,13.5,220,11.2,5120,220,Available; Moxie; Rivalry; Unnerve,Fire,Normal,Lion Cub,,6,0,0,0,1,6,7,4,0,4,369,0
668,Pyroar,86,68,72,109,66,106,507,1.0,0.5,2.0,1.0,0.5,0.5,2.0,1.0,2.0,1.0,1.0,0.5,2.0,0.0,1.0,1.0,0.5,0.5,411,1.5,179.7,81.5,65,11.2,5120,65,Available; Moxie; Rivalry; Unnerve,Fire,Normal,Royal,,6,0,0,0,1,6,7,4,0,4,507,0
669,Flabebe,44,38,39,61,79,42,303,1.0,1.0,1.0,1.0,1.0,1.0,0.5,2.0,1.0,1.0,1.0,0.5,1.0,1.0,0.0,0.5,2.0,1.0,4,0.1,0.2,0.1,225,0.0,5120,225,Flower Veil; Symbiosis,Fairy,None,Single Bloom,,6,0,0,0,1,3,12,2,0,2,303,0
670,Floette,54,45,47,75,98,52,371,1.0,1.0,1.0,1.0,1.0,1.0,0.5,2.0,1.0,1.0,1.0,0.5,1.0,1.0,0.0,0.5,2.0,1.0,8,0.2,2.0,0.9,120,0.0,5120,120,Flower Veil; Symbiosis,Fairy,None,Single Bloom,,6,0,0,0,1,3,12,2,0,2,371,0
671,Florges,78,65,68,112,154,75,552,1.0,1.0,1.0,1.0,1.0,1.0,0.5,2.0,1.0,1.0,1.0,0.5,1.0,1.0,0.0,0.5,2.0,1.0,307,1.1,22.0,10.0,45,0.0,5120,45,Flower Veil; Symbiosis,Fairy,None,Garden,,6,0,0,0,1,3,12,2,0,2,552,0
672,Skiddo,66,65,48,62,57,52,350,1.0,2.0,0.5,0.5,0.5,2.0,1.0,2.0,0.5,2.0,1.0,2.0,1.0,1.0,1.0,1.0,1.0,1.0,211,0.9,68.3,31.0,200,5.0,5120,200,Grass Pelt; Sap Sipper,Grass,None,Mount,,6,0,0,0,0,4,9,5,0,2,350,0
673,Gogoat,123,100,62,97,81,68,531,1.0,2.0,0.5,0.5,0.5,2.0,1.0,2.0,0.5,2.0,1.0,2.0,1.0,1.0,1.0,1.0,1.0,1.0,507,1.7,200.6,91.0,45,5.0,5120,45,Grass Pelt; Sap Sipper,Grass,None,Mount,,6,0,0,0,0,4,9,5,0,2,531,0
674,Pancham,67,82,62,46,48,43,348,1.0,1.0,1.0,1.0,1.0,1.0,1.0,1.0,1.0,2.0,2.0,0.5,0.5,1.0,1.0,0.5,1.0,2.0,200,0.6,17.6,8.0,220,5.0,6400,220,Available; Iron Fist; Mold Breaker; Scrappy,Fighting,None,Playful,,6,0,0,0,0,3,12,3,0,4,348,0
675,Pangoro,95,124,78,69,71,58,495,1.0,1.0,1.0,1.0,1.0,1.0,2.0,1.0,1.0,2.0,0.0,1.0,0.5,0.5,1.0,0.25,1.0,4.0,611,2.1,299.8,136.0,65,5.0,6400,65,Available; Iron Fist; Mold Breaker; Scrappy,Fighting,Dark,Daunting,,6,0,0,0,1,3,11,3,0,4,495,0
676,Furfrou,75,80,60,65,90,102,472,1.0,1.0,1.0,1.0,1.0,1.0,2.0,1.0,1.0,1.0,1.0,1.0,1.0,0.0,1.0,1.0,1.0,1.0,311,1.2,61.7,28.0,160,5.0,5120,160,Fur Coat,Normal,None,Poodle,,6,0,0,0,1,0,16,1,0,1,472,0
677,Espurr,62,48,54,63,60,68,355,1.0,1.0,1.0,1.0,1.0,1.0,0.5,1.0,1.0,1.0,0.5,2.0,1.0,2.0,1.0,2.0,1.0,1.0,100,0.3,7.7,3.5,190,5.0,5120,190,Infiltrator; Keen Eye; Own Tempo,Psychic,None,Restraint,,6,0,0,0,0,2,13,3,0,3,355,0
678,Meowstic,74,48,76,83,81,104,466,1.0,1.0,1.0,1.0,1.0,1.0,0.5,1.0,1.0,1.0,0.5,2.0,1.0,2.0,1.0,2.0,1.0,1.0,200,0.6,18.7,8.5,75,5.0,5120,75,Competitive; Female; Female Hidden Ability; Infiltrator; Keen Eye; Male; Male Hidden Ability; Prankster,Psychic,None,Constraint,Male; Female,6,0,0,0,0,2,13,3,1,8,466,0
679,Honedge,45,80,100,35,37,28,325,0.0,2.0,1.0,1.0,0.5,0.5,0.0,0.0,2.0,0.5,0.5,0.25,0.5,2.0,0.5,2.0,0.5,0.5,207,0.8,4.4,2.0,180,5.0,5120,180,No Guard,Steel,Ghost,Sword,,6,0,0,0,3,9,2,4,0,1,325,0
680,Doublade,59,110,150,45,49,35,448,0.0,2.0,1.0,1.0,0.5,0.5,0.0,0.0,2.0,0.5,0.5,0.25,0.5,2.0,0.5,2.0,0.5,0.5,207,0.8,9.9,4.5,90,5.0,5120,90,No Guard,Steel,Ghost,Sword,,6,0,0,0,3,9,2,4,0,1,448,0
681,Aegislash,60,50,150,50,150,60,520,0.0,2.0,1.0,1.0,0.5,0.5,0.0,0.0,2.0,0.5,0.5,0.25,0.5,2.0,0.5,2.0,0.5,0.5,507,1.7,116.8,53.0,45,5.0,5120,45,Stance Change,Steel,Ghost,Royal Sword,Shield Forme; Blade Forme,6,0,0,0,3,9,2,4,1,1,520,0
682,Spritzee,78,52,60,63,65,23,341,1.0,1.0,1.0,1.0,1.0,1.0,0.5,2.0,1.0,1.0,1.0,0.5,1.0,1.0,0.0,0.5,2.0,1.0,8,0.2,1.1,0.5,200,5.0,5120,200,Aroma Veil; Healer,Fairy,None,Perfume,,6,0,0,0,1,3,12,2,0,2,341,0
683,Aromatisse,101,72,72,99,89,29,462,1.0,1.0,1.0,1.0,1.0,1.0,0.5,2.0,1.0,1.0,1.0,0.5,1.0,1.0,0.0,0.5,2.0,1.0,207,0.8,34.2,15.5,140,5.0,5120,140,Aroma Veil; Healer,Fairy,None,Fragrance,,6,0,0,0,1,3,12,2,0,2,462,0
684,Swirlix,62,48,66,59,57,49,341,1.0,1.0,1.0,1.0,1.0,1.0,0.5,2.0,1.0,1.0,1.0,0.5,1.0,1.0,0.0,0.5,2.0,1.0,104,0.4,7.7,3.5,200,5.0,5120,200,Sweet Veil; Unburden,Fairy,None,Cotton Candy,,6,0,0,0,1,3,12,2,0,2,341,0
685,Slurpuff,82,80,86,85,75,72,480,1.0,1.0,1.0,1.0,1.0,1.0,0.5,2.0,1.0,1.0,1.0,0.5,1.0,1.0,0.0,0.5,2.0,1.0,207,0.8,11.0,5.0,140,5.0,5120,140,Sweet Veil; Unburden,Fairy,None,Meringue,,6,0,0,0,1,3,12,2,0,2,480,0
686,Inkay,53,54,53,37,46,45,288,1.0,1.0,1.0,1.0,1.0,1.0,1.0,1.0,1.0,1.0,0.0,4.0,1.0,1.0,1.0,1.0,1.0,2.0,104,0.4,7.7,3.5,190,5.0,5120,190,Contrary; Infiltrator; Suction Cups,Dark,Psychic,Revolving,,6,0,0,0,1,0,15,2,0,3,288,0
687,Malamar,86,92,88,68,75,73,482,1.0,1.0,1.0,1.0,1.0,1.0,1.0,1.0,1.0,1.0,0.0,4.0,1.0,1.0,1.0,1.0,1.0,2.0,411,1.5,103.6,47.0,80,5.0,5120,80,Contrary; Infiltrator; Suction Cups,Dark,Psychic,Overturning,,6,0,0,0,1,0,15,2,0,3,482,0
688,Binacle,42,52,67,39,56,50,306,0.5,0.25,1.0,2.0,4.0,0.5,2.0,0.5,2.0,0.5,1.0,1.0,1.0,1.0,1.0,1.0,1.0,1.0,108,0.5,68.3,31.0,120,5.0,5120,120,Pickpocket; Sniper; Tough Claws,Rock,Water,Two-Handed,,6,0,0,0,0,5,9,4,0,3,306,0
689,Barbaracle,72,105,115,54,86,68,500,0.5,0.25,1.0,2.0,4.0,0.5,2.0,0.5,2.0,0.5,1.0,1.0,1.0,1.0,1.0,1.0,1.0,1.0,403,1.3,211.6,96.0,45,5.0,5120,45,Pickpocket; Sniper; Tough Claws,Rock,Water,Collective,,6,0,0,0,0,5,9,4,0,3,500,0
690,Skrelp,50,60,60,60,60,30,320,1.0,0.5,0.5,2.0,1.0,0.5,0.5,0.5,2.0,1.0,2.0,0.5,1.0,1.0,1.0,1.0,0.5,0.5,108,0.5,16.1,7.3,225,5.0,5120,225,Adaptability; Poison Point; Poison Touch,Poison,Water,Mock Kelp,,6,0,0,0,0,8,7,3,0,3,320,0
691,Dragalge,65,75,90,97,123,44,494,1.0,0.5,0.5,0.5,0.25,2.0,0.5,0.5,2.0,1.0,2.0,0.5,1.0,1.0,2.0,1.0,1.0,1.0,511,1.8,179.7,81.5,55,5.0,5120,55,Adaptability; Poison Point; Poison Touch,Poison,Dragon,Mock Kelp,,6,0,0,0,0,7,7,4,0,3,494,0
692,Clauncher,50,53,62,58,63,44,330,1.0,0.5,0.5,2.0,2.0,0.5,1.0,1.0,1.0,1.0,1.0,1.0,1.0,1.0,1.0,1.0,0.5,1.0,108,0.5,18.3,8.3,225,5.0,3840,225,Mega Launcher,Water,None,Water Gun,,6,0,0,0,0,4,12,2,0,1,330,0
693,Clawitzer,71,73,88,120,89,59,500,1.0,0.5,0.5,2.0,2.0,0.5,1.0,1.0,1.0,1.0,1.0,1.0,1.0,1.0,1.0,1.0,0.5,1.0,403,1.3,77.8,35.3,55,5.0,3840,55,Mega Launcher,Water,None,Howitzer,,6,0,0,0,0,4,12,2,0,1,500,0
694,Helioptile,44,38,33,61,43,70,289,1.0,1.0,1.0,0.5,1.0,1.0,2.0,1.0,2.0,0.5,1.0,1.0,1.0,0.0,1.0,1.0,0.5,1.0,108,0.5,13.2,6.0,190,5.0,5120,190,Dry Skin; Sand Veil; Solar Power,Electric,Normal,Generator,,6,0,0,0,1,3,12,2,0,3,289,0
695,Heliolisk,62,55,52,109,94,109,481,1.0,1.0,1.0,0.5,1.0,1.0,2.0,1.0,2.0,0.5,1.0,1.0,1.0,0.0,1.0,1.0,0.5,1.0,303,1.0,46.3,21.0,75,5.0,5120,75,Dry Skin; Sand Veil; Solar Power,Electric,Normal,Generator,,6,0,0,0,1,3,12,2,0,3,481,0
696,Tyrunt,58,89,77,45,45,48,362,0.5,0.25,1.0,0.5,1.0,2.0,2.0,0.5,2.0,0.5,1.0,1.0,1.0,1.0,2.0,1.0,2.0,2.0,207,0.8,57.3,26.0,45,88.1,7680,45,Strong Jaw; Sturdy,Rock,Dragon,Royal Heir,,6,0,0,0,0,5,7,6,0,2,362,0
697,Tyrantrum,82,121,119,69,59,71,521,0.5,0.25,1.0,0.5,1.0,2.0,2.0,0.5,2.0,0.5,1.0,1.0,1.0,1.0,2.0,1.0,2.0,2.0,802,2.5,595.2,270.0,45,88.1,7680,45,Rock Head; Strong Jaw,Rock,Dragon,Despot,,6,0,0,0,0,5,7,6,0,2,521,0
698,Amaura,77,59,50,67,63,46,362,0.5,1.0,2.0,1.0,2.0,0.5,4.0,0.5,2.0,0.5,1.0,1.0,2.0,1.0,1.0,1.0,4.0,1.0,403,1.3,55.6,25.2,45,88.1,7680,45,Refrigerate; Snow Warning,Rock,Ice,Tundra,,6,0,0,0,0,4,8,6,0,2,362,0
699,Aurorus,123,77,72,99,92,58,521,0.5,1.0,2.0,1.0,2.0,0.5,4.0,0.5,2.0,0.5,1.0,1.0,2.0,1.0,1.0,1.0,4.0,1.0,810,2.7,496.0,225.0,45,88.1,7680,45,Refrigerate; Snow Warning,Rock,Ice,Tundra,,6,0,0,0,0,4,8,6,0,2,521,0
700,Sylveon,95,65,65,110,130,60,525,1.0,1.0,1.0,1.0,1.0,1.0,0.5,2.0,1.0,1.0,1.0,0.5,1.0,1.0,0.0,0.5,2.0,1.0,303,1.0,51.8,23.5,45,88.1,8960,45,Available; Cute Charm; Pixilate,Fairy,None,Intertwining,,6,0,0,0,1,3,12,2,0,3,525,0
701,Hawlucha,78,92,75,74,63,118,500,1.0,1.0,1.0,2.0,0.5,2.0,0.5,1.0,0.0,2.0,2.0,0.25,1.0,1.0,1.0,0.5,1.0,2.0,207,0.8,47.4,21.5,100,5.0,5120,100,Limber; Mold Breaker; Unburden,Fighting,Flying,Wrestling,,6,0,0,0,1,4,8,5,0,3,500,0
702,Dedenne,67,58,57,81,67,101,431,1.0,1.0,1.0,0.5,1.0,1.0,0.5,2.0,2.0,0.5,1.0,0.5,1.0,1.0,0.0,0.5,1.0,1.0,8,0.2,4.9,2.2,180,5.0,5120,180,Cheek Pouch; Pickup; Plus,Electric,Fairy,Antenna,,6,0,0,0,1,5,10,2,0,3,431,0
703,Carbink,50,50,150,50,150,50,500,0.5,0.5,2.0,1.0,2.0,1.0,1.0,1.0,2.0,0.5,1.0,0.5,1.0,1.0,0.0,0.5,4.0,1.0,100,0.3,12.6,5.7,60,5.0,6400,60,Available; Clear Body; Sturdy,Rock,Fairy,Jewel,,6,0,0,0,1,5,8,4,0,3,500,0
704,Goomy,45,50,35,55,75,40,300,1.0,0.5,0.5,0.5,0.5,2.0,1.0,1.0,1.0,1.0,1.0,1.0,1.0,1.0,2.0,1.0,1.0,2.0,100,0.3,6.2,2.8,45,5.0,10240,45,Available; Gooey; Hydration; Sap Sipper,Dragon,None,Soft Tissue,,6,0,0,0,0,4,11,3,0,4,300,0
705,Sliggoo,68,75,53,83,113,60,452,1.0,0.5,0.5,0.5,0.5,2.0,1.0,1.0,1.0,1.0,1.0,1.0,1.0,1.0,2.0,1.0,1.0,2.0,207,0.8,38.6,17.5,45,5.0,10240,45,Available; Gooey; Hydration; Sap Sipper,Dragon,None,Soft Tissue,Hisuian Sliggoo,6,0,0,0,0,4,11,3,1,4,452,0
706,Goodra,90,100,70,110,150,80,600,1.0,0.5,0.5,0.5,0.5,2.0,1.0,1.0,1.0,1.0,1.0,1.0,1.0,1.0,2.0,1.0,1.0,2.0,607,2.0,331.8,150.5,45,5.0,10240,45,Available; Gooey; Hydration; Sap Sipper,Dragon,None,Dragon,Hisuian Goodra,6,0,0,0,0,4,11,3,1,4,600,0
707,Klefki,57,80,91,80,87,75,470,0.5,2.0,1.0,1.0,0.5,0.5,1.0,0.0,2.0,0.5,0.5,0.25,0.5,1.0,0.0,0.5,1.0,0.5,8,0.2,6.6,3.0,75,5.0,5120,75,Available; Magician; Prankster,Steel,Fairy,Key Ring,,6,0,0,0,2,9,5,2,0,3,470,0
708,Phantump,43,70,48,50,60,38,309,0.0,2.0,0.5,0.5,0.5,2.0,0.0,1.0,0.5,2.0,1.0,1.0,1.0,2.0,1.0,2.0,1.0,1.0,104,0.4,15.4,7.0,120,5.0,5120,120,Available; Frisk; Harvest; Natural Cure,Ghost,Grass,Stump,,6,0,0,0,2,4,7,5,0,4,309,0
709,Trevenant,85,110,76,65,82,56,474,0.0,2.0,0.5,0.5,0.5,2.0,0.0,1.0,0.5,2.0,1.0,1.0,1.0,2.0,1.0,2.0,1.0,1.0,411,1.5,156.5,71.0,60,5.0,5120,60,Available; Frisk; Harvest; Natural Cure,Ghost,Grass,Elder Tree,,6,0,0,0,2,4,7,5,0,4,474,0
710,Pumpkaboo,49,66,70,44,55,51,335,0.0,2.0,0.5,0.5,0.5,2.0,0.0,1.0,0.5,2.0,1.0,1.0,1.0,2.0,1.0,2.0,1.0,1.0,104,0.4,11.0,5.0,120,5.0,5120,120,Frisk; Insomnia; Pickup,Ghost,Grass,Pumpkin,Average Size; Small Size; Large Size; Super Size,6,0,0,0,2,4,7,5,1,3,335,0
711,Gourgeist,65,90,122,58,75,84,494,0.0,2.0,0.5,0.5,0.5,2.0,0.0,1.0,0.5,2.0,1.0,1.0,1.0,2.0,1.0,2.0,1.0,1.0,211,0.9,27.6,12.5,60,5.0,5120,60,Frisk; Insomnia; Pickup,Ghost,Grass,Pumpkin,Average Size; Small Size; Large Size; Super Size,6,0,0,0,2,4,7,5,1,3,494,0
712,Bergmite,55,69,85,32,35,28,304,1.0,2.0,1.0,1.0,1.0,0.5,2.0,1.0,1.0,1.0,1.0,1.0,2.0,1.0,1.0,1.0,2.0,1.0,303,1.0,219.4,99.5,190,5.0,5120,190,Ice Body; Own Tempo; Sturdy,Ice,None,Ice Chunk,,6,0,0,0,0,1,13,4,0,3,304,0
713,Avalugg,95,117,184,44,46,28,514,1.0,2.0,1.0,1.0,1.0,0.5,2.0,1.0,1.0,1.0,1.0,1.0,2.0,1.0,1.0,1.0,2.0,1.0,607,2.0,1113.3,505.0,55,5.0,5120,55,Ice Body; Own Tempo; Sturdy,Ice,None,Iceberg,Hisuian Avalugg,6,0,0,0,0,1,13,4,1,3,514,0
714,Noibat,40,30,35,45,40,55,245,1.0,0.5,0.5,1.0,0.25,4.0,0.5,1.0,0.0,1.0,1.0,0.5,2.0,1.0,2.0,1.0,1.0,2.0,108,0.5,17.6,8.0,190,5.0,5120,190,Frisk; Infiltrator; Telepathy,Flying,Dragon,Sound Wave,,6,0,0,0,1,5,8,4,0,3,245,0
715,Noivern,85,70,80,97,80,123,535,1.0,0.5,0.5,1.0,0.25,4.0,0.5,1.0,0.0,1.0,1.0,0.5,2.0,1.0,2.0,1.0,1.0,2.0,411,1.5,187.4,85.0,45,5.0,5120,45,Frisk; Infiltrator; Telepathy,Flying,Dragon,Sound Wave,,6,0,0,0,1,5,8,4,0,3,535,0
716,Xerneas,126,131,95,131,98,99,680,1.0,1.0,1.0,1.0,1.0,1.0,0.5,2.0,1.0,1.0,1.0,0.5,1.0,1.0,0.0,0.5,2.0,1.0,910,3.0,474.0,215.0,45,5.0,30720,45,Fairy Aura,Fairy,None,Life,,6,1,0,0,1,3,12,2,0,1,680,0
717,Yveltal,126,131,95,131,98,99,680,1.0,1.0,1.0,2.0,0.5,2.0,1.0,1.0,0.0,1.0,0.0,1.0,2.0,0.5,1.0,0.5,1.0,2.0,1900,5.8,447.5,203.0,45,5.0,30720,45,Dark Aura,Dark,Flying,Destruction,,6,1,0,0,2,3,9,4,0,1,680,0
718,Zygarde,108,100,121,81,95,95,600,1.0,0.5,1.0,0.0,1.0,4.0,1.0,0.5,1.0,1.0,1.0,1.0,0.5,1.0,2.0,1.0,1.0,2.0,47,1.2,73.9,33.5,3,5.0,30720,3,Aura Break; Other Ability; Power Construct,Dragon,Ground,Order,50% Forme; 10% Forme; Complete Forme,6,1,0,0,1,3,11,3,1,3,600,0
719,Diancie,50,100,150,100,150,50,600,0.5,0.5,2.0,1.0,2.0,1.0,1.0,1.0,2.0,0.5,1.0,0.5,1.0,1.0,0.0,0.5,4.0,1.0,204,0.7,19.4,8.8,3,5.0,6400,3,Clear Body,Rock,Fairy,Jewel,Mega Diancie,6,0,1,0,1,5,8,4,1,1,600,0
720,Hoopa,80,110,60,150,130,70,600,0.0,1.0,1.0,1.0,1.0,1.0,0.0,0.5,1.0,1.0,0.5,1.0,1.0,4.0,1.0,4.0,1.0,1.0,20,0.5,19.8,9.0,3,5.0,5120,3,Magician,Psychic,Ghost,Not Found,Hoopa Confined; Hoopa Unbound,6,0,1,0,2,2,12,2,1,1,600,0
721,Volcanion,80,110,120,130,90,70,600,1.0,0.25,1.0,2.0,1.0,0.25,1.0,1.0,2.0,1.0,1.0,0.5,2.0,1.0,1.0,1.0,0.25,0.5,507,1.7,429.9,195.0,3,5.0,30720,3,Water Absorb,Fire,Water,Steam,,6,0,1,0,0,5,10,3,0,1,600,0
722,Rowlet,68,55,55,50,50,42,320,1.0,2.0,0.5,1.0,0.25,4.0,0.5,2.0,0.0,2.0,1.0,1.0,2.0,1.0,1.0,1.0,1.0,1.0,100,0.3,3.3,1.5,45,88.1,3840,45,Available; Long Reach; Overgrow,Grass,Flying,Grass Quill,,7,0,0,0,1,3,9,5,0,3,320,0
723,Dartrix,78,75,75,70,70,52,420,1.0,2.0,0.5,1.0,0.25,4.0,0.5,2.0,0.0,2.0,1.0,1.0,2.0,1.0,1.0,1.0,1.0,1.0,204,0.7,35.3,16.0,45,88.1,3840,45,Available; Long Reach; Overgrow,Grass,Flying,Blade Quill,,7,0,0,0,1,3,9,5,0,3,420,0
724,Decidueye,78,107,75,100,100,70,530,0.0,2.0,0.5,0.5,0.5,2.0,0.0,1.0,0.5,2.0,1.0,1.0,1.0,2.0,1.0,2.0,1.0,1.0,503,1.6,80.7,36.6,45,88.1,3840,45,Available; Long Reach; Overgrow,Grass,Ghost,Arrow Quill,Hisuian Decidueye,7,0,0,0,2,4,7,5,1,3,530,0
725,Litten,45,65,40,60,40,70,320,1.0,0.5,2.0,1.0,0.5,0.5,1.0,1.0,2.0,1.0,1.0,0.5,2.0,1.0,1.0,1.0,0.5,0.5,104,0.4,9.5,4.3,45,88.1,3840,45,Available; Blaze; Intimidate,Fire,None,Fire Cat,,7,0,0,0,0,6,9,3,0,3,320,0
726,Torracat,65,85,50,80,50,90,420,1.0,0.5,2.0,1.0,0.5,0.5,1.0,1.0,2.0,1.0,1.0,0.5,2.0,1.0,1.0,1.0,0.5,0.5,204,0.7,55.1,25.0,45,88.1,3840,45,Available; Blaze; Intimidate,Fire,None,Fire Cat,,7,0,0,0,0,6,9,3,0,3,420,0
727,Incineroar,95,115,90,80,90,60,530,1.0,0.5,2.0,1.0,0.5,0.5,2.0,1.0,2.0,1.0,0.0,1.0,2.0,0.5,1.0,0.5,0.5,1.0,511,1.8,183.0,83.0,45,88.1,3840,45,Available; Blaze; Intimidate,Fire,Dark,Heel,,7,0,0,0,1,6,7,4,0,3,530,0
728,Popplio,50,54,54,66,56,40,320,1.0,0.5,0.5,2.0,2.0,0.5,1.0,1.0,1.0,1.0,1.0,1.0,1.0,1.0,1.0,1.0,0.5,1.0,104,0.4,16.5,7.5,45,88.1,3840,45,Available; Liquid Voice; Torrent,Water,None,Sea Lion,,7,0,0,0,0,4,12,2,0,3,320,0
729,Brionne,60,69,69,91,81,50,420,1.0,0.5,0.5,2.0,2.0,0.5,1.0,1.0,1.0,1.0,1.0,1.0,1.0,1.0,1.0,1.0,0.5,1.0,200,0.6,38.6,17.5,45,88.1,3840,45,Available; Liquid Voice; Torrent,Water,None,Pop Star,,7,0,0,0,0,4,12,2,0,3,420,0
730,Primarina,80,74,74,126,116,60,530,1.0,0.5,0.5,2.0,2.0,0.5,0.5,2.0,1.0,1.0,1.0,0.5,1.0,1.0,0.0,0.5,1.0,1.0,511,1.8,97.0,44.0,45,88.1,3840,45,Available; Liquid Voice; Torrent,Water,Fairy,Soloist,,7,0,0,0,1,6,8,3,0,3,530,0
731,Pikipek,35,75,30,30,30,65,265,1.0,1.0,1.0,2.0,0.5,2.0,1.0,1.0,0.0,1.0,1.0,0.5,2.0,0.0,1.0,1.0,1.0,1.0,100,0.3,2.6,1.2,255,5.0,3840,255,Available; Keen Eye; Pickup; Skill Link,Normal,Flying,Woodpecker,,7,0,0,0,2,2,11,3,0,4,265,0
732,Trumbeak,55,85,50,40,50,75,355,1.0,1.0,1.0,2.0,0.5,2.0,1.0,1.0,0.0,1.0,1.0,0.5,2.0,0.0,1.0,1.0,1.0,1.0,200,0.6,32.6,14.8,120,5.0,3840,120,Available; Keen Eye; Pickup; Skill Link,Normal,Flying,Bugle Beak,,7,0,0,0,2,2,11,3,0,4,355,0
733,Toucannon,80,120,75,75,75,60,485,1.0,1.0,1.0,2.0,0.5,2.0,1.0,1.0,0.0,1.0,1.0,0.5,2.0,0.0,1.0,1.0,1.0,1.0,307,1.1,57.3,26.0,45,5.0,3840,45,Available; Keen Eye; Sheer Force; Skill Link,Normal,Flying,Cannon,,7,0,0,0,2,2,11,3,0,4,485,0
734,Yungoos,48,70,30,30,30,45,253,1.0,1.0,1.0,1.0,1.0,1.0,2.0,1.0,1.0,1.0,1.0,1.0,1.0,0.0,1.0,1.0,1.0,1.0,104,0.4,13.2,6.0,255,5.0,3840,255,Adaptability; Available; Stakeout; Strong Jaw,Normal,None,Loitering,,7,0,0,0,1,0,16,1,0,4,253,0
735,Gumshoos,88,110,60,55,60,45,418,1.0,1.0,1.0,1.0,1.0,1.0,2.0,1.0,1.0,1.0,1.0,1.0,1.0,0.0,1.0,1.0,1.0,1.0,204,0.7,31.3,14.2,127,5.0,3840,127,Adaptability; Available; Stakeout; Strong Jaw,Normal,None,Stakeout,,7,0,0,0,1,0,16,1,0,4,418,0
736,Grubbin,47,62,45,55,45,46,300,1.0,2.0,1.0,1.0,0.5,1.0,0.5,1.0,0.5,2.0,1.0,1.0,2.0,1.0,1.0,1.0,1.0,1.0,104,0.4,9.7,4.4,255,5.0,3840,255,Swarm,Bug,None,Larva,,7,0,0,0,0,3,12,3,0,1,300,0
737,Charjabug,57,82,95,55,75,36,400,1.0,2.0,1.0,0.5,0.5,1.0,0.5,1.0,1.0,1.0,1.0,1.0,2.0,1.0,1.0,1.0,0.5,1.0,108,0.5,23.1,10.5,120,5.0,3840,120,Battery,Bug,Electric,Battery,,7,0,0,0,0,4,12,2,0,1,400,0
738,Vikavolt,77,70,90,145,75,43,500,1.0,2.0,1.0,0.5,0.5,1.0,0.5,1.0,1.0,1.0,1.0,1.0,2.0,1.0,1.0,1.0,0.5,1.0,411,1.5,99.2,45.0,45,5.0,3840,45,Levitate,Bug,Electric,Stag Beetle,,7,0,0,0,0,4,12,2,0,1,500,0
739,Crabrawler,47,82,57,42,47,63,338,1.0,1.0,1.0,1.0,1.0,1.0,1.0,1.0,1.0,2.0,2.0,0.5,0.5,1.0,1.0,0.5,1.0,2.0,200,0.6,15.4,7.0,225,5.0,5120,225,Anger Point; Available; Hyper Cutter; Iron Fist,Fighting,None,Boxing,,7,0,0,0,0,3,12,3,0,4,338,0
740,Crabominable,97,132,77,62,67,43,478,1.0,2.0,1.0,1.0,1.0,0.5,2.0,1.0,1.0,2.0,2.0,0.5,1.0,1.0,1.0,0.5,2.0,2.0,507,1.7,396.8,180.0,60,5.0,5120,60,Anger Point; Available; Hyper Cutter; Iron Fist,Fighting,Ice,Woolly Crab,,7,0,0,0,0,3,9,6,0,4,478,0
741,Oricorio,75,70,70,98,70,93,476,1.0,0.5,2.0,2.0,0.25,1.0,0.5,1.0,0.0,1.0,1.0,0.25,4.0,1.0,1.0,1.0,0.5,0.5,200,0.6,7.5,3.4,45,24.6,5120,45,Dancer,Fire,Flying,Dancing,Baile Style; Pom-Pom Style; Pa'u Style; Sensu Style,7,0,0,0,1,6,8,3,1,1,476,0
742,Cutiefly,40,45,40,55,40,84,304,1.0,2.0,1.0,1.0,0.5,1.0,0.25,2.0,0.5,2.0,1.0,0.5,2.0,1.0,0.0,0.5,2.0,1.0,4,0.1,0.4,0.2,190,5.0,5120,190,Available; Honey Gather; Shield Dust; Sweet Veil,Bug,Fairy,Bee Fly,,7,0,0,0,1,5,7,5,0,4,304,0
743,Ribombee,60,55,60,95,70,124,464,1.0,2.0,1.0,1.0,0.5,1.0,0.25,2.0,0.5,2.0,1.0,0.5,2.0,1.0,0.0,0.5,2.0,1.0,8,0.2,1.1,0.5,75,5.0,5120,75,Available; Honey Gather; Shield Dust; Sweet Veil,Bug,Fairy,Bee Fly,,7,0,0,0,1,5,7,5,0,4,464,0
744,Rockruff,45,65,40,30,40,60,280,0.5,0.5,2.0,1.0,2.0,1.0,2.0,0.5,2.0,0.5,1.0,1.0,1.0,1.0,1.0,1.0,2.0,1.0,108,0.5,20.3,9.2,190,5.0,3840,190,Alternate Rockruff Only; Keen Eye; Own Tempo; Special Ability; Steadfast; Vital Spirit,Rock,None,Puppy,Own Tempo Rockruff,7,0,0,0,0,4,9,5,1,6,280,0
745,Lycanroc,75,115,65,55,65,112,487,0.5,0.5,2.0,1.0,2.0,1.0,2.0,0.5,2.0,0.5,1.0,1.0,1.0,1.0,1.0,1.0,2.0,1.0,31,0.8,55.1,25.0,90,5.0,3840,90,Available; Dusk Form; Dusk Form Abilities; Hidden; Keen Eye; Midnight Form Abilities; No Guard; Sand Rush; Steadfast; Tough Claws; Vital Spirit,Rock,None,Wolf,Midday Form; Midnight Form; Dusk Form,7,0,0,0,0,4,9,5,1,11,487,0
746,Wishiwashi,45,20,20,25,25,40,175,1.0,0.5,0.5,2.0,2.0,0.5,1.0,1.0,1.0,1.0,1.0,1.0,1.0,1.0,1.0,1.0,0.5,1.0,8,0.2,0.7,0.3,60,5.0,3840,60,Schooling,Water,None,Small Fry,Solo Form; School Form,7,0,0,0,0,4,12,2,1,1,175,0
747,Mareanie,50,53,62,43,52,45,305,1.0,0.5,0.5,2.0,1.0,0.5,0.5,0.5,2.0,1.0,2.0,0.5,1.0,1.0,1.0,1.0,0.5,0.5,104,0.4,17.6,8.0,190,5.0,5120,190,Available; Limber; Merciless; Regenerator,Poison,Water,Brutal Star,,7,0,0,0,0,8,7,3,0,4,305,0
748,Toxapex,50,63,152,53,142,35,495,1.0,0.5,0.5,2.0,1.0,0.5,0.5,0.5,2.0,1.0,2.0,0.5,1.0,1.0,1.0,1.0,0.5,0.5,204,0.7,32.0,14.5,75,5.0,5120,75,Available; Limber; Merciless; Regenerator,Poison,Water,Brutal Star,,7,0,0,0,0,8,7,3,0,4,495,0
749,Mudbray,70,100,70,45,55,45,385,1.0,1.0,2.0,0.0,2.0,2.0,1.0,0.5,1.0,1.0,1.0,1.0,0.5,1.0,1.0,1.0,1.0,1.0,303,1.0,242.5,110.0,190,5.0,5120,190,Available; Inner Focus; Own Tempo; Stamina,Ground,None,Donkey,,7,0,0,0,1,2,12,3,0,4,385,0
750,Mudsdale,100,125,100,55,85,35,500,1.0,1.0,2.0,0.0,2.0,2.0,1.0,0.5,1.0,1.0,1.0,1.0,0.5,1.0,1.0,1.0,1.0,1.0,802,2.5,2028.2,920.0,60,5.0,5120,60,Available; Inner Focus; Own Tempo; Stamina,Ground,None,Draft Horse,,7,0,0,0,1,2,12,3,0,4,500,0
751,Dewpider,38,40,52,40,72,27,269,1.0,1.0,0.5,2.0,1.0,0.5,0.5,1.0,0.5,2.0,1.0,1.0,2.0,1.0,1.0,1.0,0.5,1.0,100,0.3,8.8,4.0,200,5.0,3840,200,Available; Water Absorb; Water Bubble,Water,Bug,Water Bubble,,7,0,0,0,0,5,10,3,0,3,269,0
752,Araquanid,68,70,92,50,132,42,454,1.0,1.0,0.5,2.0,1.0,0.5,0.5,1.0,0.5,2.0,1.0,1.0,2.0,1.0,1.0,1.0,0.5,1.0,511,1.8,180.8,82.0,100,5.0,3840,100,Available; Water Absorb; Water Bubble,Water,Bug,Water Bubble,,7,0,0,0,0,5,10,3,0,3,454,0
753,Fomantis,40,55,35,50,35,35,250,1.0,2.0,0.5,0.5,0.5,2.0,1.0,2.0,0.5,2.0,1.0,2.0,1.0,1.0,1.0,1.0,1.0,1.0,100,0.3,3.3,1.5,190,5.0,5120,190,Available; Contrary; Leaf Guard,Grass,None,Sickle Grass,,7,0,0,0,0,4,9,5,0,3,250,0
754,Lurantis,70,105,90,80,90,45,480,1.0,2.0,0.5,0.5,0.5,2.0,1.0,2.0,0.5,2.0,1.0,2.0,1.0,1.0,1.0,1.0,1.0,1.0,211,0.9,40.8,18.5,75,5.0,5120,75,Available; Contrary; Leaf Guard,Grass,None,Bloom Sickle,,7,0,0,0,0,4,9,5,0,3,480,0
755,Morelull,40,35,55,65,75,15,285,1.0,2.0,0.5,0.5,0.5,2.0,0.5,4.0,0.5,2.0,1.0,1.0,1.0,1.0,0.0,0.5,2.0,1.0,8,0.2,3.3,1.5,190,5.0,5120,190,Available; Effect Spore; Illuminate; Rain Dish,Grass,Fairy,Illuminating,,7,0,0,0,1,6,6,5,0,4,285,0
756,Shiinotic,60,45,80,90,100,30,405,1.0,2.0,0.5,0.5,0.5,2.0,0.5,4.0,0.5,2.0,1.0,1.0,1.0,1.0,0.0,0.5,2.0,1.0,303,1.0,25.4,11.5,75,5.0,5120,75,Available; Effect Spore; Illuminate; Rain Dish,Grass,Fairy,Illuminating,,7,0,0,0,1,6,6,5,0,4,405,0
757,Salandit,48,44,40,71,40,77,320,1.0,0.5,2.0,1.0,0.25,0.5,0.5,0.5,4.0,1.0,2.0,0.25,2.0,1.0,1.0,1.0,0.5,0.25,200,0.6,10.6,4.8,120,88.1,5120,120,Available; Corrosion; Oblivious,Poison,Fire,Toxic Lizard,,7,0,0,0,0,8,6,4,0,3,320,0
758,Salazzle,68,64,60,111,60,117,480,1.0,0.5,2.0,1.0,0.25,0.5,0.5,0.5,4.0,1.0,2.0,0.25,2.0,1.0,1.0,1.0,0.5,0.25,311,1.2,48.9,22.2,45,0.0,5120,45,Available; Corrosion; Oblivious,Poison,Fire,Toxic Lizard,,7,0,0,0,0,8,6,4,0,3,480,0
759,Stufful,70,75,50,45,50,50,340,1.0,1.0,1.0,1.0,1.0,1.0,2.0,1.0,1.0,2.0,2.0,0.5,0.5,0.0,1.0,0.5,1.0,2.0,108,0.5,15.0,6.8,140,5.0,3840,140,Available; Cute Charm; Fluffy; Klutz,Normal,Fighting,Flailing,,7,0,0,0,1,3,10,4,0,4,340,0
760,Bewear,120,125,80,55,60,60,500,1.0,1.0,1.0,1.0,1.0,1.0,2.0,1.0,1.0,2.0,2.0,0.5,0.5,0.0,1.0,0.5,1.0,2.0,611,2.1,297.6,135.0,70,5.0,3840,70,Available; Fluffy; Klutz; Unnerve,Normal,Fighting,Strong Arm,,7,0,0,0,1,3,10,4,0,4,500,0
761,Bounsweet,42,30,38,30,38,32,210,1.0,2.0,0.5,0.5,0.5,2.0,1.0,2.0,0.5,2.0,1.0,2.0,1.0,1.0,1.0,1.0,1.0,1.0,100,0.3,7.1,3.2,235,0.0,5120,235,Available; Leaf Guard; Oblivious; Sweet Veil,Grass,None,Fruit,,7,0,0,0,0,4,9,5,0,4,210,0
762,Steenee,52,40,48,40,48,62,290,1.0,2.0,0.5,0.5,0.5,2.0,1.0,2.0,0.5,2.0,1.0,2.0,1.0,1.0,1.0,1.0,1.0,1.0,204,0.7,18.1,8.2,120,0.0,5120,120,Available; Leaf Guard; Oblivious; Sweet Veil,Grass,None,Fruit,,7,0,0,0,0,4,9,5,0,4,290,0
763,Tsareena,72,120,98,50,98,72,510,1.0,2.0,0.5,0.5,0.5,2.0,1.0,2.0,0.5,2.0,1.0,2.0,1.0,1.0,1.0,1.0,1.0,1.0,311,1.2,47.2,21.4,45,0.0,5120,45,Available; Leaf Guard; Queenly Majesty; Sweet Veil,Grass,None,Fruit,,7,0,0,0,0,4,9,5,0,4,510,0
764,Comfey,51,52,90,82,110,100,485,1.0,1.0,1.0,1.0,1.0,1.0,0.5,2.0,1.0,1.0,1.0,0.5,1.0,1.0,0.0,0.5,2.0,1.0,4,0.1,0.7,0.3,60,24.6,5120,60,Available; Flower Veil; Natural Cure; Triage,Fairy,None,Posy Picker,,7,0,0,0,1,3,12,2,0,4,485,0
765,Oranguru,90,60,80,90,110,60,490,1.0,1.0,1.0,1.0,1.0,1.0,1.0,1.0,1.0,1.0,0.5,2.0,1.0,0.0,1.0,2.0,1.0,1.0,411,1.5,167.5,76.0,45,5.0,5120,45,Available; Inner Focus; Symbiosis; Telepathy,Normal,Psychic,Sage,,7,0,0,0,1,1,14,2,0,4,490,0
766,Passimian,100,120,90,40,60,80,490,1.0,1.0,1.0,1.0,1.0,1.0,1.0,1.0,1.0,2.0,2.0,0.5,0.5,1.0,1.0,0.5,1.0,2.0,607,2.0,182.5,82.8,45,5.0,5120,45,Available; Defiant; Receiver,Fighting,None,Teamwork,,7,0,0,0,0,3,12,3,0,3,490,0
767,Wimpod,25,35,40,20,30,80,230,1.0,1.0,0.5,2.0,1.0,0.5,0.5,1.0,0.5,2.0,1.0,1.0,2.0,1.0,1.0,1.0,0.5,1.0,108,0.5,26.5,12.0,90,5.0,5120,90,Wimp Out,Bug,Water,Turn Tail,,7,0,0,0,0,5,10,3,0,1,230,0
768,Golisopod,75,125,140,60,90,40,530,1.0,1.0,0.5,2.0,1.0,0.5,0.5,1.0,0.5,2.0,1.0,1.0,2.0,1.0,1.0,1.0,0.5,1.0,607,2.0,238.1,108.0,45,5.0,5120,45,Emergency Exit,Bug,Water,Hard Scale,,7,0,0,0,0,5,10,3,0,1,530,0
769,Sandygast,55,55,80,70,45,15,320,0.0,1.0,2.0,0.0,2.0,2.0,0.0,0.25,1.0,1.0,1.0,0.5,0.5,2.0,1.0,2.0,1.0,1.0,108,0.5,154.3,70.0,140,5.0,3840,140,Available; Sand Veil; Water Compaction,Ghost,Ground,Sand Heap,,7,0,0,0,3,3,7,5,0,3,320,0
770,Palossand,85,75,110,100,75,35,480,0.0,1.0,2.0,0.0,2.0,2.0,0.0,0.25,1.0,1.0,1.0,0.5,0.5,2.0,1.0,2.0,1.0,1.0,403,1.3,551.1,250.0,60,5.0,3840,60,Available; Sand Veil; Water Compaction,Ghost,Ground,Sand Castle,,7,0,0,0,3,3,7,5,0,3,480,0
771,Pyukumuku,55,60,130,30,130,5,410,1.0,0.5,0.5,2.0,2.0,0.5,1.0,1.0,1.0,1.0,1.0,1.0,1.0,1.0,1.0,1.0,0.5,1.0,100,0.3,2.6,1.2,60,5.0,3840,60,Available; Innards Out; Unaware,Water,None,Sea Cucumber,,7,0,0,0,0,4,12,2,0,3,410,0
772,Type-null,95,95,95,95,95,59,534,1.0,1.0,1.0,1.0,1.0,1.0,2.0,1.0,1.0,1.0,1.0,1.0,1.0,0.0,1.0,1.0,1.0,1.0,603,1.9,265.7,120.5,3,5.0,30720,3,Battle Armor,Normal,None,Synthetic,,7,0,0,0,1,0,16,1,0,1,534,0
773,Silvally,95,95,95,95,95,95,570,1.0,1.0,1.0,1.0,1.0,1.0,2.0,1.0,1.0,1.0,1.0,1.0,1.0,0.0,1.0,1.0,1.0,1.0,707,2.3,221.6,100.5,3,5.0,30720,3,RKS System,Normal,None,Synthetic,,7,1,0,0,1,0,16,1,0,1,570,0
774,Minior,60,60,100,60,100,60,440,0.5,0.5,2.0,2.0,1.0,2.0,1.0,0.5,0.0,0.5,1.0,0.5,2.0,1.0,1.0,1.0,2.0,1.0,100,0.3,88.2,40.0,30,5.0,3200,30,Shields Down,Rock,Flying,Meteor,Meteor Form; Core Form,7,0,0,0,1,5,7,5,1,1,440,0
775,Komala,65,115,65,75,95,65,480,1.0,1.0,1.0,1.0,1.0,1.0,2.0,1.0,1.0,1.0,1.0,1.0,1.0,0.0,1.0,1.0,1.0,1.0,104,0.4,43.9,19.9,45,5.0,5120,45,Bad Dreams; Comatose; Dream Eater; Hex; Nightmare; Sleep Talk; Snore,Normal,None,Drowsing,,7,0,0,0,1,0,16,1,0,7,480,0
776,Turtonator,60,78,135,91,85,36,485,1.0,0.25,1.0,0.5,0.25,1.0,1.0,1.0,2.0,1.0,1.0,0.5,2.0,1.0,2.0,1.0,0.5,1.0,607,2.0,467.4,212.0,70,5.0,5120,70,Shell Armor,Fire,Dragon,Blast Turtle,,7,0,0,0,0,5,10,3,0,1,485,0
777,Togedemaru,65,98,63,40,73,96,435,0.5,2.0,1.0,0.5,0.5,0.5,2.0,0.0,4.0,0.25,0.5,0.5,0.5,1.0,0.5,1.0,0.25,0.5,100,0.3,7.3,3.3,180,5.0,2560,180,Available; Iron Barbs; Lightning Rod; Sturdy,Electric,Steel,Roly-Poly,,7,0,0,0,1,11,3,3,0,4,435,0
778,Mimikyu,55,90,80,50,105,96,476,0.0,1.0,1.0,1.0,1.0,1.0,0.0,1.0,1.0,1.0,1.0,0.25,1.0,2.0,0.0,1.0,2.0,1.0,8,0.2,1.5,0.7,45,5.0,5120,45,Disguise,Ghost,Fairy,Disguise,,7,0,0,0,3,1,12,2,0,1,476,0
779,Bruxish,68,105,70,70,70,92,475,1.0,0.5,0.5,2.0,2.0,0.5,0.5,1.0,1.0,1.0,0.5,2.0,1.0,2.0,1.0,2.0,0.5,1.0,211,0.9,41.9,19.0,80,5.0,3840,80,Available; Dazzling; Strong Jaw; Wonder Skin,Water,Psychic,Gnash Teeth,,7,0,0,0,0,6,7,5,0,4,475,0
780,Drampa,78,60,85,135,91,36,485,1.0,0.5,0.5,0.5,0.5,2.0,2.0,1.0,1.0,1.0,1.0,1.0,1.0,0.0,2.0,1.0,1.0,2.0,910,3.0,407.8,185.0,70,5.0,5120,70,Available; Berserk; Cloud Nine; Sap Sipper,Normal,Dragon,Placid,,7,0,0,0,1,4,9,4,0,4,485,0
781,Dhelmise,70,131,100,86,90,40,517,0.0,2.0,0.5,0.5,0.5,2.0,0.0,1.0,0.5,2.0,1.0,1.0,1.0,2.0,1.0,2.0,1.0,1.0,1210,3.9,463.0,210.0,25,5.0,6400,25,Steelworker,Ghost,Grass,Sea Creeper,,7,0,0,0,2,4,7,5,0,1,517,0
782,Jangmo-o,45,55,65,45,45,45,300,1.0,0.5,0.5,0.5,0.5,2.0,1.0,1.0,1.0,1.0,1.0,1.0,1.0,1.0,2.0,1.0,1.0,2.0,200,0.6,65.5,29.7,45,5.0,10240,45,Available; Bulletproof; Overcoat; Soundproof,Dragon,None,Scaly,,7,0,0,0,0,4,11,3,0,4,300,0
783,Hakamo-o,55,75,90,65,70,65,420,1.0,0.5,0.5,0.5,0.5,2.0,1.0,1.0,1.0,2.0,2.0,0.5,0.5,1.0,2.0,0.5,1.0,4.0,311,1.2,103.6,47.0,45,5.0,10240,45,Available; Bulletproof; Overcoat; Soundproof,Dragon,Fighting,Scaly,,7,0,0,0,0,7,6,5,0,4,420,0
784,Kommo-o,75,110,125,100,105,85,600,1.0,0.5,0.5,0.5,0.5,2.0,1.0,1.0,1.0,2.0,2.0,0.5,0.5,1.0,2.0,0.5,1.0,4.0,503,1.6,172.4,78.2,45,5.0,10240,45,Available; Bulletproof; Overcoat; Soundproof,Dragon,Fighting,Scaly,,7,0,0,0,0,7,6,5,0,4,600,0
785,Tapu-koko,70,115,85,95,75,130,570,1.0,1.0,1.0,0.5,1.0,1.0,0.5,2.0,2.0,0.5,1.0,0.5,1.0,1.0,0.0,0.5,1.0,1.0,511,1.8,45.2,20.5,3,5.0,3840,3,Activates; Electric Surge; Electric Terrain; Not Available; Telepathy,Electric,Fairy,Land Spirit,,7,0,0,0,1,5,10,2,0,5,570,0
786,Tapu-lele,70,85,75,130,115,95,570,1.0,1.0,1.0,1.0,1.0,1.0,0.25,2.0,1.0,1.0,0.5,1.0,1.0,2.0,0.0,1.0,2.0,1.0,311,1.2,41.0,18.6,3,5.0,3840,3,Activates; Not Available; Psychic Surge; Psychic Terrain; Telepathy,Psychic,Fairy,Land Spirit,,7,0,0,0,1,2,12,3,0,5,570,0
787,Tapu-bulu,70,130,115,85,95,75,570,1.0,2.0,0.5,0.5,0.5,2.0,0.5,4.0,0.5,2.0,1.0,1.0,1.0,1.0,0.0,0.5,2.0,1.0,603,1.9,100.3,45.5,3,5.0,3840,3,Activates; Grassy Surge; Grassy Terrain; Not Available; Telepathy,Grass,Fairy,Land Spirit,,7,0,0,0,1,6,6,5,0,5,570,0
788,Tapu-fini,70,75,115,95,130,85,570,1.0,0.5,0.5,2.0,2.0,0.5,0.5,2.0,1.0,1.0,1.0,0.5,1.0,1.0,0.0,0.5,1.0,1.0,403,1.3,46.7,21.2,3,5.0,3840,3,Activates; Misty Surge; Misty Terrain; Not Available; Telepathy,Water,Fairy,Land Spirit,,7,0,0,0,1,6,8,3,0,5,570,0
789,Cosmog,43,29,31,29,31,37,200,1.0,1.0,1.0,1.0,1.0,1.0,0.5,1.0,1.0,1.0,0.5,2.0,1.0,2.0,1.0,2.0,1.0,1.0,8,0.2,0.2,0.1,45,5.0,30720,45,Unaware,Psychic,None,Nebula,,7,1,0,0,0,2,13,3,0,1,200,0
790,Cosmoem,43,29,131,29,131,37,400,1.0,1.0,1.0,1.0,1.0,1.0,0.5,1.0,1.0,1.0,0.5,2.0,1.0,2.0,1.0,2.0,1.0,1.0,4,0.1,2204.4,999.9,45,5.0,30720,45,Sturdy,Psychic,None,Protostar,,7,1,0,0,0,2,13,3,0,1,400,0
791,Solgaleo,137,137,107,113,89,97,680,0.5,2.0,1.0,1.0,0.5,0.5,1.0,0.0,2.0,0.5,0.25,1.0,0.5,2.0,0.5,2.0,0.5,0.5,1102,3.4,507.1,230.0,45,5.0,30720,45,Full Metal Body,Psychic,Steel,Sunne,,7,1,0,0,1,9,4,4,0,1,680,0
792,Lunala,137,113,89,137,107,97,680,0.0,1.0,1.0,1.0,1.0,1.0,0.0,0.5,1.0,1.0,0.5,1.0,1.0,4.0,1.0,4.0,1.0,1.0,1301,4.0,264.6,120.0,45,5.0,30720,45,Shadow Shield,Psychic,Ghost,Moone,,7,1,0,0,2,2,12,2,0,1,680,0
793,Nihilego,109,53,47,127,131,103,570,0.5,0.5,2.0,1.0,1.0,1.0,1.0,0.25,4.0,0.5,2.0,0.5,1.0,1.0,1.0,1.0,2.0,0.5,311,1.2,122.4,55.5,45,5.0,30720,45,Beast Boost,Rock,Poison,Parasite,,7,0,0,1,0,6,8,4,0,1,570,0
794,Buzzwole,107,139,139,53,53,79,570,1.0,2.0,1.0,1.0,0.5,1.0,0.5,1.0,0.5,4.0,2.0,0.5,1.0,1.0,1.0,0.5,1.0,2.0,710,2.4,735.5,333.6,25,5.0,30720,45,Beast Boost,Bug,Fighting,Swollen,,7,0,0,1,0,5,9,4,0,1,570,0
795,Pheromosa,71,137,37,137,37,151,570,1.0,2.0,1.0,1.0,0.5,1.0,0.5,1.0,0.5,4.0,2.0,0.5,1.0,1.0,1.0,0.5,1.0,2.0,511,1.8,55.1,25.0,255,5.0,30720,45,Beast Boost,Bug,Fighting,Lissome,,7,0,0,1,0,5,9,4,0,1,570,0
796,Xurkitree,83,89,71,173,71,83,570,1.0,1.0,1.0,0.5,1.0,1.0,1.0,1.0,2.0,0.5,1.0,1.0,1.0,1.0,1.0,1.0,0.5,1.0,1206,3.8,220.5,100.0,30,5.0,30720,45,Beast Boost,Electric,None,Glowing,,7,0,0,1,0,3,14,1,0,1,570,0
797,Celesteela,97,101,103,107,101,61,570,0.5,2.0,1.0,2.0,0.25,1.0,1.0,0.0,0.0,0.5,0.5,0.25,1.0,1.0,0.5,1.0,0.5,0.5,3002,9.2,2204.4,999.9,45,5.0,30720,25,Beast Boost,Steel,Flying,Launch,,7,0,0,1,2,8,6,2,0,1,570,0
798,Kartana,59,181,131,59,31,109,570,0.5,4.0,0.5,0.5,0.25,1.0,2.0,0.0,1.0,1.0,0.5,1.0,0.5,1.0,0.5,1.0,0.5,0.5,100,0.3,0.2,0.1,255,5.0,30720,45,Beast Boost,Grass,Steel,Drawn Sword,,7,0,0,1,1,9,6,2,0,1,570,0
799,Guzzlord,223,101,53,97,53,43,570,1.0,0.5,0.5,0.5,0.5,2.0,2.0,1.0,1.0,1.0,0.0,2.0,1.0,0.5,2.0,0.5,1.0,4.0,1801,5.5,1957.7,888.0,15,5.0,30720,45,Beast Boost,Dark,Dragon,Junkivore,,7,0,0,1,1,6,6,5,0,1,570,0
800,Necrozma,97,107,101,127,89,79,600,1.0,1.0,1.0,1.0,1.0,1.0,0.5,1.0,1.0,1.0,0.5,2.0,1.0,2.0,1.0,2.0,1.0,1.0,94,2.4,507.1,230.0,3,5.0,30720,255,Prism Armor,Psychic,None,Necrozma is Genderless,Dusk Mane Necrozma; Dawn Wings Necrozma; Ultra Necrozma,7,1,0,0,0,2,13,3,1,1,600,0
801,Magearna,80,95,115,130,115,65,600,0.5,2.0,1.0,1.0,0.5,0.5,1.0,0.0,2.0,0.5,0.5,0.25,0.5,1.0,0.0,0.5,1.0,0.5,303,1.0,177.5,80.5,3,5.0,30720,3,Soul Heart,Steel,Fairy,Artificial,,7,0,1,0,2,9,5,2,0,1,600,0
802,Marshadow,90,125,80,90,90,125,600,0.0,1.0,1.0,1.0,1.0,1.0,0.0,0.5,1.0,2.0,2.0,0.25,0.5,2.0,1.0,1.0,1.0,2.0,204,0.7,48.9,22.2,3,5.0,30720,3,Technician,Fighting,Ghost,Gloomdweller,,7,0,1,0,2,3,9,4,0,1,600,0
803,Poipole,67,73,67,73,67,73,420,1.0,1.0,1.0,1.0,0.5,1.0,0.5,0.5,2.0,1.0,2.0,0.5,1.0,1.0,1.0,1.0,1.0,0.5,200,0.6,4.0,1.8,3,5.0,30720,45,Beast Boost,Poison,None,Poison Pin,,7,0,0,1,0,5,11,2,0,1,420,0
804,Naganadel,73,73,73,127,73,121,540,1.0,0.5,0.5,0.5,0.25,2.0,0.5,0.5,2.0,1.0,2.0,0.5,1.0,1.0,2.0,1.0,1.0,1.0,1110,3.6,330.7,150.0,45,5.0,30720,3,Beast Boost,Poison,Dragon,Poison Pin,,7,0,0,1,0,7,7,4,0,1,540,0
805,Stakataka,61,131,211,53,101,13,570,0.25,1.0,2.0,1.0,1.0,0.5,4.0,0.0,4.0,0.25,0.5,0.5,0.5,1.0,0.5,1.0,1.0,0.5,1801,5.5,1807.8,820.0,30,5.0,30720,3,Beast Boost,Rock,Steel,Rampart,,7,0,0,1,1,8,6,3,0,1,570,0
806,Blacephalon,53,127,53,151,79,107,570,0.0,0.5,2.0,1.0,0.5,0.5,0.0,0.5,2.0,1.0,1.0,0.25,2.0,2.0,1.0,2.0,0.5,0.5,511,1.8,28.7,13.0,30,5.0,30720,3,Beast Boost,Fire,Ghost,Fireworks,,7,0,0,1,2,7,4,5,0,1,570,0
807,Zeraora,88,112,75,102,80,143,600,1.0,1.0,1.0,0.5,1.0,1.0,1.0,1.0,2.0,0.5,1.0,1.0,1.0,1.0,1.0,1.0,0.5,1.0,411,1.5,98.1,44.5,3,5.0,30720,3,Volt Absorb,Electric,None,Thunderclap,,7,0,1,0,0,3,14,1,0,1,600,0
808,Meltan,46,65,65,55,35,34,300,0.5,2.0,1.0,1.0,0.5,0.5,2.0,0.0,2.0,0.5,0.5,0.5,0.5,1.0,0.5,1.0,0.5,0.5,8,0.2,17.6,8.0,3,5.0,30720,3,Magnet Pull,Steel,None,Hex Nut,,7,0,1,0,1,10,4,3,0,1,300,0
809,Melmetal,135,143,143,80,65,34,600,0.5,2.0,1.0,1.0,0.5,0.5,2.0,0.0,2.0,0.5,0.5,0.5,0.5,1.0,0.5,1.0,0.5,0.5,802,2.5,1763.7,800.0,3,5.0,30720,3,Iron Fist,Steel,None,Hex Nut,,7,0,1,0,1,10,4,3,0,1,600,0
810,Grookey,50,65,50,40,40,65,310,1.0,2.0,0.5,0.5,0.5,2.0,1.0,2.0,0.5,2.0,1.0,2.0,1.0,1.0,1.0,1.0,1.0,1.0,100,0.3,11.0,5.0,45,8.8,2560,45,Activates; Grassy Surge; Grassy Terrain; Overgrow,Grass,None,Chimp,,8,0,0,0,0,4,9,5,0,4,310,0
811,Thwackey,70,85,70,55,60,80,420,1.0,2.0,0.5,0.5,0.5,2.0,1.0,2.0,0.5,2.0,1.0,2.0,1.0,1.0,1.0,1.0,1.0,1.0,204,0.7,30.9,14.0,45,8.8,2560,45,Activates; Grassy Surge; Grassy Terrain; Overgrow,Grass,None,Beat,,8,0,0,0,0,4,9,5,0,4,420,0
812,Rillaboom,100,125,90,60,70,85,530,1.0,2.0,0.5,0.5,0.5,2.0,1.0,2.0,0.5,2.0,1.0,2.0,1.0,1.0,1.0,1.0,1.0,1.0,611,2.1,198.4,90.0,45,8.8,2560,45,Activates; Grassy Surge; Grassy Terrain; Overgrow,Grass,None,Drummer,,8,0,0,0,0,4,9,5,0,4,530,0
813,Scorbunny,50,71,40,40,40,69,310,1.0,0.5,2.0,1.0,0.5,0.5,1.0,1.0,2.0,1.0,1.0,0.5,2.0,1.0,1.0,1.0,0.5,0.5,100,0.3,9.9,4.5,45,8.8,2560,45,Blaze; Libero,Fire,None,Rabbit,,8,0,0,0,0,6,9,3,0,2,310,0
814,Raboot,65,86,60,55,60,94,420,1.0,0.5,2.0,1.0,0.5,0.5,1.0,1.0,2.0,1.0,1.0,0.5,2.0,1.0,1.0,1.0,0.5,0.5,200,0.6,19.8,9.0,45,8.8,2560,45,Blaze; Libero,Fire,None,Rabbit,,8,0,0,0,0,6,9,3,0,2,420,0
815,Cinderace,80,116,75,65,75,119,530,1.0,0.5,2.0,1.0,0.5,0.5,1.0,1.0,2.0,1.0,1.0,0.5,2.0,1.0,1.0,1.0,0.5,0.5,407,1.4,72.8,33.0,45,8.8,2560,45,Blaze; Libero,Fire,None,Striker,,8,0,0,0,0,6,9,3,0,2,530,0
816,Sobble,50,40,40,70,40,70,310,1.0,0.5,0.5,2.0,2.0,0.5,1.0,1.0,1.0,1.0,1.0,1.0,1.0,1.0,1.0,1.0,0.5,1.0,100,0.3,8.8,4.0,45,8.8,2560,45,Sniper; Torrent,Water,None,Water Lizard,,8,0,0,0,0,4,12,2,0,2,310,0
817,Drizzile,65,60,55,95,55,90,420,1.0,0.5,0.5,2.0,2.0,0.5,1.0,1.0,1.0,1.0,1.0,1.0,1.0,1.0,1.0,1.0,0.5,1.0,204,0.7,25.4,11.5,45,8.8,2560,45,Sniper; Torrent,Water,None,Water Lizard,,8,0,0,0,0,4,12,2,0,2,420,0
818,Inteleon,70,85,65,125,65,120,530,1.0,0.5,0.5,2.0,2.0,0.5,1.0,1.0,1.0,1.0,1.0,1.0,1.0,1.0,1.0,1.0,0.5,1.0,603,1.9,99.6,45.2,45,8.8,2560,45,Sniper; Torrent,Water,None,Secret Agent,,8,0,0,0,0,4,12,2,0,2,530,0
819,Skwovet,70,55,55,35,35,25,275,1.0,1.0,1.0,1.0,1.0,1.0,2.0,1.0,1.0,1.0,1.0,1.0,1.0,0.0,1.0,1.0,1.0,1.0,100,0.3,5.5,2.5,255,5.0,2560,255,Cheek Pouch; Gluttony,Normal,None,Cheeky,,8,0,0,0,1,0,16,1,0,2,275,0
820,Greedent,120,95,95,55,75,20,460,1.0,1.0,1.0,1.0,1.0,1.0,2.0,1.0,1.0,1.0,1.0,1.0,1.0,0.0,1.0,1.0,1.0,1.0,200,0.6,13.2,6.0,90,5.0,2560,90,Cheek Pouch; Gluttony,Normal,None,Greedy,,8,0,0,0,1,0,16,1,0,2,460,0
821,Rookidee,38,47,35,33,35,57,245,1.0,1.0,1.0,2.0,0.5,2.0,0.5,1.0,0.0,1.0,1.0,0.5,2.0,1.0,1.0,1.0,1.0,1.0,8,0.2,4.0,1.8,255,5.0,1920,255,Big Pecks; Keen Eye; Unnerve,Flying,None,Tiny Bird,,8,0,0,0,1,3,11,3,0,3,245,0
822,Corvisquire,68,67,55,43,55,77,365,1.0,1.0,1.0,2.0,0.5,2.0,0.5,1.0,0.0,1.0,1.0,0.5,2.0,1.0,1.0,1.0,1.0,1.0,207,0.8,35.3,16.0,120,5.0,1920,120,Big Pecks; Keen Eye; Unnerve,Flying,None,Raven,,8,0,0,0,1,3,11,3,0,3,365,0
823,Corviknight,98,87,105,53,85,67,495,0.5,2.0,1.0,2.0,0.25,1.0,1.0,0.0,0.0,0.5,0.5,0.25,1.0,1.0,0.5,1.0,0.5,0.5,703,2.2,165.3,75.0,45,5.0,1920,45,Mirror Armor; Pressure; Unnerve,Flying,Steel,Raven,,8,0,0,0,2,8,6,2,0,3,495,0
824,Blipbug,25,20,20,25,45,45,180,1.0,2.0,1.0,1.0,0.5,1.0,0.5,1.0,0.5,2.0,1.0,1.0,2.0,1.0,1.0,1.0,1.0,1.0,104,0.4,17.6,8.0,255,50.2,1920,255,Compoundeyes; Swarm; Telepathy,Bug,None,Larva,,8,0,0,0,0,3,12,3,0,3,180,0
825,Dottler,50,35,80,50,90,30,335,1.0,2.0,1.0,1.0,0.5,1.0,0.25,1.0,0.5,2.0,0.5,2.0,2.0,2.0,1.0,2.0,1.0,1.0,104,0.4,43.0,19.5,120,50.2,1920,120,Compoundeyes; Swarm; Telepathy,Bug,Psychic,Radome,,8,0,0,0,0,4,8,6,0,3,335,0
826,Orbeetle,60,45,110,80,120,90,505,1.0,2.0,1.0,1.0,0.5,1.0,0.25,1.0,0.5,2.0,0.5,2.0,2.0,2.0,1.0,2.0,1.0,1.0,104,0.4,89.9,40.8,45,50.2,1920,45,Frisk; Swarm; Telepathy,Bug,Psychic,Seven Spot,,8,0,0,0,0,4,8,6,0,3,505,0
827,Nickit,40,28,28,47,52,50,245,1.0,1.0,1.0,1.0,1.0,1.0,2.0,1.0,1.0,1.0,0.0,2.0,1.0,0.5,1.0,0.5,1.0,2.0,200,0.6,19.6,8.9,255,50.2,1920,255,Run Away; Stakeout; Unburden,Dark,None,Fox,,8,0,0,0,1,2,12,3,0,3,245,0
828,Thievul,70,58,58,87,92,90,455,1.0,1.0,1.0,1.0,1.0,1.0,2.0,1.0,1.0,1.0,0.0,2.0,1.0,0.5,1.0,0.5,1.0,2.0,311,1.2,43.9,19.9,127,50.2,1920,127,Run Away; Stakeout; Unburden,Dark,None,Fox,,8,0,0,0,1,2,12,3,0,3,455,0
829,Gossifleur,40,40,60,40,60,10,250,1.0,2.0,0.5,0.5,0.5,2.0,1.0,2.0,0.5,2.0,1.0,2.0,1.0,1.0,1.0,1.0,1.0,1.0,104,0.4,4.9,2.2,190,50.2,2560,190,Cotton Down; Effect Spore; Regenerator,Grass,None,Flowering,,8,0,0,0,0,4,9,5,0,3,250,0
830,Eldegoss,60,50,90,80,120,60,460,1.0,2.0,0.5,0.5,0.5,2.0,1.0,2.0,0.5,2.0,1.0,2.0,1.0,1.0,1.0,1.0,1.0,1.0,108,0.5,5.5,2.5,75,50.2,2560,75,Cotton Down; Effect Spore; Regenerator,Grass,None,Cotton Bloom,,8,0,0,0,0,4,9,5,0,3,460,0
831,Wooloo,42,40,55,40,45,48,270,1.0,1.0,1.0,1.0,1.0,1.0,2.0,1.0,1.0,1.0,1.0,1.0,1.0,0.0,1.0,1.0,1.0,1.0,200,0.6,13.2,6.0,255,50.2,1920,255,Bulletproof; Fluffy; Run Away,Normal,None,Sheep,,8,0,0,0,1,0,16,1,0,3,270,0
832,Dubwool,72,80,100,60,90,88,490,1.0,1.0,1.0,1.0,1.0,1.0,2.0,1.0,1.0,1.0,1.0,1.0,1.0,0.0,1.0,1.0,1.0,1.0,403,1.3,94.8,43.0,127,50.2,1920,127,Bulletproof; Fluffy; Steadfast,Normal,None,Sheep,,8,0,0,0,1,0,16,1,0,3,490,0
833,Chewtle,50,64,50,38,38,44,284,1.0,0.5,0.5,2.0,2.0,0.5,1.0,1.0,1.0,1.0,1.0,1.0,1.0,1.0,1.0,1.0,0.5,1.0,100,0.3,18.7,8.5,255,50.2,2560,255,Shell Armor; Strong Jaw; Swift Swim,Water,None,Snapping,,8,0,0,0,0,4,12,2,0,3,284,0
834,Drednaw,90,115,90,48,68,74,485,0.5,0.25,1.0,2.0,4.0,0.5,2.0,0.5,2.0,0.5,1.0,1.0,1.0,1.0,1.0,1.0,1.0,1.0,303,1.0,254.6,115.5,75,50.2,2560,75,Shell Armor; Strong Jaw; Swift Swim,Water,Rock,Bite,,8,0,0,0,0,5,9,4,0,3,485,0
835,Yamper,59,45,50,40,50,26,270,1.0,1.0,1.0,0.5,1.0,1.0,1.0,1.0,2.0,0.5,1.0,1.0,1.0,1.0,1.0,1.0,0.5,1.0,100,0.3,29.8,13.5,255,50.2,2560,255,Ball Fetch; Rattled,Electric,None,Puppy,,8,0,0,0,0,3,14,1,0,2,270,0
836,Boltund,69,90,60,90,60,121,490,1.0,1.0,1.0,0.5,1.0,1.0,1.0,1.0,2.0,0.5,1.0,1.0,1.0,1.0,1.0,1.0,0.5,1.0,303,1.0,75.0,34.0,45,50.2,2560,45,Competitive; Strong Jaw,Electric,None,Dog,,8,0,0,0,0,3,14,1,0,2,490,0
837,Rolycoly,30,40,50,40,50,30,240,0.5,0.5,2.0,1.0,2.0,1.0,2.0,0.5,2.0,0.5,1.0,1.0,1.0,1.0,1.0,1.0,2.0,1.0,100,0.3,26.5,12.0,255,50.2,1920,255,Flash Fire; Heatproof; Steam Engine,Rock,None,Coal,,8,0,0,0,0,4,9,5,0,3,240,0
838,Carkol,80,60,90,60,70,50,410,0.5,0.25,4.0,1.0,1.0,0.5,2.0,0.5,4.0,0.5,1.0,0.5,2.0,1.0,1.0,1.0,1.0,0.5,307,1.1,172.0,78.0,120,50.2,1920,120,Flame Body; Flash Fire; Steam Engine,Rock,Fire,Coal,,8,0,0,0,0,7,7,4,0,3,410,0
839,Coalossal,110,80,120,80,90,30,510,0.5,0.25,4.0,1.0,1.0,0.5,2.0,0.5,4.0,0.5,1.0,0.5,2.0,1.0,1.0,1.0,1.0,0.5,902,2.8,684.5,310.5,45,50.2,1920,45,Flame Body; Flash Fire; Steam Engine,Rock,Fire,Coal,,8,0,0,0,0,7,7,4,0,3,510,0
840,Applin,40,40,80,40,40,20,260,1.0,1.0,0.25,0.25,0.25,4.0,1.0,2.0,0.5,2.0,1.0,2.0,1.0,1.0,2.0,1.0,1.0,2.0,8,0.2,1.1,0.5,255,50.2,2560,255,Bulletproof; Gluttony; Ripen,Grass,Dragon,Apple Core,,8,0,0,0,0,4,8,6,0,3,260,0
841,Flapple,70,110,80,95,60,70,485,1.0,1.0,0.25,0.25,0.25,4.0,1.0,2.0,0.5,2.0,1.0,2.0,1.0,1.0,2.0,1.0,1.0,2.0,100,0.3,2.2,1.0,45,50.2,2560,45,Gluttony; Hustle; Ripen,Grass,Dragon,Apple Wing,,8,0,0,0,0,4,8,6,0,3,485,0
842,Appletun,110,85,80,100,80,30,485,1.0,1.0,0.25,0.25,0.25,4.0,1.0,2.0,0.5,2.0,1.0,2.0,1.0,1.0,2.0,1.0,1.0,2.0,104,0.4,28.7,13.0,45,50.2,2560,45,Gluttony; Ripen; Thick Fat,Grass,Dragon,Apple Nectar,,8,0,0,0,0,4,8,6,0,3,485,0
843,Silicobra,52,57,75,35,50,46,315,1.0,1.0,2.0,0.0,2.0,2.0,1.0,0.5,1.0,1.0,1.0,1.0,0.5,1.0,1.0,1.0,1.0,1.0,703,2.2,16.8,7.6,255,50.2,2560,255,Sand Spit; Sand Veil; Shed Skin,Ground,None,Sand Snake,,8,0,0,0,1,2,12,3,0,3,315,0
844,Sandaconda,72,107,125,65,70,71,510,1.0,1.0,2.0,0.0,2.0,2.0,1.0,0.5,1.0,1.0,1.0,1.0,0.5,1.0,1.0,1.0,1.0,1.0,1206,3.8,144.4,65.5,120,50.2,2560,120,Sand Spit; Sand Veil; Shed Skin,Ground,None,Sand Snake,,8,0,0,0,1,2,12,3,0,3,510,0
845,Cramorant,70,85,55,85,95,85,475,1.0,0.5,0.5,4.0,1.0,1.0,0.5,1.0,0.0,1.0,1.0,0.5,2.0,1.0,1.0,1.0,0.5,1.0,207,0.8,39.7,18.0,45,50.2,2560,45,Gulp Missile,Flying,Water,Gulp,,8,0,0,0,1,5,10,2,0,1,475,0
846,Arrokuda,41,63,40,40,30,66,280,1.0,0.5,0.5,2.0,2.0,0.5,1.0,1.0,1.0,1.0,1.0,1.0,1.0,1.0,1.0,1.0,0.5,1.0,108,0.5,2.2,1.0,255,50.2,2560,255,Propeller Tail; Swift Swim,Water,None,Rush,,8,0,0,0,0,4,12,2,0,2,280,0
847,Barraskewda,61,123,60,60,50,136,490,1.0,0.5,0.5,2.0,2.0,0.5,1.0,1.0,1.0,1.0,1.0,1.0,1.0,1.0,1.0,1.0,0.5,1.0,403,1.3,66.1,30.0,60,50.2,2560,60,Propeller Tail; Swift Swim,Water,None,Skewer,,8,0,0,0,0,4,12,2,0,2,490,0
848,Toxel,40,38,35,54,35,40,242,1.0,1.0,1.0,0.5,0.5,1.0,0.5,0.5,4.0,0.5,2.0,0.5,1.0,1.0,1.0,1.0,0.5,0.5,104,0.4,24.3,11.0,75,50.2,3200,75,Klutz; Rattled; Static,Electric,Poison,Baby,,8,0,0,0,0,8,8,2,0,3,242,0
849,Toxtricity,75,98,70,114,70,75,502,1.0,1.0,1.0,0.5,0.5,1.0,0.5,0.5,4.0,0.5,2.0,0.5,1.0,1.0,1.0,1.0,0.5,0.5,503,1.6,88.2,40.0,45,50.2,3200,45,Hidden; Low Key Form; Low Key Form Abilities; Minus; Plus; Punk Rock; Technician,Electric,Poison,Punk,Amped Form; Low Key Form,8,0,0,0,0,8,8,2,1,7,502,0
850,Sizzlipede,50,65,45,50,50,45,305,1.0,1.0,2.0,1.0,0.25,0.5,0.5,1.0,1.0,2.0,1.0,0.5,4.0,1.0,1.0,1.0,0.5,0.5,204,0.7,2.2,1.0,190,50.2,2560,190,Flame Body; Flash Fire; White Smoke,Fire,Bug,Radiator,,8,0,0,0,0,6,9,3,0,3,305,0
851,Centiskorch,100,115,65,90,90,65,525,1.0,1.0,2.0,1.0,0.25,0.5,0.5,1.0,1.0,2.0,1.0,0.5,4.0,1.0,1.0,1.0,0.5,0.5,910,3.0,264.6,120.0,75,50.2,2560,75,Flame Body; Flash Fire; White Smoke,Fire,Bug,Radiator,,8,0,0,0,0,6,9,3,0,3,525,0
852,Clobbopus,50,68,60,50,50,32,310,1.0,1.0,1.0,1.0,1.0,1.0,1.0,1.0,1.0,2.0,2.0,0.5,0.5,1.0,1.0,0.5,1.0,2.0,200,0.6,8.8,4.0,180,50.2,3200,180,Limber; Technician,Fighting,None,Tantrum,,8,0,0,0,0,3,12,3,0,2,310,0
853,Grapploct,80,118,90,70,80,42,480,1.0,1.0,1.0,1.0,1.0,1.0,1.0,1.0,1.0,2.0,2.0,0.5,0.5,1.0,1.0,0.5,1.0,2.0,503,1.6,86.0,39.0,45,50.2,3200,45,Limber; Technician,Fighting,None,Jujitsu,,8,0,0,0,0,3,12,3,0,2,480,0
854,Sinistea,40,45,45,74,54,50,308,0.0,1.0,1.0,1.0,1.0,1.0,0.0,0.5,1.0,1.0,1.0,0.5,1.0,2.0,1.0,2.0,1.0,1.0,4,0.1,0.4,0.2,120,5.0,2560,120,Cursed Body; Weak Armor,Ghost,None,Black Tea,,8,0,0,0,2,2,12,2,0,2,308,0
855,Polteageist,60,65,65,134,114,70,508,0.0,1.0,1.0,1.0,1.0,1.0,0.0,0.5,1.0,1.0,1.0,0.5,1.0,2.0,1.0,2.0,1.0,1.0,8,0.2,0.9,0.4,60,5.0,2560,60,Cursed Body; Weak Armor,Ghost,None,Black Tea,,8,0,0,0,2,2,12,2,0,2,508,0
856,Hatenna,42,30,45,56,53,39,265,1.0,1.0,1.0,1.0,1.0,1.0,0.5,1.0,1.0,1.0,0.5,2.0,1.0,2.0,1.0,2.0,1.0,1.0,104,0.4,7.5,3.4,235,0.0,2560,235,Anticipation; Healer; Magic Bounce,Psychic,None,Calm,,8,0,0,0,0,2,13,3,0,3,265,0
857,Hattrem,57,40,65,86,73,49,370,1.0,1.0,1.0,1.0,1.0,1.0,0.5,1.0,1.0,1.0,0.5,2.0,1.0,2.0,1.0,2.0,1.0,1.0,200,0.6,10.6,4.8,120,0.0,2560,120,Anticipation; Healer; Magic Bounce,Psychic,None,Serene,,8,0,0,0,0,2,13,3,0,3,370,0
858,Hatterene,57,90,95,136,103,29,510,1.0,1.0,1.0,1.0,1.0,1.0,0.25,2.0,1.0,1.0,0.5,1.0,1.0,2.0,0.0,1.0,2.0,1.0,611,2.1,11.2,5.1,45,0.0,2560,45,Anticipation; Healer; Magic Bounce,Psychic,Fairy,Silent,,8,0,0,0,1,2,12,3,0,3,510,0
859,Impidimp,45,45,30,55,40,50,265,1.0,1.0,1.0,1.0,1.0,1.0,1.0,2.0,1.0,1.0,0.0,1.0,1.0,0.5,0.0,0.25,2.0,2.0,104,0.4,12.1,5.5,255,10.0,2560,255,Frisk; Pickpocket; Prankster,Dark,Fairy,Wily,,8,0,0,0,2,2,11,3,0,3,265,0
860,Morgrem,65,60,45,75,55,70,370,1.0,1.0,1.0,1.0,1.0,1.0,1.0,2.0,1.0,1.0,0.0,1.0,1.0,0.5,0.0,0.25,2.0,2.0,207,0.8,27.6,12.5,120,10.0,2560,120,Frisk; Pickpocket; Prankster,Dark,Fairy,Devious,,8,0,0,0,2,2,11,3,0,3,370,0
861,Grimmsnarl,95,120,65,95,75,60,510,1.0,1.0,1.0,1.0,1.0,1.0,1.0,2.0,1.0,1.0,0.0,1.0,1.0,0.5,0.0,0.25,2.0,2.0,411,1.5,134.5,61.0,45,10.0,2560,45,Frisk; Pickpocket; Prankster,Dark,Fairy,Bulk Up,,8,0,0,0,2,2,11,3,0,3,510,0
862,Obstagoon,93,90,101,60,81,95,520,1.0,1.0,1.0,1.0,1.0,1.0,4.0,1.0,1.0,1.0,0.0,2.0,1.0,0.0,1.0,0.5,1.0,2.0,503,1.6,101.4,46.0,45,50.2,1920,45,Defiant; Guts; Reckless,Dark,Normal,Blocking,,8,0,0,0,2,1,12,3,0,3,520,0
863,Perrserker,70,110,100,50,60,50,440,0.5,2.0,1.0,1.0,0.5,0.5,2.0,0.0,2.0,0.5,0.5,0.5,0.5,1.0,0.5,1.0,0.5,0.5,207,0.8,61.7,28.0,90,50.2,2560,90,Battle Armor; Steely Spirit; Tough Claws,Steel,None,Viking,,8,0,0,0,1,10,4,3,0,3,440,0
864,Cursola,60,95,50,145,130,30,510,0.0,1.0,1.0,1.0,1.0,1.0,0.0,0.5,1.0,1.0,1.0,0.5,1.0,2.0,1.0,2.0,1.0,1.0,303,1.0,0.9,0.4,30,24.9,2560,30,Perish Body; Weak Armor,Ghost,None,Coral,,8,0,0,0,2,2,12,2,0,2,510,0
865,Sirfetchd,62,135,95,68,82,65,318,1.0,1.0,1.0,1.0,1.0,1.0,1.0,1.0,1.0,2.0,2.0,0.5,0.5,1.0,1.0,0.5,1.0,2.0,31,0.8,257.9,117.0,45,50.2,2560,3,Steadfast; Scrappy,Fighting,None,Wild Duck,,8,0,0,0,0,3,12,3,0,2,507,189
866,Mr-rime,80,85,75,110,100,70,520,1.0,2.0,1.0,1.0,1.0,0.5,1.0,1.0,1.0,1.0,0.5,2.0,2.0,2.0,1.0,2.0,2.0,1.0,59,1.5,128.3,58.2,45,5.02,3200,3,Tangled Feet; Screen Cleaner; Ice Body,Ice,Psychic,Comedian,,8,0,0,0,0,2,10,6,0,3,520,0
867,Runerigus,58,95,145,50,105,30,483,0.0,1.0,2.0,0.0,2.0,2.0,0.0,0.25,1.0,1.0,1.0,0.5,0.5,2.0,1.0,2.0,1.0,1.0,503,1.6,146.8,66.6,90,50.2,3200,90,Wandering Spirit,Ground,Ghost,Grudge,,8,0,0,0,3,3,7,5,0,1,483,0
868,Milcery,45,40,40,50,61,34,270,1.0,1.0,1.0,1.0,1.0,1.0,0.5,2.0,1.0,1.0,1.0,0.5,1.0,1.0,0.0,0.5,2.0,1.0,8,0.2,0.7,0.3,200,0.0,2560,200,Aroma Veil; Sweet Veil,Fairy,None,Cream,,8,0,0,0,1,3,12,2,0,2,270,0
869,Alcremie,65,60,75,110,121,64,495,1.0,1.0,1.0,1.0,1.0,1.0,0.5,2.0,1.0,1.0,1.0,0.5,1.0,1.0,0.0,0.5,2.0,1.0,100,0.3,1.1,0.5,100,0.0,2560,100,Aroma Veil; Sweet Veil,Fairy,None,Cream,,8,0,0,0,1,3,12,2,0,2,495,0
870,Falinks,65,100,100,70,60,75,470,1.0,1.0,1.0,1.0,1.0,1.0,1.0,1.0,1.0,2.0,2.0,0.5,0.5,1.0,1.0,0.5,1.0,2.0,910,3.0,136.7,62.0,45,5.0,3200,45,Battle Armor; Defiant,Fighting,None,Formation,,8,0,0,0,0,3,12,3,0,2,470,0
871,Pincurchin,48,101,95,91,85,15,435,1.0,1.0,1.0,0.5,1.0,1.0,1.0,1.0,2.0,0.5,1.0,1.0,1.0,1.0,1.0,1.0,0.5,1.0,100,0.3,2.2,1.0,75,50.2,2560,75,Activates; Electric Surge; Electric Terrain; Lightning Rod,Electric,None,Sea Urchin,,8,0,0,0,0,3,14,1,0,4,435,0
872,Snom,30,25,35,45,30,20,185,1.0,4.0,1.0,1.0,0.5,0.5,1.0,1.0,0.5,2.0,1.0,1.0,4.0,1.0,1.0,1.0,2.0,1.0,100,0.3,8.4,3.8,190,50.2,2560,190,Ice Scales; Shield Dust,Ice,Bug,Worm,,8,0,0,0,0,3,11,4,0,2,185,0
873,Frosmoth,70,65,60,125,90,65,475,1.0,4.0,1.0,1.0,0.5,0.5,1.0,1.0,0.5,2.0,1.0,1.0,4.0,1.0,1.0,1.0,2.0,1.0,403,1.3,92.6,42.0,75,50.2,2560,75,Ice Scales; Shield Dust,Ice,Bug,Frost Moth,,8,0,0,0,0,3,11,4,0,2,475,0
874,Stonjourner,100,125,135,20,20,70,470,0.5,0.5,2.0,1.0,2.0,1.0,2.0,0.5,2.0,0.5,1.0,1.0,1.0,1.0,1.0,1.0,2.0,1.0,802,2.5,1146.4,520.0,60,50.2,3200,60,Power Spot,Rock,None,Big Rock,,8,0,0,0,0,4,9,5,0,1,470,0
875,Eiscue,75,80,110,65,90,50,470,1.0,2.0,1.0,1.0,1.0,0.5,2.0,1.0,1.0,1.0,1.0,1.0,2.0,1.0,1.0,1.0,2.0,1.0,407,1.4,196.2,89.0,60,50.2,3200,60,Ice Face,Ice,None,Penguin,Ice Face; Noice Face,8,0,0,0,0,1,13,4,1,1,470,0
876,Indeedee,60,65,55,105,95,95,475,1.0,1.0,1.0,1.0,1.0,1.0,1.0,1.0,1.0,1.0,0.5,2.0,1.0,0.0,1.0,2.0,1.0,1.0,211,0.9,61.7,28.0,30,5.0,5120,30,Activates; Female; Female Abilities; Hidden; Inner Focus; Own Tempo; Psychic Surge; Psychic Terrain; Synchronize,Psychic,Normal,Emotion,Male; Female,8,0,0,0,1,1,14,2,1,9,475,0
877,Morpeko,58,95,58,70,58,97,436,1.0,1.0,1.0,0.5,1.0,1.0,2.0,1.0,2.0,0.5,0.0,2.0,1.0,0.5,1.0,0.5,0.5,2.0,100,0.3,6.6,3.0,180,50.2,1280,180,Hunger Switch,Electric,Dark,Two-Sided,Full Belly Mode; Hangry Mode,8,0,0,0,1,5,8,4,1,1,436,0
878,Cufant,72,80,49,40,49,40,330,0.5,2.0,1.0,1.0,0.5,0.5,2.0,0.0,2.0,0.5,0.5,0.5,0.5,1.0,0.5,1.0,0.5,0.5,311,1.2,220.5,100.0,190,50.2,3200,190,Heavy Metal; Sheer Force,Steel,None,Copperderm,,8,0,0,0,1,10,4,3,0,2,330,0
879,Copperajah,122,130,69,80,69,30,500,0.5,2.0,1.0,1.0,0.5,0.5,2.0,0.0,2.0,0.5,0.5,0.5,0.5,1.0,0.5,1.0,0.5,0.5,910,3.0,1433.0,650.0,90,50.2,3200,90,Heavy Metal; Sheer Force,Steel,None,Copperderm,,8,0,0,0,1,10,4,3,0,2,500,0
880,Dracozolt,90,100,90,80,70,75,505,1.0,0.5,0.5,0.25,0.5,2.0,1.0,1.0,2.0,0.5,1.0,1.0,1.0,1.0,2.0,1.0,0.5,2.0,511,1.8,418.9,190.0,45,5.0,4480,45,Hustle; Sand Rush; Volt Absorb,Electric,Dragon,Fossil,,8,0,0,0,0,6,8,4,0,3,505,0
881,Arctozolt,90,100,90,90,80,55,505,1.0,2.0,1.0,0.5,1.0,0.5,2.0,1.0,2.0,0.5,1.0,1.0,2.0,1.0,1.0,1.0,1.0,1.0,707,2.3,330.7,150.0,45,5.0,4480,45,Slush Rush; Static; Volt Absorb,Electric,Ice,Fossil,,8,0,0,0,0,3,11,4,0,3,505,0
882,Dracovish,90,90,100,70,80,75,505,1.0,0.25,0.25,1.0,1.0,1.0,1.0,1.0,1.0,1.0,1.0,1.0,1.0,1.0,2.0,1.0,0.5,2.0,707,2.3,474.0,215.0,45,5.0,4480,45,Sand Rush; Strong Jaw; Water Absorb,Water,Dragon,Fossil,,8,0,0,0,0,3,13,2,0,3,505,0
883,Arctovish,90,90,100,80,90,55,505,1.0,1.0,0.5,2.0,2.0,0.25,2.0,1.0,1.0,1.0,1.0,1.0,2.0,1.0,1.0,1.0,1.0,1.0,607,2.0,385.8,175.0,45,5.0,4480,45,Ice Body; Slush Rush; Water Absorb,Water,Ice,Fossil,,8,0,0,0,0,2,12,4,0,3,505,0
884,Duraludon,70,95,115,120,50,85,535,0.5,1.0,0.5,0.5,0.25,1.0,2.0,0.0,2.0,0.5,0.5,0.5,0.5,1.0,1.0,1.0,0.5,1.0,511,1.8,88.2,40.0,45,50.2,3840,45,Heavy Metal; Light Metal; Stalwart,Steel,Dragon,Alloy,,8,0,0,0,1,9,6,2,0,3,535,0
885,Dreepy,28,60,30,40,30,82,270,0.0,0.5,0.5,0.5,0.5,2.0,0.0,0.5,1.0,1.0,1.0,0.5,1.0,2.0,2.0,2.0,1.0,2.0,108,0.5,4.4,2.0,45,50.2,5120,45,Clear Body; Cursed Body; Infiltrator,Dragon,Ghost,Lingering,,8,0,0,0,2,6,5,5,0,3,270,0
886,Drakloak,68,80,50,60,50,102,410,0.0,0.5,0.5,0.5,0.5,2.0,0.0,0.5,1.0,1.0,1.0,0.5,1.0,2.0,2.0,2.0,1.0,2.0,407,1.4,24.3,11.0,45,50.2,5120,45,Clear Body; Cursed Body; Infiltrator,Dragon,Ghost,Caretaker,,8,0,0,0,2,6,5,5,0,3,410,0
887,Dragapult,88,120,75,100,75,142,600,0.0,0.5,0.5,0.5,0.5,2.0,0.0,0.5,1.0,1.0,1.0,0.5,1.0,2.0,2.0,2.0,1.0,2.0,910,3.0,110.2,50.0,45,50.2,5120,45,Clear Body; Cursed Body; Infiltrator,Dragon,Ghost,Stealth,,8,0,0,0,2,6,5,5,0,3,600,0
888,Zacian,92,130,115,80,115,138,670,1.0,1.0,1.0,1.0,1.0,1.0,0.5,2.0,1.0,1.0,1.0,0.5,1.0,1.0,0.0,0.5,2.0,1.0,902,2.8,242.5,110.0,10,5.0,15360,10,Intrepid Sword,Fairy,None,Warrior,Hero of Many Battles; Crowned Sword,8,1,0,0,1,3,12,2,1,1,670,0
889,Zamazenta,92,130,115,80,115,138,670,1.0,1.0,1.0,1.0,1.0,1.0,1.0,1.0,1.0,2.0,2.0,0.5,0.5,1.0,1.0,0.5,1.0,2.0,906,2.9,463.0,210.0,10,5.0,15360,10,Dauntless Shield,Fighting,None,Warrior,Hero of Many Battles; Crowned Shield,8,1,0,0,0,3,12,3,1,1,670,0
890,Eternatus,140,85,95,145,95,130,690,1.0,0.5,0.5,0.5,0.25,2.0,0.5,0.5,2.0,1.0,2.0,0.5,1.0,1.0,2.0,1.0,1.0,1.0,6507,20.0,2094.4,950.0,255,5.0,15360,255,Pressure,Poison,Dragon,Gigantic,Eternamax,8,1,0,0,0,7,7,4,1,1,690,0
891,Kubfu,60,90,60,53,50,72,385,1.0,1.0,1.0,1.0,1.0,1.0,1.0,1.0,1.0,2.0,2.0,0.5,0.5,1.0,1.0,0.5,1.0,2.0,200,0.6,26.5,12.0,3,88.14,15360,3,Inner Focus,Fighting,None,Wushu,,8,1,0,0,0,3,12,3,0,1,385,0
892,Urshifu,100,130,100,63,60,97,550,1.0,1.0,1.0,1.0,1.0,1.0,2.0,1.0,1.0,2.0,0.0,1.0,0.5,0.5,1.0,0.25,1.0,4.0,603,1.9,231.5,105.0,3,88.14,15360,3,Unseen Fist,Fighting,Dark,Wushu,Single Strike Style; Rapid Strike Style,8,1,0,0,1,3,11,3,1,1,550,0
893,Zarude,105,120,105,70,95,105,600,1.0,2.0,0.5,0.5,0.5,2.0,2.0,2.0,0.5,2.0,0.0,4.0,1.0,0.5,1.0,0.5,1.0,2.0,511,1.8,154.3,70.0,3,5.0,15360,3,Leaf Guard,Dark,Grass,Rogue Monkey,,8,0,1,0,1,6,4,7,0,1,600,0
894,Regieleki,80,100,50,100,50,200,580,1.0,1.0,1.0,0.5,1.0,1.0,1.0,1.0,2.0,0.5,1.0,1.0,1.0,1.0,1.0,1.0,0.5,1.0,311,1.2,319.7,145.0,3,5.0,15360,3,Transistor,Electric,None,Electron,,8,1,0,0,0,3,14,1,0,1,580,0
895,Regidrago,200,100,50,100,50,80,580,1.0,0.5,0.5,0.5,0.5,2.0,1.0,1.0,1.0,1.0,1.0,1.0,1.0,1.0,2.0,1.0,1.0,2.0,611,2.1,440.9,200.0,3,5.0,15360,3,Dragons Maw,Dragon,None,Dragon Orb,,8,1,0,0,0,4,11,3,0,1,580,0
896,Glastrier,100,145,130,65,110,30,580,1.0,2.0,1.0,1.0,1.0,0.5,2.0,1.0,1.0,1.0,1.0,1.0,2.0,1.0,1.0,1.0,2.0,1.0,703,2.2,1763.7,800.0,3,5.0,15360,3,Chilling Neigh,Ice,None,Wild Horse,,8,0,0,0,0,1,13,4,0,1,580,0
897,Spectrier,100,65,60,145,80,130,580,0.0,1.0,1.0,1.0,1.0,1.0,0.0,0.5,1.0,1.0,1.0,0.5,1.0,2.0,1.0,2.0,1.0,1.0,607,2.0,98.1,44.5,3,5.0,15360,3,Grim Neigh,Ghost,None,Swift Horse,,8,0,0,0,2,2,12,2,0,1,580,0
898,Calyrex,100,80,80,80,80,80,500,1.0,2.0,0.5,0.5,0.5,2.0,0.5,2.0,0.5,2.0,0.5,4.0,1.0,2.0,1.0,2.0,1.0,1.0,43,1.1,17.0,7.7,3,5.0,15360,3,Ice Rider Ability; Shadow Rider; Shadow Rider Ability; Unnerve,Psychic,Grass,Calyrex is Genderless,Ice Rider; Shadow Rider,8,1,0,0,0,6,5,7,1,4,500,0
899,Wyrdeer,103,105,72,105,75,65,525,1.0,1.0,1.0,1.0,1.0,1.0,1.0,1.0,1.0,1.0,0.5,2.0,1.0,0.0,1.0,2.0,1.0,1.0,511,1.8,209.7,95.1,45,50.2,5120,115,Frisk; Intimidate; Sap Sipper,Normal,Psychic,Big Horn,,8,0,0,0,1,1,14,2,0,3,525,0
900,Kleavor,70,135,95,45,70,85,500,0.5,1.0,2.0,1.0,1.0,1.0,1.0,0.5,1.0,1.0,1.0,1.0,2.0,1.0,1.0,1.0,2.0,1.0,511,1.8,196.2,89.0,15,50.2,5120,409,Sheer Force; Steadfast; Swarm,Bug,Rock,Axe,,8,0,0,0,0,2,13,3,0,3,500,0
901,Ursaluna,130,140,105,45,80,50,550,1.0,1.0,2.0,0.0,2.0,2.0,2.0,0.5,1.0,1.0,1.0,1.0,0.5,0.0,1.0,1.0,1.0,1.0,710,2.4,639.3,290.0,20,50.2,5120,604,Bulletproof; Guts; Unnerve,Ground,Normal,Peat,Bloodmoon,8,0,0,0,2,2,10,4,1,3,550,0
902,Basculegion,120,112,65,80,75,78,530,0.0,0.5,0.5,2.0,2.0,0.5,0.0,0.5,1.0,1.0,1.0,0.5,1.0,2.0,1.0,2.0,0.5,1.0,910,3.0,242.5,110.0,45,5.0,5120,710,Adaptability; Mold Breaker; Rattled,Water,Ghost,Big Fish,Male; Female,8,0,0,0,2,6,6,4,1,3,530,0
903,Sneasler,80,130,60,40,80,120,510,1.0,1.0,1.0,1.0,0.5,1.0,0.5,0.5,2.0,2.0,4.0,0.25,0.5,1.0,1.0,0.5,1.0,1.0,403,1.3,94.8,43.0,20,50.2,5120,305,Poison Touch; Pressure,Fighting,Poison,Free Climb,,8,0,0,0,0,6,9,3,0,2,510,0
904,Overqwil,85,115,95,65,65,85,510,1.0,1.0,1.0,1.0,0.5,1.0,1.0,0.5,2.0,1.0,0.0,1.0,1.0,0.5,1.0,0.5,1.0,1.0,802,2.5,133.4,60.5,45,50.2,5120,607,Intimidate; Poison Point; Swift Swim,Dark,Poison,Pin Cluster,,8,0,0,0,1,4,12,1,0,3,510,0
905,Enamorus,74,115,70,135,80,106,580,1.0,1.0,1.0,2.0,0.5,2.0,0.25,2.0,0.0,1.0,1.0,0.25,2.0,1.0,0.0,0.5,2.0,1.0,63,1.6,105.8,48.0,3,0.0,0,3,Contrary; Healer; Hidden; Overcoat; Therian Forme; Therian Forme Ability,Fairy,Flying,Love-Hate,Incarnate Forme; Therian Forme,8,1,0,0,2,4,7,5,1,6,580,0
906,Sprigatito,40,61,54,45,45,65,310,1.0,2.0,0.5,0.5,0.5,2.0,1.0,2.0,0.5,2.0,1.0,2.0,1.0,1.0,1.0,1.0,1.0,1.0,104,0.4,9.0,4.1,45,8.8,2560,45,Overgrow; Protean,Grass,None,Grass Cat,,9,0,0,0,0,4,9,5,0,2,310,0
907,Floragato,61,80,63,60,63,83,410,1.0,2.0,0.5,0.5,0.5,2.0,1.0,2.0,0.5,2.0,1.0,2.0,1.0,1.0,1.0,1.0,1.0,1.0,211,0.9,26.9,12.2,45,8.8,2560,45,Overgrow; Protean,Grass,None,Grass Cat,,9,0,0,0,0,4,9,5,0,2,410,0
908,Meowscarada,76,110,70,81,70,123,530,1.0,2.0,0.5,0.5,0.5,2.0,2.0,2.0,0.5,2.0,0.0,4.0,1.0,0.5,1.0,0.5,1.0,2.0,411,1.5,68.8,31.2,45,8.8,2560,45,Overgrow; Protean,Grass,Dark,Magician,,9,0,0,0,1,6,4,7,0,2,530,0
909,Fuecoco,67,45,59,63,40,36,310,1.0,0.5,2.0,1.0,0.5,0.5,1.0,1.0,2.0,1.0,1.0,0.5,2.0,1.0,1.0,1.0,0.5,0.5,104,0.4,21.6,9.8,45,8.8,2560,45,Blaze; Unaware,Fire,None,Fire Croc,,9,0,0,0,0,6,9,3,0,2,310,0
910,Crocalor,81,55,78,90,58,49,411,1.0,0.5,2.0,1.0,0.5,0.5,1.0,1.0,2.0,1.0,1.0,0.5,2.0,1.0,1.0,1.0,0.5,0.5,303,1.0,67.7,30.7,45,8.8,2560,45,Blaze; Unaware,Fire,None,Fire Croc,,9,0,0,0,0,6,9,3,0,2,411,0
911,Skeledirge,104,75,100,110,75,66,530,0.0,0.5,2.0,1.0,0.5,0.5,0.0,0.5,2.0,1.0,1.0,0.25,2.0,2.0,1.0,2.0,0.5,0.5,503,1.6,719.8,326.5,45,8.8,2560,45,Blaze; Unaware,Fire,Ghost,Singer,,9,0,0,0,2,7,4,5,0,2,530,0
912,Quaxly,55,65,45,50,45,50,310,1.0,0.5,0.5,2.0,2.0,0.5,1.0,1.0,1.0,1.0,1.0,1.0,1.0,1.0,1.0,1.0,0.5,1.0,108,0.5,13.4,6.1,45,8.8,2560,45,Moxie; Torrent,Water,None,Duckling,,9,0,0,0,0,4,12,2,0,2,310,0
913,Quaxwell,70,85,65,65,60,65,410,1.0,0.5,0.5,2.0,2.0,0.5,1.0,1.0,1.0,1.0,1.0,1.0,1.0,1.0,1.0,1.0,0.5,1.0,311,1.2,47.4,21.5,45,8.8,2560,45,Moxie; Torrent,Water,None,Practicing,,9,0,0,0,0,4,12,2,0,2,410,0
914,Quaquaval,85,120,80,85,75,85,530,1.0,0.5,0.5,2.0,2.0,0.5,1.0,1.0,1.0,2.0,2.0,0.5,0.5,1.0,1.0,0.5,0.5,2.0,511,1.8,136.5,61.9,45,8.8,2560,45,Moxie; Torrent,Water,Fighting,Dancer,,9,0,0,0,0,7,6,5,0,2,530,0
915,Lechonk,54,45,40,35,45,35,254,1.0,1.0,1.0,1.0,1.0,1.0,2.0,1.0,1.0,1.0,1.0,1.0,1.0,0.0,1.0,1.0,1.0,1.0,108,0.5,22.5,10.2,255,5.0,1920,255,Aroma Veil; Gluttony; Thick Fat,Normal,None,Hog,,9,0,0,0,1,0,16,1,0,3,254,0
916,Oinkologne,110,100,75,59,80,65,489,1.0,1.0,1.0,1.0,1.0,1.0,2.0,1.0,1.0,1.0,1.0,1.0,1.0,0.0,1.0,1.0,1.0,1.0,303,1.0,264.6,120.0,100,5.0,1920,100,Aroma Veil; Female; Female Abilities; Gluttony; Hidden; Lingering Aroma; Thick Fat,Normal,None,Hog,Male; Female,9,0,0,0,1,0,16,1,1,7,489,0
917,Tarountula,35,41,45,29,40,20,210,1.0,2.0,1.0,1.0,0.5,1.0,0.5,1.0,0.5,2.0,1.0,1.0,2.0,1.0,1.0,1.0,1.0,1.0,100,0.3,8.8,4.0,255,5.0,1920,255,Insomnia; Stakeout,Bug,None,String Ball,,9,0,0,0,0,3,12,3,0,2,210,0
918,Spidops,60,79,92,52,86,35,404,1.0,2.0,1.0,1.0,0.5,1.0,0.5,1.0,0.5,2.0,1.0,1.0,2.0,1.0,1.0,1.0,1.0,1.0,303,1.0,36.4,16.5,120,5.0,1920,120,Insomnia; Stakeout,Bug,None,Trap,,9,0,0,0,0,3,12,3,0,2,404,0
919,Nymble,33,46,40,21,25,45,210,1.0,2.0,1.0,1.0,0.5,1.0,0.5,1.0,0.5,2.0,1.0,1.0,2.0,1.0,1.0,1.0,1.0,1.0,8,0.2,2.2,1.0,190,5.0,2560,190,Swarm; Tinted Lens,Bug,None,Grasshopper,,9,0,0,0,0,3,12,3,0,2,210,0
920,Lokix,71,102,78,52,55,92,450,1.0,2.0,1.0,1.0,0.5,1.0,1.0,1.0,0.5,2.0,0.0,2.0,2.0,0.5,1.0,0.5,1.0,2.0,303,1.0,38.6,17.5,30,5.0,2560,30,Swarm; Tinted Lens,Bug,Dark,Grasshopper,,9,0,0,0,1,4,8,5,0,2,450,0
921,Pawmi,45,50,20,40,25,60,240,1.0,1.0,1.0,0.5,1.0,1.0,1.0,1.0,2.0,0.5,1.0,1.0,1.0,1.0,1.0,1.0,0.5,1.0,100,0.3,5.5,2.5,190,5.0,1920,190,Iron Fist; Natural Cure; Punching Glove; Static,Electric,None,Mouse,,9,0,0,0,0,3,14,1,0,4,240,0
922,Pawmo,60,75,40,50,40,85,350,1.0,1.0,1.0,0.5,1.0,1.0,1.0,1.0,2.0,1.0,2.0,0.5,0.5,1.0,1.0,0.5,0.5,2.0,104,0.4,14.3,6.5,80,5.0,1920,80,Iron Fist; Natural Cure; Punching Glove; Volt Absorb,Electric,Fighting,Mouse,,9,0,0,0,0,5,10,3,0,4,350,0
923,Pawmot,70,115,70,70,60,105,490,1.0,1.0,1.0,0.5,1.0,1.0,1.0,1.0,2.0,1.0,2.0,0.5,0.5,1.0,1.0,0.5,0.5,2.0,211,0.9,90.4,41.0,45,5.0,1920,45,Iron Fist; Natural Cure; Punching Glove; Volt Absorb,Electric,Fighting,Hands-On,,9,0,0,0,0,5,10,3,0,4,490,0
924,Tandemaus,50,50,45,40,45,75,305,1.0,1.0,1.0,1.0,1.0,1.0,2.0,1.0,1.0,1.0,1.0,1.0,1.0,0.0,1.0,1.0,1.0,1.0,100,0.3,4.0,1.8,150,5.0,1280,150,Own Tempo; Pickup; Run Away,Normal,None,Couple,,9,0,0,0,1,0,16,1,0,3,305,0
925,Maushold,74,75,70,65,75,111,470,1.0,1.0,1.0,1.0,1.0,1.0,2.0,1.0,1.0,1.0,1.0,1.0,1.0,0.0,1.0,1.0,1.0,1.0,12,0.3,5.1,2.3,75,5.0,1280,75,Cheek Pouch; Friend Guard; Technician,Normal,None,Family,Family of Four; Family of Three,9,0,0,0,1,0,16,1,1,3,470,0
926,Fidough,37,55,70,30,55,65,312,1.0,1.0,1.0,1.0,1.0,1.0,0.5,2.0,1.0,1.0,1.0,0.5,1.0,1.0,0.0,0.5,2.0,1.0,100,0.3,24.0,10.9,190,5.0,2560,190,Klutz; Own Tempo,Fairy,None,Puppy,,9,0,0,0,1,3,12,2,0,2,312,0
927,Dachsbun,57,80,115,50,80,95,477,1.0,1.0,1.0,1.0,1.0,1.0,0.5,2.0,1.0,1.0,1.0,0.5,1.0,1.0,0.0,0.5,2.0,1.0,108,0.5,32.8,14.9,90,5.0,2560,90,Aroma Veil,Fairy,None,Dog,,9,0,0,0,1,3,12,2,0,1,477,0
928,Smoliv,41,35,45,58,51,30,260,1.0,2.0,0.5,0.5,0.5,2.0,2.0,2.0,0.5,2.0,1.0,2.0,1.0,0.0,1.0,1.0,1.0,1.0,100,0.3,14.3,6.5,255,5.0,2560,255,Early Bird; Harvest,Grass,Normal,Olive,,9,0,0,0,1,4,7,6,0,2,260,0
929,Dolliv,52,53,60,78,78,33,354,1.0,2.0,0.5,0.5,0.5,2.0,2.0,2.0,0.5,2.0,1.0,2.0,1.0,0.0,1.0,1.0,1.0,1.0,200,0.6,26.2,11.9,120,5.0,2560,120,Early Bird; Harvest,Grass,Normal,Olive,,9,0,0,0,1,4,7,6,0,2,354,0
930,Arboliva,78,69,90,125,109,39,510,1.0,2.0,0.5,0.5,0.5,2.0,2.0,2.0,0.5,2.0,1.0,2.0,1.0,0.0,1.0,1.0,1.0,1.0,407,1.4,106.3,48.2,45,5.0,2560,45,Harvest; Seed Sower,Grass,Normal,Olive,,9,0,0,0,1,4,7,6,0,2,510,0
931,Squawkabilly,82,96,51,45,51,92,417,1.0,1.0,1.0,2.0,0.5,2.0,1.0,1.0,0.0,1.0,1.0,0.5,2.0,0.0,1.0,1.0,1.0,1.0,200,0.6,5.3,2.4,190,5.0,1920,190,Guts; Hidden; Hustle; Intimidate; Sheer Force,Normal,Flying,Parrot,Green Plumage; Blue Plumage; Yellow Plumage; White Plumage,9,0,0,0,2,2,11,3,1,5,417,0
932,Nacli,55,55,75,35,35,25,280,0.5,0.5,2.0,1.0,2.0,1.0,2.0,0.5,2.0,0.5,1.0,1.0,1.0,1.0,1.0,1.0,2.0,1.0,104,0.4,35.3,16.0,255,5.0,2560,255,Clear Body; Purifying Salt; Sturdy,Rock,None,Rock Salt,,9,0,0,0,0,4,9,5,0,3,280,0
933,Naclstack,60,60,100,35,65,35,355,0.5,0.5,2.0,1.0,2.0,1.0,2.0,0.5,2.0,0.5,1.0,1.0,1.0,1.0,1.0,1.0,2.0,1.0,200,0.6,231.5,105.0,120,5.0,2560,120,Clear Body; Purifying Salt; Sturdy,Rock,None,Rock Salt,,9,0,0,0,0,4,9,5,0,3,355,0
934,Garganacl,100,100,130,45,90,35,500,0.5,0.5,2.0,1.0,2.0,1.0,2.0,0.5,2.0,0.5,1.0,1.0,1.0,1.0,1.0,1.0,2.0,1.0,707,2.3,529.1,240.0,45,5.0,2560,45,Clear Body; Purifying Salt; Sturdy,Rock,None,Rock Salt,,9,0,0,0,0,4,9,5,0,3,500,0
935,Charcadet,40,50,40,50,40,35,255,1.0,0.5,2.0,1.0,0.5,0.5,1.0,1.0,2.0,1.0,1.0,0.5,2.0,1.0,1.0,1.0,0.5,0.5,200,0.6,23.1,10.5,90,5.0,4480,90,Flame Body; Flash Fire,Fire,None,Fire Child,,9,0,0,0,0,6,9,3,0,2,255,0
936,Armarouge,85,60,100,125,80,75,525,1.0,0.5,2.0,1.0,0.5,0.5,0.5,1.0,2.0,1.0,0.5,1.0,2.0,2.0,1.0,2.0,0.5,0.5,411,1.5,187.4,85.0,25,5.0,4480,25,Flash Fire; Weak Armor,Fire,Psychic,Fire Warrior,,9,0,0,0,0,7,6,5,0,2,525,0
937,Ceruledge,75,125,80,60,100,85,525,0.0,0.5,2.0,1.0,0.5,0.5,0.0,0.5,2.0,1.0,1.0,0.25,2.0,2.0,1.0,2.0,0.5,0.5,503,1.6,136.7,62.0,25,5.0,4480,25,Flash Fire; Weak Armor,Fire,Ghost,Fire Blades,,9,0,0,0,2,7,4,5,0,2,525,0
938,Tadbulb,61,31,41,59,35,45,272,1.0,1.0,1.0,0.5,1.0,1.0,1.0,1.0,2.0,0.5,1.0,1.0,1.0,1.0,1.0,1.0,0.5,1.0,100,0.3,0.9,0.4,190,5.0,2560,190,Damp; Own Tempo; Static,Electric,None,EleTadpole,,9,0,0,0,0,3,14,1,0,3,272,0
939,Bellibolt,109,64,91,103,83,45,495,1.0,1.0,1.0,0.5,1.0,1.0,1.0,1.0,2.0,0.5,1.0,1.0,1.0,1.0,1.0,1.0,0.5,1.0,311,1.2,249.1,113.0,50,5.0,2560,50,Damp; Electromorphosis; Static,Electric,None,EleFrog,,9,0,0,0,0,3,14,1,0,3,495,0
940,Wattrel,40,40,35,55,40,70,280,1.0,1.0,1.0,1.0,0.5,2.0,0.5,1.0,0.0,0.5,1.0,0.5,2.0,1.0,1.0,1.0,0.5,1.0,104,0.4,7.9,3.6,180,5.0,2560,180,Competitive; Volt Absorb; Wind Power,Electric,Flying,Storm Petrel,,9,0,0,0,1,5,10,2,0,3,280,0
941,Kilowattrel,70,70,60,105,60,125,490,1.0,1.0,1.0,1.0,0.5,2.0,0.5,1.0,0.0,0.5,1.0,0.5,2.0,1.0,1.0,1.0,0.5,1.0,407,1.4,85.1,38.6,90,5.0,2560,90,Competitive; Volt Absorb; Wind Power,Electric,Flying,Frigatebird,,9,0,0,0,1,5,10,2,0,3,490,0
942,Maschiff,60,78,60,40,51,51,340,1.0,1.0,1.0,1.0,1.0,1.0,2.0,1.0,1.0,1.0,0.0,2.0,1.0,0.5,1.0,0.5,1.0,2.0,108,0.5,35.3,16.0,150,5.0,2560,150,Intimidate; Run Away; Stakeout,Dark,None,Rascal,,9,0,0,0,1,2,12,3,0,3,340,0
943,Mabosstiff,80,120,90,60,70,85,505,1.0,1.0,1.0,1.0,1.0,1.0,2.0,1.0,1.0,1.0,0.0,2.0,1.0,0.5,1.0,0.5,1.0,2.0,307,1.1,134.5,61.0,75,5.0,2560,75,Guard Dog; Intimidate; Stakeout,Dark,None,Boss,,9,0,0,0,1,2,12,3,0,3,505,0
944,Shroodle,40,65,35,40,35,75,290,1.0,1.0,1.0,1.0,0.5,1.0,1.0,0.5,2.0,1.0,2.0,0.5,1.0,0.0,1.0,1.0,1.0,0.5,8,0.2,1.5,0.7,190,5.0,2560,190,Pickpocket; Prankster; Unburden,Poison,Normal,Toxic Mouse,,9,0,0,0,1,4,11,2,0,3,290,0
945,Grafaiai,63,95,65,80,72,110,485,1.0,1.0,1.0,1.0,0.5,1.0,1.0,0.5,2.0,1.0,2.0,0.5,1.0,0.0,1.0,1.0,1.0,0.5,204,0.7,60.0,27.2,90,5.0,2560,90,Poison Touch; Prankster; Unburden,Poison,Normal,Toxic Monkey,,9,0,0,0,1,4,11,2,0,3,485,0
946,Bramblin,40,65,30,45,35,60,275,0.0,2.0,0.5,0.5,0.5,2.0,0.0,1.0,0.5,2.0,1.0,1.0,1.0,2.0,1.0,2.0,1.0,1.0,200,0.6,1.3,0.6,190,5.0,2560,190,Infiltrator; Wind Rider,Grass,Ghost,Tumbleweed,,9,0,0,0,2,4,7,5,0,2,275,0
947,Brambleghast,55,115,70,80,70,90,480,0.0,2.0,0.5,0.5,0.5,2.0,0.0,1.0,0.5,2.0,1.0,1.0,1.0,2.0,1.0,2.0,1.0,1.0,311,1.2,13.2,6.0,45,5.0,2560,45,Infiltrator; Wind Rider,Grass,Ghost,Tumbleweed,,9,0,0,0,2,4,7,5,0,2,480,0
948,Toedscool,40,40,35,50,100,70,335,1.0,2.0,1.0,0.0,1.0,4.0,1.0,1.0,0.5,2.0,1.0,2.0,0.5,1.0,1.0,1.0,1.0,1.0,211,0.9,72.8,33.0,190,5.0,2560,190,Mycelium Might,Ground,Grass,Woodear,,9,0,0,0,1,2,11,4,0,1,335,0
949,Toedscruel,80,70,65,80,120,100,515,1.0,2.0,1.0,0.0,1.0,4.0,1.0,1.0,0.5,2.0,1.0,2.0,0.5,1.0,1.0,1.0,1.0,1.0,603,1.9,127.9,58.0,90,5.0,2560,90,Mycelium Might,Ground,Grass,Woodear,,9,0,0,0,1,2,11,4,0,1,515,0
950,Klawf,70,100,115,35,55,75,450,0.5,0.5,2.0,1.0,2.0,1.0,2.0,0.5,2.0,0.5,1.0,1.0,1.0,1.0,1.0,1.0,2.0,1.0,403,1.3,174.2,79.0,120,5.0,4480,120,Anger Shell; Regenerator; Shell Armor,Rock,None,Ambush,,9,0,0,0,0,4,9,5,0,3,450,0
951,Capsakid,50,62,40,62,40,50,304,1.0,2.0,0.5,0.5,0.5,2.0,1.0,2.0,0.5,2.0,1.0,2.0,1.0,1.0,1.0,1.0,1.0,1.0,100,0.3,6.6,3.0,190,5.0,2560,190,Chlorophyll; Insomnia; Klutz,Grass,None,Spicy Pepper,,9,0,0,0,0,4,9,5,0,3,304,0
952,Scovillain,65,108,65,108,65,75,486,1.0,1.0,1.0,0.5,0.25,1.0,1.0,2.0,1.0,2.0,1.0,1.0,2.0,1.0,1.0,1.0,0.5,0.5,211,0.9,33.1,15.0,75,5.0,2560,75,Chlorophyll; Insomnia; Moody,Grass,Fire,Spicy Pepper,,9,0,0,0,0,4,11,3,0,3,486,0
953,Rellor,41,50,60,31,58,30,270,1.0,2.0,1.0,1.0,0.5,1.0,0.5,1.0,0.5,2.0,1.0,1.0,2.0,1.0,1.0,1.0,1.0,1.0,8,0.2,2.2,1.0,190,5.0,2560,190,Compoundeyes; Shed Skin,Bug,None,Rolling,,9,0,0,0,0,3,12,3,0,2,270,0
954,Rabsca,75,50,85,115,100,45,470,1.0,2.0,1.0,1.0,0.5,1.0,0.25,1.0,0.5,2.0,0.5,2.0,2.0,2.0,1.0,2.0,1.0,1.0,100,0.3,7.7,3.5,45,5.0,2560,45,Synchronize; Telepathy,Bug,Psychic,Rolling,,9,0,0,0,0,4,8,6,0,2,470,0
955,Flittle,30,35,30,55,30,75,255,1.0,1.0,1.0,1.0,1.0,1.0,0.5,1.0,1.0,1.0,0.5,2.0,1.0,2.0,1.0,2.0,1.0,1.0,8,0.2,3.3,1.5,120,5.0,2560,120,Anticipation; Frisk; Speed Boost,Psychic,None,Frill,,9,0,0,0,0,2,13,3,0,3,255,0
956,Espathra,95,60,60,101,60,105,481,1.0,1.0,1.0,1.0,1.0,1.0,0.5,1.0,1.0,1.0,0.5,2.0,1.0,2.0,1.0,2.0,1.0,1.0,603,1.9,198.4,90.0,60,5.0,2560,60,Frisk; Opportunist; Speed Boost,Psychic,None,Ostrich,,9,0,0,0,0,2,13,3,0,3,481,0
957,Tinkatink,50,45,45,35,64,58,297,0.5,2.0,1.0,1.0,0.5,0.5,1.0,0.0,2.0,0.5,0.5,0.25,0.5,1.0,0.0,0.5,1.0,0.5,104,0.4,19.6,8.9,190,0.0,2560,190,Mold Breaker; Own Tempo; Pickpocket,Fairy,Steel,Metalsmith,,9,0,0,0,2,9,5,2,0,3,297,0
958,Tinkatuff,65,55,55,45,82,78,380,0.5,2.0,1.0,1.0,0.5,0.5,1.0,0.0,2.0,0.5,0.5,0.25,0.5,1.0,0.0,0.5,1.0,0.5,204,0.7,130.3,59.1,90,0.0,2560,90,Mold Breaker; Own Tempo; Pickpocket,Fairy,Steel,Hammer,,9,0,0,0,2,9,5,2,0,3,380,0
959,Tinkaton,85,75,77,70,105,94,506,0.5,2.0,1.0,1.0,0.5,0.5,1.0,0.0,2.0,0.5,0.5,0.25,0.5,1.0,0.0,0.5,1.0,0.5,204,0.7,248.7,112.8,45,0.0,2560,45,Mold Breaker; Own Tempo; Pickpocket,Fairy,Steel,Hammer,,9,0,0,0,2,9,5,2,0,3,506,0
960,Wiglett,10,55,25,35,25,95,245,1.0,0.5,0.5,2.0,2.0,0.5,1.0,1.0,1.0,1.0,1.0,1.0,1.0,1.0,1.0,1.0,0.5,1.0,311,1.2,4.0,1.8,255,5.0,2560,255,Gooey; Rattled; Sand Veil,Water,None,Garden Eel,,9,0,0,0,0,4,12,2,0,3,245,0
961,Wugtrio,35,100,50,50,70,120,425,1.0,0.5,0.5,2.0,2.0,0.5,1.0,1.0,1.0,1.0,1.0,1.0,1.0,1.0,1.0,1.0,0.5,1.0,311,1.2,11.9,5.4,50,5.0,2560,50,Gooey; Rattled; Sand Veil,Water,None,Garden Eel,,9,0,0,0,0,4,12,2,0,3,425,0
962,Bombirdier,70,103,85,60,85,82,485,1.0,1.0,1.0,2.0,0.5,2.0,1.0,1.0,0.0,1.0,0.0,1.0,2.0,0.5,1.0,0.5,1.0,2.0,411,1.5,94.6,42.9,25,5.0,4480,25,Big Pecks; Keen Eye; Rocky Payload,Flying,Dark,Item Drop,,9,0,0,0,2,3,9,4,0,3,485,0
963,Finizen,70,45,40,45,40,75,315,1.0,0.5,0.5,2.0,2.0,0.5,1.0,1.0,1.0,1.0,1.0,1.0,1.0,1.0,1.0,1.0,0.5,1.0,403,1.3,132.7,60.2,200,5.0,5120,200,Water Veil,Water,None,Dolphin,,9,0,0,0,0,4,12,2,0,1,315,0
964,Palafin,100,70,72,53,62,100,457,1.0,0.5,0.5,2.0,2.0,0.5,1.0,1.0,1.0,1.0,1.0,1.0,1.0,1.0,1.0,1.0,0.5,1.0,51,1.3,132.7,60.2,45,5.0,5120,45,Zero to Hero,Water,None,Dolphin,Zero Form; Hero Form,9,0,0,0,0,4,12,2,1,1,457,0
965,Varoom,45,70,63,30,45,47,300,0.5,2.0,1.0,1.0,0.25,0.5,1.0,0.0,4.0,0.5,1.0,0.25,0.5,1.0,0.5,1.0,0.5,0.25,303,1.0,77.2,35.0,190,5.0,2560,190,Overcoat; Slow Start,Steel,Poison,Single-Cyl,,9,0,0,0,1,9,6,2,0,2,300,0
966,Revavroom,80,119,90,54,67,90,500,0.5,2.0,1.0,1.0,0.25,0.5,1.0,0.0,4.0,0.5,1.0,0.25,0.5,1.0,0.5,1.0,0.5,0.25,511,1.8,264.6,120.0,75,5.0,2560,75,Filter; Overcoat,Steel,Poison,Multi-Cyl,,9,0,0,0,1,9,6,2,0,2,500,0
967,Cyclizar,70,95,65,85,65,121,501,1.0,0.5,0.5,0.5,0.5,2.0,2.0,1.0,1.0,1.0,1.0,1.0,1.0,0.0,2.0,1.0,1.0,2.0,503,1.6,138.9,63.0,190,5.0,3840,190,Regenerator; Shed Skin,Dragon,Normal,Mount,,9,0,0,0,1,4,9,4,0,2,501,0
968,Orthworm,70,85,145,60,55,65,480,0.5,2.0,1.0,1.0,0.5,0.5,2.0,0.0,2.0,0.5,0.5,0.5,0.5,1.0,0.5,1.0,0.5,0.5,802,2.5,683.4,310.0,25,5.0,4480,25,Earth Eater; Sand Veil,Steel,None,Earthworm,,9,0,0,0,1,10,4,3,0,2,480,0
969,Glimmet,48,35,42,105,60,60,350,0.5,0.5,2.0,1.0,1.0,1.0,1.0,0.25,4.0,0.5,2.0,0.5,1.0,1.0,1.0,1.0,2.0,0.5,204,0.7,17.6,8.0,70,5.0,3840,70,Corrosion; Toxic Debris,Rock,Poison,Ore,,9,0,0,0,0,6,8,4,0,2,350,0
970,Glimmora,83,55,90,130,81,86,525,0.5,0.5,2.0,1.0,1.0,1.0,1.0,0.25,4.0,0.5,2.0,0.5,1.0,1.0,1.0,1.0,2.0,0.5,411,1.5,99.2,45.0,25,5.0,3840,25,Corrosion; Toxic Debris,Rock,Poison,Ore,,9,0,0,0,0,6,8,4,0,2,525,0
971,Greavard,50,61,60,30,55,34,290,0.0,1.0,1.0,1.0,1.0,1.0,0.0,0.5,1.0,1.0,1.0,0.5,1.0,2.0,1.0,2.0,1.0,1.0,200,0.6,77.2,35.0,120,5.0,2560,120,Fluffy; Pickup,Ghost,None,Ghost Dog,,9,0,0,0,2,2,12,2,0,2,290,0
972,Houndstone,72,101,100,50,97,68,488,0.0,1.0,1.0,1.0,1.0,1.0,0.0,0.5,1.0,1.0,1.0,0.5,1.0,2.0,1.0,2.0,1.0,1.0,607,2.0,33.1,15.0,60,5.0,2560,60,Fluffy; Sand Rush,Ghost,None,Ghost Dog,,9,0,0,0,2,2,12,2,0,2,488,0
973,Flamigo,82,115,74,75,64,90,500,1.0,1.0,1.0,2.0,0.5,2.0,0.5,1.0,0.0,2.0,2.0,0.25,1.0,1.0,1.0,0.5,1.0,2.0,503,1.6,81.6,37.0,100,5.0,2560,100,Costar; Scrappy; Tangled Feet,Flying,Fighting,Synchronize,,9,0,0,0,1,4,8,5,0,3,500,0
974,Cetoddle,108,68,45,30,40,43,334,1.0,2.0,1.0,1.0,1.0,0.5,2.0,1.0,1.0,1.0,1.0,1.0,2.0,1.0,1.0,1.0,2.0,1.0,311,1.2,99.2,45.0,150,5.0,3200,150,Sheer Force; Snow Cloak; Thick Fat,Ice,None,Terra Whale,,9,0,0,0,0,1,13,4,0,3,334,0
975,Cetitan,170,113,65,45,55,73,521,1.0,2.0,1.0,1.0,1.0,0.5,2.0,1.0,1.0,1.0,1.0,1.0,2.0,1.0,1.0,1.0,2.0,1.0,1409,4.5,1543.2,700.0,50,5.0,3200,50,Sheer Force; Slush Rush; Thick Fat,Ice,None,Terra Whale,,9,0,0,0,0,1,13,4,0,3,521,0
976,Veluza,90,102,73,78,65,70,478,1.0,0.5,0.5,2.0,2.0,0.5,0.5,1.0,1.0,1.0,0.5,2.0,1.0,2.0,1.0,2.0,0.5,1.0,802,2.5,198.4,90.0,100,5.0,2560,100,Mold Breaker; Sharpness,Water,Psychic,Jettison,,9,0,0,0,0,6,7,5,0,2,478,0
977,Dondozo,150,100,115,65,65,35,530,1.0,0.5,0.5,2.0,2.0,0.5,1.0,1.0,1.0,1.0,1.0,1.0,1.0,1.0,1.0,1.0,0.5,1.0,3904,12.0,485.0,220.0,25,5.0,5120,25,Oblivious; Unaware; Water Veil,Water,None,Big Catfish,,9,0,0,0,0,4,12,2,0,3,530,0
978,Tatsugiri,68,50,60,120,95,82,475,1.0,0.25,0.25,1.0,1.0,1.0,1.0,1.0,1.0,1.0,1.0,1.0,1.0,1.0,2.0,1.0,0.5,2.0,100,0.3,17.6,8.0,100,5.0,4480,100,Commander; Storm Drain,Dragon,Water,Mimicry,Curly Form; Droopy Form; Stretchy Form,9,0,0,0,0,3,13,2,1,2,475,0
979,Annihilape,110,115,80,50,90,90,535,0.0,1.0,1.0,1.0,1.0,1.0,0.0,0.5,1.0,2.0,2.0,0.25,0.5,2.0,1.0,1.0,1.0,2.0,311,1.2,123.5,56.0,45,5.0,2560,45,Defiant; Inner Focus; Vital Spirit,Fighting,Ghost,Rage Monkey,,9,0,0,0,2,3,9,4,0,3,535,0
980,Clodsire,130,75,60,45,100,20,430,1.0,1.0,2.0,0.0,1.0,2.0,0.5,0.25,2.0,1.0,2.0,0.5,0.5,1.0,1.0,1.0,1.0,0.5,511,1.8,491.6,223.0,90,5.0,2560,90,Poison Point; Unaware; Water Absorb,Poison,Ground,Spiny Fish,,9,0,0,0,1,5,8,4,0,3,430,0
981,Farigiraf,120,90,70,110,70,60,520,1.0,1.0,1.0,1.0,1.0,1.0,1.0,1.0,1.0,1.0,0.5,2.0,1.0,0.0,1.0,2.0,1.0,1.0,1006,3.2,352.7,160.0,45,5.0,2560,45,Armor Tail; Cud Chew; Sap Sipper,Normal,Psychic,Long Neck,,9,0,0,0,1,1,14,2,0,3,520,0
982,Dudunsparce,125,100,80,85,75,55,520,1.0,1.0,1.0,1.0,1.0,1.0,2.0,1.0,1.0,1.0,1.0,1.0,1.0,0.0,1.0,1.0,1.0,1.0,132,3.6,86.4,39.2,45,5.0,2560,45,Rattled; Run Away; Serene Grace,Normal,None,Land Snake,Two-Segment Form; Three-Segment Form,9,0,0,0,1,0,16,1,1,3,520,0
983,Kingambit,100,135,120,60,85,50,550,0.5,2.0,1.0,1.0,0.5,0.5,4.0,0.0,2.0,0.5,0.0,1.0,0.5,0.5,0.5,0.5,0.5,1.0,607,2.0,264.6,120.0,25,5.0,2560,25,Defiant; Pressure; Supreme Overlord,Dark,Steel,Big Blade,,9,0,0,0,2,9,4,3,0,3,550,0
984,Great Tusk,115,131,131,53,53,87,570,1.0,1.0,2.0,0.0,2.0,2.0,1.0,0.5,1.0,2.0,2.0,0.5,0.25,1.0,1.0,0.5,1.0,2.0,703,2.2,705.5,320.0,30,5.0,6400,30,Protosynthesis,Ground,Fighting,Paradox,,9,0,0,0,1,4,7,6,0,1,570,0
985,Scream Tail,115,65,99,65,115,111,570,1.0,1.0,1.0,1.0,1.0,1.0,0.25,2.0,1.0,1.0,0.5,1.0,1.0,2.0,0.0,1.0,2.0,1.0,311,1.2,17.6,8.0,50,5.0,6400,50,Protosynthesis,Fairy,Psychic,Paradox,,9,0,0,0,1,2,12,3,0,1,570,0
986,Brute Bonnet,111,127,99,79,99,55,570,1.0,2.0,0.5,0.5,0.5,2.0,2.0,2.0,0.5,2.0,0.0,4.0,1.0,0.5,1.0,0.5,1.0,2.0,311,1.2,46.3,21.0,50,5.0,6400,50,Protosynthesis,Grass,Dark,Paradox,,9,0,0,0,1,6,4,7,0,1,570,0
987,Flutter Mane,55,55,55,135,135,135,570,0.0,1.0,1.0,1.0,1.0,1.0,0.0,1.0,1.0,1.0,1.0,0.25,1.0,2.0,0.0,1.0,2.0,1.0,407,1.4,8.8,4.0,30,5.0,6400,30,Protosynthesis,Ghost,Fairy,Paradox,,9,0,0,0,3,1,12,2,0,1,570,0
988,Slither Wing,85,135,79,85,105,81,570,1.0,2.0,1.0,1.0,0.5,1.0,0.5,1.0,0.5,4.0,2.0,0.5,1.0,1.0,1.0,0.5,1.0,2.0,1006,3.2,202.8,92.0,30,5.0,6400,30,Protosynthesis,Bug,Fighting,Paradox,,9,0,0,0,0,5,9,4,0,1,570,0
989,Sandy Shocks,85,81,97,121,85,101,570,1.0,1.0,2.0,0.0,2.0,2.0,1.0,0.5,2.0,0.5,1.0,1.0,0.5,1.0,1.0,1.0,0.5,1.0,707,2.3,132.3,60.0,30,5.0,6400,30,Protosynthesis,Electric,Ground,Paradox,,9,0,0,0,1,4,9,4,0,1,570,0
990,Iron Treads,90,112,120,72,70,106,570,0.5,2.0,2.0,0.0,1.0,1.0,2.0,0.0,2.0,0.5,0.5,0.5,0.25,1.0,0.5,1.0,0.5,0.5,211,0.9,529.1,240.0,30,5.0,6400,30,Quark Drive,Ground,Steel,Paradox,,9,0,0,0,2,8,4,4,0,1,570,0
991,Iron Bundle,56,80,114,124,60,136,570,1.0,1.0,0.5,2.0,2.0,0.25,2.0,1.0,1.0,1.0,1.0,1.0,2.0,1.0,1.0,1.0,1.0,1.0,200,0.6,24.3,11.0,50,5.0,6400,50,Quark Drive,Ice,Water,Paradox,,9,0,0,0,0,2,12,4,0,1,570,0
992,Iron Hands,154,140,108,50,68,50,570,1.0,1.0,1.0,0.5,1.0,1.0,1.0,1.0,2.0,1.0,2.0,0.5,0.5,1.0,1.0,0.5,0.5,2.0,511,1.8,839.3,380.7,50,5.0,6400,50,Quark Drive,Fighting,Electric,Paradox,,9,0,0,0,0,5,10,3,0,1,570,0
993,Iron Jugulis,94,80,86,122,80,108,570,1.0,1.0,1.0,2.0,0.5,2.0,1.0,1.0,0.0,1.0,0.0,1.0,2.0,0.5,1.0,0.5,1.0,2.0,403,1.3,244.7,111.0,30,5.0,6400,30,Quark Drive,Dark,Flying,Paradox,,9,0,0,0,2,3,9,4,0,1,570,0
994,Iron Moth,80,70,60,140,110,110,570,1.0,0.5,2.0,1.0,0.25,0.5,0.5,0.5,4.0,1.0,2.0,0.25,2.0,1.0,1.0,1.0,0.5,0.25,311,1.2,79.4,36.0,30,5.0,6400,30,Quark Drive,Fire,Poison,Paradox,,9,0,0,0,0,8,6,4,0,1,570,0
995,Iron Thorns,100,134,110,70,84,72,570,0.5,0.5,2.0,0.5,2.0,1.0,2.0,0.5,4.0,0.25,1.0,1.0,1.0,1.0,1.0,1.0,1.0,1.0,503,1.6,668.0,303.0,30,5.0,6400,30,Quark Drive,Rock,Electric,Paradox,,9,0,0,0,0,5,9,4,0,1,570,0
996,Frigibax,65,75,45,35,45,55,320,1.0,1.0,0.5,0.5,0.5,1.0,2.0,1.0,1.0,1.0,1.0,1.0,2.0,1.0,2.0,1.0,2.0,2.0,108,0.5,37.5,17.0,45,5.0,5120,45,Ice Body; Thermal Exchange,Dragon,Ice,Ice Fin,,9,0,0,0,0,3,10,5,0,2,320,0
997,Arctibax,90,95,66,45,65,62,423,1.0,1.0,0.5,0.5,0.5,1.0,2.0,1.0,1.0,1.0,1.0,1.0,2.0,1.0,2.0,1.0,2.0,2.0,207,0.8,66.1,30.0,25,5.0,5120,25,Ice Body; Thermal Exchange,Dragon,Ice,Ice Fin,,9,0,0,0,0,3,10,5,0,2,423,0
998,Baxcalibur,115,145,92,75,86,87,600,1.0,1.0,0.5,0.5,0.5,1.0,2.0,1.0,1.0,1.0,1.0,1.0,2.0,1.0,2.0,1.0,2.0,2.0,611,2.1,463.0,210.0,10,5.0,5120,10,Ice Body; Thermal Exchange,Dragon,Ice,Ice Dragon,,9,0,0,0,0,3,10,5,0,2,600,0
999,Gimmighoul,45,30,70,75,70,10,300,0.0,1.0,1.0,1.0,1.0,1.0,0.0,0.5,1.0,1.0,1.0,0.5,1.0,2.0,1.0,2.0,1.0,1.0,12,0.3,11.0,5.0,45,5.0,5120,501,Rattled; Roaming; Roaming Form Abilities; Run Away,Ghost,None,Coin Chest,Chest Form; Roaming Form,9,0,0,0,2,2,12,2,1,4,300,0
1000,Gholdengo,87,60,95,133,91,84,550,0.0,2.0,1.0,1.0,0.5,0.5,0.0,0.0,2.0,0.5,0.5,0.25,0.5,2.0,0.5,2.0,0.5,0.5,311,1.2,66.1,30.0,45,5.0,6400,45,Good as Gold,Steel,Ghost,Coin Entity,,9,0,0,0,3,9,2,4,0,1,550,0
1001,Wo-Chien,85,85,100,95,135,70,570,1.0,2.0,0.5,0.5,0.5,2.0,2.0,2.0,0.5,2.0,0.0,4.0,1.0,0.5,1.0,0.5,1.0,2.0,411,1.5,163.6,74.2,6,5.0,6400,6,Tablets of Ruin,Dark,Grass,Ruinous,,9,1,0,0,1,6,4,7,0,1,570,0
1002,Chien-Pao,80,120,80,90,65,135,570,1.0,2.0,1.0,1.0,1.0,0.5,4.0,1.0,1.0,1.0,0.0,2.0,2.0,0.5,1.0,0.5,2.0,2.0,603,1.9,335.5,152.2,6,5.0,6400,6,Swords of Ruin,Dark,Ice,Ruinous,,9,1,0,0,1,3,8,6,0,1,570,0
1003,Ting-Lu,155,110,125,55,80,45,570,1.0,1.0,2.0,0.0,2.0,2.0,2.0,0.5,1.0,1.0,0.0,2.0,0.5,0.5,1.0,0.5,1.0,2.0,810,2.7,1542.6,699.7,6,5.0,6400,6,Vessel of Ruin,Dark,Ground,Ruinous,,9,1,0,0,2,4,6,6,0,1,570,0
1004,Chi-Yu,55,80,80,135,120,100,570,1.0,0.5,2.0,1.0,0.5,0.5,2.0,1.0,2.0,1.0,0.0,1.0,2.0,0.5,1.0,0.5,0.5,1.0,104,0.4,10.8,4.9,6,5.0,6400,6,Beads of Ruin,Dark,Fire,Ruinous,,9,1,0,0,1,6,7,4,0,1,570,0
1005,Roaring Moon,105,139,71,55,101,119,590,1.0,0.5,0.5,0.5,0.5,2.0,2.0,1.0,1.0,1.0,0.0,2.0,1.0,0.5,2.0,0.5,1.0,4.0,607,2.0,837.7,380.0,10,5.0,6400,10,Protosynthesis,Dragon,Dark,Paradox,,9,0,0,0,1,6,6,5,0,1,590,0
1006,Iron Valiant,74,130,90,120,60,116,590,1.0,1.0,1.0,1.0,1.0,1.0,0.5,2.0,1.0,2.0,2.0,0.25,0.5,1.0,0.0,0.25,2.0,2.0,407,1.4,77.2,35.0,10,5.0,6400,10,Quark Drive,Fairy,Fighting,Paradox,,9,0,0,0,1,4,8,5,0,1,590,0
1007,Koraidon,100,135,115,85,100,135,670,1.0,0.5,0.5,0.5,0.5,2.0,1.0,1.0,1.0,2.0,2.0,0.5,0.5,1.0,2.0,0.5,1.0,4.0,802,2.5,668.0,303.0,3,5.0,6400,3,Orichalcum Pulse,Fighting,Dragon,Paradox,,9,1,0,0,0,7,6,5,0,1,670,0
1008,Miraidon,100,85,100,135,115,135,670,1.0,0.5,0.5,0.25,0.5,2.0,1.0,1.0,2.0,0.5,1.0,1.0,1.0,1.0,2.0,1.0,0.5,2.0,1106,3.5,529.1,240.0,3,5.0,6400,3,Hadron Engine,Electric,Dragon,Paradox,,9,1,0,0,0,6,8,4,0,1,670,0
1009,Walking Wake,99,83,91,125,83,109,590,1.0,0.25,0.25,1.0,1.0,1.0,1.0,1.0,1.0,1.0,1.0,1.0,1.0,1.0,2.0,1.0,0.5,2.0,1106,3.5,617.3,280.0,5,5.0,6400,5,Protosynthesis,Water,Dragon,Paradox,,9,0,0,0,0,3,13,2,0,1,590,0
1010,Iron Leaves,90,130,88,70,108,104,590,1.0,2.0,0.5,0.5,0.5,2.0,0.5,2.0,0.5,2.0,0.5,4.0,1.0,2.0,1.0,2.0,1.0,1.0,411,1.5,275.6,125.0,5,5.0,6400,5,Quark Drive,Grass,Psychic,Paradox,,9,0,0,0,0,6,5,7,0,1,590,0
1011,Dipplin,80,80,110,95,80,40,485,1.0,1.0,0.25,0.25,0.25,4.0,1.0,2.0,0.5,2.0,1.0,2.0,1.0,1.0,2.0,1.0,1.0,2.0,104,0.4,9.7,4.4,45,5.0,2560,45,Gluttony; Sticky Hold; Supersweet Syrup,Grass,Dragon,Candy Apple,,9,0,0,0,0,4,8,6,0,3,485,0
1012,Poltchageist,40,45,45,74,54,50,308,0.0,2.0,0.5,0.5,0.5,2.0,0.0,1.0,0.5,2.0,1.0,1.0,1.0,2.0,1.0,2.0,1.0,1.0,4,0.1,2.4,1.1,120,5.0,2560,120,Heatproof; Hospitality,Grass,Ghost,Matcha,,9,0,0,0,2,4,7,5,0,2,308,0
1013,Sinistcha,71,60,106,121,80,70,508,0.0,2.0,0.5,0.5,0.5,2.0,0.0,1.0,0.5,2.0,1.0,1.0,1.0,2.0,1.0,2.0,1.0,1.0,8,0.2,4.9,2.2,60,5.0,2560,60,Heatproof; Hospitality,Grass,Ghost,Matcha,,9,0,0,0,2,4,7,5,0,2,508,0
1014,Okidogi,88,128,115,58,86,80,555,1.0,1.0,1.0,1.0,0.5,1.0,0.5,0.5,2.0,2.0,4.0,0.25,0.5,1.0,1.0,0.5,1.0,1.0,511,1.8,203.3,92.2,3,10.0,15360,3,Guard Dog; Toxic Chain,Poison,Fighting,Retainer,,9,1,0,0,0,6,9,3,0,2,555,0
1015,Munkidori,88,75,66,130,90,106,555,1.0,1.0,1.0,1.0,0.5,1.0,0.25,0.5,2.0,1.0,1.0,1.0,1.0,2.0,1.0,2.0,1.0,0.5,303,1.0,26.9,12.2,3,10.0,15360,3,Frisk; Toxic Chain,Poison,Psychic,Retainer,,9,1,0,0,0,4,11,3,0,2,555,0
1016,Fezandipiti,88,91,82,70,125,99,555,1.0,1.0,1.0,1.0,0.5,1.0,0.25,1.0,2.0,1.0,2.0,0.25,1.0,1.0,0.0,0.5,2.0,0.5,407,1.4,66.4,30.1,3,10.0,15360,3,Technician; Toxic Chain,Poison,Fairy,Retainer,,9,1,0,0,1,5,9,3,0,2,555,0
1017,Ogerpon,80,120,84,60,96,110,550,1.0,2.0,0.5,0.5,0.5,2.0,1.0,2.0,0.5,2.0,1.0,2.0,1.0,1.0,1.0,1.0,1.0,1.0,311,1.2,87.7,39.8,5,0.0,1280,5,Cornerstone Mask; Cornerstone Mask Abilities; Defiant; Hearthflame Mask Abilities; Mold Breaker; Sturdy; Teal Mask Abilities; Terastallised Abilities; Water Absorb; Wellspring Mask Abilities,Grass,None,Mask,Teal Mask; Wellspring Mask; Hearthflame Mask; Cornerstone Mask,9,1,0,0,0,4,9,5,1,10,550,0
1018,Archaludon,90,105,130,125,65,85,600,0.5,1.0,0.5,0.5,0.25,1.0,2.0,0.0,2.0,0.5,0.5,0.5,0.5,1.0,1.0,1.0,0.5,1.0,607,2.0,132.3,60.0,10,5.0,3840,10,Stalwart; Stamina; Sturdy,Steel,Dragon,Alloy,,9,0,0,0,1,9,6,2,0,3,600,0
1019,Hydrapple,106,80,110,120,80,44,540,1.0,1.0,0.25,0.25,0.25,4.0,1.0,2.0,0.5,2.0,1.0,2.0,1.0,1.0,2.0,1.0,1.0,2.0,511,1.8,205.0,93.0,10,5.0,2560,10,Regenerator; Sticky Hold; Supersweet Syrup,Grass,Dragon,Apple Hydra,,9,0,0,0,0,4,8,6,0,3,540,0
1020,Gouging Fire,105,115,121,65,93,91,590,1.0,0.25,1.0,0.5,0.25,1.0,1.0,1.0,2.0,1.0,1.0,0.5,2.0,1.0,2.0,1.0,0.5,1.0,1106,3.5,1300.7,590.0,10,5.0,6400,10,Protosynthesis,Fire,Dragon,Paradox,,9,0,0,0,0,5,10,3,0,1,590,0
1021,Raging Bolt,125,73,91,137,89,75,590,1.0,0.5,0.5,0.25,0.5,2.0,1.0,1.0,2.0,0.5,1.0,1.0,1.0,1.0,2.0,1.0,0.5,2.0,1701,5.2,1058.2,480.0,10,5.0,6400,10,Protosynthesis,Electric,Dragon,Paradox,,9,0,0,0,0,6,8,4,0,1,590,0
1022,Iron Boulder,90,120,80,68,108,124,590,0.5,0.5,2.0,1.0,2.0,1.0,1.0,0.5,2.0,0.5,0.5,2.0,1.0,2.0,1.0,2.0,2.0,1.0,411,1.5,358.2,162.5,10,5.0,6400,10,Quark Drive,Rock,Psychic,Paradox,,9,0,0,0,0,5,6,7,0,1,590,0
1023,Iron Crown,90,72,100,122,108,98,590,0.5,2.0,1.0,1.0,0.5,0.5,1.0,0.0,2.0,0.5,0.25,1.0,0.5,2.0,0.5,2.0,0.5,0.5,503,1.6,343.9,156.0,10,5.0,6400,10,Quark Drive,Steel,Psychic,Paradox,,9,0,0,0,1,9,4,4,0,1,590,0
1024,Terapagos,90,65,85,65,85,60,450,1.0,1.0,1.0,1.0,1.0,1.0,2.0,1.0,1.0,1.0,1.0,1.0,1.0,0.0,1.0,1.0,1.0,1.0,8,0.2,14.3,6.5,255,5.0,5120,255,Stellar Form; Stellar Form Ability; Tera Shell; Tera Shift; Teraform Zero; Terastal Form Ability,Normal,None,Tera,Normal Form; Terastal Form; Stellar Form,9,1,0,0,1,0,16,1,1,6,450,0
1025,Pecharunt,88,88,160,88,88,88,600,0.0,1.0,1.0,1.0,0.5,1.0,0.0,0.25,2.0,1.0,2.0,0.25,1.0,2.0,1.0,2.0,1.0,0.5,100,0.3,0.7,0.3,3,5.0,5120,3,Poison Puppeteer,Poison,Ghost,Subjugation,,9,0,1,0,2,4,8,4,0,1,600,0
