type_1,type_2,gen,is_legendary,is_mythical,is_ultra_beast,hp,attack,defense,sp_attack,sp_defense,speed,base_stats,height_meters,weight_kilograms,capturing_rate,gender_male_ratio,egg_steps,egg_cycles,abilities_count,number_immune,number_not_effective,number_normal,number_super_effective
Normal,Dragon,9,0,0,0,80,50,73,95,92,74,551,3.1036953713159425,89.70003464138782,63,6.426603199894998,6317,39,3,2,5,6,4
Normal,Flying,8,1,0,0,104,85,67,95,91,116,562,0.7817536814437965,46.74748244454197,139,5.585515853771407,5214,20,1,0,2,7,3
Rock,Ghost,7,0,0,0,125,71,72,53,80,50,480,0.7129358656968147,6.947636072755927,78,5.445236959468917,2842,52,3,2,9,11,4
Poison,Dark,7,0,0,0,87,105,49,96,47,50,572,2.565383033521649,-2.2446503541914584,55,5.076610865252496,6241,88,1,2,8,11,7
Steel,Dragon,1,0,0,0,80,104,120,135,50,104,641,1.5733559438966345,123.01455500242756,42,5.025343066650579,6605,38,1,2,4,6,4
Electric,Dragon,5,0,0,0,178,57,102,80,76,110,582,1.9907686843658026,0.033146392041043526,48,5.535458366136905,16993,22,3,2,6,12,1
Steel,Flying,7,0,1,1,302,136,62,113,102,97,624,8.587835491820604,633.2136816943187,32,5.353336668116832,32612,-28,1,2,8,5,4
Psychic,Poison,9,0,0,0,69,62,41,112,134,62,520,2.184422015199196,22.93455434173996,0,5.489764657911542,4972,71,1,0,7,8,5
Bug,Psychic,4,0,0,0,81,82,32,136,43,87,550,0.894084074246454,14.715900624631077,55,54.514616664974724,3164,39,1,0,5,7,4
Psychic,Normal,8,0,0,0,65,54,65,59,31,104,470,0.810967415909505,10.12547852049783,143,90.21355332099627,4765,65,3,1,4,6,4
Ice,nan,6,0,0,0,81,65,56,68,67,72,403,1.0880891083841515,0.3162728117745548,106,5.2949324196139065,3538,85,3,0,4,11,1
Dragon,nan,4,0,0,0,134,122,56,52,64,66,484,1.2583301890834027,1.8891296635065569,73,4.328586394441627,6957,88,3,1,4,7,2
Fighting,Ghost,9,0,1,0,87,131,145,83,88,88,495,2.190533236098732,64.42246028539,35,5.854220956255038,4870,15,3,1,7,11,1
Bug,Fairy,5,0,0,0,48,56,49,49,34,43,292,0.3479834437895736,4.325901069247337,258,5.457510030735096,9670,117,2,0,3,10,4
Psychic,nan,8,1,0,0,139,119,166,109,80,77,607,1.4126120252178662,56.762615166447134,28,6.049940119994407,23680,-3,3,0,0,14,3
Grass,Ground,2,0,0,0,83,62,86,38,44,55,290,1.8489001535772314,-13.245420885203979,103,7.664571212311924,5497,199,3,1,4,8,2
Electric,Fairy,6,0,0,0,48,94,88,62,64,64,411,1.7926162003951986,12.454513992962685,83,5.150080208331049,4645,137,1,2,8,11,3
Poison,Ice,5,0,0,0,53,58,46,127,85,73,601,1.6558953145171724,28.79109614620122,69,7.721171190465535,26590,92,3,0,5,7,6
Normal,Ground,9,0,0,0,73,106,99,100,62,107,488,1.7612787047037415,63.0629716961747,84,95.1630049682643,3417,62,4,0,4,8,1
Normal,Fire,5,0,0,0,55,119,49,106,103,121,586,2.0215182877704887,361.4525072140418,87,5.986410460292158,5896,97,1,1,8,7,4
Grass,Grass,6,0,0,0,73,86,80,61,85,47,504,1.2004451028141585,7.757121128928332,83,87.56173979039161,6699,135,3,0,3,16,6
Fire,Flying,5,0,0,0,68,92,34,52,40,55,272,0.6235632628795407,11.153444613247053,260,6.2657884571716345,5001,241,1,2,4,9,2
Water,Fire,5,0,0,0,67,61,50,50,76,106,271,0.29176490630654317,-3.481925807276779,247,5.169070989707414,5390,12,1,0,4,4,2
Ground,Ground,8,0,0,0,112,113,108,36,69,70,544,0.75351659083404,44.76921175945765,18,5.364332146110536,5736,124,3,1,4,5,6
Steel,Ground,8,1,0,0,79,84,86,105,77,57,486,2.504851771977421,12.019657462678552,24,5.561288275103602,8634,10,4,1,6,11,3
Water,Grass,5,0,0,0,42,49,45,62,48,59,216,0.2723531116924539,14.907776429390562,48,93.21356437296654,5276,117,3,0,5,14,5
Rock,Dark,7,0,0,1,87,85,78,119,67,59,571,6.381144671602444,677.9718891058031,34,6.989016146029682,39077,47,1,2,7,7,4
Bug,Rock,4,0,0,0,73,72,24,124,67,53,498,0.5653758278166823,65.3576115119842,46,94.84854928573286,5147,122,4,1,5,9,6
Steel,Ghost,7,0,1,0,248,106,115,140,117,78,559,2.751556250358466,580.3735291057013,16,4.925159270272358,32820,36,1,1,0,7,1
Fighting,nan,8,1,0,0,81,149,86,109,105,105,607,3.724808789674966,134.50025417678023,18,5.815206142590117,12235,6,1,0,1,11,3
Dragon,Fairy,9,0,0,0,64,107,44,49,100,105,563,0.752611896110666,108.78204786334929,71,5.321054225821523,30713,18,2,1,1,7,4
Fairy,nan,1,0,0,0,57,71,96,25,26,37,221,0.5062333288504371,1.6617453705668392,142,53.44057369519749,5273,211,4,0,3,14,1
Poison,Fire,9,0,0,0,56,73,45,46,40,74,326,0.35986911558594387,8.674199545207138,63,6.03133923480355,5226,261,3,0,4,12,7
Fairy,nan,9,0,0,0,42,84,65,27,92,55,212,0.6671415082470238,4.556297718204631,256,85.80214350492896,4986,261,3,1,4,11,2
Grass,nan,9,0,0,0,44,114,62,38,42,43,416,2.961020246367677,82.47831978582823,50,6.070477439924795,5373,54,3,1,4,11,3
Normal,nan,3,0,0,0,97,39,124,38,71,55,439,2.277417722363768,20.247098682567085,85,5.052302000264545,4003,106,3,1,3,5,4
Fairy,nan,9,0,0,0,109,121,52,36,36,110,490,0.9588278923632783,-4.940506679392206,10,5.41094055900602,6641,69,1,1,8,10,1
Grass,Flying,7,0,0,0,114,107,68,133,104,44,588,1.669880439742352,-1.3579185175714823,48,6.093108610222241,5301,52,1,2,6,11,4
Psychic,Ground,8,1,0,0,112,141,115,110,104,127,534,1.703735187330131,33.886987300743485,0,4.905171370720467,13343,1,3,1,6,6,3
Water,nan,1,0,0,0,62,114,39,69,69,60,345,0.5299209968875933,-2.8907967374710477,171,99.26051420039829,4997,125,1,0,4,9,4
Grass,Fairy,8,0,0,0,87,94,94,56,60,65,498,1.578658923283439,24.378907367334506,44,5.486209275582754,8413,48,3,1,3,9,6
Ghost,Psychic,8,0,0,0,76,59,81,118,72,43,270,0.551615964212648,5.376614352770224,204,5.9285768344664,29055,132,3,0,3,11,1
Water,nan,9,0,0,0,65,89,46,43,64,48,223,0.3024597158260962,9.535518709981844,250,4.504837974599564,4740,112,2,0,4,12,5
Rock,Ghost,9,0,0,0,83,115,96,152,55,57,637,3.8521350798947953,6.814733983813321,0,6.680238896459576,30389,17,1,2,9,5,5
Normal,nan,2,0,0,0,96,103,79,40,91,58,438,1.782785948164076,74.02158654321822,264,5.417050266508336,5429,88,3,0,6,16,3
Dragon,Psychic,5,0,0,0,82,114,132,128,89,109,548,3.9034590781068226,22.066143216953115,47,5.288439007033185,5146,34,3,1,5,5,4
Dark,nan,8,1,0,0,115,138,111,122,91,147,579,3.635974683403181,74.79073149952607,-2,5.358973195584192,14761,1,8,1,7,6,3
Ground,Fighting,3,0,0,0,80,137,86,107,54,36,544,1.1625800476058359,-1.79212311411675,98,5.485780420285599,5404,87,1,2,6,11,3
Psychic,nan,1,0,0,0,46,23,45,54,81,36,193,0.3812767467801351,-0.020878484733215075,276,8.367149790567552,3022,139,3,0,4,11,1
Dark,nan,3,0,0,0,94,80,39,108,48,61,465,1.8414774891442507,62.97202709245006,93,86.77647228534914,4898,88,3,1,4,7,1
Normal,nan,5,0,0,0,48,61,31,27,55,53,197,0.6171515695280577,-14.105785446941384,268,27.665172328503225,4967,248,3,1,3,11,2
Water,Ghost,9,0,0,0,60,72,55,38,73,85,252,0.422771278461213,-6.726945307557154,256,8.380094389242261,5708,123,1,1,4,11,3
Fighting,nan,8,0,0,0,84,87,110,78,102,69,464,1.7323590347018267,-1.0246716550135169,9,6.298587758211132,3391,250,7,0,0,12,3
Grass,nan,3,0,0,0,37,63,17,24,25,47,192,0.49027894322256754,9.53437653162933,198,5.117994472761817,5504,135,2,2,3,11,2
Psychic,nan,2,1,0,0,44,61,48,86,60,57,502,0.6460871722948887,12.198411361714992,122,52.58318209443836,5252,14,1,0,3,13,3
Fire,Fighting,4,0,0,0,115,132,82,124,118,70,630,2.2726194351489855,14.615103895278391,29,5.563487715250912,6966,43,1,1,6,7,4
Grass,nan,2,1,0,0,89,77,48,104,80,112,463,1.9597451138834288,112.1205184523234,26,8.981068072734667,5717,24,1,0,4,11,1
Normal,Poison,9,0,0,0,92,116,128,51,68,94,408,0.6307916041010939,50.18608397868407,120,5.918099256040687,17374,82,3,2,2,16,1
Water,nan,6,0,0,0,44,55,51,38,45,46,290,0.6907926941520055,-2.9493887346590544,242,6.000296485438111,5124,202,1,0,4,10,3
Flying,Psychic,8,0,0,0,91,82,93,92,88,58,403,1.6950237351826805,66.87527211606766,95,5.741348424184974,5991,22,3,2,0,11,3
Steel,Grass,6,0,1,0,95,75,91,57,130,115,435,0.48487243525358087,6.3269816128879075,20,5.3774535964472765,36172,21,1,2,7,7,2
Grass,Fairy,5,0,0,0,74,115,99,48,55,57,501,1.9465403312270304,39.551184159040105,94,5.551322243631638,5071,39,1,1,5,9,4
Bug,Ground,2,0,0,0,64,104,71,37,93,121,481,1.3104674375081837,107.70324662451075,44,97.55124483600133,7114,78,3,2,6,9,4
Steel,Grass,7,0,0,0,84,79,105,104,76,88,482,1.5539873159231785,7.513097193058099,49,6.956875507004861,9028,52,1,1,4,5,4
Bug,Dark,9,0,0,0,76,125,120,95,82,80,518,1.3410174296259585,51.79285973968939,43,83.21702521278486,2406,41,3,2,8,5,4
Grass,Poison,1,0,0,0,59,120,54,74,77,79,439,0.7870264622581767,4.0714270775995764,46,96.04280341648152,4881,43,3,0,4,9,4
Water,Grass,1,0,0,0,74,54,89,65,50,58,342,0.4965104766450277,-0.0552298571092269,131,56.99495174740387,5285,248,1,0,5,9,3
Psychic,nan,2,0,0,0,67,100,52,51,98,65,517,1.4754138450344079,49.95533540085725,122,5.087035980774985,9927,79,3,1,4,11,3
Grass,Poison,1,0,0,0,199,104,36,131,123,87,561,1.4439854915061974,67.67466534028618,45,5.67016533582875,7699,43,3,0,5,9,5
Grass,Poison,7,0,0,0,86,102,42,140,90,79,543,2.049029019709802,7.0442997086953625,44,91.45494433726999,7472,51,3,0,8,9,7
Grass,Dark,3,0,0,0,60,52,89,55,85,98,456,1.4969265937759668,28.8707602985455,86,5.539852185874416,5221,84,7,2,6,13,2
Psychic,Poison,5,0,0,0,53,97,33,54,34,27,270,0.8311184747948384,-19.732417262817307,250,5.717655757170762,5278,277,1,0,4,9,5
Normal,Psychic,6,0,0,0,82,127,60,79,83,78,502,2.844208936072982,83.2490717228996,74,5.840919730524252,7162,37,3,0,5,14,4
Rock,Dragon,7,0,0,1,79,93,78,117,76,101,565,0.8169918479266574,685.0894495321863,46,5.483768400203712,36119,46,1,1,9,7,4
Grass,Ice,6,0,0,0,57,89,34,64,80,61,320,2.1103536580528717,16.16394339058713,253,6.210697437956247,5080,77,2,0,5,17,3
Dark,Ghost,6,0,0,0,89,87,51,42,41,46,266,0.4957792722024349,12.3963981025461,183,5.59888803497315,5082,120,2,1,3,11,3
Psychic,nan,8,1,0,0,80,121,101,139,92,148,661,1.5768682581271976,24.707914824178935,11,5.031379152041711,19553,-2,1,0,0,9,3
Rock,Steel,1,0,0,0,118,137,92,125,58,62,546,1.8814011814870235,337.49975113542814,45,94.89578936403127,5351,44,3,1,9,9,4
Water,Flying,9,0,0,0,73,67,55,55,97,64,290,2.021045026752928,83.4879527005564,126,6.596620691338248,4301,73,3,2,4,10,2
Fire,Dark,8,0,0,0,73,134,68,114,105,74,539,1.642888859961836,124.04565693495385,46,92.31447442910661,5034,44,1,1,6,11,5
Bug,nan,8,0,0,0,69,38,22,55,60,113,467,1.2982477086813438,-6.9439591945347185,48,5.481903602854182,5110,207,3,0,4,12,1
Psychic,nan,8,1,0,0,111,161,80,67,95,126,543,1.060567227905416,0.38175770398532904,-4,6.265469606183274,18301,-4,8,1,2,11,3
Grass,Flying,5,0,0,0,93,93,107,55,79,117,550,1.4848058548037295,14.659644893426215,33,5.175811687667447,9055,17,2,2,6,9,1
Poison,Ghost,7,0,0,1,184,122,50,143,114,54,548,7.343711220584227,109.30855577731477,-2,5.330535053949088,32499,63,1,2,8,8,4
Steel,Steel,5,0,1,1,92,82,148,76,85,131,608,6.3119984244558704,-6.796578362152788,-19,5.035305484961033,30536,-6,1,2,5,6,6
Fighting,nan,1,0,0,0,103,78,121,54,80,44,482,1.8283818738689295,51.765056300623165,90,6.899914727050886,5011,76,4,0,6,13,6
Normal,Psychic,3,0,0,0,92,114,78,62,199,61,506,1.7459799007181545,55.92668191247495,86,87.024525847654,5002,102,3,1,5,11,1
Steel,Flying,7,0,1,0,111,77,76,71,138,109,631,2.10922258373384,21.920500310896102,1,5.100133330657123,32775,11,1,1,8,6,4
Steel,Dragon,7,0,0,1,199,116,115,85,85,69,539,1.6134482165050796,643.7556862361604,42,4.958410261924335,19347,36,1,0,7,7,4
Ghost,Steel,9,0,0,0,99,113,73,122,134,71,576,3.276200469434503,112.45908602946983,50,5.889988112531984,7014,77,8,1,4,6,4
Steel,Ghost,9,0,0,1,184,123,52,123,92,111,521,14.477685762832241,113.78640857027317,36,5.071867741457779,33701,-11,1,2,7,7,3
Psychic,nan,5,1,0,0,140,66,42,76,79,99,542,0.6288979244357562,23.61053553358188,6,5.477774726610151,16805,3,1,0,3,12,3
Water,Steel,3,0,0,0,67,34,38,59,45,63,271,0.6595985071146552,-3.0463799078405547,233,85.58345798627215,5209,120,2,2,3,12,4
Poison,Fighting,7,0,0,1,70,125,123,116,85,94,508,1.608534249396092,832.7912347014736,38,4.608896738928112,31982,69,1,1,3,7,4
Water,nan,3,0,0,0,91,78,46,56,71,40,243,0.7288784981128765,19.834976200837076,245,7.008896098212924,4063,147,2,0,3,11,3
Psychic,Ghost,6,0,0,0,85,111,58,118,134,90,668,4.340717252380983,171.93348060135682,41,6.236493789327929,6581,41,3,2,5,9,5
Bug,nan,5,1,0,0,105,137,87,108,67,98,619,1.2832508724754128,9.352473478017401,-7,6.077810079504709,20625,2,3,0,4,9,3
Poison,Fairy,5,0,0,0,106,60,67,104,86,106,562,2.4635109493910328,47.381717203930826,88,6.40704088063433,5280,21,1,2,6,9,3
Grass,Flying,2,0,0,0,76,54,76,47,64,50,218,0.6535322404147245,19.04532155919921,129,5.829875800388012,5352,277,3,1,3,12,1
Dark,Flying,5,1,0,0,80,79,52,104,69,56,567,1.371372577561241,0.006541760708646649,5,5.532058066554707,5296,-9,3,0,2,13,3
Fire,Psychic,5,0,0,0,36,55,26,43,20,42,322,0.3263133422182031,-8.362500104459867,247,5.176209668182663,5177,194,3,2,5,9,3
Fire,Dragon,8,0,0,1,60,62,48,133,42,53,432,21.329456645788447,14.992414155778723,46,4.888577974438909,33086,43,3,0,3,7,1
Grass,Ground,6,0,0,0,46,75,59,59,67,94,321,0.6101867419096748,9.612221083941307,63,91.87991161334917,5042,40,1,0,4,9,4
Ice,Poison,6,0,0,0,76,53,59,70,87,124,448,1.64852088683397,53.64361736441793,73,86.3135528011647,5003,36,1,2,5,9,5
Water,nan,1,0,0,0,83,81,49,50,76,65,268,0.3520578487324818,4.623228254564507,137,94.35925450378198,5338,76,1,0,4,13,1
Ice,nan,4,1,0,0,93,89,56,69,116,91,551,1.3706537451270457,60.314019233932434,-4,5.6940574103273525,5669,5,3,2,3,14,4
Bug,Fighting,7,0,0,0,63,74,74,93,32,48,270,0.5854111810547602,6.399737736744495,45,5.403740211720466,7374,41,3,2,3,12,2
Grass,nan,3,0,0,0,78,79,94,45,26,55,225,0.43656310241593993,-4.15158640905212,226,51.40496305343214,3066,121,2,0,0,12,3
Water,nan,3,0,0,0,52,104,95,38,45,50,439,1.017620184129174,63.80006408279375,72,92.76416123325646,8245,83,3,1,1,16,3
Grass,nan,1,0,0,0,78,65,84,51,36,43,246,3.7162142871987114,85.91116790126188,49,6.4323308891712765,4971,40,4,1,3,16,3
Fighting,nan,9,0,0,0,113,105,65,53,74,49,275,1.3333283730511103,47.605236693534465,86,5.728840808658447,3753,86,3,1,0,13,3
Poison,Water,9,0,1,0,96,151,100,116,81,114,582,0.6715753357340113,25.847773420109625,11,5.181686653511796,29483,32,1,2,9,12,7
Fire,Psychic,4,0,0,0,54,58,47,58,53,51,338,0.30044780828357587,3.0303729271875213,54,5.294755605184127,4731,148,1,0,3,12,1
Water,nan,1,0,0,0,70,64,51,54,30,47,297,1.7186948163205669,0.11039715497938296,284,98.23193768688589,4722,206,1,0,6,9,2
Water,Poison,7,0,0,0,77,113,71,75,70,106,499,1.656298648804792,50.25033223590707,77,85.1117826039452,5220,47,3,0,4,7,4
Grass,nan,5,0,0,0,49,49,44,48,63,43,228,0.2635170667810206,7.014792814591474,255,6.135321049951657,5085,121,1,0,4,8,2
Normal,nan,4,0,0,0,46,80,69,43,31,51,314,0.4802116349619392,12.022435249989844,284,5.553510880745686,5057,114,1,1,3,12,2
Water,Steel,9,0,0,0,71,86,79,134,90,79,587,1.3541667869322827,-6.532811626544932,10,6.00466442814246,29851,0,1,2,2,11,4
Ghost,Ground,3,0,0,0,82,45,73,45,64,47,284,0.6915383762439029,8.505025726839769,104,5.040129152030885,5213,129,3,2,4,11,6
Water,Rock,3,0,0,0,68,48,47,54,68,32,216,0.8700218245924554,-0.22969321971581813,182,6.787666687841325,2844,129,2,0,4,12,2
Steel,nan,1,0,0,0,53,54,46,41,23,54,211,0.7914761460635726,21.69696586488021,230,92.0417965491038,5137,97,4,0,3,12,1
Ice,nan,6,0,0,0,61,71,33,52,72,54,283,0.47557972476728255,-0.12960844770505453,128,13.347961645411154,5012,46,3,0,0,9,5
Grass,Normal,5,0,0,0,81,119,33,45,97,75,462,1.8623201803115876,91.23542614603204,45,89.47163198667565,5145,52,3,0,6,8,4
Dark,Water,7,1,0,0,82,78,105,77,70,118,507,1.0816037077314014,34.021939067702746,50,51.389313995890234,5379,43,4,0,4,9,3
Fighting,nan,5,0,0,0,67,81,48,60,86,55,466,0.5700892813087368,1.565412104860357,269,8.664459356683011,5174,98,1,0,3,12,3
Normal,Flying,9,1,0,0,104,95,74,99,97,60,630,7.183335804692996,131.8201565129537,30,6.057254096526826,2905,15,1,1,3,4,3
Water,Psychic,9,0,0,0,59,77,119,111,72,80,483,1.7971198791771252,16.678640995367946,44,6.22061462249044,5224,14,3,1,6,10,4
Normal,nan,5,0,0,0,92,61,50,56,24,56,184,0.48958192960395913,2.7859324227828637,251,6.1541127289126765,4810,86,1,0,4,11,1
Steel,Flying,3,0,0,0,116,73,89,115,104,131,540,1.1645825764041953,566.7627101410613,17,4.977563698937716,4956,230,3,1,2,7,1
Ice,Fire,8,0,0,0,91,109,64,136,87,54,594,6.548126393718897,57.34281252084565,92,91.41708276990231,5108,43,4,1,8,10,5
Ghost,Psychic,6,0,0,0,47,75,60,35,67,39,280,0.5703881127335897,21.133080217926203,279,49.70030469071082,5069,82,4,1,4,8,3
Flying,Psychic,3,0,0,0,87,104,52,48,55,142,641,1.95167136371002,91.30138535319507,109,5.1682416415617265,9145,1,4,1,6,5,3
Water,Fairy,5,0,0,0,61,100,61,70,137,85,397,0.4429645802908,13.13627180869756,118,5.921684929931179,3793,49,2,1,8,11,1
Fighting,nan,5,1,0,0,107,64,51,119,89,35,563,1.4866097519516863,-4.362241054769944,-14,5.866563116687425,10404,-11,7,0,0,9,3
Water,Dark,1,0,0,0,70,83,110,60,76,54,394,1.5236719674457724,80.18249863319261,54,4.7729715033084155,3121,77,4,0,4,12,5
Fighting,Fairy,3,1,1,0,137,95,61,127,63,108,521,0.5530670651553472,6.047719005698358,-2,4.856927635206072,32452,2,1,0,2,14,3
Water,nan,1,0,0,0,70,60,64,43,52,41,303,0.7138560042262707,-3.8829355467653155,130,97.18210068557553,5887,75,2,0,4,12,3
Normal,Electric,1,0,0,0,147,114,75,56,89,56,475,0.8508228569025775,110.49880961703145,48,6.044696952143484,2900,90,3,1,4,16,1
Water,Fighting,7,0,0,1,53,103,49,79,51,95,265,0.581870637108703,-0.8347817161646098,51,6.238097734698237,2096,44,1,0,5,11,4
Rock,nan,1,0,0,0,80,101,67,83,86,65,470,1.9378001522737907,71.70767937596014,89,5.49555016674458,5806,79,3,1,0,11,5
Dark,nan,8,1,0,0,88,126,87,90,86,56,550,1.3694416588118945,16.886640116241086,15,5.219762276229377,4406,2,1,3,8,14,3
Dragon,nan,8,0,0,0,152,94,77,54,79,52,494,1.668062703503998,25.075790683009572,70,6.923675381129928,5104,64,3,0,4,11,4
Fire,Grass,1,0,0,0,68,68,45,51,43,113,331,1.4963751826008704,-5.633222716726719,41,5.8422845017628156,5650,75,3,1,6,7,5
Normal,nan,5,0,0,0,49,114,65,50,67,40,448,0.7106909622127089,87.8370337657385,7,6.250895775956171,5235,133,3,0,5,11,2
Normal,Ground,2,0,0,0,81,102,114,30,59,55,449,2.2372413665879463,78.69382228795239,83,4.1187036134380115,11029,98,3,1,4,11,1
Normal,Psychic,4,1,0,0,119,102,85,111,86,110,549,2.84208338423264,327.31819585489177,16,5.653512872796393,10188,1,7,1,0,8,3
Psychic,nan,4,1,0,0,116,142,52,147,97,126,579,1.8054153859416195,14.544067752297472,8,5.060182318413296,25007,-18,7,0,6,11,3
Ground,Psychic,4,0,0,0,52,63,52,36,41,38,264,0.5870468801762977,15.933218883077288,49,5.1855846104335495,4982,104,1,1,2,11,2
Bug,Grass,7,0,1,0,82,54,41,62,52,52,319,0.6279392129554178,13.518933118028924,104,6.8295425586117045,2907,196,1,0,4,11,4
Ghost,Grass,5,0,0,0,73,59,93,52,80,58,254,0.8136114787863958,74.0925636383858,236,5.2757703150505835,5482,78,4,0,4,8,3
Electric,Grass,5,0,0,0,57,34,55,46,54,44,285,0.621094950568653,25.4337369533161,128,5.676047641275431,5126,265,1,1,0,5,2
Dark,Ice,1,0,0,0,75,124,120,28,32,58,562,4.231832643433364,16.114692026810715,61,5.232540344437443,5581,62,1,2,8,7,4
Steel,Dragon,7,0,0,1,87,67,84,151,114,121,568,24.120875478626047,643.9838452691699,44,6.7513617605971525,35733,40,1,0,0,6,4
Grass,Fairy,3,0,0,0,56,48,102,34,61,41,268,1.22687379173542,8.70088143686045,235,6.532379754183577,7173,193,1,1,4,16,1
Fairy,Ground,5,0,0,0,95,85,61,113,83,118,645,1.5454303151993602,2.05115809693641,28,5.207109070987149,5177,-4,1,0,6,7,1
Electric,nan,3,0,0,0,41,41,56,30,44,56,260,0.4417157408448141,-7.793684133933995,246,5.940941605898637,5050,134,1,0,4,12,3
Dark,Flying,3,0,0,0,98,82,93,96,45,124,442,2.141171808417769,179.17868368717114,51,5.737809766817979,5272,42,3,1,6,7,4
Normal,Psychic,4,0,0,0,89,126,99,40,90,103,462,1.0861819216741695,2.3103664736102107,0,5.269311752122012,8363,8,1,0,5,8,3
Dragon,Dark,9,0,0,0,84,75,97,94,123,126,565,2.1541418094568257,80.89957883302701,44,6.41973850034055,9003,69,3,2,5,7,6
Ground,nan,2,0,0,0,89,94,77,49,89,99,607,1.470149623379333,81.63354291882492,49,3.743347378316769,11651,53,1,2,4,7,6
Rock,Grass,7,0,1,0,91,124,86,109,74,65,555,0.9888412505283282,7.512373176236318,69,4.545180269298532,27316,48,1,2,7,11,4
Ice,Fairy,6,0,0,0,77,111,66,72,69,43,306,0.7641006599338394,-7.186972374247807,103,6.005368527499693,3685,91,1,3,7,7,6
Fairy,nan,5,0,0,0,37,63,70,35,41,32,318,0.5268246971942772,-4.535804374462769,182,6.386116302468417,5690,256,1,0,3,9,5
Water,nan,1,0,0,0,50,71,42,31,26,38,289,0.727670706523142,-12.648149221636336,256,7.850755110672921,5658,76,3,0,4,12,3
Psychic,nan,9,1,0,0,87,119,74,93,89,106,584,1.0726822546309691,9.619261331122527,-1,55.274103294503306,19036,10,4,0,3,13,2
Dark,Ghost,6,0,1,0,126,99,37,141,137,124,591,6.839818915690699,594.9247058100233,-21,5.599897311047405,31049,2,1,2,0,6,2
Normal,Steel,5,1,0,0,106,119,91,98,110,79,495,1.3416607024202873,50.51764139582898,83,4.736868286559889,31895,86,3,1,0,9,6
Fighting,Fairy,1,0,0,0,46,73,40,51,43,61,296,0.36651039788780104,-5.685731061016186,191,91.94920486653412,5271,106,1,0,4,9,4
Bug,Rock,1,1,0,0,61,41,93,63,42,55,490,0.7143865572723529,81.18320297912317,55,3.257239425951757,6597,80,3,0,5,9,3
Poison,Flying,6,0,0,0,81,145,133,122,84,95,633,1.2107591368070374,1041.961100952771,15,5.374442385514877,3680,10,1,1,8,7,3
Electric,nan,1,0,0,0,79,111,182,134,97,104,557,1.9620078810506576,14.53207262166073,47,5.808532308586784,5459,48,1,0,5,8,2
Bug,Psychic,8,0,0,0,44,39,25,45,81,69,260,0.476917904749826,6.345590995752708,241,5.0244480041649995,4763,117,4,0,4,12,3
Grass,Poison,8,1,0,0,121,75,55,118,87,79,671,4.369972010505191,105.0869897729567,89,6.380385885515966,30479,39,1,0,6,6,6
Grass,Water,8,0,0,0,97,136,81,58,53,57,499,1.4295744037698186,114.6509475662537,53,6.368253899710756,3091,72,4,1,8,8,7
Fire,Steel,4,0,0,0,61,93,45,39,83,56,459,0.5800608513005913,102.63613461645929,198,5.8428533658066595,4166,64,1,0,8,13,1
Water,nan,5,0,0,0,49,100,64,64,19,31,265,0.7990334651989183,-9.542771777675812,148,5.380105687277297,5228,261,1,0,2,11,3
Bug,Water,8,0,0,0,75,131,80,103,76,62,461,2.014308163066794,27.0265421013094,23,9.604750634117934,5213,46,1,0,0,11,3
Fire,Psychic,9,0,0,0,77,96,72,127,62,56,514,1.6269587561337564,68.51701357358061,45,95.05583441428432,4820,36,3,0,4,8,7
Normal,nan,6,0,0,0,79,83,105,84,83,54,407,1.9969273693440681,91.71508594730786,65,4.584273360091505,5281,75,4,2,2,13,1
Bug,nan,8,0,0,0,79,50,76,48,68,23,205,1.1800782459349302,14.11412208826785,79,9.733880383175562,3185,120,3,0,3,14,3
Poison,Dragon,2,0,0,0,48,59,87,80,36,103,624,0.8316679276649814,7.869321434356169,75,8.939476568713381,8955,106,3,1,3,9,5
Bug,Water,5,0,0,0,38,72,38,53,35,36,258,0.3855720647306823,-3.9834950316757283,256,30.194058821478396,1701,278,4,0,5,11,3
Normal,Water,1,0,0,0,75,123,148,122,94,144,517,1.9621991723260939,293.10151485352765,88,4.6435389800172855,2776,92,4,0,5,12,3
Water,Dark,5,0,0,0,78,108,56,71,85,62,366,0.5823130705720263,7.347756123806695,177,5.6990543695132425,5665,176,2,2,9,12,5
Bug,Ghost,4,0,0,0,81,118,60,52,47,64,521,1.5067375154331653,70.20729851754793,65,100.27912219945517,4946,74,3,2,6,9,5
Psychic,nan,7,0,0,0,108,72,82,65,75,121,467,0.46145012008313996,15.571300924508092,124,6.215479484972134,4597,75,1,0,6,13,2
Fighting,Dragon,9,0,0,0,98,133,106,53,72,95,662,2.352283917559056,178.3840296240946,74,89.25321360729858,6974,79,3,0,5,8,1
Steel,nan,6,0,0,0,78,53,55,48,82,47,317,0.5105568134900729,9.604730417054132,277,5.612858797532826,4973,142,3,0,3,11,1
Bug,Poison,9,1,0,0,75,110,134,97,90,91,481,1.8030549310774715,7.663078591912106,39,6.853196822816647,4252,82,4,0,6,12,5
Ground,Ghost,5,0,1,0,213,76,74,132,146,98,573,1.235650030970566,4.306442619350612,7,5.512666621850048,32947,12,1,2,8,13,3
Ground,Ghost,2,0,0,0,51,61,64,45,16,49,326,0.6892948989421647,8.667404221208207,276,4.6405694020369905,5066,286,1,1,3,8,2
Water,nan,3,0,0,0,63,69,94,53,94,96,498,0.7881729544168956,-7.4571190600674,53,53.25478347361256,5557,96,3,2,4,11,3
Fighting,Poison,1,0,0,0,86,96,64,91,74,123,439,1.898236027922786,70.62630525924037,87,5.822242470400569,4739,20,3,0,3,16,1
Steel,Flying,7,0,0,0,67,98,32,36,29,92,382,0.7113604095749095,22.488614141396972,44,6.925858957686867,5123,125,1,1,5,5,4
Ghost,Dark,3,0,0,0,71,58,52,33,27,21,246,0.4000141882287876,-2.2839686890544133,267,1.4053510358602956,9144,271,1,2,4,11,3
Electric,Ice,7,1,0,1,80,119,77,115,53,74,556,0.3672958414158872,87.06193925678302,47,5.810628599506207,4867,39,1,2,4,16,4
Ghost,Fire,5,0,0,0,74,78,44,50,54,48,535,1.7513024176443428,19.09274904176575,48,5.882396702620454,9767,69,1,0,4,12,2
Bug,Flying,1,0,0,0,68,136,113,57,65,102,430,1.197342807855559,7.725070043220422,90,88.94008485426306,5313,83,3,0,1,5,4
Bug,nan,5,0,0,0,49,54,31,51,71,66,242,0.5854148257430326,4.2218927473310774,198,6.597225275379452,2595,118,2,1,3,16,2
Fire,Dark,5,0,0,0,78,112,128,72,44,52,513,1.563086704128056,43.514022255584244,83,6.126748681551398,5056,48,4,0,3,9,4
Electric,nan,4,0,0,0,47,74,85,58,52,59,275,0.5753536571644826,-8.968761046191018,196,6.758744075775619,4506,134,3,0,4,12,3
Water,nan,5,0,0,0,34,50,30,43,31,34,191,0.29720069475692446,6.9291381996326535,248,6.647878320598119,5262,132,4,0,4,11,3
Electric,Ground,9,0,0,0,86,72,91,77,82,90,477,1.107015133823458,3.4618399595782616,255,8.853597049632807,3819,47,3,0,3,9,3
Normal,nan,3,0,0,0,67,100,80,55,74,142,417,1.6981081000336322,11.739749492859907,80,5.698126600709875,9101,68,3,0,7,7,3
Normal,Electric,9,0,0,0,115,91,130,51,109,78,506,2.0738313740497243,112.47450155056367,56,4.865888392391851,2562,85,3,1,0,15,3
Poison,nan,7,0,0,0,48,54,52,104,66,47,265,0.5540308574103698,7.269669834305046,230,8.209148854114085,3781,191,2,1,4,11,5
Grass,Ghost,7,0,0,0,66,111,49,153,102,75,592,1.081981153685387,5.041413680241048,34,6.027647253323287,5632,41,3,2,8,6,4
Grass,Poison,5,0,0,0,78,152,113,128,64,114,525,1.7221871790808272,103.97494379274545,42,91.97935381527634,5267,57,3,0,4,6,5
Normal,Flying,9,1,0,0,97,99,88,131,77,134,541,2.2627052929182483,81.53299814209015,62,5.686450567511162,3383,-10,3,0,0,9,1
Grass,Grass,5,0,0,0,105,68,75,137,64,51,536,1.5905757736826005,-2.7335265840118463,74,5.075751797549565,7416,79,1,2,5,15,4
Dragon,Dragon,5,0,1,0,247,95,51,106,97,131,621,4.4463344239705,351.460228128411,-12,5.978602630810635,30443,13,1,2,6,8,2
Water,nan,3,0,0,0,63,104,25,73,19,37,238,0.3850861855267212,-4.820179703301401,250,6.209986857884699,5019,190,1,0,3,12,3
Fighting,Ghost,9,0,0,0,79,103,142,96,49,68,652,0.47652838199206543,55.53211206014878,40,10.238338772408389,9127,40,1,1,4,9,3
Normal,nan,2,0,0,0,84,70,62,66,41,53,353,1.9838899803513739,-11.750035426398911,128,6.325414022680741,5654,136,3,1,4,12,1
Electric,Dark,6,0,0,0,78,82,36,71,80,96,433,1.6335575324652618,56.82011647454047,78,5.980345615884784,5249,51,3,1,4,9,1
Steel,Steel,1,0,0,0,77,116,132,40,75,49,533,0.5554019052475712,9.979841149430271,46,96.43364766517472,5303,43,3,2,5,11,5
Fire,Normal,5,0,0,0,69,98,126,53,91,135,487,2.5504074815561086,89.64670022424644,37,6.132595670769742,5420,50,7,2,4,7,3
Rock,Fighting,9,0,0,1,115,112,76,41,95,60,580,2.3647093195279516,70.52775569588472,50,5.543514198807259,30607,45,1,1,9,7,4
Grass,Poison,1,0,0,0,68,35,107,72,55,61,523,1.03634705360558,71.62961548060142,50,95.20832001545442,5464,48,2,0,5,9,4
Fighting,Dark,8,0,0,0,104,127,85,53,95,70,477,1.7470058974897533,120.72138060322146,81,5.3255526304059595,5295,68,3,0,5,8,4
Steel,Fighting,3,0,0,0,124,131,28,97,77,61,566,2.4744969662472007,56.56688058682574,44,13.245293653734421,10041,49,4,0,8,9,5
Rock,Ground,8,0,0,0,81,70,33,112,88,63,593,3.784320633198793,73.76549494011617,67,5.589095246828608,5382,77,3,2,6,7,5
Normal,Grass,4,0,0,0,61,112,99,57,47,32,468,1.4994043428649046,57.229314411458425,63,5.828492437882907,5193,68,4,2,6,8,3
Ground,Dragon,7,0,0,0,51,40,29,83,54,65,305,0.6861134030098082,8.373260639011676,119,59.664546118292684,8209,200,1,3,3,8,2
Steel,Grass,7,0,1,0,78,103,123,143,96,86,639,0.6264921396573673,327.4450834498981,40,4.767665186165055,8989,7,1,2,8,13,3
Rock,Dark,3,0,0,0,81,110,115,83,57,102,644,2.093520798485521,171.5789156497451,75,5.638852259398438,30064,72,1,1,5,7,4
Grass,Ghost,1,0,0,0,68,60,42,43,77,40,371,1.437549307239734,5.361229990930058,48,5.2307995666275655,5220,-8,2,0,4,11,3
Normal,Normal,6,0,0,0,69,125,97,47,51,68,465,1.44387775908564,19.382057481919787,46,5.658145361312747,5169,85,3,2,5,12,5
Steel,Dark,7,0,1,1,277,142,104,133,49,69,518,26.75969691537324,719.2144259974797,16,5.356883436731392,29803,-4,1,1,9,11,4
Water,Psychic,6,0,0,0,74,74,51,89,52,48,354,1.3034475097500577,18.771904850209292,79,4.345931487023618,5398,194,3,1,4,6,2
Rock,Fighting,7,0,0,1,63,109,58,114,103,59,509,0.38608683733297644,9.85889496916915,41,4.8788943112864995,30344,29,1,1,5,7,4
Dark,nan,8,0,0,0,118,104,33,122,72,57,523,20.855257003603224,16.177590291267105,84,53.42685887759354,5015,36,1,1,5,6,1
Steel,Ghost,7,0,1,0,86,86,36,131,85,87,669,0.4052482775173136,409.4097509599558,-17,5.533406220502903,34375,-15,1,2,8,11,2
Ghost,nan,3,0,0,0,29,21,80,23,48,43,221,0.2739127477543942,-4.348816874886216,72,6.297753519988096,5309,127,3,0,4,12,2
Ground,Dragon,2,0,0,0,88,94,55,111,55,104,540,0.633738783552636,13.399508375221808,86,10.201016637396297,5347,77,1,2,7,10,3
Bug,Fire,7,0,0,0,108,102,81,136,107,72,553,4.764429107756283,15.508067433891233,49,6.323158378048089,33153,11,1,2,9,8,3
Water,Psychic,9,0,0,0,49,92,95,44,79,120,490,0.392977853411148,46.2912058669435,255,53.103469473197116,5030,87,3,1,5,12,6
Ground,Flying,5,0,0,0,87,111,86,43,77,100,466,1.6023073486023507,6.1688647818912425,84,4.984043464164956,9045,9,3,1,1,12,2
Ghost,Bug,5,0,0,0,39,71,37,60,67,59,273,1.3690201529569244,16.173936953360275,254,5.654383719304899,5219,255,1,0,3,11,3
Grass,nan,9,0,0,0,75,129,49,60,91,93,471,1.9515314550593477,18.847160385272428,18,-1.1734538990626273,5401,86,2,1,4,16,3
Psychic,Ghost,9,1,0,0,109,89,77,72,101,102,588,1.50270141301751,26.462277567156598,4,5.7941891105581504,19248,-18,4,0,1,6,3
Dark,nan,5,1,0,0,93,87,57,101,75,76,625,1.0517566531005265,49.758101759804255,78,5.16083808240133,5068,89,3,0,8,9,3
Rock,Fairy,7,0,0,0,39,74,38,36,37,66,439,0.6590667523778745,13.388988128044478,94,5.9274856922164965,3527,50,4,1,5,9,4
Poison,Fairy,5,0,0,0,48,76,51,105,56,92,511,1.2977058381827555,1.9001388609880365,88,4.22477071947852,5264,41,6,0,8,8,4
Water,Poison,5,0,0,0,71,69,43,65,45,75,296,1.6007058774715552,21.800423806572212,95,11.53825798536128,5145,93,4,1,6,7,3
Steel,Fire,7,0,1,1,111,94,57,139,103,75,603,1.218360282375908,6.850825704655332,0,4.904590178298133,31709,16,1,2,7,14,3
Dark,Fairy,6,0,1,0,124,118,56,163,92,125,589,1.7249304096636102,-15.870576848283031,-6,4.853991489204128,32348,14,1,0,1,5,4
Ghost,nan,2,0,0,0,74,99,44,22,78,56,247,0.33291346331228866,-3.88236525408721,134,4.596548477114813,5082,86,1,0,3,11,3
Fire,Ghost,6,0,1,0,221,126,43,67,49,52,480,0.2897981744110508,32.049790389325935,60,5.249595965186173,27834,50,1,3,9,11,4
Grass,nan,6,0,0,0,59,88,24,60,31,21,283,0.2466104143169191,-18.265092433969734,234,32.52806936815243,4844,237,2,0,5,9,5
Grass,Ice,6,0,0,0,74,112,74,128,75,63,597,3.6955011917245817,99.45024514502038,39,6.418284074693058,31234,44,4,0,4,9,6
Grass,Poison,2,0,0,0,59,81,46,56,38,61,312,0.27009662707930887,12.839558723456951,239,87.20883276834165,4984,75,2,0,4,9,2
Psychic,nan,2,1,0,0,148,123,99,56,87,52,627,1.3335629925455088,8.147156716854154,3,5.233345816444003,21847,5,4,1,8,13,3
Grass,Dark,6,0,0,0,119,93,55,104,77,121,489,1.6508791892573387,61.65195180022633,77,91.2203626378012,7270,71,3,1,4,9,3
Fire,nan,5,0,0,0,51,45,50,47,48,43,283,0.5626806996878015,3.067860909293099,278,5.923464738633655,3045,250,1,0,3,11,3
Electric,nan,1,0,0,0,90,26,49,45,59,62,429,0.19504298766893668,-7.3932367221420225,142,97.60378615381336,4930,94,1,0,2,14,3
Water,nan,7,0,0,0,67,68,104,94,99,60,556,1.6995229987014695,59.47457390156125,75,7.639004019904663,6281,75,1,3,5,12,4
Poison,Dragon,7,0,0,1,77,58,53,130,46,130,570,5.201301865243867,-7.985159104108915,41,5.350703240334306,34705,26,1,0,8,9,4
Grass,Normal,3,0,0,0,60,99,116,48,46,131,511,2.5417188475765196,74.26047009159772,49,94.3326113328466,5280,109,4,3,6,8,3
Electric,nan,3,0,0,0,51,47,36,33,39,49,279,0.6510208124980061,7.371116618158765,116,11.531730096116002,4898,188,3,3,4,11,3
Rock,Dragon,7,0,0,1,113,49,55,155,80,116,617,3.2703294875583726,3.2232473446186223,43,6.171827908937981,29595,41,1,0,5,6,4
Normal,Psychic,7,0,0,0,64,49,65,53,65,100,237,2.034820095834336,5.447119572844242,244,5.1632731704411245,5187,121,4,0,6,11,3
Ghost,Grass,5,0,0,0,87,83,29,28,25,45,182,0.48703646891529545,3.2057339432134153,194,54.046262803751574,4920,137,3,1,5,11,3
Steel,nan,1,0,0,0,71,94,80,154,95,66,499,2.432864787833335,121.84454636865402,57,48.46396035320594,10031,79,1,1,5,7,3
Ghost,Dragon,5,0,0,0,61,73,54,33,101,64,489,0.5332584881190854,85.77743484069813,223,4.531823305658593,4972,117,3,2,6,8,3
Dark,Psychic,5,0,0,0,146,97,87,53,77,90,474,1.4157314914107617,19.746632608111113,116,89.43698142672633,3444,79,3,1,0,11,3
Bug,Ghost,7,0,0,0,79,22,71,121,136,82,372,1.1848516490026233,58.94993580353202,48,60.01766932868138,4943,52,3,0,4,6,3
Water,Poison,5,0,0,0,57,65,74,48,76,50,349,0.5117566191188192,18.143896967134495,254,90.02329268630879,5149,145,1,1,5,6,4
Electric,Psychic,7,0,0,0,64,107,106,116,93,110,458,1.053692276864654,134.2585926690664,39,5.0244653931005985,5108,93,1,1,5,16,1
Ghost,Fire,9,1,0,0,47,74,47,80,63,110,585,1.478581699751752,21.502558178751627,-7,4.783407592343927,7952,14,4,0,6,5,4
Water,Ground,2,0,0,0,56,86,47,60,49,32,275,0.8019438544275372,6.802474284230414,54,6.354821099495129,2721,274,4,1,8,8,2
Grass,Flying,4,0,0,0,68,124,124,136,92,80,503,1.8303064870706076,149.6370424049651,41,6.958563201321592,5161,46,3,1,6,9,6
Normal,Ghost,5,0,1,0,277,103,51,169,107,122,667,4.631435923868551,613.4307813160096,33,5.579948559032159,32438,-8,1,2,8,4,4
Rock,Fairy,1,0,0,0,41,78,51,74,29,54,300,0.6348229990813098,-12.845164632968915,175,13.832118023544645,5142,233,1,0,3,11,7
Water,nan,3,0,0,0,73,52,53,57,133,95,463,1.1138982668987216,15.092804061254085,90,5.05825188523429,9602,16,1,1,4,11,1
Steel,Dragon,7,0,1,0,290,77,105,167,98,59,697,2.701653057169667,273.14340346012176,-4,6.2686466311145725,35427,0,1,1,7,6,3
Ground,Fighting,1,0,0,0,67,53,78,115,49,83,510,1.9012648432443877,34.34558434530081,52,91.16905361754719,3113,50,4,0,8,9,5
Psychic,Flying,9,1,0,0,106,83,97,105,99,81,517,1.5589913544001734,8.125664895450122,0,4.527340298088341,4490,6,3,2,3,13,3
Fire,Dark,6,0,0,0,87,50,67,59,93,126,496,1.4817551977272938,33.69743265452432,77,6.364908763790096,4214,74,4,2,5,7,6
Water,nan,5,0,0,0,69,75,40,50,58,45,383,1.0209522176467503,3.3339900584250515,70,6.220470127434256,5296,126,4,0,4,9,2
Grass,Poison,5,0,0,0,60,59,44,56,67,42,294,1.1918342289812127,-7.128201961473357,47,6.584734196388551,4817,252,2,0,5,9,2
Ice,nan,8,1,0,0,77,119,112,94,68,92,552,1.518588633602366,136.97552065068595,1,5.442040984366315,18415,77,1,0,2,6,3
Psychic,nan,8,1,0,0,109,114,105,164,93,111,666,1.756586107850315,77.10542788830875,9,5.5235885243680505,23180,3,1,1,0,13,3
Psychic,nan,2,1,0,0,118,105,84,131,99,120,492,1.799499043718819,155.88028623590967,-13,81.72154142753884,23991,-5,2,0,0,14,3
Electric,Grass,1,0,0,0,109,87,69,42,80,140,512,1.1916060357643343,11.781733109669931,46,5.041558400509497,30084,94,1,0,5,7,5
Bug,Flying,6,0,0,0,79,53,45,74,96,108,541,0.5678893553907748,4.200423139596069,51,97.67296233178908,3888,123,1,2,4,9,3
Bug,Ground,8,0,0,0,69,34,51,64,54,71,254,0.5735202138960812,15.976335717635596,198,5.763301336267873,5593,114,3,1,8,7,6
Fire,Dark,6,0,0,0,96,97,109,96,113,78,500,2.183771922892974,84.13262004971452,38,93.87847520799812,7351,74,1,2,4,13,4
Grass,nan,4,0,0,0,76,104,32,94,47,59,300,0.3789928477725936,-5.8055275693365775,130,89.4012857507294,5340,190,2,0,3,9,2
Steel,Psychic,5,0,0,0,78,122,45,44,78,50,297,0.7859944080290531,10.99577820195635,44,6.324163454936658,3343,122,2,1,8,12,4
Ghost,Flying,6,0,0,0,72,68,61,24,59,57,271,0.6366242013844323,33.6504214656379,80,18.791957894815447,5189,91,3,1,5,11,6
Grass,Poison,9,0,0,0,52,41,47,41,53,53,233,0.3000312177729665,2.847719174065661,229,5.6976430124368935,3319,129,4,2,4,9,4
Dark,Rock,3,0,0,0,59,127,117,49,78,56,514,0.4715618389033805,80.81418438223304,41,6.655903574582962,8434,37,1,2,8,7,4
Electric,Ghost,6,0,0,0,57,41,50,67,99,59,405,1.4064973272986092,16.781660066577217,109,91.47518955625748,4952,92,3,2,4,11,7
Normal,Grass,9,0,0,0,72,81,94,45,77,54,286,1.6683037492759163,1.1693366714344577,251,6.3213449040791705,4123,88,3,3,4,9,3
Fire,Ground,9,0,0,0,64,70,91,129,104,90,480,1.6930585843463202,95.56951611098386,75,5.706323770074529,5143,90,4,0,2,13,4
Bug,Rock,5,0,0,0,100,108,105,131,93,108,643,1.479764052029211,88.5607643510745,30,6.553159334826643,4801,4,1,0,4,7,3
Fighting,Psychic,8,0,0,0,72,106,80,40,82,93,477,1.4750735662234722,59.62132723633733,92,4.298397248978958,3274,82,3,1,1,11,4
Dark,Rock,8,1,0,0,81,71,43,113,104,109,591,1.224353400862961,60.02977686170173,-5,5.662378204388205,22583,-11,4,1,8,8,3
Ghost,nan,3,0,0,0,73,62,135,68,49,42,382,0.6828311235234854,87.82253740042557,130,10.911436436497109,5105,269,2,3,5,9,2
Fire,Ghost,4,0,0,0,63,82,104,71,123,59,490,1.1854836801230728,41.18741424690121,70,45.592806317725085,8315,88,3,2,4,6,5
Psychic,Normal,1,0,0,0,74,51,84,50,116,63,448,1.0538098332456924,4.477477057405201,46,93.69821362912508,5189,50,3,0,4,7,3
Electric,nan,2,0,0,0,98,80,74,25,85,136,412,1.3436750972383291,26.932131993684138,76,4.761358906525949,5728,79,3,0,3,12,1
Bug,Dragon,5,0,0,0,50,130,98,125,51,90,350,0.49004750799328367,-2.184707496134651,199,5.773399265238963,7833,102,1,1,4,11,3
Steel,Dragon,7,0,0,1,94,113,49,134,71,104,608,9.267310784342282,728.294163005515,37,4.614350942777635,34623,38,1,0,8,6,4
Bug,nan,5,0,0,0,48,93,22,26,18,34,243,0.7237091680681464,-10.227218571177835,261,6.34839354593778,5197,261,3,1,3,12,3
Normal,nan,4,0,0,0,116,96,75,112,93,136,468,1.5117051969777613,43.73390485861833,99,10.03443274732044,4310,77,3,1,4,14,3
Grass,nan,9,0,0,0,63,61,42,42,76,50,386,0.414394497285578,4.455487336375777,235,90.65207725845733,5243,120,2,0,5,11,3
Ghost,Rock,8,0,0,0,60,124,87,54,104,104,483,1.876338475201088,47.02656174404774,13,5.882155788994481,5344,113,1,1,6,11,3
Ghost,Steel,5,0,1,0,84,112,117,126,49,63,572,0.4776072509875353,-11.36979995175714,105,5.757985095407912,34146,8,1,2,6,12,3
Poison,Poison,9,0,0,0,53,115,49,51,52,75,633,1.358542761126803,34.73143957891318,46,9.892787739510982,8627,44,1,0,7,9,6
Water,Steel,9,0,0,0,68,100,92,81,53,53,267,3.775606717370869,8.119892585050433,70,5.633109567903211,4828,70,3,2,2,5,6
Water,Ghost,9,0,0,0,49,88,74,74,64,75,348,0.8018320311656156,16.370140235262813,122,4.831068296049095,4658,130,1,2,5,8,4
Fairy,Ghost,5,0,0,0,36,78,43,57,42,76,242,0.7874193226788389,-7.488190453046167,279,6.295537067755184,5113,262,2,0,2,12,2
Flying,Bug,1,0,0,0,66,48,106,60,62,68,416,1.7456972134957698,-20.074551451775093,70,95.201708273994,5035,48,2,0,4,9,4
Normal,Fighting,9,0,0,0,99,115,106,130,75,106,493,2.6586941111809894,89.797147496198,76,6.025556345975257,3607,73,3,1,3,10,5
Dark,nan,9,1,0,0,112,132,84,135,82,108,623,0.9977701269013526,692.6043843458784,-6,6.0186706146019,20983,-19,6,2,3,10,3
Fighting,nan,9,0,0,0,54,73,93,44,70,63,251,1.5693420281782458,-5.848863440887174,119,5.8483709522367135,6832,116,2,0,3,13,2
Bug,Fairy,5,0,0,0,85,45,59,49,39,24,295,0.4353156418277628,5.455572807750258,253,6.2244233197985,5074,117,1,2,3,6,6
Steel,Dragon,7,0,0,1,235,80,88,155,73,128,554,7.001528369858795,11.879787408762184,42,5.982806338697027,33792,36,1,0,7,7,4
Psychic,Grass,5,0,0,0,95,74,57,63,70,59,492,0.5910725176054746,11.624479682671959,266,4.7524710967325445,5028,88,4,1,4,9,3
Electric,Normal,1,0,0,0,73,73,40,66,47,56,337,0.7949769535625646,14.482521724797362,256,6.746200710155209,4588,113,4,1,5,9,3
Fighting,Ghost,3,0,0,0,75,55,52,25,36,69,387,1.4243708505897936,87.71272798431212,241,91.86526934548169,5083,426,3,1,5,16,2
Fairy,Ground,2,0,0,0,68,149,127,72,84,129,528,1.7948956903715612,96.29234237595044,3,4.89045606920978,5338,95,3,1,6,15,3
Bug,Ground,8,0,0,0,64,99,47,51,41,61,463,0.622206884215746,2.4732446311420233,129,5.854385908882515,5228,71,1,1,5,9,3
Fairy,Flying,7,0,0,0,72,105,101,58,68,92,498,1.5379260787799123,9.194114909831068,190,6.116066886317517,5433,44,3,0,8,12,4
Psychic,Flying,5,0,0,0,74,88,55,70,41,63,421,0.7028881071941364,12.092959386895014,257,6.571757247678258,5171,79,3,1,3,8,4
Water,Ground,5,0,0,0,68,72,68,42,73,42,501,0.7369604505773579,49.692888496955185,38,98.48283309950176,4555,50,3,0,6,7,3
Bug,Rock,5,0,0,0,56,72,40,49,36,68,287,0.32179021804524105,-0.7062364721231535,109,6.239694573754308,3032,116,1,2,3,11,5
Grass,Psychic,4,0,0,0,54,50,43,44,43,30,239,0.16195523981477938,-15.232158090091366,238,5.79702094089174,8217,273,1,2,3,13,3
Bug,Dragon,3,0,0,0,88,148,54,137,103,84,612,4.400574882520608,137.60941987751076,48,6.850398801311405,7838,36,1,1,6,5,4
Water,nan,1,0,0,0,91,75,46,36,58,83,374,1.6276187827820379,58.55349900763175,82,5.95159562190413,5044,89,2,0,3,9,1
Psychic,nan,2,0,0,0,69,79,13,45,60,71,248,0.6638923460612657,-13.31518456549683,134,9.375914057239708,5639,246,4,0,6,9,3
Psychic,nan,1,0,0,0,60,71,74,108,83,58,242,1.1269054941251073,-10.815618838308728,245,5.6449760400347495,3253,78,3,1,0,13,3
Ghost,Flying,5,1,0,0,88,76,66,62,85,47,537,0.614041316687112,12.348349550544155,12,5.254481340882326,33372,9,1,0,3,7,4
Fairy,Fairy,9,0,0,0,45,48,119,42,47,47,268,0.6922737713352056,5.938194137569051,263,8.613391615677413,5072,273,1,1,4,11,2
Water,nan,3,0,0,0,48,38,58,44,86,57,247,0.528307301250961,0.862739044105501,274,6.314625632733281,5092,145,1,1,4,12,2
Fire,Dark,8,0,0,0,73,70,62,70,68,48,353,0.7713763821029334,13.457937388975097,233,7.151482999142083,5050,84,3,1,5,12,3
Rock,Flying,7,0,0,1,106,137,90,60,60,75,546,0.7181056447248827,13.881301048273869,18,5.635967813627102,4897,48,1,1,5,6,4
Poison,Ghost,6,0,0,0,91,102,60,81,65,72,510,2.4709825490771,62.958702373966794,89,5.3698721640880605,5094,52,1,1,0,12,4
Grass,Psychic,6,0,0,0,72,106,62,64,73,51,330,1.986623800904595,285.1694176897105,127,5.432118703384537,5199,51,2,0,6,9,4
Water,nan,1,0,0,0,67,101,56,63,45,49,214,0.6511089188753728,37.020820630441584,142,5.899225335058806,5406,180,2,1,3,11,1
Water,Psychic,3,0,0,0,54,52,40,51,62,97,331,0.3942729656574078,6.826761105935324,37,94.93681196204818,12913,19,1,2,4,15,2
Psychic,Fairy,7,0,0,0,79,71,87,124,82,73,595,4.453989079935971,277.2913797555598,83,5.275488413307216,30401,47,1,1,8,9,4
Fighting,nan,8,0,0,0,58,87,108,66,72,32,454,1.0357151190690117,19.71412473071201,97,5.905188674345796,5799,83,3,0,4,14,3
Psychic,nan,2,1,0,0,90,111,76,81,83,107,562,1.4457977638564183,34.909046220914504,22,6.148066619333749,22991,34,3,0,0,13,3
Ghost,nan,9,0,0,0,100,131,63,64,35,40,464,1.4012297803984837,5.577244272724634,84,8.92246637729138,5147,68,2,0,6,9,3
Grass,Grass,2,0,0,0,70,62,86,67,80,99,489,1.8807733862596465,12.971501231248798,93,11.94046490672315,4989,51,3,1,4,5,4
Normal,Flying,2,0,0,0,105,89,89,126,102,107,409,1.5005248814584375,109.5970558102156,48,6.364461424897826,4026,8,1,2,0,7,1
Bug,Poison,5,0,0,1,92,76,100,116,53,83,545,2.9790406929683195,4.046006839021844,39,6.432079799401514,7266,44,1,2,5,6,5
Normal,Fairy,7,0,1,1,120,46,64,63,80,88,375,0.5171716825313366,-7.870882327994183,112,4.190744555950448,31253,56,1,0,0,11,3
Ice,nan,3,0,0,0,78,89,65,34,71,47,241,1.7499090433843012,1.2908552087633094,244,4.396987373120898,8149,239,3,0,3,12,3
Fighting,nan,8,1,0,0,78,50,64,119,86,69,502,1.4721893783650213,39.85026332063672,87,96.81213191845865,8057,19,3,0,5,14,1
Normal,nan,5,0,0,0,81,110,106,96,97,46,424,1.918011329226609,115.24012040454693,96,5.315504212346447,5484,42,3,0,2,6,3
Rock,Ghost,7,0,0,0,78,98,54,118,68,93,389,1.4346042577384708,4.271305899794976,76,4.59292903028645,5123,81,3,0,6,12,4
Poison,Flying,5,0,1,0,118,64,98,82,87,124,554,0.5318707169364665,-13.81779401648461,50,5.7603139566115065,28807,-3,1,1,0,8,3
Grass,Electric,5,0,0,0,41,58,20,73,28,74,315,0.45599414388929355,-4.31672437127431,187,5.986991146274419,3564,244,3,0,3,12,2
Rock,nan,7,0,0,0,57,40,76,53,97,67,398,0.5815836245099507,-1.2692953539935434,247,5.284708066441276,5204,66,1,2,4,11,3
Water,Dark,5,0,0,0,84,103,62,134,76,84,442,2.0281565807070754,119.03317091473205,46,53.7311719239592,5076,49,3,0,8,16,1
Electric,nan,5,0,0,0,87,76,97,30,87,71,257,0.9919220004940279,82.687349681103,218,5.520209794961899,4953,68,4,1,4,15,5
Normal,Psychic,1,0,0,0,102,60,50,61,50,62,503,1.8064740004696476,43.136160539557935,51,53.37156650028543,4818,95,4,1,3,6,6
Dark,Fighting,5,0,0,0,78,117,68,134,100,120,504,1.7540519951678863,14.03700961732146,41,13.436595348056684,4994,74,4,2,0,11,4
Fighting,Water,8,0,0,0,73,67,46,38,35,38,272,0.3857507072775972,11.142427849033114,241,5.932764032733853,3076,252,1,2,5,12,2
Steel,Fairy,6,0,0,0,45,70,51,81,55,117,286,0.40752082649018095,31.675920982344643,259,4.840347688880377,4916,117,1,2,0,12,3
Fighting,nan,8,1,0,0,108,100,74,77,73,96,487,1.612576864324875,147.07041747674504,12,7.918002879115317,19905,-10,8,1,2,13,3
Ground,nan,9,0,0,0,64,63,40,57,29,73,322,0.586060543015286,0.8248671498898013,286,7.042234974457493,5035,196,3,1,4,12,3
Steel,Ice,6,0,1,0,87,120,73,51,89,72,601,19.172930124010637,5.72413047975307,51,4.870077331347387,5470,61,1,1,8,8,5
Normal,Grass,6,0,0,0,154,77,98,61,122,92,507,1.9705591419323971,46.22559092282677,76,5.485676553248193,5507,15,1,1,-1,8,1
Poison,Dragon,7,0,0,1,80,114,63,126,114,52,552,8.824942646340398,691.8260479116068,40,92.72838758424469,35284,39,1,2,6,6,4
Dragon,Ground,5,0,0,0,83,122,99,110,73,75,595,3.4726441619760005,175.0801136016177,81,2.328861209966394,5764,-2,1,0,4,9,5
Ghost,nan,9,0,0,0,82,72,72,137,57,74,553,0.7923615992085148,52.02764802950984,28,6.712351253789347,5132,-14,1,0,4,11,1
Fighting,nan,8,1,0,0,110,143,86,69,89,105,657,1.4573716586913672,35.735717414829296,8,5.379684225418189,20040,-17,1,0,2,6,3
Water,Ground,2,0,1,0,137,91,127,108,52,104,507,0.7596124376127029,62.833159687273344,5,4.4848960776652245,33218,0,4,1,0,13,1
Ground,Rock,6,0,0,0,116,122,78,98,127,116,515,2.091210567239563,88.51364207214212,51,6.147623802641449,6507,-2,3,1,2,7,4
Ice,Normal,6,0,0,0,72,126,69,113,44,73,542,0.5700818994944461,96.31529683804142,74,46.193263747724444,5086,126,4,1,5,8,4
Psychic,Flying,8,1,0,0,100,116,62,139,114,89,621,1.473990874713647,191.32202367841404,10,6.462768884016919,25571,2,8,2,2,12,6
Normal,Fairy,7,0,0,0,79,54,63,113,107,126,473,2.5079509325312603,28.80084833320379,46,0.6934528976519116,8073,12,1,1,5,9,5
Water,nan,1,0,0,0,54,60,24,46,22,83,313,0.6080097867716032,-9.976018983440243,237,94.12579172864488,5012,236,2,0,4,10,1
Grass,Dragon,6,0,0,0,78,87,75,96,68,75,561,1.3440025062471035,88.29570573373081,33,6.662348212006864,33207,43,1,2,5,8,5
Fairy,Water,4,0,0,0,82,92,51,35,58,62,319,0.6426574391885328,32.81757752841806,67,49.359887499315725,5373,90,3,2,7,10,4
Steel,Dragon,9,0,0,0,79,122,106,68,144,56,574,1.1827139441637669,29.66855222806898,27,94.25058464672728,7456,-4,1,1,6,6,3
Grass,Dark,9,0,0,0,83,111,53,33,67,36,341,0.5064428307484624,13.393662576584445,251,6.477453256909955,3715,86,4,1,5,7,5
Normal,Ice,4,0,0,0,118,119,121,84,80,47,434,1.820195479294723,70.73831590764941,93,4.345514562714184,5449,77,4,0,5,13,2
Bug,Water,5,1,0,0,85,67,121,71,45,36,434,0.6625112865192788,23.562372506003037,28,5.081292374072621,3740,196,1,2,3,12,3
Dark,Ground,6,0,0,0,45,86,42,62,69,87,285,0.40142062193206196,3.7483618509413184,45,6.319399209596844,6901,39,2,1,5,11,5
Ice,Dragon,1,0,0,0,117,56,117,67,129,46,534,1.9673255135919998,50.855952055586826,50,5.414823513708826,5005,57,3,0,5,5,4
Fire,Flying,1,0,0,0,70,132,147,95,38,175,508,1.8764119341415397,246.01897103011396,48,12.220213829187127,5007,87,3,1,6,9,2
Grass,nan,5,0,0,0,77,56,34,61,110,72,308,2.017952852405301,25.999378082201027,240,5.915844975246122,7114,191,1,2,2,9,3
Psychic,nan,8,1,1,0,99,127,108,74,71,81,532,1.842291829239191,10.353207697138131,-1,5.473128704498123,25940,3,1,0,0,11,3
Psychic,Psychic,5,1,0,0,111,54,50,125,68,59,465,1.2889140278150228,7.2536594249160125,23,5.619210945200199,23874,18,3,0,0,14,3
Grass,nan,5,0,0,0,63,55,55,43,48,88,249,0.4537314527417716,9.829224218193797,250,6.187113662646074,5151,211,2,0,4,12,3
Bug,nan,9,0,0,0,68,140,63,105,48,103,546,0.40729544345725144,2.8328740414756,23,5.330232963812998,5091,8,4,0,4,9,3
Grass,Flying,5,0,0,0,57,65,44,19,49,40,201,0.7471745691322853,12.351546893257947,246,4.982058020980512,5116,187,4,1,3,7,3
Grass,nan,1,0,0,0,42,79,49,39,99,65,440,0.7668981422818293,12.167236423976235,45,97.28197278026704,5317,50,2,0,4,9,5
Normal,Ground,9,0,0,0,72,111,58,42,124,47,489,1.4216985677665528,329.15160729500406,49,5.236671750960029,4939,10,3,0,4,7,3
Ghost,nan,4,0,0,0,64,126,110,62,99,48,301,1.2395233860970845,23.954635102766815,93,5.651029251860492,5270,115,1,2,4,8,3
Poison,Ice,4,0,0,0,93,118,115,31,85,104,475,1.448049065137187,300.54438980659734,134,13.170068813605575,5035,38,1,0,6,9,7
Water,nan,8,0,0,0,61,106,54,49,77,82,518,1.7083557050128362,-1.8845232719398926,33,90.37671358986015,4866,35,4,0,4,8,5
Bug,nan,1,0,0,0,46,42,23,37,12,45,319,0.5833846683483659,-25.556125023885492,253,10.553693751804662,4968,259,2,3,3,12,3
Bug,nan,9,0,0,0,85,98,41,48,71,102,283,2.3214388892798086,23.598904690324083,38,7.053721793066984,5234,92,1,1,1,11,3
Poison,Fighting,8,0,0,0,94,80,61,132,72,106,434,1.270374262875277,-8.279121084726382,185,1.7170643155823848,4857,59,3,0,3,9,6
Psychic,Ground,9,0,0,0,116,100,123,82,101,54,596,1.0274011785809178,65.07986882290464,72,6.2182235989824965,5473,81,3,1,8,6,3
Poison,Ice,6,0,0,1,85,34,51,121,118,89,636,2.6934503797535756,76.54387718911596,43,6.114239917529639,6034,39,1,1,8,9,4
Normal,nan,9,1,0,0,100,61,101,91,73,95,455,1.696354274729195,126.04631423028914,82,5.453842706011812,5352,95,3,1,0,5,1
Psychic,Water,3,0,0,0,63,41,60,112,26,44,227,0.5030422771660839,-5.413980227914893,244,53.86538732755789,3669,248,1,0,6,11,3
Electric,Dark,7,0,0,0,79,37,57,72,58,64,599,0.5381607093925941,-10.473138969152204,41,5.643501116858065,28975,44,1,2,9,4,4
Water,Grass,5,0,0,0,83,80,51,67,48,56,272,0.466897961755335,69.00779616653423,274,53.76427020537249,5294,137,4,1,4,7,6
Ground,nan,9,0,0,0,93,92,120,45,92,52,292,1.7982087382576457,-6.732445923807122,49,5.009886365483947,10118,96,1,1,2,4,5
Normal,Ghost,8,0,0,0,136,89,75,51,86,61,500,1.6997942062396965,1.2975760601848645,255,4.893634879692257,6308,17,1,0,4,9,3
Bug,Water,5,0,0,0,82,118,85,46,92,52,321,1.2964795514500091,21.68245685451104,80,11.670668980799633,5023,87,4,2,0,7,3
Ground,Ground,4,0,0,0,87,77,55,35,93,55,403,1.3900112038645331,30.63443819546817,88,5.967070159515733,7505,92,3,2,4,10,1
Dragon,Dragon,7,0,0,0,90,108,88,73,83,41,637,0.7388625934193191,84.55755923456552,21,4.54700422328643,30153,67,3,1,7,11,3
Bug,Psychic,1,0,0,0,55,69,53,60,42,57,312,0.8200884331865816,3.730334708226927,262,5.950993953965266,4764,278,3,1,3,12,4
Ghost,Bug,8,0,1,0,80,94,119,66,89,52,313,0.7955584398067137,124.52333098972558,93,48.58595733404289,5804,138,4,1,5,7,3
Poison,Dragon,7,0,0,1,83,138,99,155,82,100,581,9.076393180626727,313.6056059638226,39,5.22169869302367,33260,37,1,0,8,7,5
Dragon,Fairy,1,0,0,0,39,114,84,140,61,46,466,1.0078195141610733,28.148647938270283,78,84.48881089691584,5091,75,3,1,6,11,5
Electric,nan,8,0,0,0,91,81,88,86,94,44,459,1.391830568231169,49.53579186344124,18,7.152146255137682,33572,17,2,1,0,9,1
Steel,Fire,6,0,0,0,77,84,37,111,81,94,536,3.292624111618421,61.377580147820574,105,6.557298368075368,15899,68,3,1,5,6,6
Dragon,Flying,1,0,0,0,75,126,120,71,95,118,479,2.0666868711944124,237.6652017773224,59,4.818406512983114,5497,84,1,2,5,6,2
Ground,Flying,2,0,0,0,85,74,62,79,49,43,467,0.525483900893386,48.35399143844448,51,5.881745003358112,5694,12,3,1,4,13,3
Fairy,Ghost,5,0,0,0,49,96,64,71,87,73,270,0.6677549233064314,10.702725423981414,252,5.5644758159443555,3383,206,1,3,4,11,5
Water,Steel,2,0,0,0,64,87,39,51,67,37,268,0.6471608235097296,1.2293289123767988,236,4.981637402547588,4199,132,2,1,3,14,4
Poison,Steel,5,0,0,0,91,122,113,73,127,109,359,0.73294134833753,-5.942953682834428,50,6.132653382655073,11239,44,2,0,7,9,5
Dark,Dark,7,0,0,0,90,114,71,134,113,61,489,2.2834491925728813,281.43062035535945,52,5.194483052780455,5590,40,3,1,6,6,6
Ice,nan,1,0,0,0,92,99,111,74,35,119,493,1.5271149206519834,68.34747327840039,67,56.75355748001783,3979,80,3,0,4,11,3
Rock,Dragon,9,0,0,0,121,42,143,128,80,87,501,0.6450136399285785,5.007298867816706,34,6.764324108453996,5130,41,1,2,5,6,4
Grass,Rock,2,0,0,0,85,123,59,98,90,80,513,1.4913773944807547,4.5599424937563064,44,51.191718452688,2598,36,3,0,5,9,5
Ghost,Dragon,7,0,1,0,138,70,79,57,74,75,537,20.784015014351386,20.294392751692865,-15,4.787664346353775,31099,15,1,2,2,11,3
Poison,Dragon,7,0,0,0,58,63,83,47,43,60,515,0.5857550890861991,21.858204968639672,45,5.982046752663972,27114,82,1,0,2,7,4
Grass,nan,6,0,0,0,63,38,41,44,66,61,257,0.43289164021070814,-16.215059113798148,196,6.686220259619886,7931,186,4,0,5,12,3
Ghost,Fighting,7,0,0,0,76,104,43,72,97,61,422,1.974465490802596,2.8898666703708233,83,51.67605708194128,4454,48,3,1,6,12,4
Ice,nan,4,0,0,0,62,62,53,32,38,76,250,0.2083317588070278,-4.681213077415949,255,6.534141545867124,5007,201,3,0,4,11,2
Grass,Ground,4,1,0,0,76,101,93,104,128,76,490,2.799413056881521,105.21488364359907,7,5.234749995425162,5459,33,1,0,6,9,4
Normal,Grass,4,0,0,0,92,58,115,103,102,109,493,1.6500307412546604,71.96445677521314,47,9.031580875869802,6374,44,4,1,8,9,4
Steel,Fighting,7,0,0,1,200,91,70,122,38,52,565,6.829721285520604,1164.5405596251258,50,5.874879298870337,32539,37,1,2,8,3,4
Water,Poison,8,0,0,0,84,44,130,67,89,38,458,0.5021345566574036,14.927397940505028,124,6.167054906322035,6700,51,8,0,5,12,1
Water,nan,5,0,0,0,85,100,55,63,55,39,265,0.7062226668285398,-0.4877793304909499,157,8.387015412879608,5023,124,1,0,4,11,3
Ghost,nan,1,0,0,0,222,97,58,98,75,68,438,2.0411386685289714,50.64894450474635,14,4.287140201196514,5297,56,1,0,8,16,2
Rock,Fighting,7,0,0,0,83,88,60,100,55,71,561,0.7083583881291822,3.0434044334814345,9,5.3158848487891595,7333,21,1,2,9,14,2
Psychic,nan,4,1,0,0,110,114,72,154,96,127,653,1.3870475136742109,39.29962363338542,-16,5.590877675535828,25730,-19,3,0,2,14,3
Flying,Fairy,1,0,0,0,72,84,115,75,68,60,499,0.6170879987695681,81.46049264185672,51,91.5038646530574,2939,70,3,1,6,8,4
Poison,Fighting,5,0,0,0,64,113,82,60,80,95,296,0.7598123936627758,17.133205080346396,261,5.9337430531368796,5134,85,3,0,5,6,2
Water,Ice,5,1,0,0,105,69,90,105,76,128,563,2.1504357479607057,11.384971094835478,10,5.96741111903728,7677,-12,1,0,0,12,3
Fire,Psychic,3,0,0,0,62,58,47,36,78,50,279,0.624618611420666,13.051150302052037,187,85.15618499666336,4970,129,3,2,4,11,2
Normal,Dragon,1,0,0,0,81,85,100,43,112,105,493,1.3504748266828086,4.282213942010927,15,6.1733727785848735,5817,74,4,0,3,9,3
Fairy,Fighting,7,0,0,0,84,77,70,99,81,99,605,2.202744852236999,906.1736637646866,38,5.511519059771949,30345,29,1,1,1,6,3
Fairy,nan,2,0,0,0,75,87,31,46,37,95,272,1.038446235273561,4.284899733785457,125,5.750508822143236,5546,153,8,0,4,11,3
Dark,nan,8,0,0,0,64,93,73,91,67,100,516,1.114483054703599,-6.636141332034176,126,3.890728960241267,5410,90,4,0,3,14,3
Dark,nan,1,0,0,0,89,60,119,57,85,100,495,1.4907149670331423,100.93800136335418,45,89.28761891088072,7354,10,4,1,0,8,7
Normal,nan,8,0,0,0,42,53,60,59,60,71,371,1.5847261295285722,32.3681943984913,135,4.952123111908912,5136,129,1,1,3,7,5
Flying,nan,3,0,0,0,74,67,42,93,78,104,496,1.9399603197638597,20.198309850975015,5,7.327985213527972,4193,85,3,0,2,16,3
Poison,Fairy,9,0,0,0,130,79,25,43,29,63,310,0.6334003689643903,56.25346327741006,91,5.279571062618221,4912,79,2,0,5,7,5
Dragon,Psychic,3,1,0,0,85,112,108,92,85,53,563,1.6139650782461246,19.072502456945863,39,6.42182187068863,23783,17,1,0,-1,4,3
Grass,nan,6,0,0,0,65,37,46,137,79,61,468,1.7097011184770456,79.0171014019997,79,90.30144348528222,4216,39,3,1,5,5,4
Fighting,Grass,1,0,0,0,57,58,95,51,81,63,686,1.620014292293972,85.81802857097401,8,5.257346872372835,7337,80,4,2,2,11,3
Electric,Ghost,5,0,0,0,77,79,89,63,46,125,496,0.5011498619170581,1.5468775928220104,56,49.81044436130938,5094,82,4,1,6,11,7
Fairy,Water,5,0,0,0,88,83,51,62,56,53,524,1.4173415309115835,130.41194115895073,51,5.1492491643603735,3790,124,1,0,7,7,2
Water,nan,1,0,0,0,61,68,93,27,58,31,292,1.678739223701625,-2.1863673982871195,44,54.46333491364574,5351,98,4,0,4,9,2
Ghost,nan,5,1,1,0,217,98,122,135,112,86,691,0.9609623685409653,42.25572018474776,18,5.100336802737916,32760,5,1,1,0,10,1
Normal,nan,5,0,0,0,49,80,99,62,61,37,429,0.9132914623292037,70.28797724188878,128,92.75866749063202,5150,89,4,0,4,8,3
Bug,Grass,6,0,0,0,50,51,84,52,77,47,300,0.5701332882785471,-6.4976541980372975,232,10.159397899126173,4951,98,3,0,4,9,2
Poison,Poison,5,0,0,0,76,58,31,78,82,89,574,0.5634420103614757,15.598587557384658,40,9.931538871579807,5422,42,1,0,4,11,3
Steel,Dragon,7,0,0,1,251,126,80,144,96,73,624,7.720640338183465,679.7873657345131,-11,5.721566598773382,34983,29,1,0,7,6,4
Grass,Dragon,6,0,0,0,81,121,64,130,86,59,279,0.6104435273654726,9.23960331764224,48,5.546656338195933,33206,32,1,0,0,7,2
Ground,nan,2,0,0,0,69,77,73,54,57,89,258,1.5056275044826763,5.385230073299608,92,49.80291603606186,5586,112,3,0,2,13,3
Fire,Psychic,9,0,0,0,59,58,54,82,91,114,489,1.4531057694247946,2.4968558072606157,40,10.930463243944917,5222,116,3,0,4,9,3
Water,nan,4,0,0,0,49,62,20,33,53,51,218,0.5811714115868859,-4.580425794033557,263,9.445945486316393,5514,249,1,0,4,14,1
Normal,nan,6,0,0,0,105,84,55,66,29,56,307,0.6575749260053494,11.269972293144352,181,6.493568511298258,5581,64,3,0,4,16,4
Ice,Poison,5,0,0,0,80,104,72,100,78,159,523,2.3160663970939814,176.67743841574918,43,10.095361208823375,7828,45,3,0,4,9,1
Normal,nan,5,0,1,0,96,105,56,96,68,101,605,0.5510649064936858,-5.38977783501428,0,5.314032595160974,33096,17,1,0,4,13,1
Grass,Ground,5,0,0,0,88,139,82,48,74,48,480,1.3895081881127338,-4.706901735871506,39,6.259070765006687,3186,79,3,1,4,11,3
Ghost,nan,8,1,0,0,117,123,63,135,77,89,588,1.3345664645762572,107.23636496657767,9,5.8159781467278515,19521,-5,1,1,2,11,3
Normal,Dragon,5,0,0,0,53,65,53,37,56,37,290,0.5426422596892755,3.9749815056534104,253,4.549263887652387,4969,150,1,1,3,11,1
Steel,Ghost,1,0,0,0,68,54,103,56,106,108,586,1.2888789023271088,68.76655747394213,44,5.450635389518809,5027,54,1,2,6,7,3
Dragon,nan,5,0,0,0,63,124,45,67,55,57,251,0.3970910161804308,3.354658389017361,193,3.996348602278489,5384,265,2,0,3,11,5
Rock,nan,7,0,0,0,74,63,83,37,102,47,464,1.7261141693061945,54.409693981911644,82,9.248369341464517,5298,65,2,0,6,9,4
Psychic,Fairy,7,0,0,0,92,90,53,109,77,75,611,0.7099213519499799,21.156673687988253,263,5.790393477383337,5382,52,1,0,2,5,3
Water,nan,2,0,0,0,111,80,59,48,37,61,358,0.6433141455568825,45.769929533240905,198,6.315388807813932,5180,137,3,0,5,12,6
Water,nan,2,0,0,0,132,66,60,64,85,78,485,1.9498366563039813,25.071253033027514,53,86.12584008513028,4864,63,3,0,4,16,3
Dark,nan,9,0,0,0,115,69,92,56,36,71,557,20.089521989681778,83.24337751505264,42,8.870553413362986,8278,80,1,0,4,16,1
Grass,Water,6,0,0,0,96,84,65,40,101,67,634,1.1443406645729124,28.054749532999217,17,5.3757062327350615,7197,90,3,0,6,11,3
Ice,Dragon,9,0,0,0,47,76,86,52,73,43,281,0.38932268666000347,29.96072783205306,247,89.7578619005817,5187,71,4,0,4,9,1
Ghost,Ground,1,0,0,0,63,72,60,39,36,45,188,1.8935936546875496,8.542746684655327,273,46.576797800730404,5024,130,2,1,4,12,3
Psychic,Poison,4,0,0,0,52,62,86,52,49,80,587,0.6821216242064657,9.577751829838537,93,5.105577722947781,4905,115,1,1,4,4,5
Rock,Steel,7,0,0,1,113,121,92,129,61,75,570,9.00200675330489,475.8396327772013,37,4.914139521344291,32923,34,1,2,8,8,5
Psychic,Fairy,8,1,0,0,112,117,89,132,100,146,651,1.5706807635569593,205.36548533397345,50,6.52750539686354,30432,-1,1,1,0,12,6
Fighting,Poison,9,0,0,0,120,115,112,52,97,62,528,4.3971266765070665,114.40707837713329,94,5.561317884746263,7030,96,1,1,7,7,4
Psychic,nan,4,1,1,0,83,67,82,152,100,122,509,0.4871979378495357,11.721347934009465,21,4.8352667280355215,16884,20,1,1,2,13,3
Normal,Psychic,3,1,0,0,109,101,98,113,112,117,600,4.314136608455552,111.49494444780485,87,4.488053793520462,30845,18,1,0,8,7,3
Electric,nan,8,0,0,0,45,56,31,35,67,69,235,0.5263911773707506,8.231276479870651,251,5.654414800457074,4979,115,1,2,4,16,3
Electric,Ghost,6,0,1,0,74,75,40,151,93,112,468,0.6048675306624399,5.921702643295138,41,4.901252310198854,33087,9,1,0,10,9,4
Ghost,Steel,6,0,1,0,127,68,49,145,116,74,542,6.022575495357906,-0.36305249859869093,14,3.9220612748761967,30590,18,1,1,6,5,7
Normal,Flying,1,0,0,0,112,72,128,131,80,98,593,1.5984784324094272,96.346981051435,40,6.403354641630219,9556,63,3,2,5,5,5
Normal,nan,2,0,0,0,102,116,43,51,85,86,451,3.0136671606242893,182.28128980262247,38,4.57314462076059,5586,11,3,1,2,6,1
Normal,nan,1,0,0,0,80,91,58,56,60,55,248,0.7801753990943822,18.462479256185357,262,4.537717634414719,7216,139,1,1,3,11,2
Ground,Psychic,3,0,0,0,65,93,54,114,37,111,436,0.825680415016983,103.76884413287053,240,5.544847996565075,3020,84,4,1,8,4,5
Normal,nan,1,0,0,0,63,61,58,87,72,111,400,1.3695729576994486,15.201065857545476,81,86.31302330192295,5332,251,2,1,5,12,3
Water,Dark,1,0,0,0,74,87,63,33,51,72,291,0.5280743416242045,7.945840215491189,249,5.994729729056003,4962,128,1,3,4,9,6
Bug,Fire,9,0,0,0,78,63,46,44,43,47,586,1.4252814986119229,44.20644226579378,128,56.104064207120445,2993,76,3,1,4,11,5
Water,Psychic,2,0,0,0,45,69,29,53,38,54,233,0.6836013412342599,-10.476076454343326,273,6.606864263860751,3682,133,3,1,4,12,2
Flying,Ground,9,0,0,0,83,88,68,143,42,182,528,1.5422233164147618,70.73337773322878,47,5.082427975649609,7031,50,4,1,5,6,7
Normal,Psychic,4,0,0,0,83,126,83,45,86,80,296,0.6231568009048186,20.072528987456963,257,7.051146148950742,2983,80,3,2,3,12,2
Rock,Fairy,3,0,0,0,71,41,61,62,56,60,285,0.5676218075402597,3.2609296722737238,250,6.944648052533617,2767,133,1,2,9,9,5
Fire,nan,5,0,0,0,108,77,60,123,88,120,402,2.469549663901524,70.72789409252766,50,86.30590537214437,3525,76,3,0,0,16,2
Bug,Flying,4,0,0,0,74,95,90,66,77,143,487,0.48247351385258486,42.59778720299394,74,9.12912690634721,4768,57,4,1,6,9,3
Ghost,Ground,8,0,0,0,88,63,46,38,60,46,340,1.6481581729672166,9.817682561696518,267,5.375010172844442,5058,263,3,0,0,5,5
Water,Ground,8,0,0,0,51,54,61,43,53,100,256,0.848956926149789,142.47018536104537,139,87.75232515839166,4911,86,1,0,7,11,4
Rock,Dragon,7,0,0,1,57,144,73,136,88,47,572,0.6984071346333677,1059.1362875254244,45,5.993317008141567,31954,42,1,2,6,6,4
Fairy,nan,5,0,0,0,66,26,70,64,41,75,505,1.264631238702461,29.787525242173928,48,7.705061331269862,4881,124,3,0,4,9,2
Normal,Psychic,4,1,0,0,107,117,80,147,111,87,528,1.2791027155105195,123.2775841281978,23,5.625499028367997,16287,24,3,2,2,15,3
Poison,Poison,1,0,0,0,58,89,58,51,92,95,579,0.5431234575816694,18.915097016941075,70,5.1165647711659465,4966,130,1,0,5,7,4
Ground,nan,2,0,0,0,66,54,32,52,63,48,287,0.47590923727045,1.7119008593100578,259,3.4768242080963985,4769,130,3,1,4,11,3
Psychic,nan,5,1,0,0,69,94,37,63,92,118,404,0.588505065811961,-4.220641205988114,-11,5.710724444892946,21190,0,1,1,3,12,2
Ground,Normal,2,0,0,0,69,120,45,70,89,94,313,0.6563057425468533,56.387532858582794,191,13.534625827760504,9176,67,4,1,4,12,3
Psychic,Ice,7,0,0,0,106,118,99,121,42,68,475,4.357808841178185,27.976663243497566,80,5.41227015757815,3858,46,1,0,6,16,4
Psychic,nan,5,0,0,0,63,13,24,51,55,45,186,0.5630830217720403,-11.080905292393988,249,93.69774162630526,5490,86,4,0,3,13,3
Steel,Dragon,5,0,0,0,92,99,59,129,124,82,614,1.3251733820359701,141.04663450401537,29,4.307736525069367,5103,82,3,2,2,6,4
Normal,Psychic,6,0,0,0,110,113,93,136,73,73,621,1.4857277617468596,233.41163802386842,29,6.0739140247781815,17098,-4,1,1,7,17,3
Fighting,nan,9,1,0,0,98,72,112,78,77,108,551,0.5560517875371731,120.39443567544943,6,5.476404392347815,18043,-5,7,1,0,12,2
Bug,Grass,6,0,0,0,109,54,78,39,64,68,259,0.5107585745522044,0.5978699550528201,243,5.826162069279322,5113,102,3,0,5,9,4
Fire,Flying,9,0,0,0,93,122,89,79,83,101,490,1.5159739699630705,90.87282123609936,80,6.643244587657591,3747,38,3,1,5,7,5
Normal,Fire,3,0,0,0,58,77,66,87,59,96,479,1.7126486101707319,1.8019043541884905,121,5.438487934918464,3839,104,4,1,0,16,2
Fairy,nan,3,0,0,0,89,49,90,37,79,78,563,0.9916752976662148,-8.12432963352173,41,5.571539276954628,5481,83,3,0,2,11,3
Fire,nan,5,0,0,0,77,67,50,42,69,52,308,1.6107757129186817,-10.173668407303227,73,85.85618592980934,4896,133,3,0,5,9,2
Fire,Psychic,6,0,0,0,82,113,49,57,44,52,515,1.3795499139471668,46.77071930809115,48,6.042327821825872,4866,83,1,1,8,6,4
Water,nan,3,0,0,0,72,53,73,109,69,60,445,0.34069441058505023,-0.5733503131436244,56,90.05135695593013,4497,247,4,1,6,8,6
Psychic,Psychic,8,1,0,0,111,110,125,137,132,123,553,2.0997173443451915,278.9386716240881,4,5.587456128791866,22627,-9,3,0,4,7,5
Ice,Water,5,0,0,0,112,85,105,135,99,115,516,4.473347311056516,219.61263169201058,77,89.0874175266095,2915,72,3,1,7,9,6
Rock,Poison,7,0,0,0,63,42,35,64,55,76,311,2.5238587317314893,182.26909830902682,46,6.505763951464952,5185,40,1,2,6,10,5
Grass,nan,2,0,0,0,61,57,84,53,43,62,293,0.45708443389842124,-7.6195999044486005,39,7.232819431364267,5440,115,1,0,3,12,3
Water,Grass,1,0,0,0,101,112,95,85,114,117,505,2.1735299473742704,58.80577945289394,75,52.9242930816595,2944,52,3,1,5,9,6
Steel,Water,7,0,0,1,75,65,44,93,97,49,554,16.65409304278187,29.951793120264604,38,6.094734448782881,33075,46,1,2,8,6,5
Water,nan,5,0,0,0,67,85,67,60,76,96,308,1.5417919452062185,10.962251205169494,69,5.703409965893864,7250,33,3,0,3,11,5
Water,Rock,6,0,0,0,54,99,48,37,51,62,327,0.45178014804582345,15.451409334220596,118,6.119546970427757,3756,221,3,0,4,11,4
Steel,nan,1,0,0,0,69,93,29,75,44,53,321,1.7427132406904091,10.291307444868423,52,9.36322770332458,5113,71,3,0,4,7,6
Grass,Poison,8,0,0,0,77,43,92,59,110,76,528,1.646007663865261,24.40522685232785,53,8.570614300421378,5057,80,4,0,5,16,6
Bug,Dragon,6,0,0,0,98,78,42,59,49,54,537,0.2879526680167914,13.471064674172002,73,4.849633254873523,10792,39,1,0,3,11,3
Water,nan,2,0,0,0,60,83,42,42,40,59,293,0.5924390710240297,36.64615688818931,52,5.515255509551917,3275,119,3,2,4,12,5
Dragon,nan,5,0,0,0,99,101,56,154,88,124,504,1.6725254307203234,12.959129424550747,123,4.479281945854859,22208,18,1,0,0,7,3
Water,nan,3,0,0,0,62,67,44,43,66,68,225,0.5979510215744502,-13.200871150467028,262,87.20721141551816,5318,251,2,0,3,8,1
Psychic,nan,8,1,0,0,116,102,78,132,74,122,530,1.7037795055338747,100.04609414694094,1,5.282949738188658,23797,16,2,0,0,13,3
Bug,Dark,5,0,1,0,118,76,78,61,74,62,489,0.6675078504166636,13.417318770876104,89,5.51862375893909,5392,86,3,0,5,8,4
Poison,nan,8,0,0,0,80,67,47,36,46,31,232,0.6738305262187119,-12.818950285731868,108,11.540280368639783,4828,111,4,0,3,12,3
Flying,Fairy,9,0,0,0,95,128,74,52,47,63,462,0.8393012489496277,21.17177131049306,54,87.6290833711446,4810,70,4,1,4,7,5
Water,nan,8,0,0,0,116,95,137,87,51,82,525,1.4506776644507602,5.997256068667783,89,52.381099999044714,5195,17,2,1,6,11,3
Psychic,Fighting,9,1,0,0,111,111,54,60,96,133,546,1.3418656913597233,38.05469060016749,41,5.3574057149374505,21426,-9,8,0,5,10,3
Bug,Grass,7,0,0,0,52,69,58,38,58,53,302,0.6319190804949135,-11.712611164145637,41,22.09385948737052,5485,286,1,0,2,8,4
Rock,Psychic,3,0,0,0,82,131,27,74,59,62,403,2.7539995976732055,38.57078732362891,40,5.757863857380145,8425,41,2,2,5,7,2
Grass,Fairy,6,0,1,0,75,70,48,122,65,78,357,0.7403424689118208,10.814751694562652,42,5.601094545544223,3269,25,1,0,8,8,4
Rock,Fighting,7,0,0,0,80,96,147,95,98,94,652,0.7122038379805462,1106.4477341708239,42,5.969340303900669,32116,49,1,2,8,4,4
Normal,nan,5,0,0,0,57,68,24,38,24,37,250,0.36300051025994773,4.334249962895209,133,4.969765694473984,5189,187,2,0,0,12,3
Psychic,Ground,4,1,0,0,114,106,95,113,99,110,642,1.7920226786479272,178.10918159508856,-7,6.143727030105402,21449,7,7,1,3,13,3
Flying,Dark,9,0,0,0,70,53,66,44,87,53,264,0.6726395054771872,8.719109695358672,252,6.188809185584454,3426,17,6,2,3,13,3
Normal,Ghost,6,0,1,0,112,84,85,109,97,128,571,13.368544315826172,352.40465356432367,-3,4.985884757739047,29354,11,1,1,0,7,1
Poison,Dragon,7,0,0,1,108,112,61,107,54,92,570,5.922520374093121,774.1500477997824,42,4.354187414665897,31930,32,1,0,8,6,4
Ghost,Water,1,0,0,0,79,71,73,40,69,30,457,1.3352015242912654,15.103470839201144,250,5.81838951876251,5124,96,4,2,5,5,4
Normal,Rock,9,0,0,0,100,84,114,96,86,104,476,2.0042866195602347,81.85763921725656,104,53.73435143395701,3854,79,2,1,0,16,5
Normal,Ghost,7,0,1,0,88,94,101,111,70,130,548,6.637347680951717,13.261065446872466,15,4.512108631327508,30648,24,1,2,8,6,6
Flying,Ghost,3,0,0,0,116,112,55,125,52,60,626,5.7597654538156915,64.92803627634282,52,5.4501092351413485,32288,42,1,2,6,9,4
Ice,Fairy,3,0,0,0,64,37,70,72,33,30,259,0.3112415922183512,-9.509761708190757,257,9.588773101331327,9661,250,3,1,4,11,2
Rock,Psychic,7,0,0,1,106,116,71,118,122,82,516,10.56746292088446,1200.395270576364,39,4.3802834515117794,32265,41,1,1,8,7,4
Grass,nan,3,0,0,0,68,93,45,61,77,117,530,1.3274186088805,30.50145537423845,129,90.172585789975,4275,102,4,2,4,9,4
Grass,nan,1,0,0,0,82,81,57,64,96,34,366,1.3312615642304313,12.820097485816687,243,89.99353799874548,4964,119,4,2,3,16,3
Poison,Dragon,7,0,0,1,120,120,57,105,78,80,599,6.943650738809931,927.7540551439284,51,5.530186127000461,32521,49,1,2,8,9,4
Steel,Dragon,5,0,1,0,303,114,45,163,133,101,670,3.1464223065315036,395.8284867457053,-2,5.328527484286219,34445,1,1,2,8,7,4
Normal,nan,1,1,0,0,74,105,109,97,49,85,457,1.5243630527106873,66.42383658119977,99,5.586134139000638,7613,71,3,1,1,11,3
Grass,nan,6,0,0,0,84,74,70,140,100,120,487,1.9571149416323625,58.49136298800564,35,53.831984046234226,5027,67,4,0,4,9,2
Steel,Ghost,7,1,0,0,126,100,97,154,67,99,541,3.0827639333001646,-5.275544069799855,-18,5.193616979705249,21441,3,7,0,7,11,3
Flying,Rock,3,0,0,0,53,74,73,129,70,128,619,0.7047033864454413,15.820057303940114,52,5.152033045018091,3753,39,3,2,5,11,3
Normal,Steel,8,1,0,0,128,92,59,64,76,94,461,1.973064362236669,0.18071838397987783,79,4.445280672775718,2568,92,1,1,3,16,2
Normal,Dragon,9,0,0,0,83,87,77,96,117,133,496,1.9288063164532965,45.06076007721915,54,6.072160487904103,5005,89,3,1,0,9,1
Grass,nan,1,0,0,0,62,64,56,49,29,50,314,0.5609197210095979,-10.081105763856714,191,5.586514147360021,3288,246,2,1,1,11,2
Steel,Dark,3,0,0,0,80,122,55,88,72,135,530,2.7210258294262983,22.224185253398673,7,6.74511609997193,3655,-5,1,1,0,9,3
Bug,Water,9,0,0,0,72,63,91,54,44,56,355,0.5923415690100479,6.745378907073354,43,7.029990436119696,5311,39,2,0,4,9,4
Steel,Dragon,7,0,0,1,86,92,34,135,39,83,526,5.889567247480448,20.222564946434503,35,5.382137734244766,32085,39,1,0,8,6,4
Fire,nan,1,0,0,0,67,24,51,77,77,66,316,0.9996470276657502,23.47623491699496,66,12.994621296942825,2991,120,3,0,9,6,3
Poison,Ground,7,0,0,1,62,31,78,90,87,56,501,17.955480049799558,13.75711553643937,30,50.71143844565981,36340,45,1,2,9,7,4
Dragon,nan,8,1,0,0,113,113,104,104,105,117,520,1.3316625391118115,-8.193092912133443,-6,5.28849535508043,14119,-2,3,2,1,13,3
Grass,nan,1,0,0,0,57,33,37,55,53,63,238,0.5707352296753553,0.9470738616235153,241,100.48919399563505,5533,124,1,0,4,11,3
Normal,Dark,9,0,0,0,102,65,58,21,99,105,460,2.092306601122682,1.707489056036298,4,4.557471465255068,8237,19,3,2,0,11,1
Normal,nan,2,0,0,0,97,102,93,56,42,105,259,1.2238440036761582,15.115285047410415,259,6.785536168574786,5073,236,3,1,4,7,6
Poison,Flying,7,0,0,1,152,129,82,129,110,131,541,8.549847343509507,608.1561774706486,44,5.0495245451236,30483,42,1,2,6,5,4
Steel,Flying,8,0,0,0,81,82,114,93,107,108,540,1.5503267040419813,56.685500936405674,127,4.677381222397482,5083,60,3,2,5,9,4
Ground,Fighting,9,0,0,0,79,103,75,91,71,86,508,1.5451418881348968,10.671065418867009,58,5.777199707737553,10285,52,3,0,4,13,3
Dark,Fighting,7,0,0,1,78,127,43,116,106,115,557,0.9106506173576207,445.07878972770084,34,4.366033784063479,36366,-17,1,0,8,7,3
Poison,Ghost,5,0,1,0,110,74,40,162,77,96,584,0.5632797689117863,-15.38599374351149,14,5.611784559697097,30371,25,1,2,10,11,4
Ghost,Flying,6,0,0,0,59,56,41,71,55,49,231,0.40639659202016876,11.32181795096988,250,54.550923236584495,5238,181,1,2,3,12,1
Grass,nan,9,0,0,0,77,51,77,49,120,52,511,1.4524879499325691,25.138632045080797,33,99.1424838795795,4955,81,3,0,4,9,3
Ghost,Normal,1,0,0,0,82,77,65,69,83,62,294,0.8092080350837686,-4.586275276474881,61,46.37700882031311,4986,94,3,1,1,6,3
Ice,Flying,5,0,0,0,70,105,93,56,102,70,494,1.3277882491913007,71.02431770817509,78,5.782193580342511,5459,94,3,0,4,7,1
Bug,Fighting,5,0,0,0,82,162,51,104,49,71,530,1.556067429173484,19.227677820260638,69,10.267170229841216,5387,122,4,2,6,9,1
Water,Ground,7,0,0,0,56,70,36,67,78,106,261,0.6316782669610919,-2.615302363047009,247,6.079588524369099,2784,133,1,1,5,14,2
Dark,nan,5,1,0,0,89,96,104,101,133,109,556,1.7755320019737406,15.975995149380473,4,10.427251862905994,4764,-8,8,0,3,12,1
Dark,Flying,9,1,0,0,108,83,84,133,86,115,643,1.325192560835224,195.89153657839609,-15,5.218377567831422,23775,-2,2,2,3,14,3
Electric,Dragon,1,0,0,0,185,87,51,64,79,130,464,3.417318012480189,61.27250991861256,92,5.3181161058434006,3463,88,1,1,4,16,3
Fire,Dragon,8,0,0,0,110,88,70,26,90,51,429,1.8083331022045215,64.92538488360927,43,5.1992166117633305,3770,85,2,1,6,9,7
Dark,Grass,5,0,0,0,71,114,57,66,76,49,265,1.3381086991134263,7.769078955710957,127,11.165790222925903,4725,77,3,1,3,7,6
Bug,Psychic,5,0,0,0,69,123,104,52,98,50,407,0.869276669949318,25.319835943461968,75,50.94480768807374,3007,82,4,0,6,12,3
Grass,Ice,1,0,0,0,74,72,70,133,80,75,416,2.034607059387947,60.058109094104516,50,56.39532192360551,5438,68,3,0,4,9,6
Bug,Grass,4,0,0,0,48,101,33,66,26,58,289,0.48152875234377823,4.602764623997716,267,6.880648873624962,4798,256,3,0,3,12,2
Psychic,nan,5,0,0,0,96,115,94,121,78,92,493,1.6885099802619685,72.19988214214165,131,5.594752088305357,5253,-5,2,0,3,9,3
Rock,Steel,7,0,0,1,60,75,50,129,47,82,555,1.8828208541581284,852.2877037452183,45,6.110796513485822,31788,47,1,0,7,5,4
Ghost,nan,2,0,1,0,108,87,74,122,78,120,624,17.18115710143778,-5.548811435385941,8,5.028563379982185,35310,22,1,0,9,13,1
Flying,Psychic,1,0,0,0,90,110,134,134,93,57,532,1.7605982022726596,88.49411778846458,43,91.96849127195036,3412,83,3,2,5,9,4
Bug,Ground,1,0,0,0,62,73,65,45,69,66,405,1.288210243494451,2.979745911537268,243,5.403507031298204,5471,91,3,3,4,13,2
Poison,Flying,5,0,0,0,75,92,61,102,78,88,462,1.4950097072847794,46.057892830357,85,4.902474327069316,4980,5,1,1,3,12,6
Grass,Dark,6,0,0,0,72,77,51,43,70,116,396,1.7895770092052234,9.832119090733691,47,90.07693256754656,5713,39,4,0,5,11,2
Water,Psychic,8,0,0,0,73,53,38,42,29,51,299,0.4908702716106587,-1.1713627199942795,244,8.146586017277876,5174,117,3,0,3,12,2
Rock,Ghost,9,0,0,0,78,80,128,106,117,78,491,1.9376540070639363,79.12834754532497,116,5.728510329155878,3971,76,1,1,5,7,4
Electric,Poison,5,0,1,0,88,71,87,78,88,75,579,0.788421823240015,-4.745689602964044,21,5.115142786022406,33153,26,1,0,6,7,1
Normal,Dragon,2,0,0,0,50,66,44,24,37,52,229,0.4500911750704354,18.882122671732386,253,9.166209059566588,3809,277,1,1,7,14,4
Psychic,Ice,1,0,0,0,87,38,32,98,50,72,405,1.5689114848315406,13.251324075327258,75,57.84392549102785,2627,43,3,1,8,9,3
Grass,nan,6,0,0,0,76,53,38,67,49,82,298,0.44654949546064115,-5.508726869299055,252,91.11196811572472,5056,112,1,0,4,14,1
Electric,Fairy,7,0,1,0,80,94,135,137,73,123,592,0.654008572120059,14.699355901878981,-4,5.302429473464159,34937,16,1,2,8,7,4
Bug,Ghost,9,0,0,0,52,48,65,53,36,83,320,0.9346609257292622,62.296227083055435,83,5.500852015523685,5213,87,1,2,4,7,4
Rock,Poison,7,0,0,0,57,44,107,62,103,96,527,2.29074960940774,73.42648112661364,45,4.765284606785613,3293,67,3,1,7,7,4
Rock,nan,3,0,0,0,106,104,78,94,107,94,435,2.94417030666541,67.70793516132514,14,4.957894749072993,31598,-4,1,2,6,10,1
Ghost,Steel,9,0,0,0,65,109,100,90,93,114,497,2.0518354713416365,12.456796955795943,41,5.7174001452010295,3662,48,1,0,8,12,3
Psychic,nan,1,0,0,0,84,111,44,69,77,55,251,0.8943546746859995,-4.8907016498366485,18,10.803513836809056,5280,16,1,0,0,11,3
Dark,Steel,3,0,0,1,104,73,79,130,99,122,558,1.881416027809324,139.11682868310047,47,5.673391530712104,35703,44,1,2,6,7,5
Grass,nan,5,0,0,0,76,130,92,67,58,109,523,1.7753167578957827,68.94353155641372,85,6.14548053699089,5626,51,3,0,6,16,1
Grass,Ground,5,0,0,0,80,127,64,37,90,56,369,1.3949671849618146,75.37497872798451,79,5.375940884666838,5267,63,3,1,5,9,5
Ghost,Ghost,7,0,0,0,54,58,47,79,50,31,283,0.4161340105986124,-10.341450743395951,132,10.423544801034595,1471,135,1,0,5,7,3
Grass,Fairy,5,0,0,0,62,78,23,70,39,48,251,0.5638282680859922,-13.865243004501304,275,5.747764349228115,5149,267,1,1,3,12,3
Grass,Fairy,4,0,0,0,37,114,16,32,26,50,322,0.2949148545567162,0.163652614537094,267,9.49663226824117,3941,228,3,0,4,12,5
Fire,Flying,5,0,0,0,80,122,81,73,145,87,442,1.9573981255718502,163.82657429239816,47,5.402677099932283,4588,50,3,1,6,9,4
Psychic,nan,2,1,0,0,118,140,111,101,99,106,521,4.4239234516157815,47.16164646841287,14,5.25769698396575,17942,8,8,0,-1,7,3
Steel,Fairy,7,0,0,1,181,120,107,126,79,127,599,3.536304630178421,470.15016436073944,33,6.2621600736147585,34823,37,1,0,7,5,3
Bug,Fighting,8,1,0,0,71,117,113,98,93,113,602,1.6022835889675915,126.85936577127782,-3,5.795409960988145,7282,-3,3,1,6,8,4
Poison,Ghost,6,0,0,0,52,53,74,60,59,63,329,0.7403579192208015,2.322843617189097,131,6.045761966126894,4496,112,1,2,5,11,4
Ghost,Flying,9,0,0,0,61,42,42,35,59,44,246,0.6097677810311491,-3.702447472123568,257,5.898994827472219,5255,268,1,2,2,12,3
Psychic,Dark,9,0,0,0,103,108,123,92,70,53,507,1.7438046385472337,283.3403163199147,86,85.27828874230765,5092,60,3,1,2,7,5
Poison,nan,5,0,0,0,69,68,76,108,84,54,279,1.6263085534459563,45.50298493205738,99,89.0000262045194,4997,89,2,0,4,16,5
Grass,Ghost,1,0,0,0,88,49,39,38,104,59,304,0.4956585060012526,2.6139230709880543,58,95.27988952537535,4872,87,1,2,5,9,6
Water,nan,2,0,0,0,49,66,60,48,35,65,296,1.2588353434782844,21.41630460693263,275,6.700965933445848,3155,262,3,1,0,15,1
Water,Flying,5,0,0,0,67,82,41,54,47,64,317,0.8603743083247299,3.1213210688763304,265,6.377744202923972,4944,257,4,2,4,11,3
Normal,nan,1,0,0,0,76,49,134,120,75,168,493,1.6840821060290356,54.211045570830464,57,90.76192156958723,3803,92,4,0,5,9,4
Bug,nan,3,0,0,0,60,26,43,40,63,49,166,0.6497912716271681,-9.054261937006158,266,5.142294307930333,5464,266,1,0,3,11,1
Grass,nan,1,0,0,0,66,67,103,65,88,58,214,1.24153579059729,4.768037194407896,94,5.294280576789661,5122,133,3,0,4,12,3
Ice,Dark,3,0,0,0,69,96,103,52,87,51,481,0.20694339668310396,14.174751179265268,75,55.735451634194696,5346,132,2,1,5,7,1
Grass,nan,1,0,0,0,70,50,33,32,46,107,323,1.2973273828680894,75.46392320296252,78,96.10066911120029,5291,118,2,1,5,17,5
Steel,Water,9,0,0,0,88,121,154,64,94,71,476,1.5771947944316174,49.34682785492893,54,5.931072083916508,5169,98,3,2,4,6,4
Fighting,Ghost,9,1,0,0,100,115,151,43,73,94,469,2.0454718629629975,109.09336221688068,64,5.649383601757126,7509,98,3,1,4,17,3
Normal,nan,8,1,0,0,76,48,113,51,88,55,422,1.0813117208610332,-0.1549179730394119,11,5.4563589154998775,4309,83,1,1,4,13,4
Electric,nan,1,0,0,0,66,73,98,56,59,110,495,1.5325849901531514,71.54948443247994,86,96.27860584481178,5249,85,3,0,4,8,3
Water,nan,1,0,0,0,48,94,31,65,25,57,289,0.5470574991085667,-7.950602235209226,255,49.30898355390276,4866,114,3,0,3,12,3
Poison,Dragon,7,0,0,1,82,79,58,139,62,51,568,0.8166339553847821,372.39025396830925,40,5.733369540695062,38714,40,1,2,8,6,4
Ghost,nan,4,1,0,0,77,44,70,59,87,49,462,1.1098514298745632,-6.131206106437373,78,5.284989806677501,5142,83,3,0,3,7,3
Dragon,Fighting,2,0,0,0,74,82,49,44,126,36,264,0.5722656025879783,-8.173448081668733,55,6.11707512156797,5441,14,1,0,0,5,5
Ghost,Ghost,9,0,0,0,91,75,134,117,48,106,607,8.556575031537022,50.887704470921676,9,54.118943685731416,20149,3,1,0,5,14,3
Grass,Fighting,1,0,0,0,72,122,37,61,96,71,488,1.6176250002424564,43.099689478082816,43,95.33302871342583,5581,42,3,0,2,9,3
Normal,Fairy,6,0,0,0,56,126,63,66,43,52,366,0.5010824178519421,8.842806256889022,115,6.2899332724018935,5307,118,4,1,4,8,2
Poison,Psychic,8,0,0,0,83,116,112,64,130,63,507,2.0930480341850632,38.84308369784839,131,90.02732136920034,2873,77,2,0,4,7,3
Ice,Dragon,8,0,1,0,74,92,83,161,54,47,548,1.6888194626125195,52.05983735838768,86,6.277459609265617,3272,74,1,0,5,8,5
Ground,Psychic,2,0,0,0,80,126,84,92,82,109,614,1.537698637537537,89.99198864969544,51,93.79834301162818,4343,75,1,0,6,9,4
Steel,nan,1,0,0,0,54,116,60,45,106,58,515,3.5900322003514527,74.94563917288511,37,94.00227506916745,8875,43,2,2,5,9,5
Psychic,nan,5,0,0,0,89,76,67,70,105,122,608,1.58992203878429,1.937322580798872,21,4.80331158893566,7810,17,2,2,0,10,3
Dragon,Dark,5,0,0,0,95,51,90,139,79,120,285,1.9011816707250333,46.02979115201521,19,8.963693903587004,5489,70,4,0,8,8,3
Dragon,Ground,1,0,0,0,82,109,46,52,87,64,620,1.7286863912285795,82.40132420943152,26,5.83505020208701,8920,13,3,0,2,8,3
Poison,Flying,7,0,0,0,82,122,70,123,108,105,521,1.435201932592631,17.70371918493612,83,5.928278584611236,5232,15,1,1,5,7,6
Electric,Flying,1,0,0,0,68,94,62,58,92,69,504,0.9687493197781922,106.49991748520527,97,6.031462052012259,5303,16,1,1,6,11,1
Water,Grass,1,0,0,0,60,105,157,30,42,131,498,1.4965714686427312,113.44480028593651,50,6.1537444208484535,6639,239,1,2,5,3,6
Fighting,nan,2,0,0,0,68,77,82,81,70,76,476,2.562053353406748,199.81592734751064,79,93.12438638137905,4984,51,4,0,0,8,5
Poison,nan,7,0,0,0,68,60,75,84,42,89,336,0.7460004777036778,-16.375779697259503,164,6.359498777006947,5432,121,1,0,4,11,4
Water,nan,3,0,0,0,79,38,35,29,39,60,260,0.6260178547878378,17.91957297235271,272,6.775677851099407,8135,264,1,0,2,6,3
Normal,Dark,5,1,0,0,88,118,85,96,99,78,599,2.1496048506289993,324.3591598609226,31,4.942722714337956,27817,9,1,2,7,12,1
Electric,nan,1,0,0,0,83,101,97,77,83,111,514,1.704152981604526,5.914049092535512,93,10.493446146522707,5520,83,1,0,6,12,1
Water,nan,4,0,0,0,105,62,70,52,83,106,439,1.3266055692185306,10.070977736076692,45,5.254940308288805,4974,5,1,2,3,14,3
Grass,nan,6,0,0,0,71,80,47,45,38,51,381,0.7234718143471051,5.908971416805196,125,10.284099038919628,3639,248,3,0,2,7,1
Water,nan,2,0,0,0,60,73,36,53,36,53,218,0.4736272315860282,-1.7716945294687267,42,5.531425723126286,5031,125,1,0,4,12,2
Dark,Flying,7,0,0,1,99,135,104,124,72,91,577,2.626864200680179,95.62599358160108,24,5.783930822940507,30482,-8,1,1,8,8,7
Steel,Dark,8,0,0,0,105,121,55,77,106,103,607,1.8452439845545663,157.38448483283247,75,5.401466765411743,6927,46,1,2,8,7,4
Fire,Ice,5,0,0,0,100,123,57,66,67,124,483,1.5917687501869844,23.763222259447886,3,6.7189384481837315,9008,47,1,1,6,8,3
Bug,Poison,1,1,0,0,75,143,105,57,67,136,509,1.6925118367929128,10.709998903339581,75,0.3571740050739871,9314,81,3,1,2,8,3
Normal,Fighting,7,0,0,0,76,85,55,126,49,34,445,1.456805332205484,57.55112417571264,52,5.075358509714079,5044,76,3,0,4,8,6
Poison,Steel,9,0,0,0,71,66,44,101,91,73,488,3.1937782549334695,763.5279875987949,45,10.052579728329281,6934,72,4,2,8,11,3
Grass,Electric,3,0,0,0,195,99,56,65,59,109,572,1.4440129075307424,-1.8234637234714928,46,5.125523065367812,10025,76,1,1,4,10,4
Normal,nan,5,0,0,0,88,69,76,77,93,148,450,1.9436547911942434,68.56919424163867,67,51.40691414031566,6648,69,3,0,6,9,7
Grass,Poison,1,0,0,0,69,97,128,59,104,132,482,2.1924800359976766,61.91142693117937,51,92.45938207127924,5619,44,4,1,0,9,2
Ghost,Bug,8,0,0,0,114,106,85,143,60,45,507,0.43143323008337575,19.020382803755435,82,6.151904962174945,2495,52,3,2,2,9,3
Normal,nan,5,0,1,0,114,119,46,112,92,127,566,1.384711867069817,75.6612266445162,12,5.6134944896428935,24861,5,1,1,3,11,3
Fire,Ice,3,0,0,0,67,38,59,46,53,66,343,0.8633879373102813,-2.6153437809510063,37,94.33117403798545,5137,61,4,0,6,9,2
Water,Dark,2,1,0,0,64,82,39,44,48,49,226,0.524711162603358,41.814589676518544,127,51.61615531013034,5147,135,3,2,0,11,3
Electric,Flying,6,0,0,0,134,57,99,70,96,126,474,1.6395242914740147,146.93899507735293,75,96.47907839933048,5555,93,3,1,6,8,3
Ghost,Flying,9,1,0,0,107,81,110,117,75,113,503,2.5898037886306247,65.12005881610001,16,4.969514869396482,32176,10,1,1,2,7,5
Fire,nan,3,0,0,0,81,23,56,31,84,40,234,0.6627615154978042,9.083778808332141,242,29.200313348593767,5106,261,1,0,3,13,3
Ice,Flying,5,0,0,0,60,49,38,52,32,43,224,0.4527905718423742,-6.782305115237138,287,4.861442423792781,5013,263,1,1,8,16,2
Electric,nan,4,1,0,0,93,85,77,122,83,90,335,1.5640753367353533,54.70050951014188,1,13.29684584396643,5547,0,3,1,0,14,1
Dark,Water,1,0,0,0,59,51,57,92,57,50,303,1.5439502362094542,93.69350627953486,53,6.450887987981472,4985,93,2,2,5,8,5
Bug,Psychic,4,0,0,0,70,149,54,104,81,78,545,1.377038374297529,71.70310257295034,40,13.2918123139751,5072,47,4,1,4,12,6
Water,Fighting,5,0,0,0,56,47,99,51,70,111,420,1.5138044062411369,78.87139488093048,45,91.33221064717604,8276,5,1,2,4,8,3
Fire,nan,5,1,0,0,87,87,102,58,81,98,533,2.4592165877220644,7.160750304772608,11,5.650424353778792,5296,-3,3,0,2,10,3
Steel,Flying,7,1,0,0,112,55,83,134,98,103,533,1.7630669966560464,88.73878327941735,-6,6.098296434959245,5291,-2,7,0,6,11,3
Psychic,Fire,9,1,0,0,136,73,96,127,60,89,624,3.383785556181285,77.123715586525,-1,5.930445077301622,18563,1,1,1,2,13,7
Water,nan,8,0,0,0,45,62,21,28,24,32,169,0.5908351902952178,-11.767552013796736,237,30.52198920442966,5032,179,1,0,3,11,2
Fire,Grass,6,0,0,0,62,59,44,48,38,45,314,0.5206992109126168,4.905439497919332,245,27.645389802437165,8006,148,2,0,4,8,2
Ghost,nan,6,0,0,0,63,83,58,44,43,51,256,0.7070671912817367,7.459218871944136,274,6.347410003334783,4566,257,3,2,6,15,3
Psychic,Normal,1,0,0,0,52,58,52,127,44,84,509,3.059494071104666,144.10564712288496,37,8.28009983959275,8151,40,3,2,4,8,5
Poison,Ghost,7,0,0,1,78,135,49,127,65,70,547,8.304026834062503,803.7074675200502,36,5.864314363026157,33319,34,1,0,9,6,4
Ground,Ghost,5,0,0,0,62,78,60,115,75,52,342,1.997701530544456,7.448083031256207,71,6.101842055078574,7905,23,1,2,5,12,7
Dragon,Flying,7,0,0,1,68,118,56,70,62,46,300,0.7084775932053945,-4.137171385465097,44,6.554908062376944,5323,47,1,0,5,6,4
Normal,Ground,6,0,0,0,76,100,29,43,28,53,304,0.8652122358445211,3.99988003794042,259,14.077107073207905,3034,271,3,0,4,9,3
Normal,Poison,5,0,0,0,69,55,17,42,35,67,239,0.7066216281404405,-8.760946712889554,264,7.309434364628993,4026,140,4,0,5,14,3
Fighting,Psychic,9,0,0,0,75,47,63,61,108,35,404,2.0236860163986807,37.08706247189132,47,49.98668065373971,3344,73,3,1,8,17,1
Ground,Fairy,9,0,0,0,79,135,136,41,85,71,473,1.3002374595184647,132.77098200619966,87,6.065748941499029,4687,47,1,2,8,6,4
Rock,nan,1,0,0,0,92,109,64,114,131,121,521,2.0514019476923138,75.09415052721691,46,51.4390821544534,7518,38,3,0,0,9,3
Bug,Fairy,6,0,0,0,81,53,33,41,75,55,429,0.6171194143978288,-1.85847459631883,41,5.266949728118638,7162,48,4,2,4,6,5
Ghost,nan,2,1,0,0,91,57,71,43,81,39,430,0.6902519889434086,1.4509768256130258,92,5.546261255836649,5258,91,3,0,2,13,3
Electric,nan,7,0,0,0,46,37,35,24,17,51,248,0.5353664582878278,-24.013817858841534,244,4.7823628564794305,5052,203,1,0,4,12,2
Grass,Flying,4,0,0,0,69,42,46,49,88,82,268,0.8951767690868253,8.173856131466849,254,5.495964271056118,7878,262,3,0,4,10,2
Steel,Grass,5,1,0,0,110,117,48,59,83,82,574,1.7867948415206456,16.25374616793081,51,5.517704280835668,13575,-14,1,2,5,10,3
Fire,Bug,5,0,0,0,49,70,51,67,75,62,315,0.6286702502672643,20.424266554654817,78,5.702687921298655,2961,131,3,0,3,12,7
Bug,Dragon,9,0,0,0,76,119,121,99,78,74,516,1.1913115791061486,52.63386476470637,57,10.73710456282798,3369,46,1,2,6,7,4
Psychic,nan,4,0,0,0,65,103,62,123,86,129,523,1.683830408434798,14.572748662298496,24,5.982838640125384,21185,1,1,0,3,7,3
Bug,nan,2,0,0,0,54,73,58,46,49,28,510,0.697212375325883,17.050888987399127,92,8.37266392495016,3133,46,2,1,4,11,3
Ghost,Dark,2,0,0,0,79,60,40,53,47,49,233,0.7738000733932691,21.40796089052276,98,5.7814696694425525,4831,145,3,2,6,12,3
Fighting,nan,2,0,0,0,77,120,54,102,93,100,572,1.5066278927280772,1.1861337817084916,41,8.935783284167867,5555,82,3,3,2,12,1
Normal,Ground,8,0,0,0,97,114,59,52,53,76,300,1.8102834343139764,-5.55256931367545,137,5.085637521838431,4413,88,4,1,8,8,2
Fairy,Ice,9,0,0,0,67,59,66,50,73,109,453,0.7499008223707962,13.487525592254372,39,5.510431183555358,32937,41,1,2,6,5,4
Bug,Psychic,5,0,0,0,48,110,43,64,87,60,333,0.6275785604865537,11.810030697828175,253,9.03224378952684,1930,124,3,2,5,9,2
Poison,Fighting,3,0,0,0,96,104,70,45,48,55,211,0.8664895142084917,19.137349354135463,278,93.23917469067267,4927,132,2,1,5,13,1
Poison,Ghost,5,0,1,0,77,97,98,61,41,130,556,2.1378582638145813,27.273007509023856,-8,4.798599133552645,30367,-5,1,2,2,6,4
Dragon,Psychic,3,0,0,0,46,79,94,97,105,69,288,1.6912554184763207,11.378285687581766,66,5.226503458710836,8280,103,3,2,5,5,1
Normal,nan,1,0,0,0,57,58,46,44,47,95,294,0.22652902708131406,8.13848842744662,232,12.118025160289964,5465,248,2,1,4,12,3
Psychic,Steel,9,0,1,0,80,68,72,72,87,122,583,0.7203757044813031,6.8173966771413905,42,6.785559641703561,32117,5,1,1,4,6,4
Water,Ground,5,0,0,0,60,80,96,93,47,67,531,1.7404724118618953,62.8029819783776,86,49.86246415363265,4694,76,3,1,4,13,3
Poison,Fairy,3,0,1,0,83,99,49,168,60,68,441,0.6915297267119522,7.589224097101463,42,5.051767001127916,28671,82,1,2,4,15,1
Grass,nan,9,0,0,0,81,104,49,46,80,88,479,0.7973611951088855,25.57375731536193,49,92.98068743662347,3543,77,4,0,0,9,4
Ghost,Ghost,9,0,0,0,81,107,45,43,48,109,307,1.7814476267162813,0.5611020072782544,215,6.0796067567308825,4941,46,1,1,4,11,3
Grass,Dragon,4,0,0,0,94,126,140,56,49,125,473,1.6136107257839378,28.31462776462034,91,6.6039871397465095,8596,44,3,1,4,10,6
Water,Normal,6,0,0,0,68,113,40,47,85,97,489,1.1276909142464964,15.753585450954544,78,93.14852192164717,5140,39,2,0,5,6,4
Grass,Fairy,7,0,0,0,93,62,80,131,84,65,585,4.133895189486985,74.86132506371517,80,4.8628354408359185,31854,48,1,0,3,8,4
Rock,Dragon,7,0,0,1,80,135,83,149,79,109,566,3.8262933824766,570.6532113357363,39,6.148904231261524,5194,42,1,0,8,7,4
Rock,Dragon,7,0,0,1,85,129,105,157,67,59,594,26.63590294210969,797.4060509595691,56,4.51607923057259,5234,43,1,1,7,7,4
Poison,Grass,5,0,0,0,78,96,45,74,46,46,247,0.4418500528898075,-11.127401668618761,282,6.58921217929217,5093,132,1,0,3,12,1
Fire,Poison,1,0,0,0,63,55,46,44,33,104,351,0.558604102649773,8.80819363311857,46,98.51036382083755,5505,56,4,2,4,8,5
Fighting,nan,8,1,0,0,65,137,40,63,62,42,524,0.5737060996006678,11.569752095401533,9,4.873935324224168,16057,-3,3,2,2,14,3
Bug,nan,1,0,0,0,66,121,38,56,31,51,274,0.3950810696386656,12.690693616765461,217,5.6519274469116745,5059,129,3,1,2,10,3
Steel,Dragon,7,0,1,1,115,108,60,89,56,45,537,1.9814506578494302,731.2914413834944,33,4.626448796740214,34225,34,1,2,6,6,5
Grass,Poison,5,0,0,0,57,119,192,162,143,155,628,1.8235291133451867,47.27946207125389,29,6.130826126743389,5099,21,2,0,4,11,4
Dragon,Flying,9,0,0,0,81,93,93,60,114,71,487,2.2401148198378937,66.31035828757976,60,86.47974956365928,10161,50,4,0,6,9,4
Dragon,nan,3,0,0,0,72,67,121,43,66,56,474,1.7817184479189836,17.414892227916038,48,92.78125143731693,5595,75,3,0,0,9,6
Poison,Fairy,9,0,0,0,91,54,127,135,106,88,595,1.0216774798078898,17.038001448146506,80,5.732309264254479,5083,41,2,1,6,8,4
Poison,Poison,9,0,0,0,96,130,47,63,90,61,483,1.5804995361039245,21.34466519523221,96,4.453602890816493,2843,131,4,0,6,7,4
Normal,nan,3,0,0,0,54,79,68,92,64,116,537,1.9186427670460744,-4.553722396930093,94,7.874955784594311,6177,255,1,1,8,11,5
Fire,Psychic,5,0,0,0,71,64,81,70,74,53,516,1.4257758149155715,4.262697347748976,45,5.684400575305718,4984,64,1,2,4,8,3
Fairy,Flying,9,0,1,0,117,127,143,45,61,60,533,0.44062855410287477,-0.3974532538602382,11,5.993468896635798,32193,51,1,1,8,13,4
Steel,Grass,5,0,1,0,116,64,93,86,83,142,641,19.27330116248661,10.368913445983345,12,4.4194094538712,33828,1,1,2,6,10,3
Psychic,Fairy,7,0,0,0,50,50,64,65,36,68,250,0.4912303983398421,-3.989527708692423,124,5.1793008341228655,4894,119,1,1,1,12,2
Rock,Ground,7,0,0,0,84,95,76,106,109,121,499,3.732304363431477,51.92788565597115,44,6.307344029410171,5167,34,1,0,6,7,4
Grass,Dragon,1,0,0,0,76,86,64,68,136,89,565,1.5067304648098425,5.4683605856091155,52,5.343908275974634,5136,82,4,1,6,16,2
Grass,nan,1,0,0,0,146,124,75,57,54,52,617,1.7309558916720933,28.977395313215215,44,5.041746152561823,5276,78,1,2,6,6,4
Dragon,nan,2,1,0,0,108,72,72,48,90,43,570,1.6988878630991264,54.27869106023169,6,6.19313744834896,24238,-2,3,1,0,11,3
Bug,Psychic,5,0,0,0,51,125,64,67,64,80,218,0.6312295345256458,15.085086641298755,90,5.2437923675532545,4313,93,1,1,4,12,5
Grass,Ghost,9,0,0,0,72,99,27,93,130,77,571,1.1583033547422736,11.472243397544617,32,5.015223270285438,5632,68,1,0,6,9,5
Bug,Psychic,2,0,0,0,41,95,50,36,44,41,287,0.30980991640771227,0.7391878434882138,129,25.473005563338173,3852,186,2,2,4,9,2
Psychic,nan,5,0,0,0,56,94,67,77,45,44,283,0.3905128028321563,101.3152187530216,56,6.764370766072734,4901,251,3,1,4,5,2
Psychic,nan,5,1,0,0,103,51,45,52,72,86,214,0.4922419289133343,-2.500786637486149,242,5.351957756030744,7843,229,4,0,3,12,2
Bug,Normal,9,0,0,0,67,54,38,31,58,56,243,0.719718934295702,19.54545748517044,246,6.124820142716576,8887,253,2,0,4,6,3
Water,nan,3,0,0,0,70,81,42,94,76,54,508,1.8368705483956935,3.475139885749998,84,6.007498842590318,4971,77,3,2,0,11,3
Dragon,Flying,7,0,0,1,127,83,81,151,113,74,684,9.498756261830287,619.4480112065129,46,5.632441682036214,33108,-5,1,2,8,5,4
Ground,Fighting,2,0,0,0,55,58,21,55,24,49,318,0.4901754286284082,-8.05467427697779,130,5.1913718778999085,5251,259,1,2,5,11,7
Water,nan,2,0,0,0,59,66,102,41,39,68,497,0.6455691907822678,-0.23649849994167305,126,6.576010800865484,5012,58,3,1,4,11,1
Grass,Fighting,8,1,0,0,98,99,73,145,74,100,494,1.594950747544066,5.480828449560761,48,6.118074886666097,5405,76,4,0,2,14,3
Fire,nan,5,0,0,0,97,63,78,32,48,32,229,0.6423096641868627,28.17354006415139,260,5.795612742177275,5253,134,3,1,3,6,3
Dragon,Steel,7,0,0,0,83,67,50,69,63,120,328,0.7251296457061224,-14.538067296943437,37,6.306833379718322,6595,29,1,3,6,11,2
Ground,nan,9,0,0,0,68,74,88,77,73,97,461,1.4981955266040148,166.70323153032243,83,5.119557736277634,6958,83,3,1,4,11,1
Poison,Dragon,1,0,0,1,120,81,110,84,103,78,668,0.41481204518712844,132.3016134365919,-1,6.491625688054007,29661,34,1,2,9,6,4
Bug,nan,9,0,0,0,75,137,80,104,36,84,308,0.4829808882590983,9.504946323096416,68,92.16730857736464,7194,117,1,0,7,11,5
Grass,nan,3,0,0,0,65,68,42,40,76,46,260,0.8269346103552286,-3.887292391666465,181,95.91665464716179,5007,253,1,0,4,12,3
Normal,nan,1,0,1,0,74,74,54,58,74,123,528,1.1994720616048162,6.431549873006272,78,5.93313327395045,33060,38,7,1,0,13,3
Steel,Fire,9,0,0,0,66,131,53,107,46,52,510,1.245991787986755,67.29025053354069,117,5.0211290413739285,7098,82,3,0,3,12,3
Rock,Steel,1,0,0,0,59,89,50,34,56,96,475,1.324640542561446,7.750891716867656,44,53.94857438596717,5105,46,3,2,4,5,6
Ghost,nan,5,0,0,0,47,127,57,59,83,50,285,0.7441305413336797,3.653955314268817,244,4.513634550803097,9688,19,1,0,0,13,2
Ground,nan,3,1,0,0,106,63,78,126,106,117,625,1.4170847971578295,45.84808695877989,10,5.338881258515134,4447,6,3,0,0,7,3
Grass,Dragon,4,0,0,0,56,77,67,101,68,53,509,1.250912885055825,125.24405408321078,41,91.79665540615899,5298,46,1,1,4,9,7
Ground,Flying,5,0,1,0,46,146,87,138,78,110,476,1.7440007590167268,52.04747658109698,87,4.915984220027289,5149,34,3,1,9,11,2
Water,Grass,2,0,0,0,94,140,119,74,79,56,439,1.4636422567924732,81.3892477893463,43,5.982835768887307,7258,42,1,1,4,9,7
Water,Fighting,1,0,0,0,135,120,73,50,90,78,458,1.8752434899429642,307.50657234282585,47,52.27334131954742,3857,44,1,0,6,7,5
Poison,Steel,5,0,1,0,105,69,57,162,90,134,613,20.68804916799546,11.203744268156106,5,5.38808819570528,33323,46,1,2,8,6,1
Steel,Dragon,9,0,0,0,81,62,38,48,45,47,310,0.8289611098562307,8.562553204245251,54,6.853800500622166,5050,262,1,2,4,7,4
Normal,nan,8,0,0,0,76,118,80,68,94,69,488,1.6155372154724494,17.394166748581195,47,5.401960977265606,1996,75,3,0,4,17,6
Dark,nan,1,0,0,0,52,114,50,52,116,43,321,0.49987998156461727,5.241262235506605,50,5.941978481748899,5460,52,4,0,4,9,3
Dark,nan,5,0,1,0,161,83,96,71,77,112,568,0.6175945576178572,4.895750894376812,19,5.2989430905753885,34172,34,1,1,2,16,3
Normal,nan,3,0,1,0,84,106,88,163,113,116,660,2.0705046388479134,56.35329873257465,28,5.949588411146021,34471,29,1,2,3,11,1
Rock,nan,7,0,0,0,93,120,54,45,28,92,232,0.40355388702973816,8.047979952738693,203,6.104298040347992,6735,24,1,2,3,13,4
Normal,nan,1,0,0,0,77,92,104,47,43,48,471,1.5114080635662985,9.530491213635216,94,11.914859586367514,18944,18,1,0,3,11,3
Dragon,nan,5,1,0,0,103,94,126,82,86,119,640,1.4976201902217914,253.34899760698042,14,6.191468612998129,23146,3,3,0,0,8,3
Psychic,Poison,2,1,0,0,108,106,114,92,84,137,478,1.8212714789213553,40.55269093251126,75,6.264605219960438,5095,86,3,0,0,8,3
Grass,Poison,1,0,0,0,65,83,123,108,59,84,478,1.0757707311957176,12.433102529592901,45,6.001409449097392,9900,52,2,2,4,9,3
Bug,Psychic,8,1,0,0,79,99,59,118,92,142,566,0.5183776369208686,60.54478439032508,37,6.794302274521738,8294,-12,1,0,8,7,3
Bug,Ice,9,0,0,0,80,134,71,89,56,95,593,1.3998163235900147,42.51809798857755,44,90.12701021573827,4875,42,4,1,5,7,5
Psychic,Psychic,8,1,0,0,107,101,95,87,111,53,561,22.49966978209312,109.42363296924283,-8,4.59027905699451,16437,19,3,2,5,7,3
Grass,Dark,1,0,0,0,92,68,85,93,91,76,549,1.1639795204480863,316.9917244246752,61,5.414547587729705,5327,38,3,0,6,9,4
Fighting,Water,8,0,0,0,78,67,104,61,73,63,568,0.41184966632905917,27.10520266597992,46,5.351451520867436,3625,51,1,1,2,13,2
Grass,nan,6,0,0,0,62,79,32,43,32,86,263,0.7122211898660168,3.1402538299915648,241,90.24728301269907,5391,122,1,0,0,9,3
Ground,Ground,5,0,0,0,72,135,46,45,50,45,318,0.9158971197149004,2.0602907447675953,142,9.505804763250193,4713,97,3,1,0,6,3
Dark,nan,5,0,0,0,35,118,47,72,23,68,340,0.5679583403601038,3.164357457121106,240,8.151808584996441,3927,241,3,2,5,14,3
Water,Fairy,1,0,0,0,68,47,59,50,34,51,316,0.6523663363293375,1.4286191224365599,72,6.144869065050205,4962,127,3,0,4,9,6
Grass,Steel,5,0,0,0,83,132,77,123,52,117,513,1.9346191207555203,68.93911867853407,85,94.77876135508282,7327,91,3,1,5,6,2
Fire,Normal,6,0,0,0,89,66,51,48,81,107,506,1.9558372748619206,57.655939356819964,43,6.140862898343455,5148,83,3,1,4,11,3
Grass,Fairy,9,1,0,0,85,81,110,145,73,145,651,1.571907378847373,64.14381735890863,0,6.143807568333439,24919,2,1,2,2,7,1
Normal,Flying,4,0,0,0,88,85,124,136,107,82,501,0.7979812636257717,320.56436349953697,32,53.1485062723911,4324,86,3,1,6,7,3
Normal,Flying,4,0,0,0,83,90,95,57,86,46,571,1.7411539353225778,118.40530461079862,77,5.962754760468178,8434,48,3,2,5,8,4
Fighting,nan,1,0,0,0,106,64,78,60,95,101,471,1.5355704807052155,34.08031248262658,47,95.19565830843875,5011,72,3,0,4,7,3
Normal,nan,5,0,0,0,71,113,92,68,75,91,439,1.9325438918900608,11.049714269186461,75,27.088385008983824,8428,101,2,0,5,9,4
Fighting,Fairy,8,0,0,0,61,77,137,103,84,60,556,2.3328222177460436,79.52156907318903,51,51.12827355763743,5256,47,4,2,9,11,6
Psychic,Dark,8,0,0,0,78,116,98,62,94,54,488,1.6106617715343372,81.48071835376412,50,10.303655472406625,3282,38,7,2,4,8,3
Dark,nan,5,0,0,0,72,100,109,81,82,92,559,3.70860919300953,21.754030820416865,84,4.550293836640791,6753,94,4,2,7,17,1
Grass,nan,9,0,0,0,73,128,92,83,53,113,491,0.8142321363207976,6.81724454599402,43,86.27904447833964,6645,60,3,2,4,7,1
Ground,Fighting,9,0,0,0,101,120,74,65,71,147,634,1.0696838494342273,51.57685509261249,82,6.2569298263351785,5189,52,2,2,4,12,1
Dark,nan,5,0,0,0,60,56,43,117,77,115,308,0.45523444757482706,1.9582473837966976,48,5.633462012377063,5605,72,1,2,3,11,5
Ground,Fighting,7,0,0,0,82,59,68,56,52,68,495,1.5999282668468406,29.2190370812652,50,6.145864523291218,29500,81,1,1,4,7,3
Bug,Fire,5,0,0,0,77,120,66,75,110,51,531,2.2820385160004193,86.12360826711215,92,5.19938791700505,4753,85,3,1,0,7,4
Ground,nan,3,0,0,0,59,50,43,17,30,34,263,1.1018116772273143,2.2099925727696252,251,88.65296993506983,5183,198,1,2,3,12,2
Normal,nan,1,0,0,0,96,57,64,48,81,56,211,1.9651136875232211,15.397638291451718,104,6.000059321173018,5153,98,1,1,0,16,1
Dark,nan,3,0,0,0,44,101,48,52,70,55,397,1.5766828722662078,13.571691064927334,49,5.9949439951974375,4990,92,4,0,3,11,3
Grass,Fairy,1,0,0,0,59,113,97,49,48,48,387,1.212699010261935,623.3885724659082,34,5.958301757335821,5772,40,1,0,4,9,4
Steel,Dark,7,0,1,1,82,42,84,137,75,116,562,1.4469264568890583,-8.546135939805334,38,5.885756840760062,34851,41,1,1,8,6,4
Psychic,Psychic,9,1,0,0,127,99,53,96,82,106,415,1.3505674264788468,71.66288295767431,8,5.224241264066323,6503,-2,3,1,3,13,3
Grass,Bug,2,0,0,0,65,57,52,52,98,34,229,1.607251919003961,13.783869013364253,224,52.54322745715719,6497,122,3,1,3,12,2
Normal,Grass,4,0,1,0,80,107,102,98,119,146,531,1.6769473719434154,37.64521076798036,16,4.531579035079262,29247,1,3,1,0,11,4
Bug,Ghost,9,0,0,0,80,82,33,54,68,108,295,0.5826324363818919,64.922629930424,84,5.001933255842078,4230,65,1,2,4,6,5
Ground,Fighting,9,0,0,0,85,74,75,70,86,67,511,1.256007739976481,16.067733482532212,38,6.031931499437715,8794,112,3,0,5,9,4
Poison,Dragon,7,0,0,1,173,59,54,49,30,73,591,0.5360424555246048,6.804581021847149,38,5.980833008548216,31796,40,1,2,7,8,4
Fighting,Electric,9,0,0,0,59,82,89,124,57,45,304,1.8053491018037664,26.9868350753474,242,6.465523980512923,5259,114,1,2,5,9,4
Psychic,Grass,8,1,0,0,111,147,143,105,80,118,589,1.8549497263652088,179.22322050987023,2,6.568321338173652,15590,-9,3,1,0,13,3
Fairy,Ghost,9,0,0,0,47,54,69,41,48,55,233,0.23666448259419798,3.5764440964341926,258,6.463931878999678,5085,128,1,1,4,11,2
Ground,nan,4,0,0,0,70,73,86,53,60,111,440,1.427717909799735,4.109169939114363,85,86.08428905797605,8579,60,2,1,4,7,4
Dark,Fairy,1,0,0,0,247,101,70,77,94,75,576,1.5994759507337886,102.38754537278137,38,5.543683314729947,9094,46,2,1,6,7,4
Steel,Ice,6,0,0,0,110,131,83,130,89,67,576,1.418577459647678,841.4910693060087,48,7.374905805926192,4285,45,1,2,7,7,4
Psychic,nan,5,1,0,0,80,117,108,107,87,127,673,0.8633635337453271,11.320437036172521,18,5.4197747484283525,22994,3,7,1,3,6,3
Bug,Fighting,9,0,0,0,59,75,48,69,69,67,471,1.471022079375322,3.389755423032014,89,97.07624988849962,5018,86,3,0,8,6,5
Fairy,Grass,4,0,0,0,63,84,45,41,42,73,313,0.9379172061436223,5.7652783708752455,137,4.498447244670542,5535,177,3,2,5,11,3
Psychic,nan,2,0,0,0,86,93,55,58,74,62,544,1.5836916333754334,68.87282719438639,17,6.488408896475352,11132,0,4,1,3,12,3
Psychic,nan,4,0,0,0,107,61,33,28,77,131,506,0.9165801434818477,9.167713385527884,44,96.50682198468306,3908,79,4,0,4,9,5
Steel,nan,2,0,0,0,77,80,46,58,46,102,302,0.7535420772411621,2.746887286786656,40,4.667135747679753,7464,192,1,1,4,11,4
Normal,Fighting,6,0,0,0,77,72,24,58,42,73,492,1.0142877642760733,5.81412282365735,42,95.39310171544906,4844,36,1,0,6,9,6
Ground,Fighting,9,0,0,0,107,92,91,125,83,53,606,2.0832556742536728,69.76369039934669,67,50.20079497804877,28190,38,3,1,3,9,5
Poison,Flying,7,0,0,1,73,81,63,144,117,57,592,8.901725638289786,24.352688241108538,34,55.98069262081861,34045,42,1,0,8,5,5
Fighting,nan,6,0,0,0,73,100,49,41,59,107,380,1.9248338490176118,85.41337025993374,80,5.858354247027611,5100,119,3,1,4,6,1
Psychic,nan,5,1,0,0,68,85,39,72,86,127,291,0.27668165441000564,-7.319919067087026,213,5.639419221247056,8921,95,1,2,3,13,3
Poison,Rock,6,0,0,0,77,82,75,68,67,121,503,1.8412633488820773,15.161133596839932,34,4.964847523855429,5290,14,3,0,4,10,3
Electric,Fairy,8,0,1,0,61,36,33,24,59,70,438,0.6540298328016478,-4.027966709593608,177,5.088523057782974,5490,248,1,1,5,11,6
Fire,Dragon,7,0,0,0,77,70,105,108,57,116,543,0.6497377765829966,19.992903067024066,43,4.985923905275692,3034,50,3,2,5,7,6
Grass,nan,1,0,0,0,76,92,34,38,49,51,419,1.2090927130161788,18.22029762054481,257,92.92839322617004,5420,127,1,1,5,12,5
Water,nan,5,0,0,0,39,37,24,28,31,52,256,0.3926663051935187,-19.999167680509203,267,6.302982188086734,5248,261,1,0,5,17,3
Bug,nan,5,0,0,0,42,54,32,50,20,33,269,0.5354084745447503,-14.467300028976828,246,10.916325144365198,5022,241,3,0,4,12,3
Steel,Ghost,7,0,1,0,64,54,59,83,48,70,621,1.1410511279630353,-17.95424787848485,-11,4.988816664178521,30435,10,1,2,7,14,2
Normal,nan,1,0,0,0,108,44,67,54,78,130,491,1.4074119904506541,85.62467242863032,50,5.660067858978595,3584,73,4,1,0,8,3
Fire,Flying,5,0,0,0,101,115,86,44,58,76,521,4.936390622181394,45.8595076590278,32,92.24532832974195,5753,46,3,0,5,9,5
Dragon,Dragon,7,0,0,0,59,88,83,116,101,66,526,1.7585565294070458,36.22797710605104,41,5.0538592891376934,29821,46,1,2,4,5,4
Electric,nan,8,0,0,0,58,55,35,27,35,54,177,0.4239049613894095,-12.732536608032499,257,52.11287258361727,4982,152,3,0,3,16,1
Normal,Poison,1,0,0,0,74,71,70,98,89,153,502,0.9036800139819434,194.34357562139766,6,5.253675940656718,5225,7,4,1,6,14,6
Normal,Psychic,6,0,1,0,83,134,51,116,74,91,640,2.1066394299454663,21.84480468370056,45,5.139991476294424,32616,51,1,2,9,9,4
Poison,nan,5,0,0,0,69,70,30,23,26,48,298,0.34645863034710506,-6.788196015582459,261,5.170698317722806,5637,134,4,0,4,9,3
Poison,Dragon,7,0,0,1,86,148,117,134,69,67,647,0.4076592454121769,611.0345462588215,44,5.917255255608192,33936,39,1,0,7,7,4
Bug,nan,7,0,0,1,96,100,160,135,87,98,551,6.359933782426088,26.59803644905439,-2,4.700048606185164,34459,8,1,0,0,5,4
Fairy,Ground,5,0,0,0,58,45,57,51,63,72,634,0.669871575826578,15.355738356728976,39,12.516536554285825,5401,38,4,0,4,9,3
Water,Steel,8,0,0,0,66,69,49,68,68,33,340,0.6911263680044186,-9.048966817279863,285,5.878161482896177,4613,120,2,0,4,8,3
Poison,Dragon,8,0,0,0,105,40,41,108,90,49,537,0.7907747072168856,17.09863785697071,11,6.390896913865266,32727,27,1,1,3,5,4
Water,Rock,1,0,0,0,65,60,32,42,36,44,272,0.9218731935854825,68.4344632180648,41,93.82111205745811,5214,117,3,1,4,12,2
Grass,Poison,1,0,0,0,64,113,63,67,156,56,509,2.0263424970866284,86.17441163281195,249,51.976196297542636,7200,115,2,0,6,16,3
Flying,Poison,3,0,0,0,39,46,46,43,55,44,334,0.4456785338120774,12.640802764533836,110,6.41070974864808,4884,123,1,0,2,10,6
Bug,nan,8,0,0,0,42,106,66,59,35,74,347,1.6098423538867885,12.46540729996279,111,8.904043849764873,5286,70,3,0,4,9,6
Water,nan,5,0,0,0,66,129,25,53,31,36,230,0.33447377284923585,-8.028240096250302,218,5.753456578714152,5401,237,1,0,4,14,3
Water,Steel,5,0,0,0,80,118,67,106,122,65,598,0.9174085848234338,30.85283793380625,61,90.14540999624981,9316,83,2,0,4,11,5
Ice,nan,8,0,0,0,67,49,102,46,102,71,348,1.6682851775753438,17.759915315677567,275,51.330119269326076,3657,90,3,0,4,9,3
Normal,Poison,2,0,0,0,112,70,40,37,42,47,284,0.6824015653176461,5.960150405676016,139,5.0321361400308,4948,135,4,1,4,8,3
Steel,Ghost,9,0,1,0,115,137,43,85,98,75,582,8.464046380578832,17.809254991186783,2,5.8404789236986066,23058,21,1,1,9,10,1
Steel,nan,8,0,0,0,105,136,62,45,71,62,467,1.4102946053716123,57.82306065629495,48,8.769832830679716,7942,72,2,0,6,7,5
Grass,Psychic,8,0,0,0,89,113,38,63,78,98,545,0.7124103967267646,26.125319181543695,83,49.28948834746229,2573,62,3,0,8,9,7
Dragon,Fighting,7,0,0,0,53,66,40,56,37,41,235,0.49703052356353666,3.6016811404365576,36,5.848180589152262,5567,104,1,0,5,12,3
Electric,Ground,6,0,0,0,80,61,65,50,73,71,208,0.5427579059122654,4.495926344141093,258,27.045636637681884,6491,100,1,1,4,9,3
Fire,Psychic,2,0,0,0,84,120,50,58,94,35,466,0.6854880352470755,64.44874068032614,84,6.570773375490714,7420,53,3,1,6,11,2
Fighting,Ground,7,0,0,0,79,83,25,60,50,89,425,0.4587952650993993,2.3881293848614273,87,89.11530016769478,4393,38,3,2,4,9,5
Normal,Flying,7,0,0,1,102,146,73,142,62,66,584,8.083334971173725,510.1949886734466,48,5.6365332680757305,29864,40,1,0,5,9,4
Bug,Poison,1,0,0,0,90,96,101,102,101,45,467,0.983016083600761,47.83795391607116,77,46.81492235676424,4911,74,4,1,4,16,7
Normal,nan,6,0,0,0,98,88,123,17,69,42,469,0.6709488587183262,-9.823551713848305,106,5.564758848237715,5074,93,1,2,0,10,1
Normal,Grass,5,0,0,0,78,68,133,54,112,102,593,1.802376801850326,86.66732735092964,51,5.212498456637101,4125,75,3,1,1,5,1
Fairy,Poison,6,0,0,0,97,69,59,55,83,58,492,1.8104859293196243,47.1670440277166,72,53.79726214044189,5038,87,4,0,2,11,3
Steel,Ghost,3,0,1,0,80,42,42,51,49,56,242,0.8382489640595139,-3.1887204999053953,209,5.980035737515411,5075,203,1,2,7,11,4
Normal,nan,9,0,0,0,103,126,66,83,78,62,653,1.7724962878034862,33.524044289571016,44,7.178607585247808,32891,79,1,1,7,8,5
Water,Steel,5,0,0,0,65,46,38,75,87,61,564,0.5315128243945914,91.14234050075109,251,91.57768820781693,5097,191,2,2,5,11,3
Rock,Fairy,5,0,0,0,90,115,82,123,94,44,344,1.608117503746692,3.001414643810719,130,6.952765473260706,4634,73,1,2,5,5,4
Ghost,nan,3,1,0,0,45,76,48,47,68,55,261,1.277220190459758,-14.029420389950042,244,6.084129243824682,5230,74,3,0,2,11,3
Flying,Bug,9,0,0,0,75,93,110,111,101,76,462,1.73608714491824,241.52340028282146,116,96.64277082823631,3924,50,3,2,5,7,6
Water,nan,9,0,0,0,61,96,71,99,84,56,438,1.0445067634331988,119.5935102771576,76,96.48834538802632,4900,66,3,0,3,16,3
Water,Dragon,2,0,0,0,70,95,107,53,96,54,496,1.1283424553109351,34.6334698376788,69,86.37855181202848,5277,51,3,1,4,6,3
Poison,Flying,5,0,0,0,78,98,40,97,96,60,451,1.8646996759980166,76.74555208632178,55,6.078114861426497,5239,50,3,1,5,7,1
Ice,Steel,5,1,0,0,53,69,86,123,74,107,604,1.6701479219023063,10.73479642214317,20,2.889821213654083,6009,5,3,2,7,17,3
Rock,Steel,2,0,0,0,105,84,74,44,51,86,635,1.5138963265005827,201.92339395767047,17,5.185472578312864,18000,63,1,2,2,14,3
Fire,Ground,5,0,0,0,95,64,40,36,83,74,382,1.9192509143524892,64.4546431118251,44,97.48809733717917,2961,95,3,2,2,9,1
Grass,Rock,6,0,0,0,70,90,133,130,71,41,570,0.9177056216510155,77.44928130862357,54,6.349798873414169,1674,47,3,2,5,6,4
Fighting,nan,1,0,0,0,98,90,117,52,91,49,470,3.0795524008252375,79.77217162368859,55,6.066222193314935,3685,64,3,1,0,11,3
Rock,nan,7,0,0,0,59,61,69,44,60,41,231,0.6268914575148599,-8.038357215799552,232,5.618927948797315,4374,141,1,0,4,11,3
Rock,Ice,2,0,0,0,86,113,65,151,54,49,430,1.8983620284945752,48.69222399919698,45,6.66138778287038,3100,91,1,0,4,7,5
Steel,nan,7,0,0,1,83,63,51,38,88,42,413,0.5082495244314356,5.719690002545773,44,5.327910024537935,35291,43,1,2,4,8,4
Dark,Dragon,5,1,0,0,90,100,76,105,73,109,572,1.4055141033886556,274.27186712548627,70,4.567357783979942,3959,-16,2,0,6,7,3
Ground,Ground,2,0,0,0,71,68,45,50,66,76,270,0.36485044046062476,18.53738154431729,214,92.58347161261054,5078,103,3,1,4,13,2
Steel,Steel,1,0,0,0,68,67,106,58,54,32,273,0.48895231383159377,0.5752748954265279,135,11.559673717036674,5446,134,1,2,3,11,4
Dark,Ice,6,0,0,0,111,137,74,112,61,113,573,4.617208276927604,231.84484243160279,8,6.29400339593679,5829,94,3,4,6,8,6
Water,Ground,8,0,0,0,44,64,40,36,24,44,241,0.7215179445037043,9.681739044553723,254,50.20571169769144,4904,101,3,0,2,10,3
Dark,Flying,3,0,0,0,102,148,103,123,83,104,627,1.4154745092984564,293.7996558980759,36,5.88160395378762,2922,-13,3,1,6,9,3
Water,nan,6,0,0,0,82,69,61,42,89,53,477,1.7991228632994958,-5.580966065853842,81,12.331269969506316,3426,133,4,0,2,9,3
Grass,nan,5,0,0,0,164,59,58,97,112,54,463,1.8635388315759516,88.27259815353615,85,5.512031432206644,5633,46,4,0,4,9,3
Grass,nan,3,0,0,0,32,62,38,31,60,46,205,0.49965480187409567,-13.102691602040094,260,5.53518567030062,5119,210,1,0,4,9,6
Psychic,Fighting,7,0,0,0,108,72,101,56,96,77,605,0.7043694220743978,185.93763511980265,117,4.901450838366584,31140,51,1,1,4,5,4
Normal,nan,1,0,0,0,80,118,94,68,54,54,440,2.096969670903876,12.164925444126581,92,90.53425702516815,5269,97,3,1,0,12,3
Grass,Grass,5,0,0,0,84,110,71,99,119,37,518,1.6503854248615824,63.43033212277914,50,94.5872587051322,8616,43,4,1,6,9,5
Psychic,nan,8,1,0,0,118,98,116,143,103,112,620,1.8520437657404107,60.69941603024259,5,5.620713679428323,16963,-19,1,0,2,13,3
Ground,Psychic,1,0,0,0,60,76,47,37,61,34,277,0.740324377524382,-2.515368925685463,239,5.183581140941485,4933,250,2,0,4,11,1
Fairy,Ghost,1,0,0,0,36,129,35,49,28,55,314,0.3494918693402087,-8.757604606636315,242,12.40064809701379,5059,248,2,0,3,9,3
Normal,Ground,4,0,0,0,107,111,112,137,86,66,520,2.2692920928484925,81.45154979891915,24,4.569526592410556,3464,63,3,1,0,7,1
Steel,nan,1,0,0,0,98,121,47,55,83,135,545,1.2339230973781763,266.32482833900445,26,6.785095649630449,29156,0,3,2,6,6,3
Psychic,nan,8,1,0,0,96,56,89,150,79,134,635,2.517558215315721,35.93521829775689,-3,48.88714000733532,25700,-8,1,0,2,13,3
Ground,Steel,9,0,0,0,70,96,93,109,80,43,532,0.7460510015345838,1.581761822462898,48,6.0654478204057884,7910,89,1,1,9,7,7
Psychic,nan,9,1,0,0,90,97,78,126,101,148,573,1.4562555905517611,10.347301549396207,2,5.329881255093903,6638,3,1,0,0,9,3
Poison,Steel,7,0,0,1,284,68,111,116,65,54,539,0.7767034109424045,458.83292951508093,35,5.136447166177466,36350,7,1,1,9,6,4
Ghost,Psychic,1,0,0,0,53,90,47,48,32,49,216,0.518639707834931,11.277212461362167,124,5.987338803343142,5114,259,4,0,3,12,2
Water,nan,3,0,0,0,63,75,68,36,73,59,281,0.9377515509897787,-6.499213741422389,268,5.741521200936209,5703,83,3,0,0,9,3
Rock,Fairy,5,0,0,0,50,79,87,47,65,61,609,0.3254808346719912,5.871092354106114,76,5.579681677452978,3330,6,1,1,5,6,3
Normal,nan,1,0,0,0,106,110,123,94,83,81,452,1.3357173201601933,47.68854047435022,83,6.073410143784203,6700,76,8,1,4,17,3
Ground,Flying,6,0,0,0,121,48,65,100,126,49,497,2.8954685721178817,89.04211031054543,41,55.05090478126411,5605,41,4,0,3,7,6
Poison,Flying,4,1,0,0,141,81,128,116,115,90,557,2.1326564767398115,183.70000710977223,8,5.572404560439362,23963,-2,1,1,2,13,3
Bug,Dragon,2,0,0,0,72,59,84,51,101,73,307,1.4908084326346862,27.555811142002185,91,6.346887007319205,4939,42,4,1,0,12,3
Electric,Grass,3,0,0,0,83,87,86,67,69,100,304,0.6312221395059627,3.4269660844133725,88,4.60852728236866,4922,122,4,1,5,10,7
Electric,Steel,7,0,0,1,71,60,89,44,53,70,482,1.9373164601970672,16.393068330679654,53,4.19329155946688,5696,50,1,1,2,11,4
Grass,Fighting,4,0,0,0,100,55,43,83,118,105,565,1.3647187967094294,77.62006168730086,85,5.295649565159148,5089,89,3,1,0,11,3
Normal,Water,1,0,0,0,76,132,115,146,64,69,514,1.1515468707305723,116.36924354730928,43,83.85450204078393,5420,49,3,1,6,11,5
Steel,Steel,2,0,0,0,111,124,68,58,100,61,596,1.9299587001322092,55.35804503221783,91,4.9845608971567605,3275,86,1,2,3,5,3
Fighting,Flying,8,1,0,0,116,93,100,67,88,107,563,0.9879564595023904,53.79303643582759,6,6.634459302325259,18890,0,1,0,2,7,3
Ice,Psychic,8,0,0,0,52,39,57,45,63,51,227,0.37544797906056104,-1.9639946717309567,259,5.928377211639153,3527,130,1,1,3,8,2
Psychic,Flying,8,1,0,0,122,74,206,48,87,121,564,1.34144842484725,246.58064940914363,-2,4.927376009629077,24259,-9,1,0,2,13,1
Poison,Fairy,3,0,0,0,55,62,55,37,97,54,247,0.6214316748666855,0.7906017993143966,282,6.1269355991501575,5176,153,1,1,5,7,2
Dragon,Steel,8,0,1,0,103,66,66,97,98,91,586,0.6014604998351425,2.546671545872208,21,5.288574439744191,28637,32,1,0,5,11,3
Water,nan,1,0,0,0,55,63,32,56,62,100,369,1.022222957973145,6.727581952325403,260,5.211619445045315,5127,113,4,0,2,9,2
Poison,Dragon,7,0,0,1,64,97,32,64,48,86,588,3.412212335179009,15.821976764928444,48,5.604850699195489,5127,46,1,2,8,7,5
Water,nan,1,0,0,0,55,56,39,17,46,58,203,0.36387027021781304,9.460621200838832,255,53.2468373309533,2028,285,3,0,3,16,2
Normal,Dark,3,0,0,0,49,143,93,111,81,101,366,0.9276380872237737,-0.7283313309088761,42,95.51286086228241,5141,47,3,0,4,5,4
Electric,Electric,1,0,0,0,80,82,45,120,80,133,514,1.6958942043102576,67.70430887331975,10,4.097346626817824,16965,11,3,0,6,7,5
Bug,nan,4,1,0,0,102,137,105,77,92,91,555,1.9204010352090437,146.31659096144904,-12,5.908988315158287,21128,17,1,1,6,11,3
Fighting,Bug,3,0,0,0,65,62,60,56,82,42,563,1.592751891310754,85.16985188178712,19,4.9330040310536365,2762,67,3,1,6,11,3
Fire,nan,3,0,0,0,84,107,28,52,61,102,491,2.3791641499223206,69.14300549899802,53,95.23453283087761,8853,91,3,2,5,8,2
Rock,Dark,7,0,0,1,91,131,53,104,100,75,592,3.448749678333066,26.93586795498549,47,7.057734491840357,27883,39,1,2,5,9,4
Psychic,nan,5,0,0,0,49,91,53,65,74,116,502,1.4802051230189597,-1.146811460902315,243,5.649430546499672,5851,145,1,0,4,12,3
Water,nan,6,0,0,0,41,46,27,49,60,49,300,0.44054650900056974,-12.877789197347541,190,95.99613066706262,5148,266,4,0,6,12,6
Bug,Dark,2,0,0,0,70,61,41,55,72,69,466,1.4815111440573632,24.801489462819887,99,90.85948362694879,5245,136,2,2,4,16,5
Bug,Electric,7,0,0,0,74,78,94,59,89,75,546,1.0247605752706894,7.013660194216806,44,5.505582416144676,4838,51,3,1,5,7,5
Poison,Ice,7,0,0,0,113,132,120,64,135,68,519,2.2037235035775655,23.457699290950814,94,5.848895024966569,2879,75,4,0,2,11,4
Grass,Water,9,0,0,0,64,64,67,50,83,68,368,1.395504977809671,4.735965399747988,108,98.83972276103096,5421,208,4,0,6,9,3
Steel,Fighting,7,0,0,1,56,57,65,129,46,48,531,0.5083505250490375,-7.044802232787875,31,5.187723736636022,36753,243,1,0,7,6,4
Poison,Fairy,5,0,1,0,90,117,30,145,95,123,581,1.9614669561255127,71.51800452848215,-3,6.116887557940642,30577,50,1,2,8,8,2
Fairy,Flying,6,0,0,0,72,91,56,37,47,37,307,0.4678040695554817,19.864818198915493,79,6.277729649206682,3277,130,1,2,5,11,5
Ghost,Fairy,9,0,0,0,79,93,65,56,53,62,530,1.4134302976565385,-0.176283239516275,44,5.2424656581644395,8886,75,1,0,9,9,3
Psychic,nan,5,1,1,0,113,97,102,125,85,128,569,1.3018892814649723,-9.043614349686495,3,5.302825112125819,17276,3,1,0,2,13,3
Normal,Ground,5,0,0,0,54,35,86,50,66,67,414,3.7547032123028505,101.70061324089126,50,95.72016357525266,2937,74,3,2,4,16,1
Normal,Normal,1,0,0,0,76,127,86,89,85,57,500,1.1342517745058076,73.76595110055307,72,6.039029147445277,3153,76,3,1,1,12,3
Fire,Electric,5,0,0,0,84,62,71,60,47,43,360,0.8374065128529068,53.03907547095754,227,11.71924526864084,5144,45,3,1,5,8,4
Normal,Flying,9,1,0,0,67,106,86,99,98,67,532,1.4426902878624808,83.24119057358797,87,5.54830995598496,6439,46,3,1,8,6,5
Grass,Flying,5,0,0,0,101,104,80,52,90,106,497,1.3032406374249397,84.07651081721289,52,5.471153508044563,5339,46,4,1,4,9,3
Psychic,nan,5,1,0,0,71,59,34,63,53,106,261,0.4811383695848447,8.87167413772537,239,49.772228776307756,5214,-9,1,0,3,14,3
Ground,Fighting,8,0,0,0,101,114,108,69,100,68,503,3.031748128611743,71.4987583522146,41,4.612948917225033,5302,40,4,1,6,7,4
Normal,Fire,5,0,0,0,84,137,45,162,84,80,601,0.7457537745648943,-4.565418175820126,7,4.586138803469603,27461,4,1,1,6,11,5
Normal,Dragon,8,0,0,0,79,62,66,40,79,52,580,1.4834930452982518,64.6548259378631,36,93.06727635391987,5017,44,1,2,5,6,4
Normal,nan,9,0,0,0,64,76,64,133,80,128,498,1.5000049842239855,18.087091468432,94,87.02012557822881,3901,83,4,0,0,8,1
Flying,Electric,5,0,0,0,77,135,35,132,56,52,454,0.6879769479699374,2.930496041194891,87,94.1127024426042,6694,47,3,3,5,4,4
Fighting,nan,9,1,0,0,66,148,37,116,101,64,639,0.3650856813188995,8.383841718735502,-6,7.7402257127665735,16216,-5,3,2,2,13,3
Fairy,Ghost,1,0,0,0,46,54,29,40,30,46,182,0.4790625594983533,-15.225661851149175,235,6.123914051760684,5085,245,2,1,3,12,2
Ice,Grass,8,0,0,0,72,72,85,83,47,48,483,1.55787015351717,51.01192418881216,48,6.22037228999681,8648,265,2,0,8,9,4
Ice,Psychic,5,0,0,0,51,55,40,40,46,96,235,0.5423621072918184,-2.50860824935622,121,29.162292417755896,5015,201,3,0,4,10,2
Flying,nan,3,0,0,0,77,107,76,50,86,48,482,1.5018485359539968,86.68344354572031,10,6.161974968355743,5486,4,3,1,3,16,1
Water,nan,5,0,0,0,71,35,35,32,56,46,250,0.4807652858898126,10.197312299492346,269,5.890284998549062,4068,260,3,0,4,12,5
Fire,Psychic,8,0,0,0,58,69,36,40,42,51,277,0.289232666691574,11.14976519002569,92,3.789202644296018,7613,222,1,0,3,9,1
Water,nan,5,0,0,0,44,57,30,34,11,29,279,0.33596007936778327,-21.999295612357855,267,28.3234313526612,5288,228,4,0,3,12,5
Ground,Grass,3,0,1,0,262,51,42,85,72,151,601,0.7701505783581136,1.7103803443345011,63,4.416297318920423,28552,30,1,0,6,10,4
Ice,Psychic,6,0,0,0,66,101,57,53,59,52,604,1.4460007141860776,13.486340314014178,47,6.352138743125495,4888,52,3,1,9,8,4
Steel,Water,5,0,0,0,67,80,118,92,90,43,523,1.5739980059430247,92.44889007208145,53,93.11319019684416,4976,48,3,0,4,11,4
Ice,nan,6,0,0,0,53,71,36,59,69,127,278,0.3583601089980479,6.75515512541279,241,5.780426835773282,6577,233,3,0,4,11,2
Water,nan,9,0,0,0,40,58,47,71,68,45,398,0.3630867282662168,6.622780318247981,171,5.202976515969333,5364,61,1,3,3,12,2
Grass,Ghost,6,0,0,0,129,83,26,46,48,55,309,0.4106004626290996,-2.6519253481575884,45,89.25225294273588,5379,190,1,1,9,8,5
Fire,Water,5,0,0,0,98,106,133,124,104,91,481,1.915778916993451,14.727599116592947,96,6.9182387306771815,5406,82,3,0,4,8,5
Normal,Ground,1,0,0,0,56,105,86,125,87,128,505,1.264945353629882,45.72744813050178,50,85.7709031906594,4905,90,4,1,0,5,1
Water,Rock,8,0,0,0,82,85,48,50,91,82,341,1.5956530779322846,45.80082368112131,73,45.55134528272777,4906,89,3,2,5,10,4
Electric,Flying,9,0,0,0,84,109,67,47,76,36,457,1.8581759591398506,94.86986177301279,49,4.90266529131924,5542,58,2,0,5,12,6
Grass,Normal,4,0,0,0,49,95,106,83,89,96,634,0.43759413016417403,21.547929795495243,184,91.949474648538,5280,33,3,0,8,11,3
Dark,Fighting,5,0,0,0,76,99,58,114,78,69,542,1.7696573287968012,79.80134725136668,49,5.552390738991215,5249,52,2,0,9,6,4
Water,Grass,1,0,0,0,82,117,68,83,116,71,534,1.1011531683257363,83.49878317323638,46,93.56056742641191,5264,75,3,3,4,12,5
Water,nan,8,0,0,0,46,61,43,48,30,29,216,0.6083453291870256,4.202490848803269,272,5.1193404373909805,4946,244,3,0,3,12,3
Psychic,Psychic,8,1,0,0,113,149,164,157,99,98,640,1.5084575639745998,73.37328964135453,4,6.7017604050215285,21737,-6,1,2,0,13,1
Water,nan,3,0,0,0,98,94,48,98,106,92,492,1.3250342357080735,65.95085454327139,29,4.9775732368317,5115,75,4,1,5,16,6
Steel,Flying,7,0,0,0,85,91,79,96,89,116,623,4.049650815693819,106.85836991604529,88,5.571530950364206,30454,45,1,0,8,7,4
Bug,Flying,4,0,0,0,75,70,62,69,118,73,572,0.6526277104519066,35.15965324834819,53,6.872967163275934,5348,46,3,2,8,9,2
Grass,Poison,6,0,0,0,81,70,97,84,53,55,419,1.6209767368717842,12.228608797094529,76,6.898221878183338,5011,84,3,1,6,8,4
Water,nan,1,0,0,0,68,65,50,64,85,45,475,10.21019706162457,6.915466308823103,246,53.366358337258895,10329,85,4,0,6,12,6
Water,Ground,6,0,0,0,75,119,40,54,86,71,511,1.3660861554112025,0.6145597773670239,84,6.880259533741831,5038,97,4,0,4,9,7
Steel,Fire,4,0,0,0,244,154,67,69,102,65,628,2.7672426663992957,239.13154509574395,40,6.328415614965585,31652,2,1,2,8,7,6
Normal,nan,3,0,0,0,80,74,65,63,50,47,276,0.45540167736145426,-0.9767256521488719,53,5.6665633676621745,4784,48,1,0,2,9,3
Normal,nan,9,0,0,0,111,103,89,93,111,151,572,4.715973593613185,72.11764160488909,19,6.035938312173032,8126,66,3,1,7,14,3
Electric,Ghost,6,0,0,0,90,99,56,61,104,61,528,2.1632580584478096,290.8354754551963,57,5.906347206813908,4987,82,3,2,5,7,4
Normal,Fairy,5,0,1,0,132,83,71,82,59,129,562,4.734084605478611,14.043893501958864,98,5.258288746133252,8345,10,1,1,9,9,3
Steel,Water,9,0,0,0,61,88,92,35,85,88,503,1.6720581854987873,14.2169000694422,34,60.58279660795781,4681,129,4,2,5,6,7
Ground,Normal,2,0,0,0,46,126,102,57,95,139,494,1.819303430568561,66.2766466665907,84,4.878844244072546,4876,97,3,0,4,9,6
Dark,nan,8,0,0,0,58,81,36,33,35,88,352,0.7021088173788579,2.428400331516297,129,85.10548073002225,5119,139,3,3,4,17,3
Normal,nan,2,0,0,0,75,62,34,56,58,35,212,0.5613867759268479,15.0860456997476,125,91.91233959531455,5090,186,1,0,4,16,1
Bug,nan,9,0,0,0,75,57,87,48,63,111,498,1.9622072853721093,44.96747704500966,80,7.070179726361012,8894,51,1,1,4,9,5
Steel,Dragon,1,0,0,0,61,63,44,104,55,40,245,0.5487304902579344,19.05930965977581,45,5.685180116443402,5177,116,1,2,6,9,3
Water,Rock,9,0,0,0,109,68,64,62,126,90,635,1.7484183125720758,161.73564696646847,85,7.1231041126827765,2772,36,1,2,5,7,5
Grass,Fighting,5,0,0,0,80,96,86,132,72,82,498,1.9627985442970224,61.756262442436196,46,85.09629981242885,5380,38,4,0,6,11,6
Steel,Fighting,1,0,0,0,103,43,59,111,92,46,577,0.46171571683694407,61.55115881113138,47,6.773706740239355,5096,45,1,2,5,11,5
Fairy,Fairy,6,0,0,0,51,92,64,78,47,35,329,0.5487834108675412,-3.9377553286970386,240,5.6208215661990355,5433,243,4,0,6,9,5
Psychic,Dragon,9,1,0,0,120,65,94,65,102,70,564,0.8764884503766892,126.95036086863827,-8,5.591711267730297,19171,-5,1,1,2,14,3
Poison,Dragon,7,0,0,1,93,133,92,150,77,49,560,4.365967938831249,31.62743881576482,44,5.5493606855589395,5988,42,1,2,7,8,5
Normal,Ghost,7,0,0,0,78,91,67,79,99,165,499,4.368644497162954,3.6500182238947065,71,13.958695122478726,5343,75,3,0,4,6,2
Grass,Psychic,6,0,0,0,75,103,36,97,112,87,415,1.8971127849805813,15.890527776782173,240,87.17989367388611,5270,136,3,0,4,8,4
Water,nan,1,0,0,0,46,62,52,43,24,43,239,0.7673074045762567,-0.031092777057226684,269,5.408262555252362,5217,261,3,1,3,9,3
Water,Water,4,0,0,0,50,88,67,46,76,105,483,1.5213625640616526,41.936658206881546,74,94.15465794031205,6833,70,4,2,6,9,2
Fire,Psychic,3,0,0,0,106,112,67,140,134,114,577,2.1659382335539092,84.6667345364355,38,5.368249376217876,8372,37,3,1,6,8,4
Normal,nan,1,0,0,0,59,76,53,56,58,105,456,1.6659281721355217,164.45630046469515,276,6.467749333583871,5653,95,4,0,0,16,3
Grass,Poison,2,0,0,0,75,74,55,36,76,45,505,1.4207635392132856,7.945096286215563,78,5.828094843190307,3092,84,4,1,3,11,6
Bug,nan,9,0,0,0,73,108,26,55,39,56,381,1.2045558576710824,17.884323946557394,257,94.06868308942927,5165,78,4,0,3,12,3
Grass,nan,3,0,0,0,61,46,78,35,81,22,310,0.5752400313665134,7.0458164176810145,197,6.792100178479207,5232,267,3,2,5,13,2
Steel,Fire,7,0,1,0,111,64,93,149,102,68,634,1.6248043008903719,-9.145475312580176,-9,5.288037123428709,30631,-8,1,2,6,6,4
Water,Flying,2,0,0,0,44,99,52,68,54,38,413,1.5372459350889602,-2.7698819457427586,266,5.328110670243747,9455,129,6,0,4,7,4
Electric,nan,7,0,1,0,96,104,56,160,124,134,655,0.5082556987776687,-18.83011866627995,5,6.13760576586983,29414,-5,1,0,7,10,3
