id,name,hp,attack,defense,sp_attack,sp_defense,speed,base_stats,normal_weakness,fire_weakness,water_weakness,electric_weakness,grass_weakness,ice_weakness,fighting_weakness,poison_weakness,ground_weakness,flying_weakness,psychic_weakness,bug_weakness,rock_weakness,ghost_weakness,dragon_weakness,dark_weakness,steel_weakness,fairy_weakness,height_inches,height_meters,weight_pounds,weight_kilograms,capturing_rate,gender_male_ratio,egg_steps,egg_cycles,abilities,type_1,type_2,classification_info,forms,gen,is_legendary,is_mythical,is_ultra_beast,number_immune,number_not_effective,number_normal,number_super_effective,has_forms,abilities_count,base_stats_calc,base_stats_diff,source,umap_1,umap_2
1.0,Bulbasaur,45,49,49,65,65,45,318,1.0,2.0,0.5,0.5,0.25,2.0,0.5,1.0,1.0,2.0,2.0,1.0,1.0,1.0,1.0,1.0,1.0,0.5,204.0,0.7,15.2,6.9,45,88.1,5120,45,Chlorophyll; Overgrow,Grass,Poison,Seed,,1,0,0,0,0,5,9,4,0.0,2,318.0,0.0,Real,8.082797,13.654397
2.0,Ivysaur,60,62,63,80,80,60,405,1.0,2.0,0.5,0.5,0.25,2.0,0.5,1.0,1.0,2.0,2.0,1.0,1.0,1.0,1.0,1.0,1.0,0.5,303.0,1.0,28.7,13.0,45,88.1,5120,45,Chlorophyll; Overgrow,Grass,Poison,Seed,,1,0,0,0,0,5,9,4,0.0,2,405.0,0.0,Real,7.555103,13.777
3.0,Venusaur,80,82,83,100,100,80,525,1.0,2.0,0.5,0.5,0.25,2.0,0.5,1.0,1.0,2.0,2.0,1.0,1.0,1.0,1.0,1.0,1.0,0.5,607.0,2.0,220.5,100.0,45,88.1,5120,45,Chlorophyll; Overgrow,Grass,Poison,Seed,Mega Venusaur,1,0,0,0,0,5,9,4,1.0,2,525.0,0.0,Real,6.3410254,13.32328
4.0,Charmander,39,52,43,60,50,65,309,1.0,0.5,2.0,1.0,0.5,0.5,1.0,1.0,2.0,1.0,1.0,0.5,2.0,1.0,1.0,1.0,0.5,0.5,200.0,0.6,18.7,8.5,45,88.1,5120,45,Blaze; Solar Power,Fire,None,Lizard,,1,0,0,0,0,6,9,3,0.0,2,309.0,0.0,Real,8.046134,14.129505
5.0,Charmeleon,58,64,58,80,65,80,405,1.0,0.5,2.0,1.0,0.5,0.5,1.0,1.0,2.0,1.0,1.0,0.5,2.0,1.0,1.0,1.0,0.5,0.5,307.0,1.1,41.9,19.0,45,88.1,5120,45,Blaze; Solar Power,Fire,None,Flame,,1,0,0,0,0,6,9,3,0.0,2,405.0,0.0,Real,7.633198,13.995237
6.0,Charizard,78,84,78,109,85,100,534,1.0,0.5,2.0,2.0,0.25,1.0,0.5,1.0,0.0,1.0,1.0,0.25,4.0,1.0,1.0,1.0,0.5,0.5,507.0,1.7,199.5,90.5,45,88.1,5120,45,Blaze; Solar Power,Fire,Flying,Flame,Mega Charizard X; Mega Charizard Y,1,0,0,0,1,6,8,3,1.0,2,534.0,0.0,Real,6.1676536,13.399202
7.0,Squirtle,44,48,65,50,64,43,314,1.0,0.5,0.5,2.0,2.0,0.5,1.0,1.0,1.0,1.0,1.0,1.0,1.0,1.0,1.0,1.0,0.5,1.0,108.0,0.5,19.8,9.0,45,88.1,5120,45,Rain Dish; Torrent,Water,None,Tiny Turtle,,1,0,0,0,0,4,12,2,0.0,2,314.0,0.0,Real,8.226464,13.906194
8.0,Wartortle,59,63,80,65,80,58,405,1.0,0.5,0.5,2.0,2.0,0.5,1.0,1.0,1.0,1.0,1.0,1.0,1.0,1.0,1.0,1.0,0.5,1.0,303.0,1.0,49.6,22.5,45,88.1,5120,45,Rain Dish; Torrent,Water,None,Turtle,,1,0,0,0,0,4,12,2,0.0,2,405.0,0.0,Real,7.926727,13.905405
9.0,Blastoise,79,83,100,85,105,78,530,1.0,0.5,0.5,2.0,2.0,0.5,1.0,1.0,1.0,1.0,1.0,1.0,1.0,1.0,1.0,1.0,0.5,1.0,503.0,1.6,188.5,85.5,45,88.1,5120,45,Rain Dish; Torrent,Water,None,Shellfish,Mega Blastoise,1,0,0,0,0,4,12,2,1.0,2,530.0,0.0,Real,6.798069,13.522894
10.0,Caterpie,45,30,35,20,20,45,195,1.0,2.0,1.0,1.0,0.5,1.0,0.5,1.0,0.5,2.0,1.0,1.0,2.0,1.0,1.0,1.0,1.0,1.0,100.0,0.3,6.4,2.9,255,5.0,3840,255,Available; Run Away; Shield Dust,Bug,None,Worm,,1,0,0,0,0,3,12,3,0.0,3,195.0,0.0,Real,10.215163,8.968904
11.0,Metapod,50,20,55,25,25,30,205,1.0,2.0,1.0,1.0,0.5,1.0,0.5,1.0,0.5,2.0,1.0,1.0,2.0,1.0,1.0,1.0,1.0,1.0,204.0,0.7,21.8,9.9,120,5.0,3840,120,Shed Skin,Bug,None,Cocoon,,1,0,0,0,0,3,12,3,0.0,1,205.0,0.0,Real,9.361688,9.123975
12.0,Butterfree,60,45,50,90,80,70,395,1.0,2.0,1.0,2.0,0.25,2.0,0.25,1.0,0.0,2.0,1.0,0.5,4.0,1.0,1.0,1.0,1.0,1.0,307.0,1.1,70.5,32.0,45,5.0,3840,45,Available; Compound Eyes; Tinted Lens,Bug,Flying,Butterfly,,1,0,0,0,1,3,9,5,0.0,3,395.0,0.0,Real,6.5208764,7.7651944
13.0,Weedle,40,35,30,20,20,50,195,1.0,2.0,1.0,1.0,0.25,1.0,0.25,0.5,1.0,2.0,2.0,0.5,2.0,1.0,1.0,1.0,1.0,0.5,100.0,0.3,7.1,3.2,255,5.0,3840,255,Run Away; Shield Dust,Bug,Poison,Hairy Bug,,1,0,0,0,0,5,9,4,0.0,2,195.0,0.0,Real,9.936365,8.508573
14.0,Kakuna,45,25,50,25,25,35,205,1.0,2.0,1.0,1.0,0.25,1.0,0.25,0.5,1.0,2.0,2.0,0.5,2.0,1.0,1.0,1.0,1.0,0.5,200.0,0.6,22.0,10.0,120,5.0,3840,120,Shed Skin,Bug,Poison,Cocoon,,1,0,0,0,0,5,9,4,0.0,1,205.0,0.0,Real,9.270656,9.027022
15.0,Beedrill,65,90,40,45,80,75,395,1.0,2.0,1.0,1.0,0.25,1.0,0.25,0.5,1.0,2.0,2.0,0.5,2.0,1.0,1.0,1.0,1.0,0.5,303.0,1.0,65.0,29.5,45,5.0,3840,45,Sniper; Swarm,Bug,Poison,Poison Bee,Mega Beedrill,1,0,0,0,0,5,9,4,1.0,2,395.0,0.0,Real,7.2402554,9.097199
16.0,Pidgey,40,45,40,35,35,56,251,1.0,1.0,1.0,2.0,0.5,2.0,1.0,1.0,0.0,1.0,1.0,0.5,2.0,0.0,1.0,1.0,1.0,1.0,100.0,0.3,4.0,1.8,255,5.0,3840,255,Big Pecks; Keen Eye; Tangled Feet,Normal,Flying,Tiny Bird,,1,0,0,0,2,2,11,3,0.0,3,251.0,0.0,Real,9.042,6.4879827
17.0,Pidgeotto,63,60,55,50,50,71,349,1.0,1.0,1.0,2.0,0.5,2.0,1.0,1.0,0.0,1.0,1.0,0.5,2.0,0.0,1.0,1.0,1.0,1.0,307.0,1.1,66.1,30.0,120,5.0,3840,120,Big Pecks; Keen Eye; Tangled Feet,Normal,Flying,Bird,,1,0,0,0,2,2,11,3,0.0,3,349.0,0.0,Real,8.100432,6.5851817
18.0,Pidgeot,83,80,75,70,70,101,479,1.0,1.0,1.0,2.0,0.5,2.0,1.0,1.0,0.0,1.0,1.0,0.5,2.0,0.0,1.0,1.0,1.0,1.0,411.0,1.5,87.1,39.5,45,5.0,3840,45,Big Pecks; Keen Eye; Tangled Feet,Normal,Flying,Bird,Mega Pidgeot,1,0,0,0,2,2,11,3,1.0,3,479.0,0.0,Real,6.9082155,6.4506245
19.0,Rattata,30,56,35,25,35,72,253,1.0,1.0,1.0,1.0,1.0,1.0,2.0,1.0,1.0,1.0,1.0,1.0,1.0,0.0,1.0,1.0,1.0,1.0,12.0,0.3,7.7,3.5,255,5.0,3840,255,Alola Form; Alola Form Abilities; Available; Gluttony; Guts; Hidden; Hustle; Run Away; Thick Fat,Normal,None,Mouse,Alolan Rattata,1,0,0,0,1,0,16,1,1.0,9,253.0,0.0,Real,7.5846753,3.6240654
20.0,Raticate,55,81,60,50,70,97,413,1.0,1.0,1.0,1.0,1.0,1.0,2.0,1.0,1.0,1.0,1.0,1.0,1.0,0.0,1.0,1.0,1.0,1.0,28.0,0.7,40.8,18.5,127,5.0,3840,127,Alola Form; Alola Form Abilities; Available; Gluttony; Guts; Hidden; Hustle; Run Away; Thick Fat,Normal,None,Mouse,Alolan Raticate,1,0,0,0,1,0,16,1,1.0,9,413.0,0.0,Real,6.8760614,4.3180184
21.0,Spearow,40,60,30,31,31,70,262,1.0,1.0,1.0,2.0,0.5,2.0,1.0,1.0,0.0,1.0,1.0,0.5,2.0,0.0,1.0,1.0,1.0,1.0,100.0,0.3,4.4,2.0,255,5.0,3840,255,Available; Keen Eye; Sniper,Normal,Flying,Tiny Bird,,1,0,0,0,2,2,11,3,0.0,3,262.0,0.0,Real,9.020013,6.454513
22.0,Fearow,65,90,65,61,61,100,442,1.0,1.0,1.0,2.0,0.5,2.0,1.0,1.0,0.0,1.0,1.0,0.5,2.0,0.0,1.0,1.0,1.0,1.0,311.0,1.2,83.8,38.0,90,5.0,3840,90,Available; Keen Eye; Sniper,Normal,Flying,Beak,,1,0,0,0,2,2,11,3,0.0,3,442.0,0.0,Real,7.135514,6.4864507
23.0,Ekans,35,60,44,40,54,55,288,1.0,1.0,1.0,1.0,0.5,1.0,0.5,0.5,2.0,1.0,2.0,0.5,1.0,1.0,1.0,1.0,1.0,0.5,607.0,2.0,15.2,6.9,255,5.0,5120,255,Intimidate; Shed Skin; Unnerve,Poison,None,Snake,,1,0,0,0,0,5,11,2,0.0,3,288.0,0.0,Real,10.577169,9.879641
24.0,Arbok,60,95,69,65,79,80,448,1.0,1.0,1.0,1.0,0.5,1.0,0.5,0.5,2.0,1.0,2.0,0.5,1.0,1.0,1.0,1.0,1.0,0.5,1106.0,3.5,143.3,65.0,90,5.0,5120,90,Intimidate; Shed Skin; Unnerve,Poison,None,Cobra,,1,0,0,0,0,5,11,2,0.0,3,448.0,0.0,Real,5.8474073,10.544079
25.0,Pikachu,35,55,40,50,50,90,320,1.0,1.0,1.0,0.5,1.0,1.0,1.0,1.0,2.0,0.5,1.0,1.0,1.0,1.0,1.0,1.0,0.5,1.0,104.0,0.4,13.2,6.0,190,5.0,2560,190,Available; Lightning Rod; Static,Electric,None,Mouse,Partner Pikachu,1,0,0,0,0,3,14,1,1.0,3,320.0,0.0,Real,10.784626,9.746943
26.0,Raichu,60,90,55,90,80,110,485,1.0,1.0,1.0,0.5,1.0,1.0,1.0,1.0,2.0,0.5,1.0,1.0,1.0,1.0,1.0,1.0,0.5,1.0,31.0,28.0,46.3,21.0,75,5.0,2560,75,Alola Form; Alola Form Abilities; Hidden; Lightning Rod; Static; Surge Surfer,Electric,None,Mouse,Alolan Raichu,1,0,0,0,0,3,14,1,1.0,6,485.0,0.0,Real,3.0111578,9.760409
27.0,Sandshrew,50,75,85,20,30,40,300,1.0,1.0,2.0,0.0,2.0,2.0,1.0,0.5,1.0,1.0,1.0,1.0,0.5,1.0,1.0,1.0,1.0,1.0,24.0,0.6,26.5,12.0,255,5.0,5120,255,Alola Form; Alola Form Abilities; Available; Hidden; Sand Rush; Sand Veil; Slush Rush; Snow Cloak,Ground,None,Mouse,Alolan Sandshrew,1,0,0,0,1,2,12,3,1.0,8,300.0,0.0,Real,8.8903055,6.9301877
28.0,Sandslash,75,100,110,45,55,65,450,1.0,1.0,2.0,0.0,2.0,2.0,1.0,0.5,1.0,1.0,1.0,1.0,0.5,1.0,1.0,1.0,1.0,1.0,39.0,1.0,65.0,29.5,90,5.0,5120,90,Alola Form; Alola Form Abilities; Available; Hidden; Sand Rush; Sand Veil; Slush Rush; Snow Cloak,Ground,None,Mouse,Alolan Sandslash,1,0,0,0,1,2,12,3,1.0,8,450.0,0.0,Real,7.0896997,7.104679
29.0,Nidoran-m,55,47,52,40,40,41,275,1.0,1.0,1.0,1.0,0.5,1.0,0.5,0.5,2.0,1.0,2.0,0.5,1.0,1.0,1.0,1.0,1.0,0.5,104.0,0.4,15.4,7.0,235,0.0,5120,235,Hustle; Poison Point; Rivalry,Poison,None,Poison Pin,,1,0,0,0,0,5,11,2,0.0,3,275.0,0.0,Real,10.387342,9.698269
30.0,Nidorina,70,62,67,55,55,56,365,1.0,1.0,1.0,1.0,0.5,1.0,0.5,0.5,2.0,1.0,2.0,0.5,1.0,1.0,1.0,1.0,1.0,0.5,207.0,0.8,44.1,20.0,120,0.0,5120,120,Hustle; Poison Point; Rivalry,Poison,None,Poison Pin,,1,0,0,0,0,5,11,2,0.0,3,365.0,0.0,Real,8.139938,9.629974
31.0,Nidoqueen,90,92,87,75,85,76,505,1.0,1.0,2.0,0.0,1.0,2.0,0.5,0.25,2.0,1.0,2.0,0.5,0.5,1.0,1.0,1.0,1.0,0.5,403.0,1.3,132.3,60.0,45,0.0,5120,45,Poison Point; Rivalry; Sheer Force,Poison,Ground,Drill,,1,0,0,0,1,5,8,4,0.0,3,505.0,0.0,Real,5.507684,7.5431166
32.0,Nidoran-f,46,57,40,40,40,50,273,1.0,1.0,1.0,1.0,0.5,1.0,0.5,0.5,2.0,1.0,2.0,0.5,1.0,1.0,1.0,1.0,1.0,0.5,108.0,0.5,19.8,9.0,235,10.0,5120,235,Hustle; Poison Point; Rivalry,Poison,None,Poison Pin,,1,0,0,0,0,5,11,2,0.0,3,273.0,0.0,Real,10.52842,9.745263
33.0,Nidorino,61,72,57,55,55,65,365,1.0,1.0,1.0,1.0,0.5,1.0,0.5,0.5,2.0,1.0,2.0,0.5,1.0,1.0,1.0,1.0,1.0,0.5,211.0,0.9,43.0,19.5,120,10.0,5120,120,Hustle; Poison Point; Rivalry,Poison,None,Poison Pin,,1,0,0,0,0,5,11,2,0.0,3,365.0,0.0,Real,8.101713,9.428433
34.0,Nidoking,81,102,77,85,75,85,505,1.0,1.0,2.0,0.0,1.0,2.0,0.5,0.25,2.0,1.0,2.0,0.5,0.5,1.0,1.0,1.0,1.0,0.5,407.0,1.4,136.7,62.0,45,10.0,5120,45,Poison Point; Rivalry; Sheer Force,Poison,Ground,Drill,,1,0,0,0,1,5,8,4,0.0,3,505.0,0.0,Real,5.511694,7.370649
35.0,Clefairy,70,45,48,60,65,35,323,1.0,1.0,1.0,1.0,1.0,1.0,0.5,2.0,1.0,1.0,1.0,0.5,1.0,1.0,0.0,0.5,2.0,1.0,200.0,0.6,16.5,7.5,150,24.6,2560,150,Available; Cute Charm; Friend Guard; Magic Guard,Fairy,None,Fairy,,1,0,0,0,1,3,12,2,0.0,4,323.0,0.0,Real,8.872455,7.0346146
36.0,Clefable,95,70,73,95,90,60,483,1.0,1.0,1.0,1.0,1.0,1.0,0.5,2.0,1.0,1.0,1.0,0.5,1.0,1.0,0.0,0.5,2.0,1.0,403.0,1.3,88.2,40.0,25,24.6,2560,25,Available; Cute Charm; Magic Guard; Unaware,Fairy,None,Fairy,,1,0,0,0,1,3,12,2,0.0,4,483.0,0.0,Real,6.844481,7.394191
37.0,Vulpix,38,41,40,50,65,65,299,1.0,0.5,2.0,1.0,0.5,0.5,1.0,1.0,2.0,1.0,1.0,0.5,2.0,1.0,1.0,1.0,0.5,0.5,24.0,0.6,21.8,9.9,190,24.6,5120,190,Alola Form; Alola Form Abilities; Available; Drought; Flash Fire; Hidden; Snow Cloak; Snow Warning,Fire,None,Fox,Alolan Vulpix,1,0,0,0,0,6,9,3,1.0,8,299.0,0.0,Real,9.78915,9.183996
38.0,Ninetales,73,76,75,81,100,100,505,1.0,0.5,2.0,1.0,0.5,0.5,1.0,1.0,2.0,1.0,1.0,0.5,2.0,1.0,1.0,1.0,0.5,0.5,43.0,1.1,43.9,19.9,75,24.6,5120,75,Alola Form; Alola Form Abilities; Available; Drought; Flash Fire; Hidden; Snow Cloak; Snow Warning,Fire,None,Fox,Alolan Ninetales,1,0,0,0,0,6,9,3,1.0,8,505.0,0.0,Real,5.2470145,9.41956
39.0,Jigglypuff,115,45,20,45,25,20,270,1.0,1.0,1.0,1.0,1.0,1.0,1.0,2.0,1.0,1.0,1.0,0.5,1.0,0.0,0.0,0.5,2.0,1.0,108.0,0.5,12.1,5.5,170,24.6,2560,170,Available; Competitive; Cute Charm; Friend Guard,Normal,Fairy,Balloon,,1,0,0,0,2,2,12,2,0.0,4,270.0,0.0,Real,8.782296,6.5536203
40.0,Wigglytuff,140,70,45,85,50,45,435,1.0,1.0,1.0,1.0,1.0,1.0,1.0,2.0,1.0,1.0,1.0,0.5,1.0,0.0,0.0,0.5,2.0,1.0,303.0,1.0,26.5,12.0,50,24.6,2560,50,Available; Competitive; Cute Charm; Frisk,Normal,Fairy,Balloon,,1,0,0,0,2,2,12,2,0.0,4,435.0,0.0,Real,7.2326126,7.2620707
41.0,Zubat,40,45,35,30,40,55,245,1.0,1.0,1.0,2.0,0.25,2.0,0.25,0.5,0.0,1.0,2.0,0.25,2.0,1.0,1.0,1.0,1.0,0.5,207.0,0.8,16.5,7.5,255,5.0,3840,255,Available; Infiltrator; Inner Focus,Poison,Flying,Bat,,1,0,0,0,1,5,8,4,0.0,3,245.0,0.0,Real,9.175058,7.560842
42.0,Golbat,75,80,70,65,75,90,455,1.0,1.0,1.0,2.0,0.25,2.0,0.25,0.5,0.0,1.0,2.0,0.25,2.0,1.0,1.0,1.0,1.0,0.5,503.0,1.6,121.3,55.0,90,5.0,3840,90,Available; Infiltrator; Inner Focus,Poison,Flying,Bat,,1,0,0,0,1,5,8,4,0.0,3,455.0,0.0,Real,5.751031,7.500823
43.0,Oddish,45,50,55,75,65,30,320,1.0,2.0,0.5,0.5,0.25,2.0,0.5,1.0,1.0,2.0,2.0,1.0,1.0,1.0,1.0,1.0,1.0,0.5,108.0,0.5,11.9,5.4,255,5.0,5120,255,Chlorophyll; Run Away,Grass,Poison,Weed,,1,0,0,0,0,5,9,4,0.0,2,320.0,0.0,Real,9.54963,8.694922
44.0,Gloom,60,65,70,85,75,40,395,1.0,2.0,0.5,0.5,0.25,2.0,0.5,1.0,1.0,2.0,2.0,1.0,1.0,1.0,1.0,1.0,1.0,0.5,207.0,0.8,19.0,8.6,120,5.0,5120,120,Chlorophyll; Stench,Grass,Poison,Weed,,1,0,0,0,0,5,9,4,0.0,2,395.0,0.0,Real,7.3814206,9.184791
45.0,Vileplume,75,80,85,110,90,50,490,1.0,2.0,0.5,0.5,0.25,2.0,0.5,1.0,1.0,2.0,2.0,1.0,1.0,1.0,1.0,1.0,1.0,0.5,311.0,1.2,41.0,18.6,45,5.0,5120,45,Chlorophyll; Effect Spore,Grass,Poison,Flower,,1,0,0,0,0,5,9,4,0.0,2,490.0,0.0,Real,6.0482574,9.1422615
46.0,Paras,35,70,55,45,55,25,285,1.0,4.0,0.5,0.5,0.25,2.0,0.5,2.0,0.25,4.0,1.0,2.0,2.0,1.0,1.0,1.0,1.0,1.0,100.0,0.3,11.9,5.4,190,5.0,5120,190,Available; Damp; Dry Skin; Effect Spore,Bug,Grass,Mushroom,,1,0,0,0,0,5,7,6,0.0,4,285.0,0.0,Real,9.361082,8.363739
47.0,Parasect,60,95,80,60,80,30,405,1.0,4.0,0.5,0.5,0.25,2.0,0.5,2.0,0.25,4.0,1.0,2.0,2.0,1.0,1.0,1.0,1.0,1.0,303.0,1.0,65.0,29.5,75,5.0,5120,75,Available; Damp; Dry Skin; Effect Spore,Bug,Grass,Mushroom,,1,0,0,0,0,5,7,6,0.0,4,405.0,0.0,Real,7.3115864,8.75966
48.0,Venonat,60,55,50,40,55,45,305,1.0,2.0,1.0,1.0,0.25,1.0,0.25,0.5,1.0,2.0,2.0,0.5,2.0,1.0,1.0,1.0,1.0,0.5,303.0,1.0,66.1,30.0,190,5.0,5120,190,Compound Eyes; Run Away; Tinted Lens,Bug,Poison,Insect,,1,0,0,0,0,5,9,4,0.0,3,305.0,0.0,Real,9.351783,8.654675
49.0,Venomoth,70,65,60,90,75,90,450,1.0,2.0,1.0,1.0,0.25,1.0,0.25,0.5,1.0,2.0,2.0,0.5,2.0,1.0,1.0,1.0,1.0,0.5,411.0,1.5,27.6,12.5,75,5.0,5120,75,Shield Dust; Tinted Lens; Wonder Skin,Bug,Poison,Poison Moth,,1,0,0,0,0,5,9,4,0.0,3,450.0,0.0,Real,6.39021,9.017832
50.0,Diglett,10,55,25,35,45,95,265,1.0,1.0,2.0,0.0,2.0,2.0,1.0,0.5,1.0,1.0,1.0,1.0,0.5,1.0,1.0,1.0,1.0,1.0,8.0,0.2,1.8,0.8,255,5.0,5120,255,Alola Form; Alola Form Abilities; Arena Trap; Available; Hidden; Sand Force; Sand Veil; Tangling Hair,Ground,None,Mole,Alolan Diglett,1,0,0,0,1,2,12,3,1.0,8,265.0,0.0,Real,9.2584505,6.7903314
51.0,Dugtrio,35,100,50,50,70,120,425,1.0,1.0,2.0,0.0,2.0,2.0,1.0,0.5,1.0,1.0,1.0,1.0,0.5,1.0,1.0,1.0,1.0,1.0,28.0,0.7,73.4,33.3,50,5.0,5120,50,Alola Form; Alola Form Abilities; Arena Trap; Available; Hidden; Sand Force; Sand Veil; Tangling Hair,Ground,None,Mole,Alolan Dugtrio,1,0,0,0,1,2,12,3,1.0,8,425.0,0.0,Real,7.2142606,6.9320083
52.0,Meowth,40,45,35,40,40,90,290,1.0,1.0,1.0,1.0,1.0,1.0,2.0,1.0,1.0,1.0,1.0,1.0,1.0,0.0,1.0,1.0,1.0,1.0,16.0,0.4,9.3,4.2,255,5.0,5120,255,Alola Form; Alola Form Abilities; Available; Hidden; Pickup; Rattled; Technician; Unnerve,Normal,None,Scratch Cat,Alolan Meowth; Galarian Meowth,1,0,0,0,1,0,16,1,1.0,8,290.0,0.0,Real,7.5406513,3.6797638
53.0,Persian,65,70,60,65,65,115,440,1.0,1.0,1.0,1.0,1.0,1.0,2.0,1.0,1.0,1.0,1.0,1.0,1.0,0.0,1.0,1.0,1.0,1.0,39.0,1.0,70.5,32.0,90,5.0,5120,90,Alola Form; Alola Form Abilities; Available; Fur Coat; Hidden; Limber; Rattled; Technician; Unnerve,Normal,None,Classy Cat,Alolan Persian,1,0,0,0,1,0,16,1,1.0,9,440.0,0.0,Real,6.7443166,4.443987
54.0,Psyduck,50,52,48,65,50,55,320,1.0,0.5,0.5,2.0,2.0,0.5,1.0,1.0,1.0,1.0,1.0,1.0,1.0,1.0,1.0,1.0,0.5,1.0,207.0,0.8,43.2,19.6,190,5.0,5120,190,Available; Cloud Nine; Damp; Swift Swim,Water,None,Duck,,1,0,0,0,0,4,12,2,0.0,4,320.0,0.0,Real,10.442758,9.912185
55.0,Golduck,80,82,78,95,80,85,500,1.0,0.5,0.5,2.0,2.0,0.5,1.0,1.0,1.0,1.0,1.0,1.0,1.0,1.0,1.0,1.0,0.5,1.0,507.0,1.7,168.9,76.6,75,5.0,5120,75,Available; Cloud Nine; Damp; Swift Swim,Water,None,Duck,,1,0,0,0,0,4,12,2,0.0,4,500.0,0.0,Real,5.9455347,10.625375
56.0,Mankey,40,80,35,35,45,70,305,1.0,1.0,1.0,1.0,1.0,1.0,1.0,1.0,1.0,2.0,2.0,0.5,0.5,1.0,1.0,0.5,1.0,2.0,108.0,0.5,61.7,28.0,190,5.0,5120,190,Anger Point; Available; Defiant; Vital Spirit,Fighting,None,Pig Monkey,,1,0,0,0,0,3,12,3,0.0,4,305.0,0.0,Real,10.421049,9.788528
57.0,Primeape,65,105,60,60,70,95,455,1.0,1.0,1.0,1.0,1.0,1.0,1.0,1.0,1.0,2.0,2.0,0.5,0.5,1.0,1.0,0.5,1.0,2.0,303.0,1.0,70.5,32.0,75,5.0,5120,75,Anger Point; Available; Defiant; Vital Spirit,Fighting,None,Pig Monkey,,1,0,0,0,0,3,12,3,0.0,4,455.0,0.0,Real,5.683743,10.611114
58.0,Growlithe,55,70,45,70,50,60,350,1.0,0.5,2.0,1.0,0.5,0.5,1.0,1.0,2.0,1.0,1.0,0.5,2.0,1.0,1.0,1.0,0.5,0.5,204.0,0.7,41.9,19.0,190,75.4,5120,190,Available; Flash Fire; Intimidate; Justified,Fire,None,Puppy,Hisuian Growlithe,1,0,0,0,0,6,9,3,1.0,4,350.0,0.0,Real,8.736798,13.1488905
59.0,Arcanine,90,110,80,100,80,95,555,1.0,0.5,2.0,1.0,0.5,0.5,1.0,1.0,2.0,1.0,1.0,0.5,2.0,1.0,1.0,1.0,0.5,0.5,603.0,1.9,341.7,155.0,75,75.4,5120,75,Available; Flash Fire; Intimidate; Justified,Fire,None,Legendary,Hisuian Arcanine,1,0,0,0,0,6,9,3,1.0,4,555.0,0.0,Real,6.323019,13.306369
60.0,Poliwag,40,50,40,40,40,90,300,1.0,0.5,0.5,2.0,2.0,0.5,1.0,1.0,1.0,1.0,1.0,1.0,1.0,1.0,1.0,1.0,0.5,1.0,200.0,0.6,27.3,12.4,255,5.0,5120,255,Available; Damp; Swift Swim; Water Absorb,Water,None,Tadpole,,1,0,0,0,0,4,12,2,0.0,4,300.0,0.0,Real,10.703965,9.714157
61.0,Poliwhirl,65,65,65,50,50,90,385,1.0,0.5,0.5,2.0,2.0,0.5,1.0,1.0,1.0,1.0,1.0,1.0,1.0,1.0,1.0,1.0,0.5,1.0,303.0,1.0,44.1,20.0,120,5.0,5120,120,Available; Damp; Swift Swim; Water Absorb,Water,None,Tadpole,,1,0,0,0,0,4,12,2,0.0,4,385.0,0.0,Real,7.9367476,9.796583
62.0,Poliwrath,90,95,95,70,90,70,510,1.0,0.5,0.5,2.0,2.0,0.5,1.0,1.0,1.0,2.0,2.0,0.5,0.5,1.0,1.0,0.5,0.5,2.0,403.0,1.3,119.0,54.0,45,5.0,5120,45,Available; Damp; Swift Swim; Water Absorb,Water,Fighting,Tadpole,,1,0,0,0,0,7,6,5,0.0,4,510.0,0.0,Real,5.1127324,8.533402
63.0,Abra,25,20,15,105,55,90,310,1.0,1.0,1.0,1.0,1.0,1.0,0.5,1.0,1.0,1.0,0.5,2.0,1.0,2.0,1.0,2.0,1.0,1.0,211.0,0.9,43.0,19.5,200,75.4,5120,200,Available; Inner Focus; Magic Guard; Synchronize,Psychic,None,Psi,,1,0,0,0,0,2,13,3,0.0,4,310.0,0.0,Real,8.525242,13.478829
64.0,Kadabra,40,35,30,120,70,105,400,1.0,1.0,1.0,1.0,1.0,1.0,0.5,1.0,1.0,1.0,0.5,2.0,1.0,2.0,1.0,2.0,1.0,1.0,403.0,1.3,124.6,56.5,100,75.4,5120,100,Available; Inner Focus; Magic Guard; Synchronize,Psychic,None,Psi,,1,0,0,0,0,2,13,3,0.0,4,400.0,0.0,Real,7.4900823,13.984127
65.0,Alakazam,55,50,45,135,95,120,500,1.0,1.0,1.0,1.0,1.0,1.0,0.5,1.0,1.0,1.0,0.5,2.0,1.0,2.0,1.0,2.0,1.0,1.0,411.0,1.5,105.8,48.0,50,75.4,5120,50,Available; Inner Focus; Magic Guard; Synchronize,Psychic,None,Psi,Mega Alakazam,1,0,0,0,0,2,13,3,1.0,4,500.0,0.0,Real,6.7489085,13.772076
66.0,Machop,70,80,50,35,35,35,305,1.0,1.0,1.0,1.0,1.0,1.0,1.0,1.0,1.0,2.0,2.0,0.5,0.5,1.0,1.0,0.5,1.0,2.0,207.0,0.8,43.0,19.5,180,75.4,5120,180,Available; Guts; No Guard; Steadfast,Fighting,None,Superpower,,1,0,0,0,0,3,12,3,0.0,4,305.0,0.0,Real,9.076312,12.858369
67.0,Machoke,80,100,70,50,60,45,405,1.0,1.0,1.0,1.0,1.0,1.0,1.0,1.0,1.0,2.0,2.0,0.5,0.5,1.0,1.0,0.5,1.0,2.0,411.0,1.5,155.4,70.5,90,75.4,5120,90,Available; Guts; No Guard; Steadfast,Fighting,None,Superpower,,1,0,0,0,0,3,12,3,0.0,4,405.0,0.0,Real,7.702308,13.177666
68.0,Machamp,90,130,80,65,85,55,505,1.0,1.0,1.0,1.0,1.0,1.0,1.0,1.0,1.0,2.0,2.0,0.5,0.5,1.0,1.0,0.5,1.0,2.0,503.0,1.6,286.6,130.0,45,75.4,5120,45,Available; Guts; No Guard; Steadfast,Fighting,None,Superpower,,1,0,0,0,0,3,12,3,0.0,4,505.0,0.0,Real,7.004287,13.118034
69.0,Bellsprout,50,75,35,70,30,40,300,1.0,2.0,0.5,0.5,0.25,2.0,0.5,1.0,1.0,2.0,2.0,1.0,1.0,1.0,1.0,1.0,1.0,0.5,204.0,0.7,8.8,4.0,255,5.0,5120,255,Chlorophyll; Gluttony,Grass,Poison,Flower,,1,0,0,0,0,5,9,4,0.0,2,300.0,0.0,Real,9.49423,8.4995365
70.0,Weepinbell,65,90,50,85,45,55,390,1.0,2.0,0.5,0.5,0.25,2.0,0.5,1.0,1.0,2.0,2.0,1.0,1.0,1.0,1.0,1.0,1.0,0.5,303.0,1.0,14.1,6.4,120,5.0,5120,120,Chlorophyll; Gluttony,Grass,Poison,Flycatcher,,1,0,0,0,0,5,9,4,0.0,2,390.0,0.0,Real,7.605479,9.125281
71.0,Victreebel,80,105,65,100,70,70,490,1.0,2.0,0.5,0.5,0.25,2.0,0.5,1.0,1.0,2.0,2.0,1.0,1.0,1.0,1.0,1.0,1.0,0.5,507.0,1.7,34.2,15.5,45,5.0,5120,45,Chlorophyll; Gluttony,Grass,Poison,Flycatcher,,1,0,0,0,0,5,9,4,0.0,2,490.0,0.0,Real,5.445149,9.489979
72.0,Tentacool,40,40,35,50,100,70,335,1.0,0.5,0.5,2.0,1.0,0.5,0.5,0.5,2.0,1.0,2.0,0.5,1.0,1.0,1.0,1.0,0.5,0.5,211.0,0.9,100.3,45.5,190,5.0,5120,190,Available; Clear Body; Liquid Ooze; Rain Dish,Water,Poison,Jellyfish,,1,0,0,0,0,8,7,3,0.0,4,335.0,0.0,Real,9.642331,9.017195
73.0,Tentacruel,80,70,65,80,120,100,515,1.0,0.5,0.5,2.0,1.0,0.5,0.5,0.5,2.0,1.0,2.0,0.5,1.0,1.0,1.0,1.0,0.5,0.5,503.0,1.6,121.3,55.0,60,5.0,5120,60,Available; Clear Body; Liquid Ooze; Rain Dish,Water,Poison,Jellyfish,,1,0,0,0,0,8,7,3,0.0,4,515.0,0.0,Real,4.92576,8.687833
74.0,Geodude,40,80,100,30,30,20,300,0.5,0.5,4.0,0.0,4.0,2.0,2.0,0.25,2.0,0.5,1.0,1.0,0.5,1.0,1.0,1.0,2.0,1.0,16.0,0.4,44.1,20.0,255,5.0,3840,255,Alola Form; Alola Form Abilities; Available; Galvanize; Hidden; Magnet Pull; Rock Head; Sand Veil; Sturdy,Rock,Ground,Rock,Alolan Geodude,1,0,0,0,1,5,6,6,1.0,9,300.0,0.0,Real,9.429373,8.115349
75.0,Graveler,55,95,115,45,45,35,390,0.5,0.5,4.0,0.0,4.0,2.0,2.0,0.25,2.0,0.5,1.0,1.0,0.5,1.0,1.0,1.0,2.0,1.0,39.0,1.0,231.5,105.0,120,5.0,3840,120,Alola Form; Alola Form Abilities; Available; Galvanize; Hidden; Magnet Pull; Rock Head; Sand Veil; Sturdy,Rock,Ground,Rock,Alolan Graveler,1,0,0,0,1,5,6,6,1.0,9,390.0,0.0,Real,7.694336,8.285451
76.0,Golem,80,120,130,55,65,45,495,0.5,0.5,4.0,0.0,4.0,2.0,2.0,0.25,2.0,0.5,1.0,1.0,0.5,1.0,1.0,1.0,2.0,1.0,55.0,1.4,661.4,300.0,45,5.0,3840,45,Alola Form; Alola Form Abilities; Available; Galvanize; Hidden; Magnet Pull; Rock Head; Sand Veil; Sturdy,Rock,Ground,Megaton,Alolan Golem,1,0,0,0,1,5,6,6,1.0,9,495.0,0.0,Real,4.4900227,8.942066
77.0,Ponyta,50,85,55,65,65,90,410,1.0,0.5,2.0,1.0,0.5,0.5,1.0,1.0,2.0,1.0,1.0,0.5,2.0,1.0,1.0,1.0,0.5,0.5,303.0,1.0,66.1,30.0,190,5.0,5120,190,Flame Body; Flash Fire; Run Away,Fire,None,Fire Horse,Galarian Ponyta,1,0,0,0,0,6,9,3,1.0,3,410.0,0.0,Real,7.934713,9.258842
78.0,Rapidash,65,100,70,80,80,105,500,1.0,0.5,2.0,1.0,0.5,0.5,1.0,1.0,2.0,1.0,1.0,0.5,2.0,1.0,1.0,1.0,0.5,0.5,507.0,1.7,209.4,95.0,60,5.0,5120,60,Flame Body; Flash Fire; Run Away,Fire,None,Fire Horse,Galarian Rapidash,1,0,0,0,0,6,9,3,1.0,3,500.0,0.0,Real,5.232049,9.726451
79.0,Slowpoke,90,65,65,40,40,15,315,1.0,0.5,0.5,2.0,2.0,0.5,0.5,1.0,1.0,1.0,0.5,2.0,1.0,2.0,1.0,2.0,0.5,1.0,311.0,1.2,79.4,36.0,190,5.0,5120,190,Available; Oblivious; Own Tempo; Regenerator,Water,Psychic,Dopey,Galarian Slowpoke,1,0,0,0,0,6,7,5,1.0,4,315.0,0.0,Real,9.424223,8.46047
80.0,Slowbro,95,75,110,100,80,30,490,1.0,0.5,0.5,2.0,2.0,0.5,0.5,1.0,1.0,1.0,0.5,2.0,1.0,2.0,1.0,2.0,0.5,1.0,503.0,1.6,173.1,78.5,75,5.0,5120,75,Available; Oblivious; Own Tempo; Regenerator,Water,Psychic,Hermit Crab,Mega Slowbro; Galarian Slowbro,1,0,0,0,0,6,7,5,1.0,4,490.0,0.0,Real,5.7555494,8.940303
81.0,Magnemite,25,35,70,95,55,45,325,0.5,2.0,1.0,0.5,0.5,0.5,2.0,0.0,4.0,0.25,0.5,0.5,0.5,1.0,0.5,1.0,0.25,0.5,100.0,0.3,13.2,6.0,190,5.0,5120,190,Analytic; Available; Magnet Pull; Sturdy,Electric,Steel,Magnet,,1,0,0,0,1,11,3,3,0.0,4,325.0,0.0,Real,4.5563517,5.778537
82.0,Magneton,50,60,95,120,70,70,465,0.5,2.0,1.0,0.5,0.5,0.5,2.0,0.0,4.0,0.25,0.5,0.5,0.5,1.0,0.5,1.0,0.25,0.5,303.0,1.0,132.3,60.0,60,5.0,5120,60,Analytic; Available; Magnet Pull; Sturdy,Electric,Steel,Magnet,,1,0,0,0,1,11,3,3,0.0,4,465.0,0.0,Real,4.197957,6.4007163
83.0,Farfetchd,52,90,55,58,62,60,377,1.0,1.0,1.0,2.0,0.5,2.0,1.0,1.0,0.0,1.0,1.0,0.5,2.0,0.0,1.0,1.0,1.0,1.0,207.0,0.8,33.1,15.0,45,5.0,5120,45,Defiant; Inner Focus; Keen Eye,Normal,Flying,Wild Duck,Galarian Farfetch'd,1,0,0,0,2,2,11,3,1.0,3,377.0,0.0,Real,7.6283946,6.563172
84.0,Doduo,35,85,45,35,35,75,310,1.0,1.0,1.0,2.0,0.5,2.0,1.0,1.0,0.0,1.0,1.0,0.5,2.0,0.0,1.0,1.0,1.0,1.0,407.0,1.4,86.4,39.2,190,5.0,5120,190,Early Bird; Run Away; Tangled Feet,Normal,Flying,Twin Bird,,1,0,0,0,2,2,11,3,0.0,3,310.0,0.0,Real,8.484188,6.434516
85.0,Dodrio,60,110,70,60,60,110,470,1.0,1.0,1.0,2.0,0.5,2.0,1.0,1.0,0.0,1.0,1.0,0.5,2.0,0.0,1.0,1.0,1.0,1.0,511.0,1.8,187.8,85.2,45,5.0,5120,45,Early Bird; Run Away; Tangled Feet,Normal,Flying,Triple Bird,,1,0,0,0,2,2,11,3,0.0,3,470.0,0.0,Real,7.003673,6.4961452
86.0,Seel,65,45,55,45,70,45,325,1.0,0.5,0.5,2.0,2.0,0.5,1.0,1.0,1.0,1.0,1.0,1.0,1.0,1.0,1.0,1.0,0.5,1.0,307.0,1.1,198.4,90.0,190,5.0,5120,190,Hydration; Ice Body; Thick Fat,Water,None,Sea Lion,,1,0,0,0,0,4,12,2,0.0,3,325.0,0.0,Real,10.131432,10.100986
87.0,Dewgong,90,70,80,70,95,70,475,1.0,1.0,0.5,2.0,2.0,0.25,2.0,1.0,1.0,1.0,1.0,1.0,2.0,1.0,1.0,1.0,1.0,1.0,507.0,1.7,264.6,120.0,75,5.0,5120,75,Hydration; Ice Body; Thick Fat,Water,Ice,Sea Lion,,1,0,0,0,0,2,12,4,0.0,3,475.0,0.0,Real,5.7458425,9.917607
88.0,Grimer,80,80,50,40,50,25,325,1.0,1.0,1.0,1.0,0.5,1.0,0.5,0.5,2.0,1.0,2.0,0.5,1.0,1.0,1.0,1.0,1.0,0.5,35.0,0.9,66.1,30.0,190,5.0,5120,190,Alola Form; Alola Form Abilities; Available; Gluttony; Hidden; Poison Touch; Stench; Sticky Hold,Poison,None,Sludge,Alolan Grimer,1,0,0,0,0,5,11,2,1.0,8,325.0,0.0,Real,10.12826,9.970062
89.0,Muk,105,105,75,65,100,50,500,1.0,1.0,1.0,1.0,0.5,1.0,0.5,0.5,2.0,1.0,2.0,0.5,1.0,1.0,1.0,1.0,1.0,0.5,39.0,1.0,66.1,30.0,75,5.0,5120,75,Alola Form; Alola Form Abilities; Available; Gluttony; Hidden; Poison Touch; Stench; Sticky Hold,Poison,None,Sludge,Alolan Muk,1,0,0,0,0,5,11,2,1.0,8,500.0,0.0,Real,6.0987806,10.126847
90.0,Shellder,30,65,100,45,25,40,305,1.0,0.5,0.5,2.0,2.0,0.5,1.0,1.0,1.0,1.0,1.0,1.0,1.0,1.0,1.0,1.0,0.5,1.0,100.0,0.3,8.8,4.0,190,5.0,5120,190,Available; Overcoat; Shell Armor; Skill Link,Water,None,Bivalve,,1,0,0,0,0,4,12,2,0.0,4,305.0,0.0,Real,10.335936,9.885641
91.0,Cloyster,50,95,180,85,45,70,525,1.0,1.0,0.5,2.0,2.0,0.25,2.0,1.0,1.0,1.0,1.0,1.0,2.0,1.0,1.0,1.0,1.0,1.0,411.0,1.5,292.1,132.5,60,5.0,5120,60,Available; Overcoat; Shell Armor; Skill Link,Water,Ice,Bivalve,,1,0,0,0,0,2,12,4,0.0,4,525.0,0.0,Real,5.2468204,9.765821
92.0,Gastly,30,35,30,100,35,80,310,0.0,1.0,1.0,1.0,0.5,1.0,0.0,0.25,2.0,1.0,2.0,0.25,1.0,2.0,1.0,2.0,1.0,0.5,403.0,1.3,0.2,0.1,190,5.0,5120,190,Levitate,Ghost,Poison,Gas,,1,0,0,0,2,4,8,4,0.0,1,310.0,0.0,Real,8.593975,7.365858
93.0,Haunter,45,50,45,115,55,95,405,0.0,1.0,1.0,1.0,0.5,1.0,0.0,0.25,2.0,1.0,2.0,0.25,1.0,2.0,1.0,2.0,1.0,0.5,503.0,1.6,0.2,0.1,90,5.0,5120,90,Levitate,Ghost,Poison,Gas,,1,0,0,0,2,4,8,4,0.0,1,405.0,0.0,Real,6.4039736,7.119252
94.0,Gengar,60,65,60,130,75,110,500,0.0,1.0,1.0,1.0,0.5,1.0,0.0,0.25,2.0,1.0,2.0,0.25,1.0,2.0,1.0,2.0,1.0,0.5,411.0,1.5,89.3,40.5,45,5.0,5120,45,Cursed Body,Ghost,Poison,Shadow,Mega Gengar,1,0,0,0,2,4,8,4,1.0,1,500.0,0.0,Real,5.45442,6.969276
95.0,Onix,35,45,160,30,45,70,385,0.5,0.5,4.0,0.0,4.0,2.0,2.0,0.25,2.0,0.5,1.0,1.0,0.5,1.0,1.0,1.0,2.0,1.0,2810.0,8.8,463.0,210.0,45,5.0,6400,45,Rock Head; Sturdy; Weak Armor,Rock,Ground,Rock Snake,,1,0,0,0,1,5,6,6,0.0,3,385.0,0.0,Real,3.8274276,7.2717338
96.0,Drowzee,60,48,45,43,90,42,328,1.0,1.0,1.0,1.0,1.0,1.0,0.5,1.0,1.0,1.0,0.5,2.0,1.0,2.0,1.0,2.0,1.0,1.0,303.0,1.0,71.4,32.4,190,5.0,5120,190,Available; Forewarn; Inner Focus; Insomnia,Psychic,None,Hypnosis,,1,0,0,0,0,2,13,3,0.0,4,328.0,0.0,Real,9.444954,10.16444
97.0,Hypno,85,73,70,73,115,67,483,1.0,1.0,1.0,1.0,1.0,1.0,0.5,1.0,1.0,1.0,0.5,2.0,1.0,2.0,1.0,2.0,1.0,1.0,503.0,1.6,166.7,75.6,75,5.0,5120,75,Available; Forewarn; Inner Focus; Insomnia,Psychic,None,Hypnosis,,1,0,0,0,0,2,13,3,0.0,4,483.0,0.0,Real,6.170647,10.246644
98.0,Krabby,30,105,90,25,25,50,325,1.0,0.5,0.5,2.0,2.0,0.5,1.0,1.0,1.0,1.0,1.0,1.0,1.0,1.0,1.0,1.0,0.5,1.0,104.0,0.4,14.3,6.5,225,5.0,5120,225,Hyper Cutter; Sheer Force; Shell Armor,Water,None,River Crab,,1,0,0,0,0,4,12,2,0.0,3,325.0,0.0,Real,10.40643,9.896331
99.0,Kingler,55,130,115,50,50,75,475,1.0,0.5,0.5,2.0,2.0,0.5,1.0,1.0,1.0,1.0,1.0,1.0,1.0,1.0,1.0,1.0,0.5,1.0,403.0,1.3,132.3,60.0,60,5.0,5120,60,Hyper Cutter; Sheer Force; Shell Armor,Water,None,Pincer,,1,0,0,0,0,4,12,2,0.0,3,475.0,0.0,Real,5.5752773,10.402328
100.0,Voltorb,40,30,50,55,55,100,330,1.0,1.0,1.0,0.5,1.0,1.0,1.0,1.0,2.0,0.5,1.0,1.0,1.0,1.0,1.0,1.0,0.5,1.0,108.0,0.5,22.9,10.4,190,5.0,5120,190,Aftermath; Soundproof; Static,Electric,None,Ball,Hisuian Voltorb,1,0,0,0,0,3,14,1,1.0,3,330.0,0.0,Real,10.700536,9.874129
101.0,Electrode,60,50,70,80,80,150,490,1.0,1.0,1.0,0.5,1.0,1.0,1.0,1.0,2.0,0.5,1.0,1.0,1.0,1.0,1.0,1.0,0.5,1.0,311.0,1.2,146.8,66.6,60,5.0,5120,60,Aftermath; Soundproof; Static,Electric,None,Ball,Hisuian Electrode,1,0,0,0,0,3,14,1,1.0,3,490.0,0.0,Real,5.534015,11.005297
102.0,Exeggcute,60,40,80,60,45,40,325,1.0,2.0,0.5,0.5,0.5,2.0,0.5,2.0,0.5,2.0,0.5,4.0,1.0,2.0,1.0,2.0,1.0,1.0,104.0,0.4,5.5,2.5,90,5.0,5120,90,Available; Chlorophyll; Harvest,Grass,Psychic,Egg,,1,0,0,0,0,6,5,7,0.0,3,325.0,0.0,Real,8.607991,8.333823
103.0,Exeggutor,95,95,85,125,75,55,530,1.0,2.0,0.5,0.5,0.5,2.0,0.5,2.0,0.5,2.0,0.5,4.0,1.0,2.0,1.0,2.0,1.0,1.0,79.0,2.0,264.6,120.0,45,5.0,5120,45,Alola Form; Alola Form Abilities; Available; Chlorophyll; Frisk; Harvest; Hidden,Grass,Psychic,Coconut,Alolan Exeggutor,1,0,0,0,0,6,5,7,1.0,7,530.0,0.0,Real,5.026356,8.4039955
104.0,Cubone,50,50,95,40,50,35,320,1.0,1.0,2.0,0.0,2.0,2.0,1.0,0.5,1.0,1.0,1.0,1.0,0.5,1.0,1.0,1.0,1.0,1.0,104.0,0.4,14.3,6.5,190,5.0,5120,190,Available; Battle Armor; Lightning Rod; Rock Head,Ground,None,Lonely,,1,0,0,0,1,2,12,3,0.0,4,320.0,0.0,Real,8.734921,6.9904137
105.0,Marowak,60,80,110,50,80,45,425,1.0,1.0,2.0,0.0,2.0,2.0,1.0,0.5,1.0,1.0,1.0,1.0,0.5,1.0,1.0,1.0,1.0,1.0,39.0,1.0,75.0,34.0,75,5.0,5120,75,Alola Form; Alola Form Abilities; Available; Battle Armor; Cursed Body; Hidden; Lightning Rod; Rock Head,Ground,None,Bone Keeper,Alolan Marowak,1,0,0,0,1,2,12,3,1.0,8,425.0,0.0,Real,7.273431,7.083938
106.0,Hitmonlee,50,120,53,35,110,87,455,1.0,1.0,1.0,1.0,1.0,1.0,1.0,1.0,1.0,2.0,2.0,0.5,0.5,1.0,1.0,0.5,1.0,2.0,411.0,1.5,109.8,49.8,45,10.0,6400,45,Limber; Reckless; Unburden,Fighting,None,Kicking,,1,0,0,0,0,3,12,3,0.0,3,455.0,0.0,Real,5.7324834,10.432521
107.0,Hitmonchan,50,105,79,35,110,76,455,1.0,1.0,1.0,1.0,1.0,1.0,1.0,1.0,1.0,2.0,2.0,0.5,0.5,1.0,1.0,0.5,1.0,2.0,407.0,1.4,110.7,50.2,45,10.0,6400,45,Inner Focus; Iron Fist; Keen Eye,Fighting,None,Punching,,1,0,0,0,0,3,12,3,0.0,3,455.0,0.0,Real,5.7108874,10.351115
108.0,Lickitung,90,55,75,60,75,30,385,1.0,1.0,1.0,1.0,1.0,1.0,2.0,1.0,1.0,1.0,1.0,1.0,1.0,0.0,1.0,1.0,1.0,1.0,311.0,1.2,144.4,65.5,45,5.0,5120,45,Cloud Nine; Oblivious; Own Tempo,Normal,None,Licking,,1,0,0,0,1,0,16,1,0.0,3,385.0,0.0,Real,6.9462523,4.4364557
109.0,Koffing,40,65,95,60,45,35,340,1.0,1.0,1.0,1.0,0.5,1.0,0.5,0.5,2.0,1.0,2.0,0.5,1.0,1.0,1.0,1.0,1.0,0.5,200.0,0.6,2.2,1.0,190,5.0,5120,190,Levitate,Poison,None,Poison Gas,,1,0,0,0,0,5,11,2,0.0,1,340.0,0.0,Real,10.239731,9.985319
110.0,Weezing,65,90,120,85,70,60,490,1.0,1.0,1.0,1.0,0.5,1.0,0.5,0.5,2.0,1.0,2.0,0.5,1.0,1.0,1.0,1.0,1.0,0.5,311.0,1.2,20.9,9.5,60,5.0,5120,60,Levitate,Poison,None,Poison Gas,Galarian Weezing,1,0,0,0,0,5,11,2,1.0,1,490.0,0.0,Real,5.9676137,10.393922
111.0,Rhyhorn,80,85,95,30,30,25,345,0.5,0.5,4.0,0.0,4.0,2.0,2.0,0.25,2.0,0.5,1.0,1.0,0.5,1.0,1.0,1.0,2.0,1.0,303.0,1.0,253.5,115.0,120,5.0,5120,120,Lightning Rod; Reckless; Rock Head,Ground,Rock,Spikes,,1,0,0,0,1,5,6,6,0.0,3,345.0,0.0,Real,8.177444,8.09851
112.0,Rhydon,105,130,120,45,45,40,485,0.5,0.5,4.0,0.0,4.0,2.0,2.0,0.25,2.0,0.5,1.0,1.0,0.5,1.0,1.0,1.0,2.0,1.0,603.0,1.9,264.6,120.0,60,5.0,5120,60,Lightning Rod; Reckless; Rock Head,Ground,Rock,Drill,,1,0,0,0,1,5,6,6,0.0,3,485.0,0.0,Real,4.8528104,8.4509115
113.0,Chansey,250,5,5,35,105,50,450,1.0,1.0,1.0,1.0,1.0,1.0,2.0,1.0,1.0,1.0,1.0,1.0,1.0,0.0,1.0,1.0,1.0,1.0,307.0,1.1,76.3,34.6,30,0.0,10240,30,Available; Healer; Natural Cure; Serene Grace,Normal,None,Egg,,1,0,0,0,1,0,16,1,0.0,4,450.0,0.0,Real,6.534048,9.103471
114.0,Tangela,65,55,115,100,40,60,435,1.0,2.0,0.5,0.5,0.5,2.0,1.0,2.0,0.5,2.0,1.0,2.0,1.0,1.0,1.0,1.0,1.0,1.0,303.0,1.0,77.2,35.0,45,5.0,5120,45,Chlorophyll; Leaf Guard; Regenerator,Grass,None,Vine,,1,0,0,0,0,4,9,5,0.0,3,435.0,0.0,Real,6.367167,8.969331
115.0,Kangaskhan,105,95,80,40,80,90,490,1.0,1.0,1.0,1.0,1.0,1.0,2.0,1.0,1.0,1.0,1.0,1.0,1.0,0.0,1.0,1.0,1.0,1.0,703.0,2.2,176.4,80.0,45,0.0,5120,45,Available; Early Bird; Inner Focus; Scrappy,Normal,None,Parent,Mega Kangaskhan,1,0,0,0,1,0,16,1,1.0,4,490.0,0.0,Real,6.5724564,4.710051
116.0,Horsea,30,40,70,70,25,60,295,1.0,0.5,0.5,2.0,2.0,0.5,1.0,1.0,1.0,1.0,1.0,1.0,1.0,1.0,1.0,1.0,0.5,1.0,104.0,0.4,17.6,8.0,225,5.0,5120,225,Damp; Sniper; Swift Swim,Water,None,Dragon,,1,0,0,0,0,4,12,2,0.0,3,295.0,0.0,Real,10.641354,9.775815
117.0,Seadra,55,65,95,95,45,85,440,1.0,0.5,0.5,2.0,2.0,0.5,1.0,1.0,1.0,1.0,1.0,1.0,1.0,1.0,1.0,1.0,0.5,1.0,311.0,1.2,55.1,25.0,75,5.0,5120,75,Damp; Poison Point; Sniper,Water,None,Dragon,,1,0,0,0,0,4,12,2,0.0,3,440.0,0.0,Real,6.0059037,10.918606
118.0,Goldeen,45,67,60,35,50,63,320,1.0,0.5,0.5,2.0,2.0,0.5,1.0,1.0,1.0,1.0,1.0,1.0,1.0,1.0,1.0,1.0,0.5,1.0,200.0,0.6,33.1,15.0,225,5.0,5120,225,Available; Lightning Rod; Swift Swim; Water Veil,Water,None,Goldfish,,1,0,0,0,0,4,12,2,0.0,4,320.0,0.0,Real,10.490722,9.860072
119.0,Seaking,80,92,65,65,80,68,450,1.0,0.5,0.5,2.0,2.0,0.5,1.0,1.0,1.0,1.0,1.0,1.0,1.0,1.0,1.0,1.0,0.5,1.0,403.0,1.3,86.0,39.0,60,5.0,5120,60,Available; Lightning Rod; Swift Swim; Water Veil,Water,None,Goldfish,,1,0,0,0,0,4,12,2,0.0,4,450.0,0.0,Real,6.033358,10.455998
120.0,Staryu,30,45,55,70,55,85,340,1.0,0.5,0.5,2.0,2.0,0.5,1.0,1.0,1.0,1.0,1.0,1.0,1.0,1.0,1.0,1.0,0.5,1.0,207.0,0.8,76.1,34.5,225,5.0,5120,225,Analytic; Available; Illuminate; Natural Cure,Water,None,Starshape,,1,0,0,0,0,4,12,2,0.0,4,340.0,0.0,Real,10.651853,9.83452
121.0,Starmie,60,75,85,100,85,115,520,1.0,0.5,0.5,2.0,2.0,0.5,0.5,1.0,1.0,1.0,0.5,2.0,1.0,2.0,1.0,2.0,0.5,1.0,307.0,1.1,176.4,80.0,60,5.0,5120,60,Analytic; Available; Illuminate; Natural Cure,Water,Psychic,Mysterious,,1,0,0,0,0,6,7,5,0.0,4,520.0,0.0,Real,4.902211,8.376473
122.0,Mr-mime,40,45,65,100,120,90,460,1.0,1.0,1.0,1.0,1.0,1.0,0.25,2.0,1.0,1.0,0.5,1.0,1.0,2.0,0.0,1.0,2.0,1.0,403.0,1.3,120.2,54.5,45,5.0,6400,45,Filter; Soundproof; Technician,Psychic,Fairy,Barrier,Galarian Mr. Mime,1,0,0,0,1,2,12,3,1.0,3,460.0,0.0,Real,6.4910965,6.7031007
123.0,Scyther,70,110,80,55,80,105,500,1.0,2.0,1.0,2.0,0.25,2.0,0.25,1.0,0.0,2.0,1.0,0.5,4.0,1.0,1.0,1.0,1.0,1.0,411.0,1.5,123.5,56.0,45,5.0,6400,45,Available; Steadfast; Swarm; Technician,Bug,Flying,Mantis,,1,0,0,0,1,3,9,5,0.0,4,500.0,0.0,Real,5.73376,7.4435573
124.0,Jynx,65,50,35,115,95,95,455,1.0,2.0,1.0,1.0,1.0,0.5,1.0,1.0,1.0,1.0,0.5,2.0,2.0,2.0,1.0,2.0,2.0,1.0,407.0,1.4,89.5,40.6,45,0.0,6400,45,Dry Skin; Forewarn; Oblivious,Ice,Psychic,Humanshape,,1,0,0,0,0,2,10,6,0.0,3,455.0,0.0,Real,6.343179,8.794807
125.0,Electabuzz,65,83,57,95,85,105,490,1.0,1.0,1.0,0.5,1.0,1.0,1.0,1.0,2.0,0.5,1.0,1.0,1.0,1.0,1.0,1.0,0.5,1.0,307.0,1.1,66.1,30.0,45,75.4,6400,45,Available; Static; Vital Spirit,Electric,None,Electric,,1,0,0,0,0,3,14,1,0.0,3,490.0,0.0,Real,6.828471,13.766044
126.0,Magmar,65,95,57,100,85,93,495,1.0,0.5,2.0,1.0,0.5,0.5,1.0,1.0,2.0,1.0,1.0,0.5,2.0,1.0,1.0,1.0,0.5,0.5,403.0,1.3,98.1,44.5,45,75.4,6400,45,Available; Flame Body; Vital Spirit,Fire,None,Spitfire,,1,0,0,0,0,6,9,3,0.0,3,495.0,0.0,Real,6.2399044,13.506905
127.0,Pinsir,65,125,100,55,70,85,500,1.0,2.0,1.0,1.0,0.5,1.0,0.5,1.0,0.5,2.0,1.0,1.0,2.0,1.0,1.0,1.0,1.0,1.0,411.0,1.5,121.3,55.0,45,5.0,6400,45,Available; Hyper Cutter; Mold Breaker; Moxie,Bug,None,Stagbeetle,Mega Pinsir,1,0,0,0,0,3,12,3,1.0,4,500.0,0.0,Real,5.5466743,10.464144
128.0,Tauros,75,100,95,40,70,110,490,1.0,1.0,1.0,1.0,1.0,1.0,2.0,1.0,1.0,1.0,1.0,1.0,1.0,0.0,1.0,1.0,1.0,1.0,407.0,1.4,194.9,88.4,45,10.0,5120,45,Anger Point; Available; Intimidate; Sheer Force,Normal,None,Wild Bull,Combat Breed; Blaze Breed; Aqua Breed,1,0,0,0,1,0,16,1,1.0,4,490.0,0.0,Real,6.648441,4.5611773
129.0,Magikarp,20,10,55,15,20,80,200,1.0,0.5,0.5,2.0,2.0,0.5,1.0,1.0,1.0,1.0,1.0,1.0,1.0,1.0,1.0,1.0,0.5,1.0,211.0,0.9,22.0,10.0,255,5.0,1280,255,Available; Rattled; Swift Swim,Water,None,Fish,,1,0,0,0,0,4,12,2,0.0,3,200.0,0.0,Real,10.53629,9.206917
130.0,Gyarados,95,125,79,60,100,81,540,1.0,0.5,0.5,4.0,1.0,1.0,0.5,1.0,0.0,1.0,1.0,0.5,2.0,1.0,1.0,1.0,0.5,1.0,2104.0,6.5,518.1,235.0,45,5.0,1280,45,Available; Intimidate; Moxie,Water,Flying,Atrocious,Mega Gyarados,1,0,0,0,1,5,10,2,1.0,3,540.0,0.0,Real,3.595804,9.350115
131.0,Lapras,130,85,80,85,95,60,535,1.0,1.0,0.5,2.0,2.0,0.25,2.0,1.0,1.0,1.0,1.0,1.0,2.0,1.0,1.0,1.0,1.0,1.0,802.0,2.5,485.0,220.0,45,5.0,10240,45,Available; Hydration; Shell Armor; Water Absorb,Water,Ice,Transport,,1,0,0,0,0,2,12,4,0.0,4,535.0,0.0,Real,4.8804593,9.834661
132.0,Ditto,48,48,48,48,48,48,288,1.0,1.0,1.0,1.0,1.0,1.0,2.0,1.0,1.0,1.0,1.0,1.0,1.0,0.0,1.0,1.0,1.0,1.0,100.0,0.3,8.8,4.0,35,5.0,5120,35,Available; Imposter; Limber,Normal,None,Transform,,1,0,0,0,1,0,16,1,0.0,3,288.0,0.0,Real,7.203942,4.0878277
133.0,Eevee,55,55,50,45,65,55,325,1.0,1.0,1.0,1.0,1.0,1.0,2.0,1.0,1.0,1.0,1.0,1.0,1.0,0.0,1.0,1.0,1.0,1.0,100.0,0.3,14.3,6.5,45,88.1,8960,45,Adaptability; Anticipation; Available; Run Away,Normal,None,Evolution,Partner Eevee,1,0,0,0,1,0,16,1,1.0,4,325.0,0.0,Real,8.216239,13.820743
134.0,Vaporeon,130,65,60,110,95,65,525,1.0,0.5,0.5,2.0,2.0,0.5,1.0,1.0,1.0,1.0,1.0,1.0,1.0,1.0,1.0,1.0,0.5,1.0,303.0,1.0,63.9,29.0,45,88.1,8960,45,Available; Hydration; Water Absorb,Water,None,Bubble Jet,,1,0,0,0,0,4,12,2,0.0,3,525.0,0.0,Real,6.841897,13.609638
135.0,Jolteon,65,65,60,110,95,130,525,1.0,1.0,1.0,0.5,1.0,1.0,1.0,1.0,2.0,0.5,1.0,1.0,1.0,1.0,1.0,1.0,0.5,1.0,207.0,0.8,54.0,24.5,45,88.1,8960,45,Available; Quick Feet; Volt Absorb,Electric,None,Lightning,,1,0,0,0,0,3,14,1,0.0,3,525.0,0.0,Real,6.830939,13.818673
136.0,Flareon,65,130,60,95,110,65,525,1.0,0.5,2.0,1.0,0.5,0.5,1.0,1.0,2.0,1.0,1.0,0.5,2.0,1.0,1.0,1.0,0.5,0.5,211.0,0.9,55.1,25.0,45,88.1,8960,45,Available; Flash Fire; Guts,Fire,None,Flame,,1,0,0,0,0,6,9,3,0.0,3,525.0,0.0,Real,6.3187547,13.421779
137.0,Porygon,65,60,70,85,75,40,395,1.0,1.0,1.0,1.0,1.0,1.0,2.0,1.0,1.0,1.0,1.0,1.0,1.0,0.0,1.0,1.0,1.0,1.0,207.0,0.8,80.5,36.5,45,5.0,5120,45,Analytic; Download; Trace,Normal,None,Virtual,,1,0,0,0,1,0,16,1,0.0,3,395.0,0.0,Real,6.9450965,4.3863487
138.0,Omanyte,35,40,100,90,55,35,355,0.5,0.25,1.0,2.0,4.0,0.5,2.0,0.5,2.0,0.5,1.0,1.0,1.0,1.0,1.0,1.0,1.0,1.0,104.0,0.4,16.5,7.5,45,88.1,7680,45,Shell Armor; Swift Swim; Weak Armor,Rock,Water,Spiral,,1,0,0,0,0,5,9,4,0.0,3,355.0,0.0,Real,7.8198323,13.524932
139.0,Omastar,70,60,125,115,70,55,495,0.5,0.25,1.0,2.0,4.0,0.5,2.0,0.5,2.0,0.5,1.0,1.0,1.0,1.0,1.0,1.0,1.0,1.0,303.0,1.0,77.2,35.0,45,88.1,7680,45,Shell Armor; Swift Swim; Weak Armor,Rock,Water,Spiral,,1,0,0,0,0,5,9,4,0.0,3,495.0,0.0,Real,6.9883513,13.246935
140.0,Kabuto,30,80,90,55,45,55,355,0.5,0.25,1.0,2.0,4.0,0.5,2.0,0.5,2.0,0.5,1.0,1.0,1.0,1.0,1.0,1.0,1.0,1.0,108.0,0.5,25.4,11.5,45,88.1,7680,45,Battle Armor; Swift Swim; Weak Armor,Rock,Water,Shellfish,,1,0,0,0,0,5,9,4,0.0,3,355.0,0.0,Real,7.6837735,13.654617
141.0,Kabutops,60,115,105,65,70,80,495,0.5,0.25,1.0,2.0,4.0,0.5,2.0,0.5,2.0,0.5,1.0,1.0,1.0,1.0,1.0,1.0,1.0,1.0,403.0,1.3,89.3,40.5,45,88.1,7680,45,Battle Armor; Swift Swim; Weak Armor,Rock,Water,Shellfish,,1,0,0,0,0,5,9,4,0.0,3,495.0,0.0,Real,6.8292456,13.218323
142.0,Aerodactyl,80,105,65,60,75,130,515,0.5,0.5,2.0,2.0,1.0,2.0,1.0,0.5,0.0,0.5,1.0,0.5,2.0,1.0,1.0,1.0,2.0,1.0,511.0,1.8,130.1,59.0,45,88.1,8960,45,Pressure; Rock Head; Unnerve,Rock,Flying,Fossil,Mega Aerodactyl,1,0,0,0,1,5,7,5,1.0,3,515.0,0.0,Real,6.269061,13.272822
143.0,Snorlax,160,110,65,65,110,30,540,1.0,1.0,1.0,1.0,1.0,1.0,2.0,1.0,1.0,1.0,1.0,1.0,1.0,0.0,1.0,1.0,1.0,1.0,611.0,2.1,1014.1,460.0,25,88.1,10240,25,Available; Gluttony; Immunity; Thick Fat,Normal,None,Sleeping,,1,0,0,0,1,0,16,1,0.0,4,540.0,0.0,Real,7.282896,12.786513
144.0,Articuno,90,85,100,95,125,85,580,1.0,2.0,1.0,2.0,0.5,1.0,1.0,1.0,0.0,1.0,1.0,0.5,4.0,1.0,1.0,1.0,2.0,1.0,507.0,1.7,122.1,55.4,3,5.0,20480,3,Pressure; Snow Cloak,Ice,Flying,Freeze,Galarian Articuno,1,1,0,0,1,2,11,4,1.0,2,580.0,0.0,Real,5.7891784,7.01152
145.0,Zapdos,90,90,85,125,90,100,580,1.0,1.0,1.0,1.0,0.5,2.0,0.5,1.0,0.0,0.5,1.0,0.5,2.0,1.0,1.0,1.0,0.5,1.0,503.0,1.6,116.0,52.6,3,5.0,20480,3,Pressure; Static,Electric,Flying,Electric,Galarian Zapdos,1,1,0,0,1,5,10,2,1.0,2,580.0,0.0,Real,5.48043,6.785359
146.0,Moltres,90,100,90,125,85,90,580,1.0,0.5,2.0,2.0,0.25,1.0,0.5,1.0,0.0,1.0,1.0,0.25,4.0,1.0,1.0,1.0,0.5,0.5,607.0,2.0,132.3,60.0,3,5.0,20480,3,Flame Body; Pressure,Fire,Flying,Flame,Galarian Moltres,1,1,0,0,1,6,8,3,1.0,2,580.0,0.0,Real,4.8050056,7.346247
147.0,Dratini,41,64,45,50,50,50,300,1.0,0.5,0.5,0.5,0.5,2.0,1.0,1.0,1.0,1.0,1.0,1.0,1.0,1.0,2.0,1.0,1.0,2.0,511.0,1.8,7.3,3.3,45,5.0,10240,45,Available; Marvel Scale; Shed Skin,Dragon,None,Dragon,,1,0,0,0,0,4,11,3,0.0,3,300.0,0.0,Real,8.513593,9.238357
148.0,Dragonair,61,84,65,70,70,70,420,1.0,0.5,0.5,0.5,0.5,2.0,1.0,1.0,1.0,1.0,1.0,1.0,1.0,1.0,2.0,1.0,1.0,2.0,1301.0,4.0,36.4,16.5,45,5.0,10240,45,Available; Marvel Scale; Shed Skin,Dragon,None,Dragon,,1,0,0,0,0,4,11,3,0.0,3,420.0,0.0,Real,5.895537,10.587227
149.0,Dragonite,91,134,95,100,100,80,600,1.0,0.5,0.5,1.0,0.25,4.0,0.5,1.0,0.0,1.0,1.0,0.5,2.0,1.0,2.0,1.0,1.0,2.0,703.0,2.2,463.0,210.0,45,5.0,10240,45,Available; Inner Focus; Multiscale,Dragon,Flying,Dragon,,1,0,0,0,1,5,8,4,0.0,3,600.0,0.0,Real,4.273161,7.8303347
150.0,Mewtwo,106,110,90,154,90,130,680,1.0,1.0,1.0,1.0,1.0,1.0,0.5,1.0,1.0,1.0,0.5,2.0,1.0,2.0,1.0,2.0,1.0,1.0,607.0,2.0,269.0,122.0,3,5.0,30720,3,Pressure; Unnerve,Psychic,None,Genetic,Mega Mewtwo X; Mega Mewtwo Y,1,1,0,0,0,2,13,3,1.0,2,680.0,0.0,Real,4.392453,10.054388
151.0,Mew,100,100,100,100,100,100,600,1.0,1.0,1.0,1.0,1.0,1.0,0.5,1.0,1.0,1.0,0.5,2.0,1.0,2.0,1.0,2.0,1.0,1.0,104.0,0.4,8.8,4.0,45,5.0,30720,45,Synchronize,Psychic,None,New Species,,1,0,1,0,0,2,13,3,0.0,1,600.0,0.0,Real,4.904271,10.304302
152.0,Chikorita,45,49,65,49,65,45,318,1.0,2.0,0.5,0.5,0.5,2.0,1.0,2.0,0.5,2.0,1.0,2.0,1.0,1.0,1.0,1.0,1.0,1.0,211.0,0.9,14.1,6.4,45,88.1,5120,45,Leaf Guard; Overgrow,Grass,None,Leaf,,2,0,0,0,0,4,9,5,0.0,2,318.0,0.0,Real,7.865498,13.518225
153.0,Bayleef,60,62,80,63,80,60,405,1.0,2.0,0.5,0.5,0.5,2.0,1.0,2.0,0.5,2.0,1.0,2.0,1.0,1.0,1.0,1.0,1.0,1.0,311.0,1.2,34.8,15.8,45,88.1,5120,45,Leaf Guard; Overgrow,Grass,None,Leaf,,2,0,0,0,0,4,9,5,0.0,2,405.0,0.0,Real,7.5480504,13.41928
154.0,Meganium,80,82,100,83,100,80,525,1.0,2.0,0.5,0.5,0.5,2.0,1.0,2.0,0.5,2.0,1.0,2.0,1.0,1.0,1.0,1.0,1.0,1.0,511.0,1.8,221.6,100.5,45,88.1,5120,45,Leaf Guard; Overgrow,Grass,None,Herb,,2,0,0,0,0,4,9,5,0.0,2,525.0,0.0,Real,6.470055,13.178258
155.0,Cyndaquil,39,52,43,60,50,65,309,1.0,0.5,2.0,1.0,0.5,0.5,1.0,1.0,2.0,1.0,1.0,0.5,2.0,1.0,1.0,1.0,0.5,0.5,108.0,0.5,17.4,7.9,45,88.1,5120,45,Blaze; Flash Fire,Fire,None,Fire Mouse,,2,0,0,0,0,6,9,3,0.0,2,309.0,0.0,Real,8.076554,14.131481
156.0,Quilava,58,64,58,80,65,80,405,1.0,0.5,2.0,1.0,0.5,0.5,1.0,1.0,2.0,1.0,1.0,0.5,2.0,1.0,1.0,1.0,0.5,0.5,211.0,0.9,41.9,19.0,45,88.1,5120,45,Blaze; Flash Fire,Fire,None,Volcano,,2,0,0,0,0,6,9,3,0.0,2,405.0,0.0,Real,7.610092,13.990605
157.0,Typhlosion,78,84,78,109,85,100,534,1.0,0.5,2.0,1.0,0.5,0.5,1.0,1.0,2.0,1.0,1.0,0.5,2.0,1.0,1.0,1.0,0.5,0.5,507.0,1.7,175.3,79.5,45,88.1,5120,45,Blaze; Flash Fire,Fire,None,Volcano,Hisuian Typhlosion,2,0,0,0,0,6,9,3,1.0,2,534.0,0.0,Real,6.253106,13.417274
158.0,Totodile,50,65,64,44,48,43,314,1.0,0.5,0.5,2.0,2.0,0.5,1.0,1.0,1.0,1.0,1.0,1.0,1.0,1.0,1.0,1.0,0.5,1.0,200.0,0.6,20.9,9.5,45,88.1,5120,45,Sheer Force; Torrent,Water,None,Big Jaw,,2,0,0,0,0,4,12,2,0.0,2,314.0,0.0,Real,8.200783,14.031714
159.0,Croconaw,65,80,80,59,63,58,405,1.0,0.5,0.5,2.0,2.0,0.5,1.0,1.0,1.0,1.0,1.0,1.0,1.0,1.0,1.0,1.0,0.5,1.0,307.0,1.1,55.1,25.0,45,88.1,5120,45,Sheer Force; Torrent,Water,None,Big Jaw,,2,0,0,0,0,4,12,2,0.0,2,405.0,0.0,Real,7.914288,13.963651
160.0,Feraligatr,85,105,100,79,83,78,530,1.0,0.5,0.5,2.0,2.0,0.5,1.0,1.0,1.0,1.0,1.0,1.0,1.0,1.0,1.0,1.0,0.5,1.0,707.0,2.3,195.8,88.8,45,88.1,5120,45,Sheer Force; Torrent,Water,None,Big Jaw,,2,0,0,0,0,4,12,2,0.0,2,530.0,0.0,Real,6.765109,13.543643
161.0,Sentret,35,46,34,35,45,20,215,1.0,1.0,1.0,1.0,1.0,1.0,2.0,1.0,1.0,1.0,1.0,1.0,1.0,0.0,1.0,1.0,1.0,1.0,207.0,0.8,13.2,6.0,255,5.0,3840,255,Frisk; Keen Eye; Run Away,Normal,None,Scout,,2,0,0,0,1,0,16,1,0.0,3,215.0,0.0,Real,7.635755,3.5802057
162.0,Furret,85,76,64,45,55,90,415,1.0,1.0,1.0,1.0,1.0,1.0,2.0,1.0,1.0,1.0,1.0,1.0,1.0,0.0,1.0,1.0,1.0,1.0,511.0,1.8,71.6,32.5,90,5.0,3840,90,Frisk; Keen Eye; Run Away,Normal,None,Long Body,,2,0,0,0,1,0,16,1,0.0,3,415.0,0.0,Real,6.872314,4.3357315
163.0,Hoothoot,60,30,30,36,56,50,262,1.0,1.0,1.0,2.0,0.5,2.0,1.0,1.0,0.0,1.0,1.0,0.5,2.0,0.0,1.0,1.0,1.0,1.0,204.0,0.7,46.7,21.2,255,5.0,3840,255,Insomnia; Keen Eye; Tinted Lens,Normal,Flying,Owl,,2,0,0,0,2,2,11,3,0.0,3,262.0,0.0,Real,9.027892,6.482097
164.0,Noctowl,100,50,50,86,96,70,452,1.0,1.0,1.0,2.0,0.5,2.0,1.0,1.0,0.0,1.0,1.0,0.5,2.0,0.0,1.0,1.0,1.0,1.0,503.0,1.6,89.9,40.8,90,5.0,3840,90,Insomnia; Keen Eye; Tinted Lens,Normal,Flying,Owl,,2,0,0,0,2,2,11,3,0.0,3,452.0,0.0,Real,7.2127347,6.7278056
165.0,Ledyba,40,20,30,40,80,55,265,1.0,2.0,1.0,2.0,0.25,2.0,0.25,1.0,0.0,2.0,1.0,0.5,4.0,1.0,1.0,1.0,1.0,1.0,303.0,1.0,23.8,10.8,255,5.0,3840,255,Available; Early Bird; Rattled; Swarm,Bug,Flying,Five Star,,2,0,0,0,1,3,9,5,0.0,4,265.0,0.0,Real,9.262332,7.764748
166.0,Ledian,55,35,50,55,110,85,390,1.0,2.0,1.0,2.0,0.25,2.0,0.25,1.0,0.0,2.0,1.0,0.5,4.0,1.0,1.0,1.0,1.0,1.0,407.0,1.4,78.5,35.6,90,5.0,3840,90,Available; Early Bird; Iron Fist; Swarm,Bug,Flying,Five Star,,2,0,0,0,1,3,9,5,0.0,4,390.0,0.0,Real,6.5863776,7.646502
167.0,Spinarak,40,60,40,40,40,30,250,1.0,2.0,1.0,1.0,0.25,1.0,0.25,0.5,1.0,2.0,2.0,0.5,2.0,1.0,1.0,1.0,1.0,0.5,108.0,0.5,18.7,8.5,255,5.0,3840,255,Available; Insomnia; Sniper; Swarm,Bug,Poison,String Spit,,2,0,0,0,0,5,9,4,0.0,4,250.0,0.0,Real,9.766379,8.525922
168.0,Ariados,70,90,70,60,70,40,400,1.0,2.0,1.0,1.0,0.25,1.0,0.25,0.5,1.0,2.0,2.0,0.5,2.0,1.0,1.0,1.0,1.0,0.5,307.0,1.1,73.9,33.5,90,5.0,3840,90,Available; Insomnia; Sniper; Swarm,Bug,Poison,Long Leg,,2,0,0,0,0,5,9,4,0.0,4,400.0,0.0,Real,7.4003277,9.0865135
169.0,Crobat,85,90,80,70,80,130,535,1.0,1.0,1.0,2.0,0.25,2.0,0.25,0.5,0.0,1.0,2.0,0.25,2.0,1.0,1.0,1.0,1.0,0.5,511.0,1.8,165.3,75.0,90,5.0,3840,90,Available; Infiltrator; Inner Focus,Poison,Flying,Bat,,2,0,0,0,1,5,8,4,0.0,3,535.0,0.0,Real,5.663258,7.321661
170.0,Chinchou,75,38,38,56,56,67,330,1.0,0.5,0.5,1.0,2.0,0.5,1.0,1.0,2.0,0.5,1.0,1.0,1.0,1.0,1.0,1.0,0.25,1.0,108.0,0.5,26.5,12.0,190,5.0,5120,190,Available; Illuminate; Volt Absorb; Water Absorb,Water,Electric,Angler,,2,0,0,0,0,5,11,2,0.0,4,330.0,0.0,Real,10.420507,9.958083
171.0,Lanturn,125,58,58,76,76,67,460,1.0,0.5,0.5,1.0,2.0,0.5,1.0,1.0,2.0,0.5,1.0,1.0,1.0,1.0,1.0,1.0,0.25,1.0,311.0,1.2,49.6,22.5,75,5.0,5120,75,Available; Illuminate; Volt Absorb; Water Absorb,Water,Electric,Light,,2,0,0,0,0,5,11,2,0.0,4,460.0,0.0,Real,6.508461,9.882386
172.0,Pichu,20,40,15,35,35,60,205,1.0,1.0,1.0,0.5,1.0,1.0,1.0,1.0,2.0,0.5,1.0,1.0,1.0,1.0,1.0,1.0,0.5,1.0,100.0,0.3,4.4,2.0,190,5.0,2560,190,Available; Lightning Rod; Static,Electric,None,Tiny Mouse,,2,0,0,0,0,3,14,1,0.0,3,205.0,0.0,Real,10.838035,9.562129
173.0,Cleffa,50,25,28,45,55,15,218,1.0,1.0,1.0,1.0,1.0,1.0,0.5,2.0,1.0,1.0,1.0,0.5,1.0,1.0,0.0,0.5,2.0,1.0,100.0,0.3,6.6,3.0,150,24.6,2560,150,Available; Cute Charm; Friend Guard; Magic Guard,Fairy,None,Star Shape,,2,0,0,0,1,3,12,2,0.0,4,218.0,0.0,Real,9.007883,6.9187474
174.0,Igglybuff,90,30,15,40,20,15,210,1.0,1.0,1.0,1.0,1.0,1.0,1.0,2.0,1.0,1.0,1.0,0.5,1.0,0.0,0.0,0.5,2.0,1.0,100.0,0.3,2.2,1.0,170,24.6,2560,170,Available; Competitive; Cute Charm; Friend Guard,Normal,Fairy,Balloon,,2,0,0,0,2,2,12,2,0.0,4,210.0,0.0,Real,8.90825,6.5326295
175.0,Togepi,35,20,65,40,65,20,245,1.0,1.0,1.0,1.0,1.0,1.0,0.5,2.0,1.0,1.0,1.0,0.5,1.0,1.0,0.0,0.5,2.0,1.0,100.0,0.3,3.3,1.5,190,88.1,2560,190,Hustle; Serene Grace; Super Luck,Fairy,None,Spike Ball,,2,0,0,0,1,3,12,2,0.0,3,245.0,0.0,Real,9.12185,13.070356
176.0,Togetic,55,40,85,80,105,40,405,1.0,1.0,1.0,2.0,0.5,2.0,0.25,2.0,0.0,1.0,1.0,0.25,2.0,1.0,0.0,0.5,2.0,1.0,200.0,0.6,7.1,3.2,75,88.1,2560,75,Hustle; Serene Grace; Super Luck,Fairy,Flying,Happiness,,2,0,0,0,2,4,7,5,0.0,3,405.0,0.0,Real,6.8366404,12.724468
177.0,Natu,40,50,45,70,45,70,320,1.0,1.0,1.0,2.0,0.5,2.0,0.25,1.0,0.0,1.0,0.5,1.0,2.0,2.0,1.0,2.0,1.0,1.0,8.0,0.2,4.4,2.0,190,5.0,5120,190,Early Bird; Magic Bounce; Synchronize,Psychic,Flying,Little Bird,,2,0,0,0,1,3,9,5,0.0,3,320.0,0.0,Real,8.944488,7.6647944
178.0,Xatu,65,75,70,95,70,95,470,1.0,1.0,1.0,2.0,0.5,2.0,0.25,1.0,0.0,1.0,0.5,1.0,2.0,2.0,1.0,2.0,1.0,1.0,411.0,1.5,33.1,15.0,75,5.0,5120,75,Early Bird; Magic Bounce; Synchronize,Psychic,Flying,Mystic,,2,0,0,0,1,3,9,5,0.0,3,470.0,0.0,Real,6.010854,7.5063477
179.0,Mareep,55,40,40,65,45,35,280,1.0,1.0,1.0,0.5,1.0,1.0,1.0,1.0,2.0,0.5,1.0,1.0,1.0,1.0,1.0,1.0,0.5,1.0,200.0,0.6,17.2,7.8,235,5.0,5120,235,Plus; Static,Electric,None,Wool,,2,0,0,0,0,3,14,1,0.0,2,280.0,0.0,Real,10.385608,9.891602
180.0,Flaaffy,70,55,55,80,60,45,365,1.0,1.0,1.0,0.5,1.0,1.0,1.0,1.0,2.0,0.5,1.0,1.0,1.0,1.0,1.0,1.0,0.5,1.0,207.0,0.8,29.3,13.3,120,5.0,5120,120,Plus; Static,Electric,None,Wool,,2,0,0,0,0,3,14,1,0.0,2,365.0,0.0,Real,7.6202264,10.465334
181.0,Ampharos,90,75,85,115,90,55,510,1.0,1.0,1.0,0.5,1.0,1.0,1.0,1.0,2.0,0.5,1.0,1.0,1.0,1.0,1.0,1.0,0.5,1.0,407.0,1.4,135.6,61.5,45,5.0,5120,45,Plus; Static,Electric,None,Light,Mega Ampharos,2,0,0,0,0,3,14,1,1.0,2,510.0,0.0,Real,6.100642,10.59805
182.0,Bellossom,75,80,95,90,100,50,490,1.0,2.0,0.5,0.5,0.5,2.0,1.0,2.0,0.5,2.0,1.0,2.0,1.0,1.0,1.0,1.0,1.0,1.0,104.0,0.4,12.8,5.8,45,5.0,5120,45,Chlorophyll; Healer,Grass,None,Flower,,2,0,0,0,0,4,9,5,0.0,2,490.0,0.0,Real,6.045962,9.083407
183.0,Marill,70,20,50,20,50,40,250,1.0,0.5,0.5,2.0,2.0,0.5,0.5,2.0,1.0,1.0,1.0,0.5,1.0,1.0,0.0,0.5,1.0,1.0,104.0,0.4,18.7,8.5,190,5.0,2560,190,Huge Power; Sap Sipper; Thick Fat,Water,Fairy,Aquamouse,,2,0,0,0,1,6,8,3,0.0,3,250.0,0.0,Real,9.186965,7.4534283
184.0,Azumarill,100,50,80,60,80,50,420,1.0,0.5,0.5,2.0,2.0,0.5,0.5,2.0,1.0,1.0,1.0,0.5,1.0,1.0,0.0,0.5,1.0,1.0,207.0,0.8,62.8,28.5,75,5.0,2560,75,Huge Power; Sap Sipper; Thick Fat,Water,Fairy,Aquarabbit,,2,0,0,0,1,6,8,3,0.0,3,420.0,0.0,Real,6.2968125,8.389177
185.0,Sudowoodo,70,100,115,30,65,30,410,0.5,0.5,2.0,1.0,2.0,1.0,2.0,0.5,2.0,0.5,1.0,1.0,1.0,1.0,1.0,1.0,2.0,1.0,311.0,1.2,83.8,38.0,65,5.0,5120,65,Available; Rattled; Rock Head; Sturdy,Rock,None,Imitation,,2,0,0,0,0,4,9,5,0.0,4,410.0,0.0,Real,7.1177187,8.916708
186.0,Politoed,90,75,75,90,100,70,500,1.0,0.5,0.5,2.0,2.0,0.5,1.0,1.0,1.0,1.0,1.0,1.0,1.0,1.0,1.0,1.0,0.5,1.0,307.0,1.1,74.7,33.9,45,5.0,5120,45,Available; Damp; Drizzle; Water Absorb,Water,None,Frog,,2,0,0,0,0,4,12,2,0.0,4,500.0,0.0,Real,6.090649,10.385947
187.0,Hoppip,35,35,40,35,55,50,250,1.0,2.0,0.5,1.0,0.25,4.0,0.5,2.0,0.0,2.0,1.0,1.0,2.0,1.0,1.0,1.0,1.0,1.0,104.0,0.4,1.1,0.5,255,5.0,5120,255,Chlorophyll; Infiltrator; Leaf Guard,Grass,Flying,Cottonweed,,2,0,0,0,1,3,9,5,0.0,3,250.0,0.0,Real,9.260347,7.6383715
188.0,Skiploom,55,45,50,45,65,80,340,1.0,2.0,0.5,1.0,0.25,4.0,0.5,2.0,0.0,2.0,1.0,1.0,2.0,1.0,1.0,1.0,1.0,1.0,200.0,0.6,2.2,1.0,120,5.0,5120,120,Chlorophyll; Infiltrator; Leaf Guard,Grass,Flying,Cottonweed,,2,0,0,0,1,3,9,5,0.0,3,340.0,0.0,Real,8.573373,7.6303964
189.0,Jumpluff,75,55,70,55,95,110,460,1.0,2.0,0.5,1.0,0.25,4.0,0.5,2.0,0.0,2.0,1.0,1.0,2.0,1.0,1.0,1.0,1.0,1.0,207.0,0.8,6.6,3.0,45,5.0,5120,45,Chlorophyll; Infiltrator; Leaf Guard,Grass,Flying,Cottonweed,,2,0,0,0,1,3,9,5,0.0,3,460.0,0.0,Real,6.0877566,7.5057917
190.0,Aipom,55,70,55,40,55,85,360,1.0,1.0,1.0,1.0,1.0,1.0,2.0,1.0,1.0,1.0,1.0,1.0,1.0,0.0,1.0,1.0,1.0,1.0,207.0,0.8,25.4,11.5,45,5.0,5120,45,Pickup; Run Away; Skill Link,Normal,None,Long Tail,,2,0,0,0,1,0,16,1,0.0,3,360.0,0.0,Real,7.0463758,4.133827
191.0,Sunkern,30,30,30,30,30,30,180,1.0,2.0,0.5,0.5,0.5,2.0,1.0,2.0,0.5,2.0,1.0,2.0,1.0,1.0,1.0,1.0,1.0,1.0,100.0,0.3,4.0,1.8,235,5.0,5120,235,Chlorophyll; Early Bird; Solar Power,Grass,None,Seed,,2,0,0,0,0,4,9,5,0.0,3,180.0,0.0,Real,9.91629,8.536713
192.0,Sunflora,75,75,55,105,85,30,425,1.0,2.0,0.5,0.5,0.5,2.0,1.0,2.0,0.5,2.0,1.0,2.0,1.0,1.0,1.0,1.0,1.0,1.0,207.0,0.8,18.7,8.5,120,5.0,5120,120,Chlorophyll; Early Bird; Solar Power,Grass,None,Sun,,2,0,0,0,0,4,9,5,0.0,3,425.0,0.0,Real,7.088747,9.1226425
193.0,Yanma,65,65,45,75,45,95,390,1.0,2.0,1.0,2.0,0.25,2.0,0.25,1.0,0.0,2.0,1.0,0.5,4.0,1.0,1.0,1.0,1.0,1.0,311.0,1.2,83.8,38.0,75,5.0,5120,75,Compound Eyes; Frisk; Speed Boost,Bug,Flying,Clear Wing,,2,0,0,0,1,3,9,5,0.0,3,390.0,0.0,Real,6.531986,7.594543
194.0,Wooper,55,45,45,25,25,15,210,1.0,0.5,1.0,0.0,4.0,1.0,1.0,0.5,1.0,1.0,1.0,1.0,0.5,1.0,1.0,1.0,0.5,1.0,104.0,0.4,18.7,8.5,255,5.0,5120,255,Damp; Unaware; Water Absorb,Water,Ground,Water Fish,Paldean Wooper,2,0,0,0,1,4,12,1,1.0,3,210.0,0.0,Real,9.172163,6.995385
195.0,Quagsire,95,85,85,65,65,35,430,1.0,0.5,1.0,0.0,4.0,1.0,1.0,0.5,1.0,1.0,1.0,1.0,0.5,1.0,1.0,1.0,0.5,1.0,407.0,1.4,165.3,75.0,90,5.0,5120,90,Damp; Unaware; Water Absorb,Water,Ground,Water Fish,,2,0,0,0,1,4,12,1,0.0,3,430.0,0.0,Real,7.139201,7.685136
196.0,Espeon,65,65,60,130,95,110,525,1.0,1.0,1.0,1.0,1.0,1.0,0.5,1.0,1.0,1.0,0.5,2.0,1.0,2.0,1.0,2.0,1.0,1.0,211.0,0.9,58.4,26.5,45,88.1,8960,45,Available; Magic Bounce; Synchronize,Psychic,None,Sun,,2,0,0,0,0,2,13,3,0.0,3,525.0,0.0,Real,6.7520366,13.738548
197.0,Umbreon,95,65,110,60,130,65,525,1.0,1.0,1.0,1.0,1.0,1.0,2.0,1.0,1.0,1.0,0.0,2.0,1.0,0.5,1.0,0.5,1.0,2.0,303.0,1.0,59.5,27.0,45,88.1,8960,45,Available; Inner Focus; Synchronize,Dark,None,Moonlight,,2,0,0,0,1,2,12,3,0.0,3,525.0,0.0,Real,6.974654,13.281178
198.0,Murkrow,60,85,42,85,42,91,405,1.0,1.0,1.0,2.0,0.5,2.0,1.0,1.0,0.0,1.0,0.0,1.0,2.0,0.5,1.0,0.5,1.0,2.0,108.0,0.5,4.6,2.1,30,5.0,5120,30,Available; Insomnia; Prankster; Super Luck,Dark,Flying,Darkness,,2,0,0,0,2,3,9,4,0.0,4,405.0,0.0,Real,7.126813,6.631356
199.0,Slowking,95,75,80,100,110,30,490,1.0,0.5,0.5,2.0,2.0,0.5,0.5,1.0,1.0,1.0,0.5,2.0,1.0,2.0,1.0,2.0,0.5,1.0,607.0,2.0,175.3,79.5,70,5.0,5120,70,Available; Oblivious; Own Tempo; Regenerator,Water,Psychic,Royal,Galarian Slowking,2,0,0,0,0,6,7,5,1.0,4,490.0,0.0,Real,5.5337014,8.810182
200.0,Misdreavus,60,60,60,85,85,85,435,0.0,1.0,1.0,1.0,1.0,1.0,0.0,0.5,1.0,1.0,1.0,0.5,1.0,2.0,1.0,2.0,1.0,1.0,204.0,0.7,2.2,1.0,45,5.0,6400,45,Levitate,Ghost,None,Screech,,2,0,0,0,2,2,12,2,0.0,1,435.0,0.0,Real,6.9697127,6.487501
201.0,Unown,48,72,48,72,48,48,336,1.0,1.0,1.0,1.0,1.0,1.0,0.5,1.0,1.0,1.0,0.5,2.0,1.0,2.0,1.0,2.0,1.0,1.0,108.0,0.5,11.0,5.0,225,5.0,10240,225,Levitate,Psychic,None,Symbol,,2,0,0,0,0,2,13,3,0.0,1,336.0,0.0,Real,10.03741,9.781623
202.0,Wobbuffet,190,33,58,33,58,33,405,1.0,1.0,1.0,1.0,1.0,1.0,0.5,1.0,1.0,1.0,0.5,2.0,1.0,2.0,1.0,2.0,1.0,1.0,403.0,1.3,62.8,28.5,45,5.0,5120,45,Shadow Tag; Telepathy,Psychic,None,Patient,,2,0,0,0,0,2,13,3,0.0,2,405.0,0.0,Real,6.5517836,9.434849
203.0,Girafarig,70,80,65,90,65,85,455,1.0,1.0,1.0,1.0,1.0,1.0,1.0,1.0,1.0,1.0,0.5,2.0,1.0,0.0,1.0,2.0,1.0,1.0,411.0,1.5,91.5,41.5,60,5.0,5120,60,Early Bird; Inner Focus; Sap Sipper,Normal,Psychic,Long Neck,,2,0,0,0,1,1,14,2,0.0,3,455.0,0.0,Real,6.7149315,4.9338636
204.0,Pineco,50,65,90,35,35,15,290,1.0,2.0,1.0,1.0,0.5,1.0,0.5,1.0,0.5,2.0,1.0,1.0,2.0,1.0,1.0,1.0,1.0,1.0,200.0,0.6,15.9,7.2,190,5.0,5120,190,Overcoat; Sturdy,Bug,None,Bagworm,,2,0,0,0,0,3,12,3,0.0,2,290.0,0.0,Real,10.146664,9.534961
205.0,Forretress,75,90,140,60,60,40,465,0.5,4.0,1.0,1.0,0.25,0.5,1.0,0.0,1.0,1.0,0.5,0.5,1.0,1.0,0.5,1.0,0.5,0.5,311.0,1.2,277.3,125.8,75,5.0,5120,75,Overcoat; Sturdy,Bug,Steel,Bagworm,,2,0,0,0,1,8,8,1,0.0,2,465.0,0.0,Real,4.183043,6.37072
206.0,Dunsparce,100,70,70,65,65,45,415,1.0,1.0,1.0,1.0,1.0,1.0,2.0,1.0,1.0,1.0,1.0,1.0,1.0,0.0,1.0,1.0,1.0,1.0,411.0,1.5,30.9,14.0,190,5.0,5120,190,Rattled; Run Away; Serene Grace,Normal,None,Land Snake,,2,0,0,0,1,0,16,1,0.0,3,415.0,0.0,Real,7.0947075,4.223231
207.0,Gligar,65,75,105,35,65,85,430,1.0,1.0,2.0,0.0,1.0,4.0,0.5,0.5,0.0,1.0,1.0,0.5,1.0,1.0,1.0,1.0,1.0,1.0,307.0,1.1,142.9,64.8,60,5.0,5120,60,Hyper Cutter; Immunity; Sand Veil,Ground,Flying,Flyscorpion,,2,0,0,0,2,3,11,2,0.0,3,430.0,0.0,Real,6.9801884,6.6241264
208.0,Steelix,75,85,200,55,65,30,510,0.5,2.0,2.0,0.0,1.0,1.0,2.0,0.0,2.0,0.5,0.5,0.5,0.25,1.0,0.5,1.0,0.5,0.5,3002.0,9.2,881.8,400.0,25,5.0,6400,25,Rock Head; Sheer Force; Sturdy,Steel,Ground,Iron Snake,Mega Steelix,2,0,0,0,2,8,4,4,1.0,3,510.0,0.0,Real,3.713472,7.09927
209.0,Snubbull,60,80,50,40,40,30,300,1.0,1.0,1.0,1.0,1.0,1.0,0.5,2.0,1.0,1.0,1.0,0.5,1.0,1.0,0.0,0.5,2.0,1.0,200.0,0.6,17.2,7.8,190,24.6,5120,190,Available; Intimidate; Rattled; Run Away,Fairy,None,Fairy,,2,0,0,0,1,3,12,2,0.0,4,300.0,0.0,Real,8.728578,6.9514275
210.0,Granbull,90,120,75,60,60,45,450,1.0,1.0,1.0,1.0,1.0,1.0,0.5,2.0,1.0,1.0,1.0,0.5,1.0,1.0,0.0,0.5,2.0,1.0,407.0,1.4,107.4,48.7,75,24.6,5120,75,Available; Intimidate; Quick Feet; Rattled,Fairy,None,Fairy,,2,0,0,0,1,3,12,2,0.0,4,450.0,0.0,Real,7.0950966,7.428857
211.0,Qwilfish,65,95,85,55,55,85,440,1.0,0.5,0.5,2.0,1.0,0.5,0.5,0.5,2.0,1.0,2.0,0.5,1.0,1.0,1.0,1.0,0.5,0.5,108.0,0.5,8.6,3.9,45,5.0,5120,45,Intimidate; Poison Point; Swift Swim,Water,Poison,Balloon,Hisuian Qwilfish,2,0,0,0,0,8,7,3,1.0,3,440.0,0.0,Real,6.5350027,9.025231
212.0,Scizor,70,130,100,55,80,65,500,0.5,4.0,1.0,1.0,0.25,0.5,1.0,0.0,1.0,1.0,0.5,0.5,1.0,1.0,0.5,1.0,0.5,0.5,511.0,1.8,260.1,118.0,25,5.0,6400,25,Available; Light Metal; Swarm; Technician,Bug,Steel,Pincer,Mega Scizor,2,0,0,0,1,8,8,1,1.0,4,500.0,0.0,Real,4.2813725,6.439856
213.0,Shuckle,20,10,230,10,230,5,505,0.5,1.0,2.0,1.0,1.0,1.0,1.0,0.5,1.0,1.0,1.0,1.0,2.0,1.0,1.0,1.0,2.0,1.0,200.0,0.6,45.2,20.5,190,5.0,5120,190,Contrary; Gluttony; Sturdy,Bug,Rock,Mold,,2,0,0,0,0,2,13,3,0.0,3,505.0,0.0,Real,7.161581,9.978798
214.0,Heracross,80,125,75,40,95,85,500,1.0,2.0,1.0,1.0,0.5,1.0,0.5,1.0,0.5,4.0,2.0,0.5,1.0,1.0,1.0,0.5,1.0,2.0,411.0,1.5,119.0,54.0,45,5.0,6400,45,Guts; Moxie; Swarm,Bug,Fighting,Singlehorn,Mega Heracross,2,0,0,0,0,5,9,4,1.0,3,500.0,0.0,Real,5.1665425,9.647087
215.0,Sneasel,55,95,55,35,75,115,430,1.0,2.0,1.0,1.0,1.0,0.5,4.0,1.0,1.0,1.0,0.0,2.0,2.0,0.5,1.0,0.5,2.0,2.0,211.0,0.9,61.7,28.0,60,5.0,5120,60,Available; Inner Focus; Keen Eye; Pickpocket,Dark,Ice,Sharp Claw,Hisuian Sneasel,2,0,0,0,1,3,8,6,1.0,4,430.0,0.0,Real,5.8628864,7.477551
216.0,Teddiursa,60,80,50,50,50,40,330,1.0,1.0,1.0,1.0,1.0,1.0,2.0,1.0,1.0,1.0,1.0,1.0,1.0,0.0,1.0,1.0,1.0,1.0,200.0,0.6,19.4,8.8,120,5.0,5120,120,Honey Gather; Pickup; Quick Feet,Normal,None,Little Bear,,2,0,0,0,1,0,16,1,0.0,3,330.0,0.0,Real,7.1840906,4.0790505
217.0,Ursaring,90,130,75,75,75,55,500,1.0,1.0,1.0,1.0,1.0,1.0,2.0,1.0,1.0,1.0,1.0,1.0,1.0,0.0,1.0,1.0,1.0,1.0,511.0,1.8,277.3,125.8,60,5.0,5120,60,Guts; Quick Feet; Unnerve,Normal,None,Hibernator,,2,0,0,0,1,0,16,1,0.0,3,500.0,0.0,Real,6.4744477,4.9359775
218.0,Slugma,40,40,40,70,40,20,250,1.0,0.5,2.0,1.0,0.5,0.5,1.0,1.0,2.0,1.0,1.0,0.5,2.0,1.0,1.0,1.0,0.5,0.5,204.0,0.7,77.2,35.0,190,5.0,5120,190,Flame Body; Magma Armor; Weak Armor,Fire,None,Lava,,2,0,0,0,0,6,9,3,0.0,3,250.0,0.0,Real,9.506981,8.839345
219.0,Magcargo,60,50,120,90,80,30,430,0.5,0.25,4.0,1.0,1.0,0.5,2.0,0.5,4.0,0.5,1.0,0.5,2.0,1.0,1.0,1.0,1.0,0.5,207.0,0.8,121.3,55.0,75,5.0,5120,75,Flame Body; Magma Armor; Weak Armor,Fire,Rock,Lava,,2,0,0,0,0,7,7,4,0.0,3,430.0,0.0,Real,6.0865684,9.0655775
220.0,Swinub,50,50,40,30,30,50,250,1.0,2.0,2.0,0.0,2.0,1.0,2.0,0.5,1.0,1.0,1.0,1.0,1.0,1.0,1.0,1.0,2.0,1.0,104.0,0.4,14.3,6.5,225,5.0,5120,225,Oblivious; Snow Cloak; Thick Fat,Ice,Ground,Pig,,2,0,0,0,1,1,11,5,0.0,3,250.0,0.0,Real,9.284889,7.095875
221.0,Piloswine,100,100,80,60,60,50,450,1.0,2.0,2.0,0.0,2.0,1.0,2.0,0.5,1.0,1.0,1.0,1.0,1.0,1.0,1.0,1.0,2.0,1.0,307.0,1.1,123.0,55.8,75,5.0,5120,75,Oblivious; Snow Cloak; Thick Fat,Ice,Ground,Swine,,2,0,0,0,1,1,11,5,0.0,3,450.0,0.0,Real,6.8542595,7.5144114
222.0,Corsola,65,55,95,65,95,35,410,0.5,0.25,1.0,2.0,4.0,0.5,2.0,0.5,2.0,0.5,1.0,1.0,1.0,1.0,1.0,1.0,1.0,1.0,200.0,0.6,11.0,5.0,60,24.6,5120,60,Available; Hustle; Natural Cure; Regenerator,Water,Rock,Coral,Galarian Corsola,2,0,0,0,0,5,9,4,1.0,4,410.0,0.0,Real,7.1270194,9.268072
223.0,Remoraid,35,65,35,65,35,65,300,1.0,0.5,0.5,2.0,2.0,0.5,1.0,1.0,1.0,1.0,1.0,1.0,1.0,1.0,1.0,1.0,0.5,1.0,200.0,0.6,26.5,12.0,190,5.0,5120,190,Hustle; Moody; Sniper,Water,None,Jet,,2,0,0,0,0,4,12,2,0.0,3,300.0,0.0,Real,10.689543,9.737335
224.0,Octillery,75,105,75,105,75,45,480,1.0,0.5,0.5,2.0,2.0,0.5,1.0,1.0,1.0,1.0,1.0,1.0,1.0,1.0,1.0,1.0,0.5,1.0,211.0,0.9,62.8,28.5,75,5.0,5120,75,Moody; Sniper; Suction Cups,Water,None,Jet,,2,0,0,0,0,4,12,2,0.0,3,480.0,0.0,Real,6.027543,10.506858
225.0,Delibird,45,55,45,65,45,75,330,1.0,2.0,1.0,2.0,0.5,1.0,1.0,1.0,0.0,1.0,1.0,0.5,4.0,1.0,1.0,1.0,2.0,1.0,211.0,0.9,35.3,16.0,45,5.0,5120,45,Available; Hustle; Insomnia; Vital Spirit,Ice,Flying,Delivery,,2,0,0,0,1,2,11,4,0.0,4,330.0,0.0,Real,8.020766,7.1192603
226.0,Mantine,85,40,70,80,140,70,485,1.0,0.5,0.5,4.0,1.0,1.0,0.5,1.0,0.0,1.0,1.0,0.5,2.0,1.0,1.0,1.0,0.5,1.0,611.0,2.1,485.0,220.0,25,5.0,6400,25,Swift Swim; Water Absorb; Water Veil,Water,Flying,Kite,,2,0,0,0,1,5,10,2,0.0,3,485.0,0.0,Real,5.4709144,7.9270606
227.0,Skarmory,65,80,140,40,70,70,465,0.5,2.0,1.0,2.0,0.25,1.0,1.0,0.0,0.0,0.5,0.5,0.25,1.0,1.0,0.5,1.0,0.5,0.5,507.0,1.7,111.3,50.5,25,5.0,6400,25,Available; Keen Eye; Sturdy; Weak Armor,Steel,Flying,Armor Bird,,2,0,0,0,2,8,6,2,0.0,4,465.0,0.0,Real,4.346328,6.3269854
228.0,Houndour,45,60,30,80,50,65,330,1.0,0.5,2.0,1.0,0.5,0.5,2.0,1.0,2.0,1.0,0.0,1.0,2.0,0.5,1.0,0.5,0.5,1.0,200.0,0.6,23.8,10.8,120,5.0,5120,120,Early Bird; Flash Fire; Unnerve,Dark,Fire,Dark,,2,0,0,0,1,6,7,4,0.0,3,330.0,0.0,Real,8.699293,7.7691326
229.0,Houndoom,75,90,50,110,80,95,500,1.0,0.5,2.0,1.0,0.5,0.5,2.0,1.0,2.0,1.0,0.0,1.0,2.0,0.5,1.0,0.5,0.5,1.0,407.0,1.4,77.2,35.0,45,5.0,5120,45,Early Bird; Flash Fire; Unnerve,Dark,Fire,Dark,Mega Houndoom,2,0,0,0,1,6,7,4,1.0,3,500.0,0.0,Real,5.449867,7.3574214
230.0,Kingdra,75,95,95,95,95,85,540,1.0,0.25,0.25,1.0,1.0,1.0,1.0,1.0,1.0,1.0,1.0,1.0,1.0,1.0,2.0,1.0,0.5,2.0,511.0,1.8,335.1,152.0,45,5.0,5120,45,Damp; Sniper; Swift Swim,Water,Dragon,Dragon,,2,0,0,0,0,3,13,2,0.0,3,540.0,0.0,Real,4.8723454,10.3088455
231.0,Phanpy,90,60,60,40,40,40,330,1.0,1.0,2.0,0.0,2.0,2.0,1.0,0.5,1.0,1.0,1.0,1.0,0.5,1.0,1.0,1.0,1.0,1.0,108.0,0.5,73.9,33.5,120,5.0,5120,120,Pickup; Sand Veil,Ground,None,Long Nose,,2,0,0,0,1,2,12,3,0.0,2,330.0,0.0,Real,8.250623,7.029267
232.0,Donphan,90,120,120,60,60,50,500,1.0,1.0,2.0,0.0,2.0,2.0,1.0,0.5,1.0,1.0,1.0,1.0,0.5,1.0,1.0,1.0,1.0,1.0,307.0,1.1,264.6,120.0,60,5.0,5120,60,Sand Veil; Sturdy,Ground,None,Armor,,2,0,0,0,1,2,12,3,0.0,2,500.0,0.0,Real,6.7213926,7.2583156
233.0,Porygon2,85,80,90,105,95,60,515,1.0,1.0,1.0,1.0,1.0,1.0,2.0,1.0,1.0,1.0,1.0,1.0,1.0,0.0,1.0,1.0,1.0,1.0,200.0,0.6,71.6,32.5,45,5.0,5120,45,Analytic; Download; Trace,Normal,None,Virtual,,2,0,0,0,1,0,16,1,0.0,3,515.0,0.0,Real,6.5020547,5.0369368
234.0,Stantler,73,95,62,85,65,85,465,1.0,1.0,1.0,1.0,1.0,1.0,2.0,1.0,1.0,1.0,1.0,1.0,1.0,0.0,1.0,1.0,1.0,1.0,407.0,1.4,157.0,71.2,45,5.0,5120,45,Frisk; Intimidate; Sap Sipper,Normal,None,Big Horn,,2,0,0,0,1,0,16,1,0.0,3,465.0,0.0,Real,6.629659,4.720053
235.0,Smeargle,55,20,35,20,45,75,250,1.0,1.0,1.0,1.0,1.0,1.0,2.0,1.0,1.0,1.0,1.0,1.0,1.0,0.0,1.0,1.0,1.0,1.0,311.0,1.2,127.9,58.0,45,5.0,5120,45,Available; Moody; Own Tempo; Technician,Normal,None,Painter,,2,0,0,0,1,0,16,1,0.0,4,250.0,0.0,Real,7.324853,3.9444427
236.0,Tyrogue,35,35,35,35,35,35,210,1.0,1.0,1.0,1.0,1.0,1.0,1.0,1.0,1.0,2.0,2.0,0.5,0.5,1.0,1.0,0.5,1.0,2.0,204.0,0.7,46.3,21.0,75,10.0,6400,75,Guts; Steadfast; Vital Spirit,Fighting,None,Scuffle,,2,0,0,0,0,3,12,3,0.0,3,210.0,0.0,Real,9.184163,9.158919
237.0,Hitmontop,50,95,95,35,110,70,455,1.0,1.0,1.0,1.0,1.0,1.0,1.0,1.0,1.0,2.0,2.0,0.5,0.5,1.0,1.0,0.5,1.0,2.0,407.0,1.4,105.8,48.0,45,10.0,6400,45,Intimidate; Steadfast; Technician,Fighting,None,Handstand,,2,0,0,0,0,3,12,3,0.0,3,455.0,0.0,Real,5.8466134,10.266775
238.0,Smoochum,45,30,15,85,65,65,305,1.0,2.0,1.0,1.0,1.0,0.5,1.0,1.0,1.0,1.0,0.5,2.0,2.0,2.0,1.0,2.0,2.0,1.0,104.0,0.4,13.2,6.0,45,0.0,6400,45,Forewarn; Hydration; Oblivious,Ice,Psychic,Kiss,,2,0,0,0,0,2,10,6,0.0,3,305.0,0.0,Real,8.548952,8.626084
239.0,Elekid,45,63,37,65,55,95,360,1.0,1.0,1.0,0.5,1.0,1.0,1.0,1.0,2.0,0.5,1.0,1.0,1.0,1.0,1.0,1.0,0.5,1.0,200.0,0.6,51.8,23.5,45,75.4,6400,45,Available; Static; Vital Spirit,Electric,None,Electric,,2,0,0,0,0,3,14,1,0.0,3,360.0,0.0,Real,7.888612,14.121372
240.0,Magby,45,75,37,70,55,83,365,1.0,0.5,2.0,1.0,0.5,0.5,1.0,1.0,2.0,1.0,1.0,0.5,2.0,1.0,1.0,1.0,0.5,0.5,204.0,0.7,47.2,21.4,45,75.4,6400,45,Available; Flame Body; Vital Spirit,Fire,None,Live Coal,,2,0,0,0,0,6,9,3,0.0,3,365.0,0.0,Real,7.760317,14.120977
241.0,Miltank,95,80,105,40,70,100,490,1.0,1.0,1.0,1.0,1.0,1.0,2.0,1.0,1.0,1.0,1.0,1.0,1.0,0.0,1.0,1.0,1.0,1.0,311.0,1.2,166.4,75.5,45,0.0,5120,45,Available; Sap Sipper; Scrappy; Thick Fat,Normal,None,Milk Cow,,2,0,0,0,1,0,16,1,0.0,4,490.0,0.0,Real,6.632072,4.5673504
242.0,Blissey,255,10,10,75,135,55,540,1.0,1.0,1.0,1.0,1.0,1.0,2.0,1.0,1.0,1.0,1.0,1.0,1.0,0.0,1.0,1.0,1.0,1.0,411.0,1.5,103.2,46.8,30,0.0,10240,30,Available; Healer; Natural Cure; Serene Grace,Normal,None,Happiness,,2,0,0,0,1,0,16,1,0.0,4,540.0,0.0,Real,6.379958,9.070355
243.0,Raikou,90,85,75,115,100,115,580,1.0,1.0,1.0,0.5,1.0,1.0,1.0,1.0,2.0,0.5,1.0,1.0,1.0,1.0,1.0,1.0,0.5,1.0,603.0,1.9,392.4,178.0,3,5.0,20480,3,Available; Inner Focus; Pressure,Electric,None,Thunder,,2,1,0,0,0,3,14,1,0.0,3,580.0,0.0,Real,4.6150765,10.408863
244.0,Entei,115,115,85,90,75,100,580,1.0,0.5,2.0,1.0,0.5,0.5,1.0,1.0,2.0,1.0,1.0,0.5,2.0,1.0,1.0,1.0,0.5,0.5,611.0,2.1,436.5,198.0,3,5.0,20480,3,Available; Inner Focus; Pressure,Fire,None,Volcano,,2,1,0,0,0,6,9,3,0.0,3,580.0,0.0,Real,4.3717175,9.337086
245.0,Suicune,100,75,115,90,115,85,580,1.0,0.5,0.5,2.0,2.0,0.5,1.0,1.0,1.0,1.0,1.0,1.0,1.0,1.0,1.0,1.0,0.5,1.0,607.0,2.0,412.3,187.0,3,5.0,20480,3,Available; Inner Focus; Pressure,Water,None,Aurora,,2,1,0,0,0,4,12,2,0.0,3,580.0,0.0,Real,4.305495,9.842181
246.0,Larvitar,50,64,50,45,50,41,300,0.5,0.5,4.0,0.0,4.0,2.0,2.0,0.25,2.0,0.5,1.0,1.0,0.5,1.0,1.0,1.0,2.0,1.0,200.0,0.6,158.7,72.0,45,5.0,10240,45,Guts; Sand Veil,Rock,Ground,Rock Skin,,2,0,0,0,1,5,6,6,0.0,2,300.0,0.0,Real,8.433983,7.9637156
247.0,Pupitar,70,84,70,65,70,51,410,0.5,0.5,4.0,0.0,4.0,2.0,2.0,0.25,2.0,0.5,1.0,1.0,0.5,1.0,1.0,1.0,2.0,1.0,311.0,1.2,335.1,152.0,45,5.0,10240,45,Shed Skin,Rock,Ground,Hard Shell,,2,0,0,0,1,5,6,6,0.0,1,410.0,0.0,Real,5.7603755,7.8399677
248.0,Tyranitar,100,134,110,95,100,61,600,0.5,0.5,2.0,1.0,2.0,1.0,4.0,0.5,2.0,0.5,0.0,2.0,1.0,0.5,1.0,0.5,2.0,2.0,607.0,2.0,445.3,202.0,45,5.0,10240,45,Sand Stream; Unnerve,Rock,Dark,Armor,Mega Tyranitar,2,0,0,0,1,6,4,7,1.0,2,600.0,0.0,Real,4.403866,8.043311
249.0,Lugia,106,90,130,90,154,110,680,1.0,1.0,1.0,2.0,0.5,2.0,0.25,1.0,0.0,1.0,0.5,1.0,2.0,2.0,1.0,2.0,1.0,1.0,1701.0,5.2,476.2,216.0,3,5.0,30720,3,Multiscale; Pressure,Psychic,Flying,Diving,,2,1,0,0,1,3,9,5,0.0,2,680.0,0.0,Real,3.645816,9.059728
250.0,Ho-Oh,106,130,90,110,154,90,680,1.0,0.5,2.0,2.0,0.25,1.0,0.5,1.0,0.0,1.0,1.0,0.25,4.0,1.0,1.0,1.0,0.5,0.5,1206.0,3.8,438.7,199.0,3,5.0,30720,3,Pressure; Regenerator,Fire,Flying,Rainbow,,2,1,0,0,1,6,8,3,0.0,2,680.0,0.0,Real,3.610266,8.948856
251.0,Celebi,100,100,100,100,100,100,600,1.0,2.0,0.5,0.5,0.5,2.0,0.5,2.0,0.5,2.0,0.5,4.0,1.0,2.0,1.0,2.0,1.0,1.0,200.0,0.6,11.0,5.0,45,5.0,30720,45,Natural Cure,Psychic,Grass,Time Travel,,2,0,1,0,0,6,5,7,0.0,1,600.0,0.0,Real,4.517741,8.267268
252.0,Treecko,40,45,35,65,55,70,310,1.0,2.0,0.5,0.5,0.5,2.0,1.0,2.0,0.5,2.0,1.0,2.0,1.0,1.0,1.0,1.0,1.0,1.0,108.0,0.5,11.0,5.0,45,88.1,5120,45,Overgrow; Unburden,Grass,None,Wood Gecko,,3,0,0,0,0,4,9,5,0.0,2,310.0,0.0,Real,7.919514,13.667686
253.0,Grovyle,50,65,45,85,65,95,405,1.0,2.0,0.5,0.5,0.5,2.0,1.0,2.0,0.5,2.0,1.0,2.0,1.0,1.0,1.0,1.0,1.0,1.0,211.0,0.9,47.6,21.6,45,88.1,5120,45,Overgrow; Unburden,Grass,None,Wood Gecko,,3,0,0,0,0,4,9,5,0.0,2,405.0,0.0,Real,7.4689684,13.780316
254.0,Sceptile,70,85,65,105,85,120,530,1.0,2.0,0.5,0.5,0.5,2.0,1.0,2.0,0.5,2.0,1.0,2.0,1.0,1.0,1.0,1.0,1.0,1.0,507.0,1.7,115.1,52.2,45,88.1,5120,45,Overgrow; Unburden,Grass,None,Forest,Mega Sceptile,3,0,0,0,0,4,9,5,1.0,2,530.0,0.0,Real,6.3269596,13.4461355
255.0,Torchic,45,60,40,70,50,45,310,1.0,0.5,2.0,1.0,0.5,0.5,1.0,1.0,2.0,1.0,1.0,0.5,2.0,1.0,1.0,1.0,0.5,0.5,104.0,0.4,5.5,2.5,45,88.1,5120,45,Blaze; Speed Boost,Fire,None,Chick,,3,0,0,0,0,6,9,3,0.0,2,310.0,0.0,Real,8.038504,14.144754
256.0,Combusken,60,85,60,85,60,55,405,1.0,0.5,2.0,1.0,0.5,0.5,1.0,1.0,2.0,2.0,2.0,0.25,1.0,1.0,1.0,0.5,0.5,1.0,211.0,0.9,43.0,19.5,45,88.1,5120,45,Blaze; Speed Boost,Fire,Fighting,Young Fowl,,3,0,0,0,0,6,8,4,0.0,2,405.0,0.0,Real,7.415515,13.7617855
257.0,Blaziken,80,120,70,110,70,80,530,1.0,0.5,2.0,1.0,0.5,0.5,1.0,1.0,2.0,2.0,2.0,0.25,1.0,1.0,1.0,0.5,0.5,1.0,603.0,1.9,114.6,52.0,45,88.1,5120,45,Blaze; Speed Boost,Fire,Fighting,Blaze,Mega Blaziken,3,0,0,0,0,6,8,4,1.0,2,530.0,0.0,Real,6.345577,13.332511
258.0,Mudkip,50,70,50,50,50,40,310,1.0,0.5,0.5,2.0,2.0,0.5,1.0,1.0,1.0,1.0,1.0,1.0,1.0,1.0,1.0,1.0,0.5,1.0,104.0,0.4,16.8,7.6,45,88.1,5120,45,Damp; Torrent,Water,None,Mud Fish,,3,0,0,0,0,4,12,2,0.0,2,310.0,0.0,Real,8.185488,13.921408
259.0,Marshtomp,70,85,70,60,70,50,405,1.0,0.5,1.0,0.0,4.0,1.0,1.0,0.5,1.0,1.0,1.0,1.0,0.5,1.0,1.0,1.0,0.5,1.0,204.0,0.7,61.7,28.0,45,88.1,5120,45,Damp; Torrent,Water,Ground,Mud Fish,,3,0,0,0,1,4,12,1,0.0,2,405.0,0.0,Real,7.9402423,13.769286
260.0,Swampert,100,110,90,85,90,60,535,1.0,0.5,1.0,0.0,4.0,1.0,1.0,0.5,1.0,1.0,1.0,1.0,0.5,1.0,1.0,1.0,0.5,1.0,411.0,1.5,180.6,81.9,45,88.1,5120,45,Damp; Torrent,Water,Ground,Mud Fish,Mega Swampert,3,0,0,0,1,4,12,1,1.0,2,535.0,0.0,Real,6.9451213,13.395666
261.0,Poochyena,35,55,35,30,30,35,220,1.0,1.0,1.0,1.0,1.0,1.0,2.0,1.0,1.0,1.0,0.0,2.0,1.0,0.5,1.0,0.5,1.0,2.0,108.0,0.5,30.0,13.6,255,5.0,3840,255,Quick Feet; Rattled; Run Away,Dark,None,Bite,,3,0,0,0,1,2,12,3,0.0,3,220.0,0.0,Real,9.27408,6.9044476
262.0,Mightyena,70,90,70,60,60,70,420,1.0,1.0,1.0,1.0,1.0,1.0,2.0,1.0,1.0,1.0,0.0,2.0,1.0,0.5,1.0,0.5,1.0,2.0,303.0,1.0,81.6,37.0,127,5.0,3840,127,Intimidate; Moxie; Quick Feet,Dark,None,Bite,,3,0,0,0,1,2,12,3,0.0,3,420.0,0.0,Real,7.534597,7.068169
263.0,Zigzagoon,38,30,41,30,41,60,240,1.0,1.0,1.0,1.0,1.0,1.0,2.0,1.0,1.0,1.0,1.0,1.0,1.0,0.0,1.0,1.0,1.0,1.0,104.0,0.4,38.6,17.5,255,5.0,3840,255,Gluttony; Pickup; Quick Feet,Normal,None,Tiny Racoon,Galarian Zigzagoon,3,0,0,0,1,0,16,1,1.0,3,240.0,0.0,Real,7.5697756,3.6503046
264.0,Linoone,78,70,61,50,61,100,420,1.0,1.0,1.0,1.0,1.0,1.0,2.0,1.0,1.0,1.0,1.0,1.0,1.0,0.0,1.0,1.0,1.0,1.0,108.0,0.5,71.6,32.5,90,5.0,3840,90,Gluttony; Pickup; Quick Feet,Normal,None,Rushing,Galarian Linoone,3,0,0,0,1,0,16,1,1.0,3,420.0,0.0,Real,6.841898,4.3352823
265.0,Wurmple,45,45,35,20,30,20,195,1.0,2.0,1.0,1.0,0.5,1.0,0.5,1.0,0.5,2.0,1.0,1.0,2.0,1.0,1.0,1.0,1.0,1.0,100.0,0.3,7.9,3.6,255,5.0,3840,255,Run Away; Shield Dust,Bug,None,Worm,,3,0,0,0,0,3,12,3,0.0,2,195.0,0.0,Real,10.191612,8.931242
266.0,Silcoon,50,35,55,25,25,15,205,1.0,2.0,1.0,1.0,0.5,1.0,0.5,1.0,0.5,2.0,1.0,1.0,2.0,1.0,1.0,1.0,1.0,1.0,200.0,0.6,22.0,10.0,120,5.0,3840,120,Shed Skin,Bug,None,Cocoon,,3,0,0,0,0,3,12,3,0.0,1,205.0,0.0,Real,9.392943,9.174567
267.0,Beautifly,60,70,50,100,50,65,395,1.0,2.0,1.0,2.0,0.25,2.0,0.25,1.0,0.0,2.0,1.0,0.5,4.0,1.0,1.0,1.0,1.0,1.0,303.0,1.0,62.6,28.4,45,5.0,3840,45,Rivalry; Swarm,Bug,Flying,Butterfly,,3,0,0,0,1,3,9,5,0.0,2,395.0,0.0,Real,6.528733,7.7118177
268.0,Cascoon,50,35,55,25,25,15,205,1.0,2.0,1.0,1.0,0.5,1.0,0.5,1.0,0.5,2.0,1.0,1.0,2.0,1.0,1.0,1.0,1.0,1.0,204.0,0.7,25.4,11.5,120,5.0,3840,120,Shed Skin,Bug,None,Cocoon,,3,0,0,0,0,3,12,3,0.0,1,205.0,0.0,Real,9.376143,9.214436
269.0,Dustox,60,50,70,50,90,65,385,1.0,2.0,1.0,1.0,0.25,1.0,0.25,0.5,1.0,2.0,2.0,0.5,2.0,1.0,1.0,1.0,1.0,0.5,311.0,1.2,69.7,31.6,45,5.0,3840,45,Compound Eyes; Shield Dust,Bug,Poison,Poison Moth,,3,0,0,0,0,5,9,4,0.0,2,385.0,0.0,Real,7.3302155,9.107303
270.0,Lotad,40,30,30,40,50,30,220,1.0,1.0,0.25,1.0,1.0,1.0,1.0,2.0,0.5,2.0,1.0,2.0,1.0,1.0,1.0,1.0,0.5,1.0,108.0,0.5,5.7,2.6,255,5.0,3840,255,Own Tempo; Rain Dish; Swift Swim,Water,Grass,Water Weed,,3,0,0,0,0,3,12,3,0.0,3,220.0,0.0,Real,10.109575,9.139916
271.0,Lombre,60,50,50,60,70,50,340,1.0,1.0,0.25,1.0,1.0,1.0,1.0,2.0,0.5,2.0,1.0,2.0,1.0,1.0,1.0,1.0,0.5,1.0,311.0,1.2,71.6,32.5,120,5.0,3840,120,Own Tempo; Rain Dish; Swift Swim,Water,Grass,Jolly,,3,0,0,0,0,3,12,3,0.0,3,340.0,0.0,Real,8.470887,9.717631
272.0,Ludicolo,80,70,70,90,100,70,480,1.0,1.0,0.25,1.0,1.0,1.0,1.0,2.0,0.5,2.0,1.0,2.0,1.0,1.0,1.0,1.0,0.5,1.0,411.0,1.5,121.3,55.0,45,5.0,3840,45,Own Tempo; Rain Dish; Swift Swim,Water,Grass,Carefree,,3,0,0,0,0,3,12,3,0.0,3,480.0,0.0,Real,6.138638,10.211393
273.0,Seedot,40,40,50,30,30,30,220,1.0,2.0,0.5,0.5,0.5,2.0,1.0,2.0,0.5,2.0,1.0,2.0,1.0,1.0,1.0,1.0,1.0,1.0,108.0,0.5,8.8,4.0,255,5.0,3840,255,Chlorophyll; Early Bird; Pickpocket,Grass,None,Acorn,,3,0,0,0,0,4,9,5,0.0,3,220.0,0.0,Real,9.8756695,8.499483
274.0,Nuzleaf,70,70,40,60,40,60,340,1.0,2.0,0.5,0.5,0.5,2.0,2.0,2.0,0.5,2.0,0.0,4.0,1.0,0.5,1.0,0.5,1.0,2.0,303.0,1.0,61.7,28.0,120,5.0,3840,120,Chlorophyll; Early Bird; Pickpocket,Grass,Dark,Wily,,3,0,0,0,1,6,4,7,0.0,3,340.0,0.0,Real,8.496235,7.906009
275.0,Shiftry,90,100,60,90,60,80,480,1.0,2.0,0.5,0.5,0.5,2.0,2.0,2.0,0.5,2.0,0.0,4.0,1.0,0.5,1.0,0.5,1.0,2.0,403.0,1.3,131.4,59.6,45,5.0,3840,45,Chlorophyll; Early Bird; Pickpocket,Grass,Dark,Wickid,,3,0,0,0,1,6,4,7,0.0,3,480.0,0.0,Real,5.2166505,7.894991
276.0,Taillow,40,55,30,30,30,85,270,1.0,1.0,1.0,2.0,0.5,2.0,1.0,1.0,0.0,1.0,1.0,0.5,2.0,0.0,1.0,1.0,1.0,1.0,100.0,0.3,5.1,2.3,200,5.0,3840,200,Guts; Scrappy,Normal,Flying,TinySwallow,,3,0,0,0,2,2,11,3,0.0,2,270.0,0.0,Real,8.976028,6.450594
277.0,Swellow,60,85,60,75,50,125,455,1.0,1.0,1.0,2.0,0.5,2.0,1.0,1.0,0.0,1.0,1.0,0.5,2.0,0.0,1.0,1.0,1.0,1.0,204.0,0.7,43.7,19.8,45,5.0,3840,45,Guts; Scrappy,Normal,Flying,Swallow,,3,0,0,0,2,2,11,3,0.0,2,455.0,0.0,Real,7.1769876,6.5132785
278.0,Wingull,40,30,30,55,30,85,270,1.0,0.5,0.5,4.0,1.0,1.0,0.5,1.0,0.0,1.0,1.0,0.5,2.0,1.0,1.0,1.0,0.5,1.0,200.0,0.6,20.9,9.5,190,5.0,5120,190,Available; Hydration; Keen Eye; Rain Dish,Water,Flying,Seagull,,3,0,0,0,1,5,10,2,0.0,4,270.0,0.0,Real,9.250703,7.139553
279.0,Pelipper,60,50,100,95,70,65,440,1.0,0.5,0.5,4.0,1.0,1.0,0.5,1.0,0.0,1.0,1.0,0.5,2.0,1.0,1.0,1.0,0.5,1.0,311.0,1.2,61.7,28.0,45,5.0,5120,45,Available; Drizzle; Keen Eye; Rain Dish,Water,Flying,Water Bird,,3,0,0,0,1,5,10,2,0.0,4,440.0,0.0,Real,6.350465,7.4445777
280.0,Ralts,28,25,25,45,35,40,198,1.0,1.0,1.0,1.0,1.0,1.0,0.25,2.0,1.0,1.0,0.5,1.0,1.0,2.0,0.0,1.0,2.0,1.0,104.0,0.4,14.6,6.6,235,5.0,5120,235,Synchronize; Telepathy; Trace,Psychic,Fairy,Feeling,,3,0,0,0,1,2,12,3,0.0,3,198.0,0.0,Real,9.391513,6.9646196
281.0,Kirlia,38,35,35,65,55,50,278,1.0,1.0,1.0,1.0,1.0,1.0,0.25,2.0,1.0,1.0,0.5,1.0,1.0,2.0,0.0,1.0,2.0,1.0,207.0,0.8,44.5,20.2,120,5.0,5120,120,Synchronize; Telepathy; Trace,Psychic,Fairy,Emotion,,3,0,0,0,1,2,12,3,0.0,3,278.0,0.0,Real,8.711578,7.083923
282.0,Gardevoir,68,65,65,125,115,80,518,1.0,1.0,1.0,1.0,1.0,1.0,0.25,2.0,1.0,1.0,0.5,1.0,1.0,2.0,0.0,1.0,2.0,1.0,503.0,1.6,106.7,48.4,45,5.0,5120,45,Synchronize; Telepathy; Trace,Psychic,Fairy,Embrace,Mega Gardevoir,3,0,0,0,1,2,12,3,1.0,3,518.0,0.0,Real,6.266674,6.8022118
283.0,Surskit,40,30,32,50,52,65,269,1.0,1.0,0.5,2.0,1.0,0.5,0.5,1.0,0.5,2.0,1.0,1.0,2.0,1.0,1.0,1.0,0.5,1.0,108.0,0.5,3.7,1.7,200,5.0,3840,200,Available; Rain Dish; Swift Swim,Bug,Water,Pond Skater,,3,0,0,0,0,5,10,3,0.0,3,269.0,0.0,Real,10.233922,9.308706
284.0,Masquerain,70,60,62,100,82,80,454,1.0,2.0,1.0,2.0,0.25,2.0,0.25,1.0,0.0,2.0,1.0,0.5,4.0,1.0,1.0,1.0,1.0,1.0,207.0,0.8,7.9,3.6,75,5.0,3840,75,Available; Intimidate; Unnerve,Bug,Flying,Eyeball,,3,0,0,0,1,3,9,5,0.0,3,454.0,0.0,Real,6.261802,7.727755
285.0,Shroomish,60,40,60,40,60,35,295,1.0,2.0,0.5,0.5,0.5,2.0,1.0,2.0,0.5,2.0,1.0,2.0,1.0,1.0,1.0,1.0,1.0,1.0,104.0,0.4,9.9,4.5,255,5.0,3840,255,Effect Spore; Poison Heal; Quick Feet,Grass,None,Mushroom,,3,0,0,0,0,4,9,5,0.0,3,295.0,0.0,Real,9.655491,8.570147
286.0,Breloom,60,130,80,60,60,70,460,1.0,2.0,0.5,0.5,0.5,2.0,1.0,2.0,0.5,4.0,2.0,1.0,0.5,1.0,1.0,0.5,1.0,2.0,311.0,1.2,86.4,39.2,90,5.0,3840,90,Effect Spore; Poison Heal; Technician,Grass,Fighting,Mushroom,,3,0,0,0,0,6,6,6,0.0,3,460.0,0.0,Real,5.3403344,8.40948
287.0,Slakoth,60,60,60,35,35,30,280,1.0,1.0,1.0,1.0,1.0,1.0,2.0,1.0,1.0,1.0,1.0,1.0,1.0,0.0,1.0,1.0,1.0,1.0,207.0,0.8,52.9,24.0,255,5.0,3840,255,Truant,Normal,None,Slacker,,3,0,0,0,1,0,16,1,0.0,1,280.0,0.0,Real,7.6336374,3.5868688
288.0,Vigoroth,80,80,80,55,55,90,440,1.0,1.0,1.0,1.0,1.0,1.0,2.0,1.0,1.0,1.0,1.0,1.0,1.0,0.0,1.0,1.0,1.0,1.0,407.0,1.4,102.5,46.5,120,5.0,3840,120,Vital Spirit,Normal,None,Wild Monkey,,3,0,0,0,1,0,16,1,0.0,1,440.0,0.0,Real,6.777171,4.406244
289.0,Slaking,150,160,100,95,65,100,670,1.0,1.0,1.0,1.0,1.0,1.0,2.0,1.0,1.0,1.0,1.0,1.0,1.0,0.0,1.0,1.0,1.0,1.0,607.0,2.0,287.7,130.5,45,5.0,3840,45,Truant,Normal,None,Lazy,,3,0,0,0,1,0,16,1,0.0,1,670.0,0.0,Real,6.119611,5.467162
290.0,Nincada,31,45,90,30,30,40,266,1.0,2.0,2.0,0.0,1.0,2.0,0.5,0.5,0.5,2.0,1.0,1.0,1.0,1.0,1.0,1.0,1.0,1.0,108.0,0.5,12.1,5.5,255,5.0,3840,255,Compound Eyes; Run Away,Bug,Ground,Trainee,,3,0,0,0,1,3,10,4,0.0,2,266.0,0.0,Real,9.219569,7.070987
291.0,Ninjask,61,90,45,50,50,160,456,1.0,2.0,1.0,2.0,0.25,2.0,0.25,1.0,0.0,2.0,1.0,0.5,4.0,1.0,1.0,1.0,1.0,1.0,207.0,0.8,26.5,12.0,120,5.0,3840,120,Infiltrator; Speed Boost,Bug,Flying,Ninja,,3,0,0,0,1,3,9,5,0.0,2,456.0,0.0,Real,5.950478,7.3096204
292.0,Shedinja,1,90,45,30,30,40,236,0.0,2.0,1.0,1.0,0.5,1.0,0.0,0.5,0.5,2.0,1.0,0.5,2.0,2.0,1.0,2.0,1.0,1.0,207.0,0.8,2.6,1.2,45,5.0,3840,45,Wonder Guard,Bug,Ghost,Shed,,3,0,0,0,2,4,7,5,0.0,1,236.0,0.0,Real,8.476744,7.5509686
293.0,Whismur,64,51,23,51,23,28,240,1.0,1.0,1.0,1.0,1.0,1.0,2.0,1.0,1.0,1.0,1.0,1.0,1.0,0.0,1.0,1.0,1.0,1.0,200.0,0.6,35.9,16.3,190,5.0,5120,190,Rattled; Soundproof,Normal,None,Whisper,,3,0,0,0,1,0,16,1,0.0,2,240.0,0.0,Real,7.587887,3.6523693
294.0,Loudred,84,71,43,71,43,48,360,1.0,1.0,1.0,1.0,1.0,1.0,2.0,1.0,1.0,1.0,1.0,1.0,1.0,0.0,1.0,1.0,1.0,1.0,303.0,1.0,89.3,40.5,120,5.0,5120,120,Scrappy; Soundproof,Normal,None,Big Voice,,3,0,0,0,1,0,16,1,0.0,2,360.0,0.0,Real,7.089428,4.16699
295.0,Exploud,104,91,63,91,73,68,490,1.0,1.0,1.0,1.0,1.0,1.0,2.0,1.0,1.0,1.0,1.0,1.0,1.0,0.0,1.0,1.0,1.0,1.0,411.0,1.5,185.2,84.0,45,5.0,5120,45,Scrappy; Soundproof,Normal,None,Loud Noise,,3,0,0,0,1,0,16,1,0.0,2,490.0,0.0,Real,6.4868307,4.996448
296.0,Makuhita,72,60,30,20,30,25,237,1.0,1.0,1.0,1.0,1.0,1.0,1.0,1.0,1.0,2.0,2.0,0.5,0.5,1.0,1.0,0.5,1.0,2.0,303.0,1.0,190.5,86.4,180,75.4,5120,180,Available; Guts; Sheer Force; Thick Fat,Fighting,None,Guts,,3,0,0,0,0,3,12,3,0.0,4,237.0,0.0,Real,9.099299,12.888405
297.0,Hariyama,144,120,60,40,60,50,474,1.0,1.0,1.0,1.0,1.0,1.0,1.0,1.0,1.0,2.0,2.0,0.5,0.5,1.0,1.0,0.5,1.0,2.0,707.0,2.3,559.5,253.8,200,75.4,5120,200,Available; Guts; Sheer Force; Thick Fat,Fighting,None,Arm Thrust,,3,0,0,0,0,3,12,3,0.0,4,474.0,0.0,Real,7.3347297,13.079139
298.0,Azurill,50,20,40,20,40,20,190,1.0,1.0,1.0,1.0,1.0,1.0,1.0,2.0,1.0,1.0,1.0,0.5,1.0,0.0,0.0,0.5,2.0,1.0,8.0,0.2,4.4,2.0,150,24.6,2560,150,Huge Power; Sap Sipper; Thick Fat,Normal,Fairy,Polka Dot,,3,0,0,0,2,2,12,2,0.0,3,190.0,0.0,Real,8.883087,6.5481005
299.0,Nosepass,30,45,135,45,90,30,375,0.5,0.5,2.0,1.0,2.0,1.0,2.0,0.5,2.0,0.5,1.0,1.0,1.0,1.0,1.0,1.0,2.0,1.0,303.0,1.0,213.8,97.0,255,5.0,5120,255,Available; Magnet Pull; Sand Force; Sturdy,Rock,None,Compass,,3,0,0,0,0,4,9,5,0.0,4,375.0,0.0,Real,8.328992,9.050302
300.0,Skitty,50,45,45,35,35,50,260,1.0,1.0,1.0,1.0,1.0,1.0,2.0,1.0,1.0,1.0,1.0,1.0,1.0,0.0,1.0,1.0,1.0,1.0,200.0,0.6,24.3,11.0,255,24.6,3840,255,Cute Charm; Normalize; Wonder Skin,Normal,None,Kitten,,3,0,0,0,1,0,16,1,0.0,3,260.0,0.0,Real,7.558144,3.6325164
301.0,Delcatty,70,65,65,55,55,90,400,1.0,1.0,1.0,1.0,1.0,1.0,2.0,1.0,1.0,1.0,1.0,1.0,1.0,0.0,1.0,1.0,1.0,1.0,307.0,1.1,71.9,32.6,60,24.6,3840,60,Cute Charm; Normalize; Wonder Skin,Normal,None,Prim,,3,0,0,0,1,0,16,1,0.0,3,400.0,0.0,Real,6.8711185,4.344934
302.0,Sableye,50,75,75,65,65,50,380,0.0,1.0,1.0,1.0,1.0,1.0,0.0,0.5,1.0,1.0,0.0,1.0,1.0,1.0,1.0,1.0,1.0,2.0,108.0,0.5,24.3,11.0,45,5.0,6400,45,Available; Keen Eye; Prankster; Stall,Dark,Ghost,Darkness,Mega Sableye,3,0,0,0,3,1,13,1,1.0,4,380.0,0.0,Real,7.2170644,6.4274664
303.0,Mawile,50,85,85,55,55,50,380,0.5,2.0,1.0,1.0,0.5,0.5,1.0,0.0,2.0,0.5,0.5,0.25,0.5,1.0,0.0,0.5,1.0,0.5,200.0,0.6,25.4,11.5,45,5.0,5120,45,Hyper Cutter; Intimidate; Sheer Force,Steel,Fairy,Deceiver,Mega Mawile,3,0,0,0,2,9,5,2,1.0,3,380.0,0.0,Real,4.430615,5.9896836
304.0,Aron,50,70,100,40,40,30,330,0.25,1.0,2.0,1.0,1.0,0.5,4.0,0.0,4.0,0.25,0.5,0.5,0.5,1.0,0.5,1.0,1.0,0.5,104.0,0.4,132.3,60.0,180,5.0,8960,180,Heavy Metal; Rock Head; Sturdy,Steel,Rock,Iron Armor,,3,0,0,0,1,8,6,3,0.0,3,330.0,0.0,Real,4.5626073,5.81746
305.0,Lairon,60,90,140,50,50,40,430,0.25,1.0,2.0,1.0,1.0,0.5,4.0,0.0,4.0,0.25,0.5,0.5,0.5,1.0,0.5,1.0,1.0,0.5,211.0,0.9,264.6,120.0,90,5.0,8960,90,Heavy Metal; Rock Head; Sturdy,Steel,Rock,Iron Armor,,3,0,0,0,1,8,6,3,0.0,3,430.0,0.0,Real,4.2459917,6.245445
306.0,Aggron,70,110,180,60,60,50,530,0.25,1.0,2.0,1.0,1.0,0.5,4.0,0.0,4.0,0.25,0.5,0.5,0.5,1.0,0.5,1.0,1.0,0.5,611.0,2.1,793.7,360.0,45,5.0,8960,45,Heavy Metal; Rock Head; Sturdy,Steel,Rock,Iron Armor,Mega Aggron,3,0,0,0,1,8,6,3,1.0,3,530.0,0.0,Real,3.9051502,6.7437963
307.0,Meditite,30,40,55,40,55,60,280,1.0,1.0,1.0,1.0,1.0,1.0,0.5,1.0,1.0,2.0,1.0,1.0,0.5,2.0,1.0,1.0,1.0,2.0,200.0,0.6,24.7,11.2,180,5.0,5120,180,Pure Power; Telepathy,Fighting,Psychic,Meditate,,3,0,0,0,0,2,13,3,0.0,2,280.0,0.0,Real,9.781759,9.541228
308.0,Medicham,60,60,75,60,75,80,410,1.0,1.0,1.0,1.0,1.0,1.0,0.5,1.0,1.0,2.0,1.0,1.0,0.5,2.0,1.0,1.0,1.0,2.0,403.0,1.3,69.4,31.5,90,5.0,5120,90,Pure Power; Telepathy,Fighting,Psychic,Meditate,Mega Medicham,3,0,0,0,0,2,13,3,1.0,2,410.0,0.0,Real,7.768813,10.072603
309.0,Electrike,40,45,40,65,40,65,295,1.0,1.0,1.0,0.5,1.0,1.0,1.0,1.0,2.0,0.5,1.0,1.0,1.0,1.0,1.0,1.0,0.5,1.0,200.0,0.6,33.5,15.2,120,5.0,5120,120,Lightning Rod; Minus; Static,Electric,None,Lightning,,3,0,0,0,0,3,14,1,0.0,3,295.0,0.0,Real,10.790178,9.623219
310.0,Manectric,70,75,60,105,60,105,475,1.0,1.0,1.0,0.5,1.0,1.0,1.0,1.0,2.0,0.5,1.0,1.0,1.0,1.0,1.0,1.0,0.5,1.0,411.0,1.5,88.6,40.2,45,5.0,5120,45,Lightning Rod; Minus; Static,Electric,None,Discharge,Mega Manectric,3,0,0,0,0,3,14,1,1.0,3,475.0,0.0,Real,5.617852,11.040934
311.0,Plusle,60,50,40,85,75,95,405,1.0,1.0,1.0,0.5,1.0,1.0,1.0,1.0,2.0,0.5,1.0,1.0,1.0,1.0,1.0,1.0,0.5,1.0,104.0,0.4,9.3,4.2,200,5.0,5120,200,Lightning Rod; Plus,Electric,None,Cheering,,3,0,0,0,0,3,14,1,0.0,2,405.0,0.0,Real,10.695767,10.001955
312.0,Minun,60,40,50,75,85,95,405,1.0,1.0,1.0,0.5,1.0,1.0,1.0,1.0,2.0,0.5,1.0,1.0,1.0,1.0,1.0,1.0,0.5,1.0,104.0,0.4,9.3,4.2,200,5.0,5120,200,Minus; Volt Absorb,Electric,None,Cheering,,3,0,0,0,0,3,14,1,0.0,2,405.0,0.0,Real,10.589266,9.981348
313.0,Volbeat,65,73,75,47,85,85,430,1.0,2.0,1.0,1.0,0.5,1.0,0.5,1.0,0.5,2.0,1.0,1.0,2.0,1.0,1.0,1.0,1.0,1.0,204.0,0.7,39.0,17.7,150,10.0,3840,150,Illuminate; Prankster; Swarm,Bug,None,Firefly,,3,0,0,0,0,3,12,3,0.0,3,430.0,0.0,Real,8.020326,10.059686
314.0,Illumise,65,47,75,73,85,85,430,1.0,2.0,1.0,1.0,0.5,1.0,0.5,1.0,0.5,2.0,1.0,1.0,2.0,1.0,1.0,1.0,1.0,1.0,200.0,0.6,39.0,17.7,150,0.0,3840,150,Oblivious; Prankster; Tinted Lens,Bug,None,Firefly,,3,0,0,0,0,3,12,3,0.0,3,430.0,0.0,Real,7.844768,10.146028
315.0,Roselia,50,60,45,100,80,65,400,1.0,2.0,0.5,0.5,0.25,2.0,0.5,1.0,1.0,2.0,2.0,1.0,1.0,1.0,1.0,1.0,1.0,0.5,100.0,0.3,4.4,2.0,150,5.0,5120,150,Leaf Guard; Natural Cure; Poison Point,Grass,Poison,Thorn,,3,0,0,0,0,5,9,4,0.0,3,400.0,0.0,Real,7.681601,9.354613
316.0,Gulpin,70,43,53,43,53,40,302,1.0,1.0,1.0,1.0,0.5,1.0,0.5,0.5,2.0,1.0,2.0,0.5,1.0,1.0,1.0,1.0,1.0,0.5,104.0,0.4,22.7,10.3,225,5.0,5120,225,Gluttony; Liquid Ooze; Sticky Hold,Poison,None,Stomach,,3,0,0,0,0,5,11,2,0.0,3,302.0,0.0,Real,10.2463665,9.925747
317.0,Swalot,100,73,83,73,83,55,467,1.0,1.0,1.0,1.0,0.5,1.0,0.5,0.5,2.0,1.0,2.0,0.5,1.0,1.0,1.0,1.0,1.0,0.5,507.0,1.7,176.4,80.0,75,5.0,5120,75,Gluttony; Liquid Ooze; Sticky Hold,Poison,None,Poison Bag,,3,0,0,0,0,5,11,2,0.0,3,467.0,0.0,Real,6.3445344,10.196957
318.0,Carvanha,45,90,20,65,20,65,305,1.0,0.5,0.5,2.0,2.0,0.5,2.0,1.0,1.0,1.0,0.0,2.0,1.0,0.5,1.0,0.5,0.5,2.0,207.0,0.8,45.9,20.8,225,5.0,5120,225,Available; Rough Skin; Speed Boost,Water,Dark,Savage,,3,0,0,0,1,6,6,5,0.0,3,305.0,0.0,Real,8.873002,7.6765366
319.0,Sharpedo,70,120,40,95,40,95,460,1.0,0.5,0.5,2.0,2.0,0.5,2.0,1.0,1.0,1.0,0.0,2.0,1.0,0.5,1.0,0.5,0.5,2.0,511.0,1.8,195.8,88.8,60,5.0,5120,60,Available; Rough Skin; Speed Boost,Water,Dark,Brutal,Mega Sharpedo,3,0,0,0,1,6,6,5,1.0,3,460.0,0.0,Real,5.497939,7.5734777
320.0,Wailmer,130,70,35,70,35,60,400,1.0,0.5,0.5,2.0,2.0,0.5,1.0,1.0,1.0,1.0,1.0,1.0,1.0,1.0,1.0,1.0,0.5,1.0,607.0,2.0,286.6,130.0,125,5.0,10240,125,Available; Oblivious; Pressure; Water Veil,Water,None,Ball Whale,,3,0,0,0,0,4,12,2,0.0,4,400.0,0.0,Real,6.6526427,9.839487
321.0,Wailord,170,90,45,90,45,60,500,1.0,0.5,0.5,2.0,2.0,0.5,1.0,1.0,1.0,1.0,1.0,1.0,1.0,1.0,1.0,1.0,0.5,1.0,4707.0,14.5,877.4,398.0,60,5.0,10240,60,Available; Oblivious; Pressure; Water Veil,Water,None,Float Whale,,3,0,0,0,0,4,12,2,0.0,4,500.0,0.0,Real,3.153046,9.61305
322.0,Numel,60,60,40,65,45,35,305,1.0,0.5,4.0,0.0,1.0,1.0,1.0,0.5,2.0,1.0,1.0,0.5,1.0,1.0,1.0,1.0,0.5,0.5,204.0,0.7,52.9,24.0,255,5.0,5120,255,Oblivious; Own Tempo; Simple,Fire,Ground,Numb,,3,0,0,0,1,5,10,2,0.0,3,305.0,0.0,Real,9.100507,7.1959085
323.0,Camerupt,70,100,70,105,75,40,460,1.0,0.5,4.0,0.0,1.0,1.0,1.0,0.5,2.0,1.0,1.0,0.5,1.0,1.0,1.0,1.0,0.5,0.5,603.0,1.9,485.0,220.0,150,5.0,5120,150,Anger Point; Magma Armor; Solid Rock,Fire,Ground,Eruption,Mega Camerupt,3,0,0,0,1,5,10,2,1.0,3,460.0,0.0,Real,7.0377417,7.709387
324.0,Torkoal,70,85,140,85,70,20,470,1.0,0.5,2.0,1.0,0.5,0.5,1.0,1.0,2.0,1.0,1.0,0.5,2.0,1.0,1.0,1.0,0.5,0.5,108.0,0.5,177.2,80.4,90,5.0,5120,90,Available; Drought; Shell Armor; White Smoke,Fire,None,Coal,,3,0,0,0,0,6,9,3,0.0,4,470.0,0.0,Real,5.7636266,9.553332
325.0,Spoink,60,25,35,70,80,60,330,1.0,1.0,1.0,1.0,1.0,1.0,0.5,1.0,1.0,1.0,0.5,2.0,1.0,2.0,1.0,2.0,1.0,1.0,204.0,0.7,67.5,30.6,255,5.0,5120,255,Gluttony; Own Tempo; Thick Fat,Psychic,None,Bounce,,3,0,0,0,0,2,13,3,0.0,3,330.0,0.0,Real,9.862122,9.820298
326.0,Grumpig,80,45,65,90,110,80,470,1.0,1.0,1.0,1.0,1.0,1.0,0.5,1.0,1.0,1.0,0.5,2.0,1.0,2.0,1.0,2.0,1.0,1.0,211.0,0.9,157.6,71.5,60,5.0,5120,60,Gluttony; Own Tempo; Thick Fat,Psychic,None,Manipulate,,3,0,0,0,0,2,13,3,0.0,3,470.0,0.0,Real,6.389103,10.364643
327.0,Spinda,60,60,60,60,60,60,360,1.0,1.0,1.0,1.0,1.0,1.0,2.0,1.0,1.0,1.0,1.0,1.0,1.0,0.0,1.0,1.0,1.0,1.0,307.0,1.1,11.0,5.0,255,5.0,3840,255,Available; Contrary; Own Tempo; Tangled Feet,Normal,None,Spot Panda,,3,0,0,0,1,0,16,1,0.0,4,360.0,0.0,Real,7.291131,3.9525688
328.0,Trapinch,45,100,45,45,45,10,290,1.0,1.0,2.0,0.0,2.0,2.0,1.0,0.5,1.0,1.0,1.0,1.0,0.5,1.0,1.0,1.0,1.0,1.0,204.0,0.7,33.1,15.0,255,5.0,5120,255,Arena Trap; Available; Hyper Cutter; Sheer Force,Ground,None,Ant Pit,,3,0,0,0,1,2,12,3,0.0,4,290.0,0.0,Real,8.765765,7.010392
329.0,Vibrava,50,70,50,50,50,70,340,1.0,0.5,1.0,0.0,1.0,4.0,1.0,0.5,1.0,1.0,1.0,1.0,0.5,1.0,2.0,1.0,1.0,2.0,307.0,1.1,33.7,15.3,120,5.0,5120,120,Levitate,Ground,Dragon,Vibration,,3,0,0,0,1,3,11,3,0.0,1,340.0,0.0,Real,8.047307,7.010971
330.0,Flygon,80,100,80,80,80,100,520,1.0,0.5,1.0,0.0,1.0,4.0,1.0,0.5,1.0,1.0,1.0,1.0,0.5,1.0,2.0,1.0,1.0,2.0,607.0,2.0,180.8,82.0,45,5.0,5120,45,Levitate,Ground,Dragon,Mystic,,3,0,0,0,1,3,11,3,0.0,1,520.0,0.0,Real,6.0518456,6.93922
331.0,Cacnea,50,85,40,85,40,35,335,1.0,2.0,0.5,0.5,0.5,2.0,1.0,2.0,0.5,2.0,1.0,2.0,1.0,1.0,1.0,1.0,1.0,1.0,104.0,0.4,113.1,51.3,190,5.0,5120,190,Sand Veil; Water Absorb,Grass,None,Cactus,,3,0,0,0,0,4,9,5,0.0,2,335.0,0.0,Real,9.328454,8.5501375
332.0,Cacturne,70,115,60,115,60,55,475,1.0,2.0,0.5,0.5,0.5,2.0,2.0,2.0,0.5,2.0,0.0,4.0,1.0,0.5,1.0,0.5,1.0,2.0,403.0,1.3,170.6,77.4,60,5.0,5120,60,Sand Veil; Water Absorb,Grass,Dark,Scarecrow,,3,0,0,0,1,6,4,7,0.0,2,475.0,0.0,Real,5.196961,7.9562345
333.0,Swablu,45,40,60,40,75,50,310,1.0,1.0,1.0,2.0,0.5,2.0,1.0,1.0,0.0,1.0,1.0,0.5,2.0,0.0,1.0,1.0,1.0,1.0,104.0,0.4,2.6,1.2,255,5.0,5120,255,Cloud Nine; Natural Cure,Normal,Flying,Cotton Bird,,3,0,0,0,2,2,11,3,0.0,2,310.0,0.0,Real,8.912277,6.558042
334.0,Altaria,75,70,90,70,105,80,490,1.0,0.5,0.5,1.0,0.25,4.0,0.5,1.0,0.0,1.0,1.0,0.5,2.0,1.0,2.0,1.0,1.0,2.0,307.0,1.1,45.4,20.6,45,5.0,5120,45,Cloud Nine; Natural Cure,Dragon,Flying,Humming,Mega Altaria,3,0,0,0,1,5,8,4,1.0,2,490.0,0.0,Real,5.5798507,7.661448
335.0,Zangoose,73,115,60,60,60,90,458,1.0,1.0,1.0,1.0,1.0,1.0,2.0,1.0,1.0,1.0,1.0,1.0,1.0,0.0,1.0,1.0,1.0,1.0,403.0,1.3,88.8,40.3,90,5.0,5120,90,Immunity; Toxic Boost,Normal,None,Cat Ferret,,3,0,0,0,1,0,16,1,0.0,2,458.0,0.0,Real,6.6728077,4.544044
336.0,Seviper,73,100,60,100,60,65,458,1.0,1.0,1.0,1.0,0.5,1.0,0.5,0.5,2.0,1.0,2.0,0.5,1.0,1.0,1.0,1.0,1.0,0.5,810.0,2.7,115.7,52.5,90,5.0,5120,90,Infiltrator; Shed Skin,Poison,None,Fang Snake,,3,0,0,0,0,5,11,2,0.0,2,458.0,0.0,Real,5.9253087,10.534746
337.0,Lunatone,90,55,65,95,85,70,460,0.5,0.5,2.0,1.0,2.0,1.0,1.0,0.5,2.0,0.5,0.5,2.0,1.0,2.0,1.0,2.0,2.0,1.0,303.0,1.0,370.4,168.0,45,5.0,6400,45,Levitate,Rock,Psychic,Meteorite,,3,0,0,0,0,5,6,7,0.0,1,460.0,0.0,Real,5.345184,8.593146
338.0,Solrock,90,95,85,55,65,70,460,0.5,0.5,2.0,1.0,2.0,1.0,1.0,0.5,2.0,0.5,0.5,2.0,1.0,2.0,1.0,2.0,2.0,1.0,311.0,1.2,339.5,154.0,45,5.0,6400,45,Levitate,Rock,Psychic,Meteorite,,3,0,0,0,0,5,6,7,0.0,1,460.0,0.0,Real,5.2831163,8.457179
339.0,Barboach,50,48,43,46,41,60,288,1.0,0.5,1.0,0.0,4.0,1.0,1.0,0.5,1.0,1.0,1.0,1.0,0.5,1.0,1.0,1.0,0.5,1.0,104.0,0.4,4.2,1.9,190,5.0,5120,190,Anticipation; Available; Hydration; Oblivious,Water,Ground,Whiskers,,3,0,0,0,1,4,12,1,0.0,4,288.0,0.0,Real,9.136833,7.0480537
340.0,Whiscash,110,78,73,76,71,60,468,1.0,0.5,1.0,0.0,4.0,1.0,1.0,0.5,1.0,1.0,1.0,1.0,0.5,1.0,1.0,1.0,0.5,1.0,211.0,0.9,52.0,23.6,75,5.0,5120,75,Anticipation; Available; Hydration; Oblivious,Water,Ground,Whiskers,,3,0,0,0,1,4,12,1,0.0,4,468.0,0.0,Real,7.1351333,7.6093116
341.0,Corphish,43,80,65,50,35,35,308,1.0,0.5,0.5,2.0,2.0,0.5,1.0,1.0,1.0,1.0,1.0,1.0,1.0,1.0,1.0,1.0,0.5,1.0,200.0,0.6,25.4,11.5,205,5.0,3840,205,Adaptability; Hyper Cutter; Shell Armor,Water,None,Ruffian,,3,0,0,0,0,4,12,2,0.0,3,308.0,0.0,Real,10.3508005,9.898954
342.0,Crawdaunt,63,120,85,90,55,55,468,1.0,0.5,0.5,2.0,2.0,0.5,2.0,1.0,1.0,1.0,0.0,2.0,1.0,0.5,1.0,0.5,0.5,2.0,307.0,1.1,72.3,32.8,155,5.0,3840,155,Adaptability; Hyper Cutter; Shell Armor,Water,Dark,Rogue,,3,0,0,0,1,6,6,5,0.0,3,468.0,0.0,Real,5.6433744,7.8160825
343.0,Baltoy,40,40,55,40,70,55,300,1.0,1.0,2.0,0.0,2.0,2.0,0.5,0.5,1.0,1.0,0.5,2.0,0.5,2.0,1.0,2.0,1.0,1.0,108.0,0.5,47.4,21.5,255,5.0,5120,255,Levitate,Ground,Psychic,Clay Doll,,3,0,0,0,1,4,7,6,0.0,1,300.0,0.0,Real,9.127148,7.8312373
344.0,Claydol,60,70,105,70,120,75,500,1.0,1.0,2.0,0.0,2.0,2.0,0.5,0.5,1.0,1.0,0.5,2.0,0.5,2.0,1.0,2.0,1.0,1.0,411.0,1.5,238.1,108.0,90,5.0,5120,90,Levitate,Ground,Psychic,Clay Doll,,3,0,0,0,1,4,7,6,0.0,1,500.0,0.0,Real,5.690564,7.965672
345.0,Lileep,66,41,77,61,87,23,355,0.5,1.0,1.0,0.5,1.0,2.0,2.0,1.0,1.0,1.0,1.0,2.0,1.0,1.0,1.0,1.0,2.0,1.0,303.0,1.0,52.5,23.8,45,88.1,7680,45,Storm Drain; Suction Cups,Rock,Grass,Sea Lily,,3,0,0,0,0,2,12,4,0.0,2,355.0,0.0,Real,8.117095,13.307402
346.0,Cradily,86,81,97,81,107,43,495,0.5,1.0,1.0,0.5,1.0,2.0,2.0,1.0,1.0,1.0,1.0,2.0,1.0,1.0,1.0,1.0,2.0,1.0,411.0,1.5,133.2,60.4,45,88.1,7680,45,Storm Drain; Suction Cups,Rock,Grass,Barnacle,,3,0,0,0,0,2,12,4,0.0,2,495.0,0.0,Real,7.2145686,13.141327
347.0,Anorith,45,95,50,40,50,75,355,0.5,1.0,2.0,1.0,1.0,1.0,1.0,0.5,1.0,1.0,1.0,1.0,2.0,1.0,1.0,1.0,2.0,1.0,204.0,0.7,27.6,12.5,45,88.1,7680,45,Battle Armor; Swift Swim,Rock,Bug,Old Shrimp,,3,0,0,0,0,2,13,3,0.0,2,355.0,0.0,Real,8.04474,14.002332
348.0,Armaldo,75,125,100,70,80,45,495,0.5,1.0,2.0,1.0,1.0,1.0,1.0,0.5,1.0,1.0,1.0,1.0,2.0,1.0,1.0,1.0,2.0,1.0,411.0,1.5,150.4,68.2,45,88.1,7680,45,Battle Armor; Swift Swim,Rock,Bug,Plate,,3,0,0,0,0,2,13,3,0.0,2,495.0,0.0,Real,7.1131105,13.125576
349.0,Feebas,20,15,20,10,55,80,200,1.0,0.5,0.5,2.0,2.0,0.5,1.0,1.0,1.0,1.0,1.0,1.0,1.0,1.0,1.0,1.0,0.5,1.0,200.0,0.6,16.3,7.4,255,5.0,5120,255,Adaptability; Available; Oblivious; Swift Swim,Water,None,Fish,,3,0,0,0,0,4,12,2,0.0,4,200.0,0.0,Real,10.594075,9.306545
350.0,Milotic,95,60,79,100,125,81,540,1.0,0.5,0.5,2.0,2.0,0.5,1.0,1.0,1.0,1.0,1.0,1.0,1.0,1.0,1.0,1.0,0.5,1.0,2004.0,6.2,357.1,162.0,60,5.0,5120,60,Available; Competitive; Cute Charm; Marvel Scale,Water,None,Tender,,3,0,0,0,0,4,12,2,0.0,4,540.0,0.0,Real,3.820093,9.731081
351.0,Castform,70,70,70,70,70,70,420,1.0,1.0,1.0,1.0,1.0,1.0,2.0,1.0,1.0,1.0,1.0,1.0,1.0,0.0,1.0,1.0,1.0,1.0,100.0,0.3,1.8,0.8,45,5.0,6400,45,Forecast,Normal,None,Weather,Sunny Form; Rainy Form; Snowy Form,3,0,0,0,1,0,16,1,1.0,1,420.0,0.0,Real,6.861869,4.3973126
352.0,Kecleon,60,90,70,60,120,40,440,1.0,1.0,1.0,1.0,1.0,1.0,2.0,1.0,1.0,1.0,1.0,1.0,1.0,0.0,1.0,1.0,1.0,1.0,303.0,1.0,48.5,22.0,200,5.0,5120,200,Color Change; Protean,Normal,None,Color Swap,,3,0,0,0,1,0,16,1,0.0,2,440.0,0.0,Real,7.0391827,4.321501
353.0,Shuppet,44,75,35,63,33,45,295,0.0,1.0,1.0,1.0,1.0,1.0,0.0,0.5,1.0,1.0,1.0,0.5,1.0,2.0,1.0,2.0,1.0,1.0,200.0,0.6,5.1,2.3,225,5.0,6400,225,Cursed Body; Frisk; Insomnia,Ghost,None,Puppet,,3,0,0,0,2,2,12,2,0.0,3,295.0,0.0,Real,8.871276,6.439399
354.0,Banette,64,115,65,83,63,65,455,0.0,1.0,1.0,1.0,1.0,1.0,0.0,0.5,1.0,1.0,1.0,0.5,1.0,2.0,1.0,2.0,1.0,1.0,307.0,1.1,27.6,12.5,45,5.0,6400,45,Cursed Body; Frisk; Insomnia,Ghost,None,Marionette,Mega Banette,3,0,0,0,2,2,12,2,1.0,3,455.0,0.0,Real,6.994481,6.5108156
355.0,Duskull,20,40,90,30,90,25,295,0.0,1.0,1.0,1.0,1.0,1.0,0.0,0.5,1.0,1.0,1.0,0.5,1.0,2.0,1.0,2.0,1.0,1.0,207.0,0.8,33.1,15.0,190,5.0,6400,190,Frisk; Levitate,Ghost,None,Requiem,,3,0,0,0,2,2,12,2,0.0,2,295.0,0.0,Real,8.644753,6.672187
356.0,Dusclops,40,70,130,60,130,25,455,0.0,1.0,1.0,1.0,1.0,1.0,0.0,0.5,1.0,1.0,1.0,0.5,1.0,2.0,1.0,2.0,1.0,1.0,503.0,1.6,67.5,30.6,90,5.0,6400,90,Frisk; Pressure,Ghost,None,Beckon,,3,0,0,0,2,2,12,2,0.0,2,455.0,0.0,Real,6.7535257,6.669063
357.0,Tropius,99,68,83,72,87,51,460,1.0,2.0,0.5,1.0,0.25,4.0,0.5,2.0,0.0,2.0,1.0,1.0,2.0,1.0,1.0,1.0,1.0,1.0,607.0,2.0,220.5,100.0,200,5.0,6400,200,Chlorophyll; Harvest; Solar Power,Grass,Flying,Fruit,,3,0,0,0,1,3,9,5,0.0,3,460.0,0.0,Real,7.189219,8.439471
358.0,Chimecho,75,50,80,95,90,65,455,1.0,1.0,1.0,1.0,1.0,1.0,0.5,1.0,1.0,1.0,0.5,2.0,1.0,2.0,1.0,2.0,1.0,1.0,200.0,0.6,2.2,1.0,45,5.0,6400,45,Levitate,Psychic,None,Wind Chime,,3,0,0,0,0,2,13,3,0.0,1,455.0,0.0,Real,6.6031685,10.471014
359.0,Absol,65,130,60,75,60,75,465,1.0,1.0,1.0,1.0,1.0,1.0,2.0,1.0,1.0,1.0,0.0,2.0,1.0,0.5,1.0,0.5,1.0,2.0,311.0,1.2,103.6,47.0,30,5.0,6400,30,Available; Justified; Pressure; Super Luck,Dark,None,Disaster,Mega Absol,3,0,0,0,1,2,12,3,1.0,4,465.0,0.0,Real,6.939315,6.849451
360.0,Wynaut,95,23,48,23,48,23,260,1.0,1.0,1.0,1.0,1.0,1.0,0.5,1.0,1.0,1.0,0.5,2.0,1.0,2.0,1.0,2.0,1.0,1.0,200.0,0.6,30.9,14.0,125,5.0,5120,125,Shadow Tag; Telepathy,Psychic,None,Bright,,3,0,0,0,0,2,13,3,0.0,2,260.0,0.0,Real,9.473051,9.316932
361.0,Snorunt,50,50,50,50,50,50,300,1.0,2.0,1.0,1.0,1.0,0.5,2.0,1.0,1.0,1.0,1.0,1.0,2.0,1.0,1.0,1.0,2.0,1.0,204.0,0.7,37.0,16.8,190,5.0,5120,190,Available; Ice Body; Inner Focus; Moody,Ice,None,Snow Hat,,3,0,0,0,0,1,13,4,0.0,4,300.0,0.0,Real,9.732672,9.5620575
362.0,Glalie,80,80,80,80,80,80,480,1.0,2.0,1.0,1.0,1.0,0.5,2.0,1.0,1.0,1.0,1.0,1.0,2.0,1.0,1.0,1.0,2.0,1.0,411.0,1.5,565.5,256.5,75,5.0,5120,75,Available; Ice Body; Inner Focus; Moody,Ice,None,Face,Mega Glalie,3,0,0,0,0,1,13,4,1.0,4,480.0,0.0,Real,5.075011,9.902667
363.0,Spheal,70,40,50,55,50,25,290,1.0,1.0,0.5,2.0,2.0,0.25,2.0,1.0,1.0,1.0,1.0,1.0,2.0,1.0,1.0,1.0,1.0,1.0,207.0,0.8,87.1,39.5,255,5.0,5120,255,Ice Body; Oblivious; Thick Fat,Ice,Water,Clap,,3,0,0,0,0,2,12,4,0.0,3,290.0,0.0,Real,9.87617,9.476335
364.0,Sealeo,90,60,70,75,70,45,410,1.0,1.0,0.5,2.0,2.0,0.25,2.0,1.0,1.0,1.0,1.0,1.0,2.0,1.0,1.0,1.0,1.0,1.0,307.0,1.1,193.1,87.6,120,5.0,5120,120,Ice Body; Oblivious; Thick Fat,Ice,Water,Ball Roll,,3,0,0,0,0,2,12,4,0.0,3,410.0,0.0,Real,7.8891673,10.109817
365.0,Walrein,110,80,90,95,90,65,530,1.0,1.0,0.5,2.0,2.0,0.25,2.0,1.0,1.0,1.0,1.0,1.0,2.0,1.0,1.0,1.0,1.0,1.0,407.0,1.4,332.0,150.6,45,5.0,5120,45,Ice Body; Oblivious; Thick Fat,Ice,Water,Ice Break,,3,0,0,0,0,2,12,4,0.0,3,530.0,0.0,Real,4.9947853,9.970243
366.0,Clamperl,35,64,85,74,55,32,345,1.0,0.5,0.5,2.0,2.0,0.5,1.0,1.0,1.0,1.0,1.0,1.0,1.0,1.0,1.0,1.0,0.5,1.0,104.0,0.4,115.7,52.5,255,5.0,5120,255,Rattled; Shell Armor,Water,None,Bivalve,,3,0,0,0,0,4,12,2,0.0,2,345.0,0.0,Real,10.250229,10.0642185
367.0,Huntail,55,104,105,94,75,52,485,1.0,0.5,0.5,2.0,2.0,0.5,1.0,1.0,1.0,1.0,1.0,1.0,1.0,1.0,1.0,1.0,0.5,1.0,507.0,1.7,59.5,27.0,60,5.0,5120,60,Swift Swim; Water Veil,Water,None,Deep Sea,,3,0,0,0,0,4,12,2,0.0,2,485.0,0.0,Real,5.903231,10.506388
368.0,Gorebyss,55,84,105,114,75,52,485,1.0,0.5,0.5,2.0,2.0,0.5,1.0,1.0,1.0,1.0,1.0,1.0,1.0,1.0,1.0,1.0,0.5,1.0,511.0,1.8,49.8,22.6,60,5.0,5120,60,Hydration; Swift Swim,Water,None,South Sea,,3,0,0,0,0,4,12,2,0.0,2,485.0,0.0,Real,6.141462,10.528433
369.0,Relicanth,100,90,130,45,65,55,485,0.5,0.25,1.0,2.0,4.0,0.5,2.0,0.5,2.0,0.5,1.0,1.0,1.0,1.0,1.0,1.0,1.0,1.0,303.0,1.0,51.6,23.4,25,88.1,10240,25,Available; Rock Head; Sturdy; Swift Swim,Water,Rock,Longevity,,3,0,0,0,0,5,9,4,0.0,4,485.0,0.0,Real,7.0802455,13.238927
370.0,Luvdisc,43,30,55,40,65,97,330,1.0,0.5,0.5,2.0,2.0,0.5,1.0,1.0,1.0,1.0,1.0,1.0,1.0,1.0,1.0,1.0,0.5,1.0,200.0,0.6,19.2,8.7,225,24.6,5120,225,Available; Hydration; Swift Swim,Water,None,Rendezvous,,3,0,0,0,0,4,12,2,0.0,3,330.0,0.0,Real,10.620563,9.907602
371.0,Bagon,45,75,60,40,30,50,300,1.0,0.5,0.5,0.5,0.5,2.0,1.0,1.0,1.0,1.0,1.0,1.0,1.0,1.0,2.0,1.0,1.0,2.0,200.0,0.6,92.8,42.1,45,5.0,10240,45,Available; Rock Head; Sheer Force,Dragon,None,Rock Head,,3,0,0,0,0,4,11,3,0.0,3,300.0,0.0,Real,8.483643,9.073579
372.0,Shelgon,65,95,100,60,50,50,420,1.0,0.5,0.5,0.5,0.5,2.0,1.0,1.0,1.0,1.0,1.0,1.0,1.0,1.0,2.0,1.0,1.0,2.0,307.0,1.1,243.6,110.5,45,5.0,10240,45,Available; Overcoat; Rock Head,Dragon,None,Endurance,,3,0,0,0,0,4,11,3,0.0,3,420.0,0.0,Real,6.280054,10.11799
373.0,Salamence,95,135,80,110,80,100,600,1.0,0.5,0.5,1.0,0.25,4.0,0.5,1.0,0.0,1.0,1.0,0.5,2.0,1.0,2.0,1.0,1.0,2.0,411.0,1.5,226.2,102.6,45,5.0,10240,45,Available; Intimidate; Moxie,Dragon,Flying,Dragon,Mega Salamence,3,0,0,0,1,5,8,4,1.0,3,600.0,0.0,Real,4.6667614,7.512752
374.0,Beldum,40,55,80,35,60,30,300,0.5,2.0,1.0,1.0,0.5,0.5,1.0,0.0,2.0,0.5,0.25,1.0,0.5,2.0,0.5,2.0,0.5,0.5,200.0,0.6,209.9,95.2,3,5.0,10240,3,Available; Clear Body; Light Metal,Steel,Psychic,Iron Ball,,3,0,0,0,1,9,4,4,0.0,3,300.0,0.0,Real,4.4484324,5.924081
375.0,Metang,60,75,100,55,80,50,420,0.5,2.0,1.0,1.0,0.5,0.5,1.0,0.0,2.0,0.5,0.25,1.0,0.5,2.0,0.5,2.0,0.5,0.5,311.0,1.2,446.4,202.5,3,5.0,10240,3,Available; Clear Body; Light Metal,Steel,Psychic,Iron Claw,,3,0,0,0,1,9,4,4,0.0,3,420.0,0.0,Real,4.13171,6.395144
376.0,Metagross,80,135,130,95,90,70,600,0.5,2.0,1.0,1.0,0.5,0.5,1.0,0.0,2.0,0.5,0.25,1.0,0.5,2.0,0.5,2.0,0.5,0.5,503.0,1.6,1212.5,550.0,3,5.0,10240,3,Available; Clear Body; Light Metal,Steel,Psychic,Iron Leg,Mega Metagross,3,0,0,0,1,9,4,4,1.0,3,600.0,0.0,Real,2.568032,8.399871
377.0,Regirock,80,100,200,50,100,50,580,0.5,0.5,2.0,1.0,2.0,1.0,2.0,0.5,2.0,0.5,1.0,1.0,1.0,1.0,1.0,1.0,2.0,1.0,507.0,1.7,507.1,230.0,3,5.0,20480,3,Clear Body; Sturdy,Rock,None,Rock Peak,,3,1,0,0,0,4,9,5,0.0,2,580.0,0.0,Real,4.8109393,9.545769
378.0,Regice,80,50,100,100,200,50,580,1.0,2.0,1.0,1.0,1.0,0.5,2.0,1.0,1.0,1.0,1.0,1.0,2.0,1.0,1.0,1.0,2.0,1.0,511.0,1.8,385.8,175.0,3,5.0,20480,3,Clear Body; Ice Body,Ice,None,Iceberg,,3,1,0,0,0,1,13,4,0.0,2,580.0,0.0,Real,5.0899434,9.827856
379.0,Registeel,80,75,150,75,150,50,580,0.5,2.0,1.0,1.0,0.5,0.5,2.0,0.0,2.0,0.5,0.5,0.5,0.5,1.0,0.5,1.0,0.5,0.5,603.0,1.9,451.9,205.0,3,5.0,20480,3,Clear Body; Light Metal,Steel,None,Iron,,3,1,0,0,1,10,4,3,0.0,2,580.0,0.0,Real,4.118165,6.720934
380.0,Latias,80,80,90,110,130,110,600,1.0,0.5,0.5,0.5,0.5,2.0,0.5,1.0,1.0,1.0,0.5,2.0,1.0,2.0,2.0,2.0,1.0,2.0,407.0,1.4,88.2,40.0,3,0.0,30720,3,Levitate,Dragon,Psychic,Eon,Mega Latias,3,1,0,0,0,6,6,6,1.0,1,600.0,0.0,Real,4.474953,8.318827
381.0,Latios,80,90,80,130,110,110,600,1.0,0.5,0.5,0.5,0.5,2.0,0.5,1.0,1.0,1.0,0.5,2.0,1.0,2.0,2.0,2.0,1.0,2.0,607.0,2.0,132.3,60.0,3,10.0,30720,3,Levitate,Dragon,Psychic,Eon,Mega Latios,3,1,0,0,0,6,6,6,1.0,1,600.0,0.0,Real,4.4213753,8.348905
382.0,Kyogre,100,100,90,150,140,90,670,1.0,0.5,0.5,2.0,2.0,0.5,1.0,1.0,1.0,1.0,1.0,1.0,1.0,1.0,1.0,1.0,0.5,1.0,1409.0,4.5,776.0,352.0,3,5.0,30720,3,Drizzle,Water,None,Sea Basin,Primal Kyogre,3,1,0,0,0,4,12,2,1.0,1,670.0,0.0,Real,3.575665,9.225989
383.0,Groudon,100,150,140,100,90,90,670,1.0,1.0,2.0,0.0,2.0,2.0,1.0,0.5,1.0,1.0,1.0,1.0,0.5,1.0,1.0,1.0,1.0,1.0,1106.0,3.5,2094.4,950.0,3,5.0,30720,3,Drought,Ground,None,Continent,Primal Groudon,3,1,0,0,1,2,12,3,1.0,1,670.0,0.0,Real,2.3479354,8.657072
384.0,Rayquaza,105,150,90,150,90,95,680,1.0,0.5,0.5,1.0,0.25,4.0,0.5,1.0,0.0,1.0,1.0,0.5,2.0,1.0,2.0,1.0,1.0,2.0,2300.0,7.0,455.2,206.5,45,5.0,30720,45,Air Lock,Dragon,Flying,Sky High,Mega Rayquaza,3,1,0,0,1,5,8,4,1.0,1,680.0,0.0,Real,3.2659848,8.8385315
385.0,Jirachi,100,100,100,100,100,100,600,0.5,2.0,1.0,1.0,0.5,0.5,1.0,0.0,2.0,0.5,0.25,1.0,0.5,2.0,0.5,2.0,0.5,0.5,100.0,0.3,2.4,1.1,3,5.0,30720,3,Serene Grace,Steel,Psychic,Wish,,3,0,1,0,1,9,4,4,0.0,1,600.0,0.0,Real,4.1860304,7.3598704
386.0,Deoxys,50,150,50,150,50,150,600,1.0,1.0,1.0,1.0,1.0,1.0,0.5,1.0,1.0,1.0,0.5,2.0,1.0,2.0,1.0,2.0,1.0,1.0,507.0,1.7,134.0,60.8,3,5.0,30720,3,Pressure,Psychic,None,DNA,Normal Forme; Attack Forme; Defense Forme; Speed Forme,3,0,1,0,0,2,13,3,1.0,1,600.0,0.0,Real,5.2675543,10.868775
387.0,Turtwig,55,68,64,45,55,31,318,1.0,2.0,0.5,0.5,0.5,2.0,1.0,2.0,0.5,2.0,1.0,2.0,1.0,1.0,1.0,1.0,1.0,1.0,104.0,0.4,22.5,10.2,45,88.1,5120,45,Overgrow; Shell Armor,Grass,None,Tiny Leaf,,4,0,0,0,0,4,9,5,0.0,2,318.0,0.0,Real,7.772616,13.535387
388.0,Grotle,75,89,85,55,65,36,405,1.0,2.0,0.5,0.5,0.5,2.0,1.0,2.0,0.5,2.0,1.0,2.0,1.0,1.0,1.0,1.0,1.0,1.0,307.0,1.1,213.8,97.0,45,88.1,5120,45,Overgrow; Shell Armor,Grass,None,Grove,,4,0,0,0,0,4,9,5,0.0,2,405.0,0.0,Real,7.405507,13.297821
389.0,Torterra,95,109,105,75,85,56,525,1.0,2.0,1.0,0.0,1.0,4.0,1.0,1.0,0.5,2.0,1.0,2.0,0.5,1.0,1.0,1.0,1.0,1.0,703.0,2.2,683.4,310.0,45,88.1,5120,45,Overgrow; Shell Armor,Grass,Ground,Continent,,4,0,0,0,1,2,11,4,0.0,2,525.0,0.0,Real,6.7398396,13.119131
390.0,Chimchar,44,58,44,58,44,61,309,1.0,0.5,2.0,1.0,0.5,0.5,1.0,1.0,2.0,1.0,1.0,0.5,2.0,1.0,1.0,1.0,0.5,0.5,108.0,0.5,13.7,6.2,45,88.1,5120,45,Blaze; Iron Fist,Fire,None,Chimp,,4,0,0,0,0,6,9,3,0.0,2,309.0,0.0,Real,8.059589,14.157413
391.0,Monferno,64,78,52,78,52,81,405,1.0,0.5,2.0,1.0,0.5,0.5,1.0,1.0,2.0,2.0,2.0,0.25,1.0,1.0,1.0,0.5,0.5,1.0,211.0,0.9,48.5,22.0,45,88.1,5120,45,Blaze; Iron Fist,Fire,Fighting,Playful,,4,0,0,0,0,6,8,4,0.0,2,405.0,0.0,Real,7.4445486,13.930005
392.0,Infernape,76,104,71,104,71,108,534,1.0,0.5,2.0,1.0,0.5,0.5,1.0,1.0,2.0,2.0,2.0,0.25,1.0,1.0,1.0,0.5,0.5,1.0,311.0,1.2,121.3,55.0,45,88.1,5120,45,Blaze; Iron Fist,Fire,Fighting,Flame,,4,0,0,0,0,6,8,4,0.0,2,534.0,0.0,Real,6.2736297,13.4445095
393.0,Piplup,53,51,53,61,56,40,314,1.0,0.5,0.5,2.0,2.0,0.5,1.0,1.0,1.0,1.0,1.0,1.0,1.0,1.0,1.0,1.0,0.5,1.0,104.0,0.4,11.5,5.2,45,88.1,5120,45,Defiant; Torrent,Water,None,Penguin,,4,0,0,0,0,4,12,2,0.0,2,314.0,0.0,Real,8.218313,13.97615
394.0,Prinplup,64,66,68,81,76,50,405,1.0,0.5,0.5,2.0,2.0,0.5,1.0,1.0,1.0,1.0,1.0,1.0,1.0,1.0,1.0,1.0,0.5,1.0,207.0,0.8,50.7,23.0,45,88.1,5120,45,Defiant; Torrent,Water,None,Penguin,,4,0,0,0,0,4,12,2,0.0,2,405.0,0.0,Real,7.875391,13.854129
395.0,Empoleon,84,86,88,111,101,60,530,0.5,1.0,0.5,2.0,1.0,0.25,2.0,0.0,2.0,0.5,0.5,0.5,0.5,1.0,0.5,1.0,0.25,0.5,507.0,1.7,186.3,84.5,45,88.1,5120,45,Defiant; Torrent,Water,Steel,Emperor,,4,0,0,0,1,10,4,3,0.0,2,530.0,0.0,Real,6.175581,13.159224
396.0,Starly,40,55,30,30,30,60,245,1.0,1.0,1.0,2.0,0.5,2.0,1.0,1.0,0.0,1.0,1.0,0.5,2.0,0.0,1.0,1.0,1.0,1.0,100.0,0.3,4.4,2.0,255,5.0,3840,255,Keen Eye; Reckless,Normal,Flying,Starling,,4,0,0,0,2,2,11,3,0.0,2,245.0,0.0,Real,9.033856,6.48924
397.0,Staravia,55,75,50,40,40,80,340,1.0,1.0,1.0,2.0,0.5,2.0,1.0,1.0,0.0,1.0,1.0,0.5,2.0,0.0,1.0,1.0,1.0,1.0,200.0,0.6,34.2,15.5,120,5.0,3840,120,Intimidate; Reckless,Normal,Flying,Starling,,4,0,0,0,2,2,11,3,0.0,2,340.0,0.0,Real,8.100438,6.5578322
398.0,Staraptor,85,120,70,50,60,100,485,1.0,1.0,1.0,2.0,0.5,2.0,1.0,1.0,0.0,1.0,1.0,0.5,2.0,0.0,1.0,1.0,1.0,1.0,311.0,1.2,54.9,24.9,45,5.0,3840,45,Intimidate; Reckless,Normal,Flying,Predator,,4,0,0,0,2,2,11,3,0.0,2,485.0,0.0,Real,6.9240766,6.478201
399.0,Bidoof,59,45,40,35,40,31,250,1.0,1.0,1.0,1.0,1.0,1.0,2.0,1.0,1.0,1.0,1.0,1.0,1.0,0.0,1.0,1.0,1.0,1.0,108.0,0.5,44.1,20.0,255,5.0,3840,255,Moody; Simple; Unaware,Normal,None,Plump Mouse,,4,0,0,0,1,0,16,1,0.0,3,250.0,0.0,Real,7.5779424,3.646822
400.0,Bibarel,79,85,60,55,60,71,410,1.0,0.5,0.5,2.0,2.0,0.5,2.0,1.0,1.0,1.0,1.0,1.0,1.0,0.0,1.0,1.0,0.5,1.0,303.0,1.0,69.4,31.5,127,5.0,3840,127,Moody; Simple; Unaware,Normal,Water,Beaver,,4,0,0,0,1,4,10,3,0.0,3,410.0,0.0,Real,7.6873865,7.2175503
401.0,Kricketot,37,25,41,25,41,25,194,1.0,2.0,1.0,1.0,0.5,1.0,0.5,1.0,0.5,2.0,1.0,1.0,2.0,1.0,1.0,1.0,1.0,1.0,100.0,0.3,4.9,2.2,255,5.0,3840,255,Run Away; Shed Skin,Bug,None,Cricket,,4,0,0,0,0,3,12,3,0.0,2,194.0,0.0,Real,10.176815,8.956247
402.0,Kricketune,77,85,51,55,51,65,384,1.0,2.0,1.0,1.0,0.5,1.0,0.5,1.0,0.5,2.0,1.0,1.0,2.0,1.0,1.0,1.0,1.0,1.0,303.0,1.0,56.2,25.5,45,5.0,3840,45,Swarm; Technician,Bug,None,Cricket,,4,0,0,0,0,3,12,3,0.0,2,384.0,0.0,Real,7.2221026,9.742535
403.0,Shinx,45,65,34,40,34,45,263,1.0,1.0,1.0,0.5,1.0,1.0,1.0,1.0,2.0,0.5,1.0,1.0,1.0,1.0,1.0,1.0,0.5,1.0,108.0,0.5,20.9,9.5,235,5.0,5120,235,Guts; Intimidate; Rivalry,Electric,None,Flash,,4,0,0,0,0,3,14,1,0.0,3,263.0,0.0,Real,10.877648,9.644653
404.0,Luxio,60,85,49,60,49,60,363,1.0,1.0,1.0,0.5,1.0,1.0,1.0,1.0,2.0,0.5,1.0,1.0,1.0,1.0,1.0,1.0,0.5,1.0,211.0,0.9,67.2,30.5,120,5.0,2560,120,Guts; Intimidate; Rivalry,Electric,None,Spark,,4,0,0,0,0,3,14,1,0.0,3,363.0,0.0,Real,7.8602943,10.364829
405.0,Luxray,80,120,79,95,79,70,523,1.0,1.0,1.0,0.5,1.0,1.0,1.0,1.0,2.0,0.5,1.0,1.0,1.0,1.0,1.0,1.0,0.5,1.0,407.0,1.4,92.6,42.0,45,5.0,5120,45,Guts; Intimidate; Rivalry,Electric,None,Gleam Eyes,,4,0,0,0,0,3,14,1,0.0,3,523.0,0.0,Real,5.7760086,10.662306
406.0,Budew,40,30,35,50,70,55,280,1.0,2.0,0.5,0.5,0.25,2.0,0.5,1.0,1.0,2.0,2.0,1.0,1.0,1.0,1.0,1.0,1.0,0.5,8.0,0.2,2.6,1.2,255,5.0,5120,255,Leaf Guard; Natural Cure; Poison Point,Grass,Poison,Bud,,4,0,0,0,0,5,9,4,0.0,3,280.0,0.0,Real,9.747416,8.62741
407.0,Roserade,60,70,65,125,105,90,515,1.0,2.0,0.5,0.5,0.25,2.0,0.5,1.0,1.0,2.0,2.0,1.0,1.0,1.0,1.0,1.0,1.0,0.5,211.0,0.9,32.0,14.5,75,5.0,5120,75,Natural Cure; Poison Point; Technician,Grass,Poison,Bouquet,,4,0,0,0,0,5,9,4,0.0,3,515.0,0.0,Real,5.619343,8.829093
408.0,Cranidos,67,125,40,30,30,58,350,0.5,0.5,2.0,1.0,2.0,1.0,2.0,0.5,2.0,0.5,1.0,1.0,1.0,1.0,1.0,1.0,2.0,1.0,211.0,0.9,69.4,31.5,45,88.1,7680,45,Mold Breaker; Sheer Force,Rock,None,Head Butt,,4,0,0,0,0,4,9,5,0.0,2,350.0,0.0,Real,7.596445,13.6122465
409.0,Rampardos,97,165,60,65,50,58,495,0.5,0.5,2.0,1.0,2.0,1.0,2.0,0.5,2.0,0.5,1.0,1.0,1.0,1.0,1.0,1.0,2.0,1.0,503.0,1.6,226.0,102.5,45,88.1,7680,45,Mold Breaker; Sheer Force,Rock,None,Head Butt,,4,0,0,0,0,4,9,5,0.0,2,495.0,0.0,Real,6.916914,13.363274
410.0,Shieldon,30,42,118,42,88,30,350,0.25,1.0,2.0,1.0,1.0,0.5,4.0,0.0,4.0,0.25,0.5,0.5,0.5,1.0,0.5,1.0,1.0,0.5,108.0,0.5,125.7,57.0,45,88.1,7680,45,Soundproof; Sturdy,Rock,Steel,Shield,,4,0,0,0,1,8,6,3,0.0,2,350.0,0.0,Real,7.7416606,13.492072
411.0,Bastiodon,60,52,168,47,138,30,495,0.25,1.0,2.0,1.0,1.0,0.5,4.0,0.0,4.0,0.25,0.5,0.5,0.5,1.0,0.5,1.0,1.0,0.5,403.0,1.3,329.6,149.5,45,88.1,7680,45,Soundproof; Sturdy,Rock,Steel,Shield,,4,0,0,0,1,8,6,3,0.0,2,495.0,0.0,Real,6.862816,12.748819
412.0,Burmy,40,29,45,29,45,36,224,1.0,2.0,1.0,1.0,0.5,1.0,0.5,1.0,0.5,2.0,1.0,1.0,2.0,1.0,1.0,1.0,1.0,1.0,8.0,0.2,7.5,3.4,120,5.0,3840,120,Overcoat; Shed Skin,Bug,None,Bagworm,Plant Cloak; Sandy Cloak; Trash Cloak,4,0,0,0,0,3,12,3,1.0,2,224.0,0.0,Real,9.344115,9.149858
413.0,Wormadam,60,59,85,79,105,36,424,1.0,4.0,0.5,0.5,0.25,2.0,0.5,2.0,0.25,4.0,1.0,2.0,2.0,1.0,1.0,1.0,1.0,1.0,108.0,0.5,14.3,6.5,45,0.0,3840,45,Anticipation; Overcoat,Bug,Grass,Bagworm,Plant Cloak; Sandy Cloak; Trash Cloak,4,0,0,0,0,5,7,6,1.0,2,424.0,0.0,Real,6.2641253,8.873149
414.0,Mothim,70,94,50,94,50,66,424,1.0,2.0,1.0,2.0,0.25,2.0,0.25,1.0,0.0,2.0,1.0,0.5,4.0,1.0,1.0,1.0,1.0,1.0,211.0,0.9,51.4,23.3,45,10.0,3840,45,Swarm; Tinted Lens,Bug,Flying,Moth,,4,0,0,0,1,3,9,5,0.0,2,424.0,0.0,Real,6.4418445,7.6348658
415.0,Combee,30,30,42,30,42,70,244,1.0,2.0,1.0,2.0,0.25,2.0,0.25,1.0,0.0,2.0,1.0,0.5,4.0,1.0,1.0,1.0,1.0,1.0,100.0,0.3,12.1,5.5,120,88.1,3840,120,Honey Gather; Hustle,Bug,Flying,Tiny Bee,,4,0,0,0,1,3,9,5,0.0,2,244.0,0.0,Real,7.9945774,13.561079
416.0,Vespiquen,70,80,102,80,102,40,474,1.0,2.0,1.0,2.0,0.25,2.0,0.25,1.0,0.0,2.0,1.0,0.5,4.0,1.0,1.0,1.0,1.0,1.0,311.0,1.2,84.9,38.5,45,0.0,3840,45,Pressure; Unnerve,Bug,Flying,Beehive,,4,0,0,0,1,3,9,5,0.0,2,474.0,0.0,Real,6.0442333,8.195377
417.0,Pachirisu,60,45,70,45,90,95,405,1.0,1.0,1.0,0.5,1.0,1.0,1.0,1.0,2.0,0.5,1.0,1.0,1.0,1.0,1.0,1.0,0.5,1.0,104.0,0.4,8.6,3.9,200,5.0,2560,200,Pickup; Run Away; Volt Absorb,Electric,None,EleSquirrel,,4,0,0,0,0,3,14,1,0.0,3,405.0,0.0,Real,10.522329,9.982114
418.0,Buizel,55,65,35,60,30,85,330,1.0,0.5,0.5,2.0,2.0,0.5,1.0,1.0,1.0,1.0,1.0,1.0,1.0,1.0,1.0,1.0,0.5,1.0,204.0,0.7,65.0,29.5,190,5.0,5120,190,Swift Swim; Water Veil,Water,None,Sea Weasel,,4,0,0,0,0,4,12,2,0.0,2,330.0,0.0,Real,10.652587,9.816197
419.0,Floatzel,85,105,55,85,50,115,495,1.0,0.5,0.5,2.0,2.0,0.5,1.0,1.0,1.0,1.0,1.0,1.0,1.0,1.0,1.0,1.0,0.5,1.0,307.0,1.1,73.9,33.5,75,5.0,5120,75,Swift Swim; Water Veil,Water,None,Sea Weasel,,4,0,0,0,0,4,12,2,0.0,2,495.0,0.0,Real,5.52423,10.956442
420.0,Cherubi,45,35,45,62,53,35,275,1.0,2.0,0.5,0.5,0.5,2.0,1.0,2.0,0.5,2.0,1.0,2.0,1.0,1.0,1.0,1.0,1.0,1.0,104.0,0.4,7.3,3.3,190,5.0,5120,190,Chlorophyll,Grass,None,Cherry,,4,0,0,0,0,4,9,5,0.0,1,275.0,0.0,Real,9.581745,8.538451
421.0,Cherrim,70,60,70,87,78,85,450,1.0,2.0,0.5,0.5,0.5,2.0,1.0,2.0,0.5,2.0,1.0,2.0,1.0,1.0,1.0,1.0,1.0,1.0,108.0,0.5,20.5,9.3,75,5.0,5120,75,Flower Gift,Grass,None,Blossom,,4,0,0,0,0,4,9,5,0.0,1,450.0,0.0,Real,6.484391,8.856062
422.0,Shellos,76,48,48,57,62,34,325,1.0,0.5,0.5,2.0,2.0,0.5,1.0,1.0,1.0,1.0,1.0,1.0,1.0,1.0,1.0,1.0,0.5,1.0,100.0,0.3,13.9,6.3,190,5.0,5120,190,Available; Sand Force; Sticky Hold; Storm Drain,Water,None,Sea Slug,,4,0,0,0,0,4,12,2,0.0,4,325.0,0.0,Real,10.051435,10.081235
423.0,Gastrodon,111,83,68,92,82,39,475,1.0,0.5,1.0,0.0,4.0,1.0,1.0,0.5,1.0,1.0,1.0,1.0,0.5,1.0,1.0,1.0,0.5,1.0,211.0,0.9,65.9,29.9,75,5.0,5120,75,Available; Sand Force; Sticky Hold; Storm Drain,Water,Ground,Sea Slug,,4,0,0,0,1,4,12,1,0.0,4,475.0,0.0,Real,7.104477,7.69358
424.0,Ambipom,75,100,66,60,66,115,482,1.0,1.0,1.0,1.0,1.0,1.0,2.0,1.0,1.0,1.0,1.0,1.0,1.0,0.0,1.0,1.0,1.0,1.0,311.0,1.2,44.8,20.3,45,5.0,5120,45,Pickup; Skill Link; Technician,Normal,None,Long Tail,,4,0,0,0,1,0,16,1,0.0,3,482.0,0.0,Real,6.692259,4.5084634
425.0,Drifloon,90,50,34,60,44,70,348,0.0,1.0,1.0,2.0,0.5,2.0,0.0,0.5,0.0,1.0,1.0,0.25,2.0,2.0,1.0,2.0,1.0,1.0,104.0,0.4,2.6,1.2,125,5.0,7680,125,Aftermath; Available; Flare Boost; Unburden,Ghost,Flying,Balloon,,4,0,0,0,3,3,7,5,0.0,4,348.0,0.0,Real,8.417533,7.324756
426.0,Drifblim,150,80,44,90,54,80,498,0.0,1.0,1.0,2.0,0.5,2.0,0.0,0.5,0.0,1.0,1.0,0.25,2.0,2.0,1.0,2.0,1.0,1.0,311.0,1.2,33.1,15.0,60,5.0,7680,60,Aftermath; Available; Flare Boost; Unburden,Ghost,Flying,Blimp,,4,0,0,0,3,3,7,5,0.0,4,498.0,0.0,Real,5.656244,6.6971374
427.0,Buneary,55,66,44,44,56,85,350,1.0,1.0,1.0,1.0,1.0,1.0,2.0,1.0,1.0,1.0,1.0,1.0,1.0,0.0,1.0,1.0,1.0,1.0,104.0,0.4,12.1,5.5,190,5.0,5120,190,Klutz; Limber; Run Away,Normal,None,Rabbit,,4,0,0,0,1,0,16,1,0.0,3,350.0,0.0,Real,7.270444,3.9522862
428.0,Lopunny,65,76,84,54,96,105,480,1.0,1.0,1.0,1.0,1.0,1.0,2.0,1.0,1.0,1.0,1.0,1.0,1.0,0.0,1.0,1.0,1.0,1.0,311.0,1.2,73.4,33.3,60,5.0,5120,60,Cute Charm; Klutz; Limber,Normal,None,Rabbit,Mega Lopunny,4,0,0,0,1,0,16,1,1.0,3,480.0,0.0,Real,6.6942005,4.5430264
429.0,Mismagius,60,60,60,105,105,105,495,0.0,1.0,1.0,1.0,1.0,1.0,0.0,0.5,1.0,1.0,1.0,0.5,1.0,2.0,1.0,2.0,1.0,1.0,211.0,0.9,9.7,4.4,45,5.0,6400,45,Levitate,Ghost,None,Magical,,4,0,0,0,2,2,12,2,0.0,1,495.0,0.0,Real,6.485619,6.503924
430.0,Honchkrow,100,125,52,105,52,71,505,1.0,1.0,1.0,2.0,0.5,2.0,1.0,1.0,0.0,1.0,0.0,1.0,2.0,0.5,1.0,0.5,1.0,2.0,211.0,0.9,60.2,27.3,30,5.0,5120,30,Available; Insomnia; Moxie; Super Luck,Dark,Flying,Big Boss,,4,0,0,0,2,3,9,4,0.0,4,505.0,0.0,Real,6.600948,6.49693
431.0,Glameow,49,55,42,42,37,85,310,1.0,1.0,1.0,1.0,1.0,1.0,2.0,1.0,1.0,1.0,1.0,1.0,1.0,0.0,1.0,1.0,1.0,1.0,108.0,0.5,8.6,3.9,190,24.6,5120,190,Keen Eye; Limber; Own Tempo,Normal,None,Catty,,4,0,0,0,1,0,16,1,0.0,3,310.0,0.0,Real,7.4866385,3.7281861
432.0,Purugly,71,82,64,64,59,112,452,1.0,1.0,1.0,1.0,1.0,1.0,2.0,1.0,1.0,1.0,1.0,1.0,1.0,0.0,1.0,1.0,1.0,1.0,303.0,1.0,96.6,43.8,75,24.6,5120,75,Defiant; Own Tempo; Thick Fat,Normal,None,Tiger Cat,,4,0,0,0,1,0,16,1,0.0,3,452.0,0.0,Real,6.7681837,4.4160566
433.0,Chingling,45,30,50,65,50,45,285,1.0,1.0,1.0,1.0,1.0,1.0,0.5,1.0,1.0,1.0,0.5,2.0,1.0,2.0,1.0,2.0,1.0,1.0,8.0,0.2,1.3,0.6,120,5.0,6400,120,Levitate,Psychic,None,Bell,,4,0,0,0,0,2,13,3,0.0,1,285.0,0.0,Real,9.208168,9.407485
434.0,Stunky,63,63,47,41,41,74,329,1.0,1.0,1.0,1.0,0.5,1.0,1.0,0.5,2.0,1.0,0.0,1.0,1.0,0.5,1.0,0.5,1.0,1.0,104.0,0.4,42.3,19.2,225,5.0,5120,225,Aftermath; Keen Eye; Stench,Poison,Dark,Skunk,,4,0,0,0,1,4,12,1,0.0,3,329.0,0.0,Real,9.108313,7.0989537
435.0,Skuntank,103,93,67,71,61,84,479,1.0,1.0,1.0,1.0,0.5,1.0,1.0,0.5,2.0,1.0,0.0,1.0,1.0,0.5,1.0,0.5,1.0,1.0,303.0,1.0,83.8,38.0,60,5.0,5120,60,Aftermath; Keen Eye; Stench,Poison,Dark,Skunk,,4,0,0,0,1,4,12,1,0.0,3,479.0,0.0,Real,7.0011406,7.4892087
436.0,Bronzor,57,24,86,24,86,23,300,0.5,2.0,1.0,1.0,0.5,0.5,1.0,0.0,2.0,0.5,0.25,1.0,0.5,2.0,0.5,2.0,0.5,0.5,108.0,0.5,133.4,60.5,255,5.0,5120,255,Heatproof; Heavy Metal; Levitate,Steel,Psychic,Bronze,,4,0,0,0,1,9,4,4,0.0,3,300.0,0.0,Real,4.6832724,5.68521
437.0,Bronzong,67,89,116,79,116,33,500,0.5,2.0,1.0,1.0,0.5,0.5,1.0,0.0,2.0,0.5,0.25,1.0,0.5,2.0,0.5,2.0,0.5,0.5,403.0,1.3,412.3,187.0,90,5.0,5120,90,Heatproof; Heavy Metal; Levitate,Steel,Psychic,Bronze Bell,,4,0,0,0,1,9,4,4,0.0,3,500.0,0.0,Real,4.139986,6.514102
438.0,Bonsly,50,80,95,10,45,10,290,0.5,0.5,2.0,1.0,2.0,1.0,2.0,0.5,2.0,0.5,1.0,1.0,1.0,1.0,1.0,1.0,2.0,1.0,108.0,0.5,33.1,15.0,255,5.0,5120,255,Available; Rattled; Rock Head; Sturdy,Rock,None,Bonsai,,4,0,0,0,0,4,9,5,0.0,4,290.0,0.0,Real,9.652388,8.372889
439.0,Mime-jr,20,25,45,70,90,60,310,1.0,1.0,1.0,1.0,1.0,1.0,0.25,2.0,1.0,1.0,0.5,1.0,1.0,2.0,0.0,1.0,2.0,1.0,200.0,0.6,28.7,13.0,145,5.0,6400,145,Filter; Soundproof; Technician,Psychic,Fairy,Mime,,4,0,0,0,1,2,12,3,0.0,3,310.0,0.0,Real,8.46781,7.3453045
440.0,Happiny,100,5,5,15,65,30,220,1.0,1.0,1.0,1.0,1.0,1.0,2.0,1.0,1.0,1.0,1.0,1.0,1.0,0.0,1.0,1.0,1.0,1.0,200.0,0.6,53.8,24.4,130,0.0,10240,130,Available; Friend Guard; Natural Cure; Serene Grace,Normal,None,Playhouse,,4,0,0,0,1,0,16,1,0.0,4,220.0,0.0,Real,7.521372,3.7391002
441.0,Chatot,76,65,45,92,42,91,411,1.0,1.0,1.0,2.0,0.5,2.0,1.0,1.0,0.0,1.0,1.0,0.5,2.0,0.0,1.0,1.0,1.0,1.0,108.0,0.5,4.2,1.9,30,5.0,5120,30,Big Pecks; Keen Eye; Tangled Feet,Normal,Flying,Music Note,,4,0,0,0,2,2,11,3,0.0,3,411.0,0.0,Real,7.333876,6.5658646
442.0,Spiritomb,50,92,108,92,108,35,485,0.0,1.0,1.0,1.0,1.0,1.0,0.0,0.5,1.0,1.0,0.0,1.0,1.0,1.0,1.0,1.0,1.0,2.0,303.0,1.0,238.1,108.0,100,5.0,7680,100,Infiltrator; Pressure,Ghost,Dark,Forbidden,,4,0,0,0,3,1,13,1,0.0,2,485.0,0.0,Real,6.863293,6.5601597
443.0,Gible,58,70,45,40,45,42,300,1.0,0.5,1.0,0.0,1.0,4.0,1.0,0.5,1.0,1.0,1.0,1.0,0.5,1.0,2.0,1.0,1.0,2.0,204.0,0.7,45.2,20.5,45,5.0,10240,45,Available; Rough Skin; Sand Veil,Dragon,Ground,Land Shark,,4,0,0,0,1,3,11,3,0.0,3,300.0,0.0,Real,8.086907,7.1490865
444.0,Gabite,68,90,65,50,55,82,410,1.0,0.5,1.0,0.0,1.0,4.0,1.0,0.5,1.0,1.0,1.0,1.0,0.5,1.0,2.0,1.0,1.0,2.0,407.0,1.4,123.5,56.0,45,5.0,10240,45,Available; Rough Skin; Sand Veil,Dragon,Ground,Cave,,4,0,0,0,1,3,11,3,0.0,3,410.0,0.0,Real,7.368201,6.993282
445.0,Garchomp,108,130,95,80,85,102,600,1.0,0.5,1.0,0.0,1.0,4.0,1.0,0.5,1.0,1.0,1.0,1.0,0.5,1.0,2.0,1.0,1.0,2.0,603.0,1.9,209.4,95.0,45,5.0,10240,45,Available; Rough Skin; Sand Veil,Dragon,Ground,Mach,Mega Garchomp,4,0,0,0,1,3,11,3,1.0,3,600.0,0.0,Real,5.605179,6.7378983
446.0,Munchlax,135,85,40,40,85,5,390,1.0,1.0,1.0,1.0,1.0,1.0,2.0,1.0,1.0,1.0,1.0,1.0,1.0,0.0,1.0,1.0,1.0,1.0,200.0,0.6,231.5,105.0,50,88.1,10240,50,Available; Gluttony; Pickup; Thick Fat,Normal,None,Big Eater,,4,0,0,0,1,0,16,1,0.0,4,390.0,0.0,Real,7.9127054,12.86227
447.0,Riolu,40,70,40,35,40,60,285,1.0,1.0,1.0,1.0,1.0,1.0,1.0,1.0,1.0,2.0,2.0,0.5,0.5,1.0,1.0,0.5,1.0,2.0,204.0,0.7,44.5,20.2,75,88.1,6400,75,Available; Inner Focus; Prankster; Steadfast,Fighting,None,Emanation,,4,0,0,0,0,3,12,3,0.0,4,285.0,0.0,Real,8.249709,13.90398
448.0,Lucario,70,110,70,115,70,90,525,0.5,2.0,1.0,1.0,0.5,0.5,2.0,0.0,2.0,1.0,1.0,0.25,0.25,1.0,0.5,0.5,0.5,1.0,311.0,1.2,119.0,54.0,45,88.1,6400,45,Available; Inner Focus; Justified; Steadfast,Fighting,Steel,Aura,Mega Lucario,4,0,0,0,1,8,6,3,1.0,4,525.0,0.0,Real,6.127719,13.334359
449.0,Hippopotas,68,72,78,38,42,32,330,1.0,1.0,2.0,0.0,2.0,2.0,1.0,0.5,1.0,1.0,1.0,1.0,0.5,1.0,1.0,1.0,1.0,1.0,207.0,0.8,109.1,49.5,140,5.0,7680,140,Sand Force; Sand Stream,Ground,None,Hippo,,4,0,0,0,1,2,12,3,0.0,2,330.0,0.0,Real,8.354572,6.973398
450.0,Hippowdon,108,112,118,68,72,47,525,1.0,1.0,2.0,0.0,2.0,2.0,1.0,0.5,1.0,1.0,1.0,1.0,0.5,1.0,1.0,1.0,1.0,1.0,607.0,2.0,661.4,300.0,60,5.0,7680,60,Sand Force; Sand Stream,Ground,None,Heavyweight,,4,0,0,0,1,2,12,3,0.0,2,525.0,0.0,Real,6.412377,7.4009757
451.0,Skorupi,40,50,90,30,55,65,330,1.0,2.0,1.0,1.0,0.25,1.0,0.25,0.5,1.0,2.0,2.0,0.5,2.0,1.0,1.0,1.0,1.0,0.5,207.0,0.8,26.5,12.0,120,5.0,5120,120,Battle Armor; Keen Eye; Sniper,Poison,Bug,Scorpion,,4,0,0,0,0,5,9,4,0.0,3,330.0,0.0,Real,8.408759,8.949445
452.0,Drapion,70,90,110,60,75,95,500,1.0,1.0,1.0,1.0,0.5,1.0,1.0,0.5,2.0,1.0,0.0,1.0,1.0,0.5,1.0,0.5,1.0,1.0,403.0,1.3,135.6,61.5,45,5.0,5120,45,Battle Armor; Keen Eye; Sniper,Poison,Dark,Ogre Scorp,,4,0,0,0,1,4,12,1,0.0,3,500.0,0.0,Real,6.8503017,7.126848
453.0,Croagunk,48,61,40,61,40,50,300,1.0,1.0,1.0,1.0,0.5,1.0,0.5,0.5,2.0,2.0,4.0,0.25,0.5,1.0,1.0,0.5,1.0,1.0,204.0,0.7,50.7,23.0,140,5.0,2560,140,Anticipation; Dry Skin; Poison Touch,Poison,Fighting,Toxic Mouth,,4,0,0,0,0,6,9,3,0.0,3,300.0,0.0,Real,8.874361,8.916762
454.0,Toxicroak,83,106,65,86,65,85,490,1.0,1.0,1.0,1.0,0.5,1.0,0.5,0.5,2.0,2.0,4.0,0.25,0.5,1.0,1.0,0.5,1.0,1.0,403.0,1.3,97.9,44.4,75,5.0,5120,75,Anticipation; Dry Skin; Poison Touch,Poison,Fighting,Toxic Mouth,,4,0,0,0,0,6,9,3,0.0,3,490.0,0.0,Real,5.4382105,9.866134
455.0,Carnivine,74,100,72,90,72,46,454,1.0,2.0,0.5,0.5,0.5,2.0,1.0,2.0,0.5,2.0,1.0,2.0,1.0,1.0,1.0,1.0,1.0,1.0,407.0,1.4,59.5,27.0,200,5.0,6400,200,Levitate,Grass,None,Bug Catcher,,4,0,0,0,0,4,9,5,0.0,1,454.0,0.0,Real,7.8654733,9.013455
456.0,Finneon,49,49,56,49,61,66,330,1.0,0.5,0.5,2.0,2.0,0.5,1.0,1.0,1.0,1.0,1.0,1.0,1.0,1.0,1.0,1.0,0.5,1.0,104.0,0.4,15.4,7.0,190,5.0,5120,190,Available; Storm Drain; Swift Swim; Water Veil,Water,None,Wing Fish,,4,0,0,0,0,4,12,2,0.0,4,330.0,0.0,Real,10.458918,9.940443
457.0,Lumineon,69,69,76,69,86,91,460,1.0,0.5,0.5,2.0,2.0,0.5,1.0,1.0,1.0,1.0,1.0,1.0,1.0,1.0,1.0,1.0,0.5,1.0,311.0,1.2,52.9,24.0,75,5.0,5120,75,Available; Storm Drain; Swift Swim; Water Veil,Water,None,Neon,,4,0,0,0,0,4,12,2,0.0,4,460.0,0.0,Real,6.0590396,10.699529
458.0,Mantyke,45,20,50,60,120,50,345,1.0,0.5,0.5,4.0,1.0,1.0,0.5,1.0,0.0,1.0,1.0,0.5,2.0,1.0,1.0,1.0,0.5,1.0,303.0,1.0,143.3,65.0,25,5.0,6400,25,Swift Swim; Water Absorb; Water Veil,Water,Flying,Kite,,4,0,0,0,1,5,10,2,0.0,3,345.0,0.0,Real,8.112462,8.06415
459.0,Snover,60,62,50,62,60,40,334,1.0,4.0,0.5,0.5,0.5,1.0,2.0,2.0,0.5,2.0,1.0,2.0,2.0,1.0,1.0,1.0,2.0,1.0,303.0,1.0,111.3,50.5,120,5.0,5120,120,Snow Warning; Soundproof,Grass,Ice,Frosted Tree,,4,0,0,0,0,4,7,7,0.0,2,334.0,0.0,Real,8.696394,8.392715
460.0,Abomasnow,90,92,75,92,85,60,494,1.0,4.0,0.5,0.5,0.5,1.0,2.0,2.0,0.5,2.0,1.0,2.0,2.0,1.0,1.0,1.0,2.0,1.0,703.0,2.2,298.7,135.5,60,5.0,5120,60,Snow Warning; Soundproof,Grass,Ice,Frosted Tree,Mega Abomasnow,4,0,0,0,0,4,7,7,1.0,2,494.0,0.0,Real,5.3428383,8.653101
461.0,Weavile,70,120,65,45,85,125,510,1.0,2.0,1.0,1.0,1.0,0.5,4.0,1.0,1.0,1.0,0.0,2.0,2.0,0.5,1.0,0.5,2.0,2.0,307.0,1.1,75.0,34.0,45,5.0,5120,45,Available; Pickpocket; Pressure,Dark,Ice,Sharp Claw,,4,0,0,0,1,3,8,6,0.0,3,510.0,0.0,Real,5.671582,7.4384866
462.0,Magnezone,70,70,115,130,90,60,535,0.5,2.0,1.0,0.5,0.5,0.5,2.0,0.0,4.0,0.25,0.5,0.5,0.5,1.0,0.5,1.0,0.25,0.5,311.0,1.2,396.8,180.0,30,5.0,5120,30,Analytic; Available; Magnet Pull; Sturdy,Electric,Steel,Magnet Area,,4,0,0,0,1,11,3,3,0.0,4,535.0,0.0,Real,4.0599957,6.7432547
463.0,Lickilicky,110,85,95,80,95,50,515,1.0,1.0,1.0,1.0,1.0,1.0,2.0,1.0,1.0,1.0,1.0,1.0,1.0,0.0,1.0,1.0,1.0,1.0,507.0,1.7,308.6,140.0,30,5.0,5120,30,Cloud Nine; Oblivious; Own Tempo,Normal,None,Licking,,4,0,0,0,1,0,16,1,0.0,3,515.0,0.0,Real,6.4938827,4.9794993
464.0,Rhyperior,115,140,130,55,55,40,535,0.5,0.5,4.0,0.0,4.0,2.0,2.0,0.25,2.0,0.5,1.0,1.0,0.5,1.0,1.0,1.0,2.0,1.0,710.0,2.4,623.5,282.8,30,5.0,5120,30,Lightning Rod; Reckless; Solid Rock,Ground,Rock,Drill,,4,0,0,0,1,5,6,6,0.0,3,535.0,0.0,Real,4.4545093,8.790725
465.0,Tangrowth,100,100,125,110,50,50,535,1.0,2.0,0.5,0.5,0.5,2.0,1.0,2.0,0.5,2.0,1.0,2.0,1.0,1.0,1.0,1.0,1.0,1.0,607.0,2.0,283.5,128.6,30,5.0,5120,30,Chlorophyll; Leaf Guard; Regenerator,Grass,None,Vine,,4,0,0,0,0,4,9,5,0.0,3,535.0,0.0,Real,5.1274486,9.147512
466.0,Electivire,75,123,67,95,85,95,540,1.0,1.0,1.0,0.5,1.0,1.0,1.0,1.0,2.0,0.5,1.0,1.0,1.0,1.0,1.0,1.0,0.5,1.0,511.0,1.8,305.6,138.6,30,75.4,6400,30,Available; Motor Drive; Vital Spirit,Electric,None,Thunderbolt,,4,0,0,0,0,3,14,1,0.0,3,540.0,0.0,Real,6.807531,13.609362
467.0,Magmortar,75,95,67,125,95,83,540,1.0,0.5,2.0,1.0,0.5,0.5,1.0,1.0,2.0,1.0,1.0,0.5,2.0,1.0,1.0,1.0,0.5,0.5,503.0,1.6,149.9,68.0,30,75.4,6400,30,Available; Flame Body; Vital Spirit,Fire,None,Blast,,4,0,0,0,0,6,9,3,0.0,3,540.0,0.0,Real,6.191593,13.517356
468.0,Togekiss,85,50,95,120,115,80,545,1.0,1.0,1.0,2.0,0.5,2.0,0.25,2.0,0.0,1.0,1.0,0.25,2.0,1.0,0.0,0.5,2.0,1.0,411.0,1.5,83.8,38.0,30,88.1,2560,30,Hustle; Serene Grace; Super Luck,Fairy,Flying,Jubilee,,4,0,0,0,2,4,7,5,0.0,3,545.0,0.0,Real,6.5388637,12.659146
469.0,Yanmega,86,76,86,116,56,95,515,1.0,2.0,1.0,2.0,0.25,2.0,0.25,1.0,0.0,2.0,1.0,0.5,4.0,1.0,1.0,1.0,1.0,1.0,603.0,1.9,113.5,51.5,30,5.0,5120,30,Frisk; Speed Boost; Tinted Lens,Bug,Flying,Ogre Darner,,4,0,0,0,1,3,9,5,0.0,3,515.0,0.0,Real,5.5747213,7.4319997
470.0,Leafeon,65,110,130,60,65,95,525,1.0,2.0,0.5,0.5,0.5,2.0,1.0,2.0,0.5,2.0,1.0,2.0,1.0,1.0,1.0,1.0,1.0,1.0,303.0,1.0,56.2,25.5,45,88.1,8960,45,Available; Chlorophyll; Leaf Guard,Grass,None,Verdant,,4,0,0,0,0,4,9,5,0.0,3,525.0,0.0,Real,6.784244,13.281307
471.0,Glaceon,65,60,110,130,95,65,525,1.0,2.0,1.0,1.0,1.0,0.5,2.0,1.0,1.0,1.0,1.0,1.0,2.0,1.0,1.0,1.0,2.0,1.0,207.0,0.8,57.1,25.9,45,88.1,8960,45,Available; Ice Body; Snow Cloak,Ice,None,Fresh Snow,,4,0,0,0,0,1,13,4,0.0,3,525.0,0.0,Real,6.9164915,13.330603
472.0,Gliscor,75,95,125,45,75,95,510,1.0,1.0,2.0,0.0,1.0,4.0,0.5,0.5,0.0,1.0,1.0,0.5,1.0,1.0,1.0,1.0,1.0,1.0,607.0,2.0,93.7,42.5,30,5.0,5120,30,Hyper Cutter; Poison Heal; Sand Veil,Ground,Flying,Fang Scorp,,4,0,0,0,2,3,11,2,0.0,3,510.0,0.0,Real,6.875818,6.5106483
473.0,Mamoswine,110,130,80,70,60,80,530,1.0,2.0,2.0,0.0,2.0,1.0,2.0,0.5,1.0,1.0,1.0,1.0,1.0,1.0,1.0,1.0,2.0,1.0,802.0,2.5,641.5,291.0,50,5.0,5120,50,Oblivious; Snow Cloak; Thick Fat,Ice,Ground,Twin Tusk,,4,0,0,0,1,1,11,5,0.0,3,530.0,0.0,Real,6.3805537,7.406981
474.0,Porygon-Z,85,80,70,135,75,90,535,1.0,1.0,1.0,1.0,1.0,1.0,2.0,1.0,1.0,1.0,1.0,1.0,1.0,0.0,1.0,1.0,1.0,1.0,211.0,0.9,75.0,34.0,30,5.0,5120,30,Adaptability; Analytic; Download,Normal,None,Virtual,,4,0,0,0,1,0,16,1,0.0,3,535.0,0.0,Real,6.531246,5.0498466
475.0,Gallade,68,125,65,65,115,80,518,1.0,1.0,1.0,1.0,1.0,1.0,0.5,1.0,1.0,2.0,1.0,1.0,0.5,2.0,1.0,1.0,1.0,2.0,503.0,1.6,114.6,52.0,45,10.0,5120,45,Justified; Steadfast,Psychic,Fighting,Blade,Mega Gallade,4,0,0,0,0,2,13,3,1.0,2,518.0,0.0,Real,5.5292034,10.429376
476.0,Probopass,60,55,145,75,150,40,525,0.25,1.0,2.0,1.0,1.0,0.5,4.0,0.0,4.0,0.25,0.5,0.5,0.5,1.0,0.5,1.0,1.0,0.5,407.0,1.4,749.6,340.0,60,5.0,5120,60,Available; Magnet Pull; Sand Force; Sturdy,Rock,Steel,Compass,,4,0,0,0,1,8,6,3,0.0,4,525.0,0.0,Real,4.0770025,6.8073497
477.0,Dusknoir,45,100,135,65,135,45,525,0.0,1.0,1.0,1.0,1.0,1.0,0.0,0.5,1.0,1.0,1.0,0.5,1.0,2.0,1.0,2.0,1.0,1.0,703.0,2.2,235.0,106.6,45,5.0,6400,45,Frisk; Pressure,Ghost,None,Gripper,,4,0,0,0,2,2,12,2,0.0,2,525.0,0.0,Real,6.741106,6.7034154
478.0,Froslass,70,80,70,80,70,110,480,0.0,2.0,1.0,1.0,1.0,0.5,0.0,0.5,1.0,1.0,1.0,0.5,2.0,2.0,1.0,2.0,2.0,1.0,403.0,1.3,58.6,26.6,75,0.0,5120,75,Available; Cursed Body; Snow Cloak,Ice,Ghost,Snow Land,,4,0,0,0,2,3,8,5,0.0,3,480.0,0.0,Real,5.703364,6.925388
479.0,Rotom,50,50,77,95,77,91,440,0.0,1.0,1.0,0.5,1.0,1.0,0.0,0.5,2.0,0.5,1.0,0.5,1.0,2.0,1.0,2.0,0.5,1.0,100.0,0.3,0.7,0.3,45,5.0,5120,45,Levitate,Electric,Ghost,Plasma,Heat Rotom; Wash Rotom; Frost Rotom; Fan Rotom; Mow Rotom,4,0,0,0,2,5,8,3,1.0,1,440.0,0.0,Real,5.7924943,7.037693
480.0,Uxie,75,75,130,75,130,95,580,1.0,1.0,1.0,1.0,1.0,1.0,0.5,1.0,1.0,1.0,0.5,2.0,1.0,2.0,1.0,2.0,1.0,1.0,100.0,0.3,0.7,0.3,3,5.0,20480,3,Levitate,Psychic,None,Knowledge,,4,1,0,0,0,2,13,3,0.0,1,580.0,0.0,Real,4.9755683,10.282264
481.0,Mesprit,80,105,105,105,105,80,580,1.0,1.0,1.0,1.0,1.0,1.0,0.5,1.0,1.0,1.0,0.5,2.0,1.0,2.0,1.0,2.0,1.0,1.0,100.0,0.3,0.7,0.3,3,5.0,20480,3,Levitate,Psychic,None,Emotion,,4,1,0,0,0,2,13,3,0.0,1,580.0,0.0,Real,4.9745564,10.36452
482.0,Azelf,75,125,70,125,70,115,580,1.0,1.0,1.0,1.0,1.0,1.0,0.5,1.0,1.0,1.0,0.5,2.0,1.0,2.0,1.0,2.0,1.0,1.0,100.0,0.3,0.7,0.3,3,5.0,20480,3,Levitate,Psychic,None,Willpower,,4,1,0,0,0,2,13,3,0.0,1,580.0,0.0,Real,5.166252,10.801754
483.0,Dialga,100,120,120,150,100,90,680,0.5,1.0,0.5,0.5,0.25,1.0,2.0,0.0,2.0,0.5,0.5,0.5,0.5,1.0,1.0,1.0,0.5,1.0,1709.0,5.4,1505.7,683.0,3,5.0,30720,3,Pressure; Telepathy,Steel,Dragon,Temporal,Origin Forme,4,1,0,0,1,9,6,2,1.0,2,680.0,0.0,Real,2.5052023,8.520852
484.0,Palkia,90,120,100,150,120,100,680,1.0,0.25,0.25,1.0,1.0,1.0,1.0,1.0,1.0,1.0,1.0,1.0,1.0,1.0,2.0,1.0,0.5,2.0,1309.0,4.2,740.7,336.0,3,5.0,30720,3,Pressure; Telepathy,Water,Dragon,Spatial,Origin Forme,4,1,0,0,0,3,13,2,1.0,2,680.0,0.0,Real,3.7519596,9.348862
485.0,Heatran,91,90,106,130,106,77,600,0.5,1.0,2.0,1.0,0.25,0.25,2.0,0.0,4.0,0.5,0.5,0.25,1.0,1.0,0.5,1.0,0.25,0.25,507.0,1.7,948.0,430.0,3,5.0,2560,3,Flame Body; Flash Fire; Not Available,Fire,Steel,Lava Dome,,4,1,0,0,1,9,5,3,0.0,3,600.0,0.0,Real,2.7920475,8.278151
486.0,Regigigas,110,160,110,80,110,100,670,1.0,1.0,1.0,1.0,1.0,1.0,2.0,1.0,1.0,1.0,1.0,1.0,1.0,0.0,1.0,1.0,1.0,1.0,1202.0,3.7,925.9,420.0,3,5.0,30720,3,Slow Start,Normal,None,Colossal,,4,1,0,0,1,0,16,1,0.0,1,670.0,0.0,Real,5.8788867,5.790357
487.0,Giratina,150,100,120,100,120,90,680,0.0,0.5,0.5,0.5,0.5,2.0,0.0,0.5,1.0,1.0,1.0,0.5,1.0,2.0,2.0,2.0,1.0,2.0,177.0,4.5,1433.0,750.0,3,5.0,30720,3,Available; Hidden; Levitate; Origin Forme; Origin Forme Ability; Pressure; Telepathy,Ghost,Dragon,Renegade,Altered Forme; Origin Forme,4,1,0,0,2,6,5,5,1.0,7,680.0,0.0,Real,2.3264554,8.508369
488.0,Cresselia,120,70,120,75,130,85,600,1.0,1.0,1.0,1.0,1.0,1.0,0.5,1.0,1.0,1.0,0.5,2.0,1.0,2.0,1.0,2.0,1.0,1.0,411.0,1.5,188.7,85.6,3,0.0,30720,3,Levitate,Psychic,None,Lunar,,4,1,0,0,0,2,13,3,0.0,1,600.0,0.0,Real,4.6622324,10.08189
489.0,Phione,80,80,80,80,80,80,480,1.0,0.5,0.5,2.0,2.0,0.5,1.0,1.0,1.0,1.0,1.0,1.0,1.0,1.0,1.0,1.0,0.5,1.0,104.0,0.4,6.8,3.1,30,5.0,10240,30,Hydration,Water,None,Sea Drifter,,4,0,1,0,0,4,12,2,0.0,1,480.0,0.0,Real,6.001904,10.61882
490.0,Manaphy,100,100,100,100,100,100,600,1.0,0.5,0.5,2.0,2.0,0.5,1.0,1.0,1.0,1.0,1.0,1.0,1.0,1.0,1.0,1.0,0.5,1.0,100.0,0.3,3.1,1.4,3,5.0,2560,3,Hydration,Water,None,Seafaring,,4,0,1,0,0,4,12,2,0.0,1,600.0,0.0,Real,4.8393607,10.410501
491.0,Darkrai,70,90,90,135,90,125,600,1.0,1.0,1.0,1.0,1.0,1.0,2.0,1.0,1.0,1.0,0.0,2.0,1.0,0.5,1.0,0.5,1.0,2.0,411.0,1.5,111.3,50.5,3,5.0,30720,3,Bad Dreams,Dark,None,Pitch-Black,,4,0,1,0,1,2,12,3,0.0,1,600.0,0.0,Real,5.803491,6.656419
492.0,Shaymin,100,100,100,100,100,100,600,1.0,2.0,0.5,0.5,0.5,2.0,1.0,2.0,0.5,2.0,1.0,2.0,1.0,1.0,1.0,1.0,1.0,1.0,8.0,0.2,4.6,2.1,45,5.0,30720,45,Natural Cure; Serene Grace; Sky Forme; Sky Forme Ability,Grass,None,Gratitude,Land Forme; Sky Forme,4,0,1,0,0,4,9,5,1.0,4,600.0,0.0,Real,4.706519,8.670542
493.0,Arceus,120,120,120,120,120,120,720,1.0,1.0,1.0,1.0,1.0,1.0,2.0,1.0,1.0,1.0,1.0,1.0,1.0,0.0,1.0,1.0,1.0,1.0,1006.0,3.2,705.5,320.0,3,5.0,30720,3,Multitype,Normal,None,Alpha,,4,0,1,0,1,0,16,1,0.0,1,720.0,0.0,Real,5.7947206,5.9146814
494.0,Victini,100,100,100,100,100,100,600,1.0,0.5,2.0,1.0,0.5,0.5,0.5,1.0,2.0,1.0,0.5,1.0,2.0,2.0,1.0,2.0,0.5,0.5,104.0,0.4,8.8,4.0,3,5.0,30720,3,Victory Star,Psychic,Fire,Victory,,5,0,1,0,0,7,6,5,0.0,1,600.0,0.0,Real,4.395632,8.321512
495.0,Snivy,45,45,55,45,55,63,308,1.0,2.0,0.5,0.5,0.5,2.0,1.0,2.0,0.5,2.0,1.0,2.0,1.0,1.0,1.0,1.0,1.0,1.0,200.0,0.6,17.9,8.1,45,88.1,5120,45,Contrary; Overgrow,Grass,None,Grass Snake,,5,0,0,0,0,4,9,5,0.0,2,308.0,0.0,Real,7.9502335,13.568887
496.0,Servine,60,60,75,60,75,83,413,1.0,2.0,0.5,0.5,0.5,2.0,1.0,2.0,0.5,2.0,1.0,2.0,1.0,1.0,1.0,1.0,1.0,1.0,207.0,0.8,35.3,16.0,45,88.1,5120,45,Contrary; Overgrow,Grass,None,Grass Snake,,5,0,0,0,0,4,9,5,0.0,2,413.0,0.0,Real,7.5622697,13.526077
497.0,Serperior,75,75,95,75,95,113,528,1.0,2.0,0.5,0.5,0.5,2.0,1.0,2.0,0.5,2.0,1.0,2.0,1.0,1.0,1.0,1.0,1.0,1.0,1010.0,3.3,138.9,63.0,45,88.1,5120,45,Contrary; Overgrow,Grass,None,Regal,,5,0,0,0,0,4,9,5,0.0,2,528.0,0.0,Real,6.376451,13.301711
498.0,Tepig,65,63,45,45,45,45,308,1.0,0.5,2.0,1.0,0.5,0.5,1.0,1.0,2.0,1.0,1.0,0.5,2.0,1.0,1.0,1.0,0.5,0.5,108.0,0.5,21.8,9.9,45,88.1,5120,45,Blaze; Thick Fat,Fire,None,Fire Pig,,5,0,0,0,0,6,9,3,0.0,2,308.0,0.0,Real,8.059518,14.100875
499.0,Pignite,90,93,55,70,55,55,418,1.0,0.5,2.0,1.0,0.5,0.5,1.0,1.0,2.0,2.0,2.0,0.25,1.0,1.0,1.0,0.5,0.5,1.0,303.0,1.0,122.4,55.5,45,88.1,5120,45,Blaze; Thick Fat,Fire,Fighting,Fire Pig,,5,0,0,0,0,6,8,4,0.0,2,418.0,0.0,Real,7.295916,13.665553
500.0,Emboar,110,123,65,100,65,65,528,1.0,0.5,2.0,1.0,0.5,0.5,1.0,1.0,2.0,2.0,2.0,0.25,1.0,1.0,1.0,0.5,0.5,1.0,503.0,1.6,330.7,150.0,45,88.1,5120,45,Blaze; Reckless,Fire,Fighting,Mega Fire Pig,,5,0,0,0,0,6,8,4,0.0,2,528.0,0.0,Real,6.635225,13.235452
501.0,Oshawott,55,55,45,63,45,45,308,1.0,0.5,0.5,2.0,2.0,0.5,1.0,1.0,1.0,1.0,1.0,1.0,1.0,1.0,1.0,1.0,0.5,1.0,108.0,0.5,13.0,5.9,45,88.1,5120,45,Shell Armor; Torrent,Water,None,Sea Otter,,5,0,0,0,0,4,12,2,0.0,2,308.0,0.0,Real,8.236214,14.002003
502.0,Dewott,75,75,60,83,60,60,413,1.0,0.5,0.5,2.0,2.0,0.5,1.0,1.0,1.0,1.0,1.0,1.0,1.0,1.0,1.0,1.0,0.5,1.0,207.0,0.8,54.0,24.5,45,88.1,5120,45,Shell Armor; Torrent,Water,None,Discipline,,5,0,0,0,0,4,12,2,0.0,2,413.0,0.0,Real,7.814044,14.017635
503.0,Samurott,95,100,85,108,70,70,528,1.0,0.5,0.5,2.0,2.0,0.5,1.0,1.0,1.0,1.0,1.0,1.0,1.0,1.0,1.0,1.0,0.5,1.0,411.0,1.5,208.6,94.6,45,88.1,5120,45,Shell Armor; Torrent,Water,None,Formidable,Hisuian Samurott,5,0,0,0,0,4,12,2,1.0,2,528.0,0.0,Real,6.801293,13.593375
504.0,Patrat,45,55,39,35,39,42,255,1.0,1.0,1.0,1.0,1.0,1.0,2.0,1.0,1.0,1.0,1.0,1.0,1.0,0.0,1.0,1.0,1.0,1.0,108.0,0.5,25.6,11.6,255,5.0,3840,255,Analytic; Keen Eye; Run Away,Normal,None,Scout,,5,0,0,0,1,0,16,1,0.0,3,255.0,0.0,Real,7.5809617,3.6319823
505.0,Watchog,60,85,69,60,69,77,420,1.0,1.0,1.0,1.0,1.0,1.0,2.0,1.0,1.0,1.0,1.0,1.0,1.0,0.0,1.0,1.0,1.0,1.0,307.0,1.1,59.5,27.0,255,5.0,5120,255,Analytic; Illuminate; Keen Eye,Normal,None,Lookout,,5,0,0,0,1,0,16,1,0.0,3,420.0,0.0,Real,7.143184,4.119568
506.0,Lillipup,45,60,45,25,45,55,275,1.0,1.0,1.0,1.0,1.0,1.0,2.0,1.0,1.0,1.0,1.0,1.0,1.0,0.0,1.0,1.0,1.0,1.0,104.0,0.4,9.0,4.1,255,5.0,3840,255,Available; Pickup; Run Away; Vital Spirit,Normal,None,Puppy,,5,0,0,0,1,0,16,1,0.0,4,275.0,0.0,Real,7.572223,3.645885
507.0,Herdier,65,80,65,35,65,60,370,1.0,1.0,1.0,1.0,1.0,1.0,2.0,1.0,1.0,1.0,1.0,1.0,1.0,0.0,1.0,1.0,1.0,1.0,211.0,0.9,32.4,14.7,120,5.0,3840,120,Available; Intimidate; Sand Rush; Scrappy,Normal,None,Loyal Dog,,5,0,0,0,1,0,16,1,0.0,4,370.0,0.0,Real,7.063289,4.1584163
508.0,Stoutland,85,110,90,45,90,80,500,1.0,1.0,1.0,1.0,1.0,1.0,2.0,1.0,1.0,1.0,1.0,1.0,1.0,0.0,1.0,1.0,1.0,1.0,311.0,1.2,134.5,61.0,45,5.0,3840,45,Available; Intimidate; Sand Rush; Scrappy,Normal,None,Big-Hearted,,5,0,0,0,1,0,16,1,0.0,4,500.0,0.0,Real,6.5649605,4.7275305
509.0,Purrloin,41,50,37,50,37,66,281,1.0,1.0,1.0,1.0,1.0,1.0,2.0,1.0,1.0,1.0,0.0,2.0,1.0,0.5,1.0,0.5,1.0,2.0,104.0,0.4,22.3,10.1,255,5.0,5120,255,Limber; Prankster; Unburden,Dark,None,Devious,,5,0,0,0,1,2,12,3,0.0,3,281.0,0.0,Real,9.280547,6.848352
510.0,Liepard,64,88,50,88,50,106,446,1.0,1.0,1.0,1.0,1.0,1.0,2.0,1.0,1.0,1.0,0.0,2.0,1.0,0.5,1.0,0.5,1.0,2.0,307.0,1.1,82.7,37.5,90,5.0,5120,90,Limber; Prankster; Unburden,Dark,None,Cruel,,5,0,0,0,1,2,12,3,0.0,3,446.0,0.0,Real,7.208907,6.8809605
511.0,Pansage,50,53,48,53,48,64,316,1.0,2.0,0.5,0.5,0.5,2.0,1.0,2.0,0.5,2.0,1.0,2.0,1.0,1.0,1.0,1.0,1.0,1.0,200.0,0.6,23.1,10.5,190,88.1,5120,190,Gluttony; Overgrow,Grass,None,Grass Monkey,,5,0,0,0,0,4,9,5,0.0,2,316.0,0.0,Real,8.681861,13.295859
512.0,Simisage,75,98,63,98,63,101,498,1.0,2.0,0.5,0.5,0.5,2.0,1.0,2.0,0.5,2.0,1.0,2.0,1.0,1.0,1.0,1.0,1.0,1.0,307.0,1.1,67.2,30.5,75,88.1,5120,75,Gluttony; Overgrow,Grass,None,Thorn Monkey,,5,0,0,0,0,4,9,5,0.0,2,498.0,0.0,Real,6.4781227,13.358365
513.0,Pansear,50,53,48,53,48,64,316,1.0,0.5,2.0,1.0,0.5,0.5,1.0,1.0,2.0,1.0,1.0,0.5,2.0,1.0,1.0,1.0,0.5,0.5,200.0,0.6,24.3,11.0,190,88.1,5120,190,Blaze; Gluttony,Fire,None,High Temp,,5,0,0,0,0,6,9,3,0.0,2,316.0,0.0,Real,8.803416,13.185937
514.0,Simisear,75,98,63,98,63,101,498,1.0,0.5,2.0,1.0,0.5,0.5,1.0,1.0,2.0,1.0,1.0,0.5,2.0,1.0,1.0,1.0,0.5,0.5,303.0,1.0,61.7,28.0,75,88.1,5120,75,Blaze; Gluttony,Fire,None,Ember,,5,0,0,0,0,6,9,3,0.0,2,498.0,0.0,Real,6.3371954,13.525358
515.0,Panpour,50,53,48,53,48,64,316,1.0,0.5,0.5,2.0,2.0,0.5,1.0,1.0,1.0,1.0,1.0,1.0,1.0,1.0,1.0,1.0,0.5,1.0,200.0,0.6,29.8,13.5,190,88.1,5120,190,Gluttony; Torrent,Water,None,Spray,,5,0,0,0,0,4,12,2,0.0,2,316.0,0.0,Real,9.07215,13.083876
516.0,Simipour,75,98,63,98,63,101,498,1.0,0.5,0.5,2.0,2.0,0.5,1.0,1.0,1.0,1.0,1.0,1.0,1.0,1.0,1.0,1.0,0.5,1.0,303.0,1.0,63.9,29.0,75,88.1,5120,75,Gluttony; Torrent,Water,None,Geyser,,5,0,0,0,0,4,12,2,0.0,2,498.0,0.0,Real,6.6969633,13.764366
517.0,Munna,76,25,45,67,55,24,292,1.0,1.0,1.0,1.0,1.0,1.0,0.5,1.0,1.0,1.0,0.5,2.0,1.0,2.0,1.0,2.0,1.0,1.0,200.0,0.6,51.4,23.3,190,5.0,2560,190,Forewarn; Synchronize; Telepathy,Psychic,None,Dream Eater,,5,0,0,0,0,2,13,3,0.0,3,292.0,0.0,Real,9.869775,9.743385
518.0,Musharna,116,55,85,107,95,29,487,1.0,1.0,1.0,1.0,1.0,1.0,0.5,1.0,1.0,1.0,0.5,2.0,1.0,2.0,1.0,2.0,1.0,1.0,307.0,1.1,133.4,60.5,75,5.0,2560,75,Forewarn; Synchronize; Telepathy,Psychic,None,Drowsing,,5,0,0,0,0,2,13,3,0.0,3,487.0,0.0,Real,6.361517,10.156719
519.0,Pidove,50,55,50,36,30,43,264,1.0,1.0,1.0,2.0,0.5,2.0,1.0,1.0,0.0,1.0,1.0,0.5,2.0,0.0,1.0,1.0,1.0,1.0,100.0,0.3,4.6,2.1,255,5.0,3840,255,Big Pecks; Rivalry; Super Luck,Normal,Flying,Tiny Pigeon,,5,0,0,0,2,2,11,3,0.0,3,264.0,0.0,Real,9.019146,6.4728336
520.0,Tranquill,62,77,62,50,42,65,358,1.0,1.0,1.0,2.0,0.5,2.0,1.0,1.0,0.0,1.0,1.0,0.5,2.0,0.0,1.0,1.0,1.0,1.0,200.0,0.6,33.1,15.0,120,5.0,3840,120,Big Pecks; Rivalry; Super Luck,Normal,Flying,Wild Pigeon,,5,0,0,0,2,2,11,3,0.0,3,358.0,0.0,Real,8.0749655,6.564867
521.0,Unfezant,80,115,80,65,55,93,488,1.0,1.0,1.0,2.0,0.5,2.0,1.0,1.0,0.0,1.0,1.0,0.5,2.0,0.0,1.0,1.0,1.0,1.0,311.0,1.2,63.9,29.0,45,5.0,3840,45,Big Pecks; Rivalry; Super Luck,Normal,Flying,Proud,,5,0,0,0,2,2,11,3,0.0,3,488.0,0.0,Real,6.8974957,6.4642224
522.0,Blitzle,45,60,32,50,32,76,295,1.0,1.0,1.0,0.5,1.0,1.0,1.0,1.0,2.0,0.5,1.0,1.0,1.0,1.0,1.0,1.0,0.5,1.0,207.0,0.8,65.7,29.8,190,5.0,5120,190,Lightning Rod; Motor Drive; Sap Sipper,Electric,None,Electrified,,5,0,0,0,0,3,14,1,0.0,3,295.0,0.0,Real,10.856458,9.671466
523.0,Zebstrika,75,100,63,80,63,116,497,1.0,1.0,1.0,0.5,1.0,1.0,1.0,1.0,2.0,0.5,1.0,1.0,1.0,1.0,1.0,1.0,0.5,1.0,503.0,1.6,175.3,79.5,75,5.0,5120,75,Lightning Rod; Motor Drive; Sap Sipper,Electric,None,Thunderbolt,,5,0,0,0,0,3,14,1,0.0,3,497.0,0.0,Real,5.517711,10.998806
524.0,Roggenrola,55,75,85,25,25,15,280,0.5,0.5,2.0,1.0,2.0,1.0,2.0,0.5,2.0,0.5,1.0,1.0,1.0,1.0,1.0,1.0,2.0,1.0,104.0,0.4,39.7,18.0,255,5.0,3840,255,Available; Sand Force; Sturdy; Weak Armor,Rock,None,Mantle,,5,0,0,0,0,4,9,5,0.0,4,280.0,0.0,Real,9.651387,8.32572
525.0,Boldore,70,105,105,50,40,20,390,0.5,0.5,2.0,1.0,2.0,1.0,2.0,0.5,2.0,0.5,1.0,1.0,1.0,1.0,1.0,1.0,2.0,1.0,211.0,0.9,224.9,102.0,120,5.0,3840,120,Available; Sand Force; Sturdy; Weak Armor,Rock,None,Ore,,5,0,0,0,0,4,9,5,0.0,4,390.0,0.0,Real,7.21673,8.968276
526.0,Gigalith,85,135,130,60,80,25,515,0.5,0.5,2.0,1.0,2.0,1.0,2.0,0.5,2.0,0.5,1.0,1.0,1.0,1.0,1.0,1.0,2.0,1.0,507.0,1.7,573.2,260.0,45,5.0,3840,45,Available; Sand Force; Sand Stream; Sturdy,Rock,None,Compressed,,5,0,0,0,0,4,9,5,0.0,4,515.0,0.0,Real,4.6589007,9.464671
527.0,Woobat,65,45,43,55,43,72,323,1.0,1.0,1.0,2.0,0.5,2.0,0.25,1.0,0.0,1.0,0.5,1.0,2.0,2.0,1.0,2.0,1.0,1.0,104.0,0.4,4.6,2.1,190,5.0,3840,190,Klutz; Simple; Unaware,Psychic,Flying,Bat,,5,0,0,0,1,3,9,5,0.0,3,323.0,0.0,Real,8.964504,7.634994
528.0,Swoobat,67,57,55,77,55,114,425,1.0,1.0,1.0,2.0,0.5,2.0,0.25,1.0,0.0,1.0,0.5,1.0,2.0,2.0,1.0,2.0,1.0,1.0,211.0,0.9,23.1,10.5,45,5.0,3840,45,Klutz; Simple; Unaware,Psychic,Flying,Courting,,5,0,0,0,1,3,9,5,0.0,3,425.0,0.0,Real,6.2506447,7.5374255
529.0,Drilbur,60,85,40,30,45,68,328,1.0,1.0,2.0,0.0,2.0,2.0,1.0,0.5,1.0,1.0,1.0,1.0,0.5,1.0,1.0,1.0,1.0,1.0,100.0,0.3,18.7,8.5,120,5.0,5120,120,Mold Breaker; Sand Force; Sand Rush,Ground,None,Mole,,5,0,0,0,1,2,12,3,0.0,3,328.0,0.0,Real,8.104443,6.926652
530.0,Excadrill,110,135,60,50,65,88,508,0.5,2.0,2.0,0.0,1.0,1.0,2.0,0.0,2.0,0.5,0.5,0.5,0.25,1.0,0.5,1.0,0.5,0.5,204.0,0.7,89.1,40.4,60,5.0,5120,60,Mold Breaker; Sand Force; Sand Rush,Ground,Steel,Subterrene,,5,0,0,0,2,8,4,4,0.0,3,508.0,0.0,Real,4.612169,6.5926666
531.0,Audino,103,60,86,60,86,50,445,1.0,1.0,1.0,1.0,1.0,1.0,2.0,1.0,1.0,1.0,1.0,1.0,1.0,0.0,1.0,1.0,1.0,1.0,307.0,1.1,68.3,31.0,255,5.0,5120,255,Healer; Klutz; Regenerator,Normal,None,Hearing,Mega Audino,5,0,0,0,1,0,16,1,1.0,3,445.0,0.0,Real,7.080334,4.227444
532.0,Timburr,75,80,55,25,35,35,305,1.0,1.0,1.0,1.0,1.0,1.0,1.0,1.0,1.0,2.0,2.0,0.5,0.5,1.0,1.0,0.5,1.0,2.0,200.0,0.6,27.6,12.5,180,75.4,5120,180,Guts; Iron Fist; Sheer Force,Fighting,None,Muscular,,5,0,0,0,0,3,12,3,0.0,3,305.0,0.0,Real,9.056376,12.8518505
533.0,Gurdurr,85,105,85,40,50,40,405,1.0,1.0,1.0,1.0,1.0,1.0,1.0,1.0,1.0,2.0,2.0,0.5,0.5,1.0,1.0,0.5,1.0,2.0,311.0,1.2,88.2,40.0,90,75.4,5120,90,Guts; Iron Fist; Sheer Force,Fighting,None,Muscular,,5,0,0,0,0,3,12,3,0.0,3,405.0,0.0,Real,7.689532,13.150502
534.0,Conkeldurr,105,140,95,55,65,45,505,1.0,1.0,1.0,1.0,1.0,1.0,1.0,1.0,1.0,2.0,2.0,0.5,0.5,1.0,1.0,0.5,1.0,2.0,407.0,1.4,191.8,87.0,45,75.4,5120,45,Guts; Iron Fist; Sheer Force,Fighting,None,Muscular,,5,0,0,0,0,3,12,3,0.0,3,505.0,0.0,Real,7.144375,13.063222
535.0,Tympole,50,50,40,50,40,64,294,1.0,0.5,0.5,2.0,2.0,0.5,1.0,1.0,1.0,1.0,1.0,1.0,1.0,1.0,1.0,1.0,0.5,1.0,108.0,0.5,9.9,4.5,255,5.0,5120,255,Hydration; Swift Swim; Water Absorb,Water,None,Tadpole,,5,0,0,0,0,4,12,2,0.0,3,294.0,0.0,Real,10.7137,9.7381525
536.0,Palpitoad,75,65,55,65,55,69,384,1.0,0.5,1.0,0.0,4.0,1.0,1.0,0.5,1.0,1.0,1.0,1.0,0.5,1.0,1.0,1.0,0.5,1.0,207.0,0.8,37.5,17.0,120,5.0,5120,120,Hydration; Swift Swim; Water Absorb,Water,Ground,Vibration,,5,0,0,0,1,4,12,1,0.0,3,384.0,0.0,Real,7.76681,7.31002
537.0,Seismitoad,105,95,75,85,75,74,509,1.0,0.5,1.0,0.0,4.0,1.0,1.0,0.5,1.0,1.0,1.0,1.0,0.5,1.0,1.0,1.0,0.5,1.0,411.0,1.5,136.7,62.0,45,5.0,5120,45,Poison Touch; Swift Swim; Water Absorb,Water,Ground,Vibration,,5,0,0,0,1,4,12,1,0.0,3,509.0,0.0,Real,6.9512324,7.466001
538.0,Throh,120,100,85,30,85,45,465,1.0,1.0,1.0,1.0,1.0,1.0,1.0,1.0,1.0,2.0,2.0,0.5,0.5,1.0,1.0,0.5,1.0,2.0,403.0,1.3,122.4,55.5,45,10.0,5120,45,Guts; Inner Focus; Mold Breaker,Fighting,None,Judo,,5,0,0,0,0,3,12,3,0.0,3,465.0,0.0,Real,6.103257,10.099086
539.0,Sawk,75,125,75,30,75,85,465,1.0,1.0,1.0,1.0,1.0,1.0,1.0,1.0,1.0,2.0,2.0,0.5,0.5,1.0,1.0,0.5,1.0,2.0,407.0,1.4,112.4,51.0,45,10.0,5120,45,Inner Focus; Mold Breaker; Sturdy,Fighting,None,Karate,,5,0,0,0,0,3,12,3,0.0,3,465.0,0.0,Real,5.628379,10.458673
540.0,Sewaddle,45,53,70,40,60,42,310,1.0,4.0,0.5,0.5,0.25,2.0,0.5,2.0,0.25,4.0,1.0,2.0,2.0,1.0,1.0,1.0,1.0,1.0,100.0,0.3,5.5,2.5,255,5.0,3840,255,Chlorophyll; Overcoat; Swarm,Bug,Grass,Sewing,,5,0,0,0,0,5,7,6,0.0,3,310.0,0.0,Real,9.522157,8.305963
541.0,Swadloon,55,63,90,50,80,42,380,1.0,4.0,0.5,0.5,0.25,2.0,0.5,2.0,0.25,4.0,1.0,2.0,2.0,1.0,1.0,1.0,1.0,1.0,108.0,0.5,16.1,7.3,120,5.0,3840,120,Chlorophyll; Leaf Guard; Overcoat,Bug,Grass,Leaf-Wrapped,,5,0,0,0,0,5,7,6,0.0,3,380.0,0.0,Real,7.7285333,8.632878
542.0,Leavanny,75,103,80,70,80,92,500,1.0,4.0,0.5,0.5,0.25,2.0,0.5,2.0,0.25,4.0,1.0,2.0,2.0,1.0,1.0,1.0,1.0,1.0,311.0,1.2,45.2,20.5,45,5.0,3840,45,Chlorophyll; Overcoat; Swarm,Bug,Grass,Nurturing,,5,0,0,0,0,5,7,6,0.0,3,500.0,0.0,Real,5.2709446,8.495719
543.0,Venipede,30,45,59,30,39,57,260,1.0,2.0,1.0,1.0,0.25,1.0,0.25,0.5,1.0,2.0,2.0,0.5,2.0,1.0,1.0,1.0,1.0,0.5,104.0,0.4,11.7,5.3,255,5.0,3840,255,Poison Point; Speed Boost; Swarm,Bug,Poison,Centipede,,5,0,0,0,0,5,9,4,0.0,3,260.0,0.0,Real,9.737018,8.447377
544.0,Whirlipede,40,55,99,40,79,47,360,1.0,2.0,1.0,1.0,0.25,1.0,0.25,0.5,1.0,2.0,2.0,0.5,2.0,1.0,1.0,1.0,1.0,0.5,311.0,1.2,129.0,58.5,120,5.0,3840,120,Poison Point; Speed Boost; Swarm,Bug,Poison,Curlipede,,5,0,0,0,0,5,9,4,0.0,3,360.0,0.0,Real,8.0618925,8.993857
545.0,Scolipede,60,100,89,55,69,112,485,1.0,2.0,1.0,1.0,0.25,1.0,0.25,0.5,1.0,2.0,2.0,0.5,2.0,1.0,1.0,1.0,1.0,0.5,802.0,2.5,442.0,200.5,45,5.0,5120,45,Poison Point; Speed Boost; Swarm,Bug,Poison,Megapede,,5,0,0,0,0,5,9,4,0.0,3,485.0,0.0,Real,5.1982555,9.652696
546.0,Cottonee,40,27,60,37,50,66,280,1.0,2.0,0.5,0.5,0.5,2.0,0.5,4.0,0.5,2.0,1.0,1.0,1.0,1.0,0.0,0.5,2.0,1.0,100.0,0.3,1.3,0.6,190,5.0,5120,190,Available; Chlorophyll; Infiltrator; Prankster,Grass,Fairy,Cotton Puff,,5,0,0,0,1,6,6,5,0.0,4,280.0,0.0,Real,9.051427,7.7132535
547.0,Whimsicott,60,67,85,77,75,116,480,1.0,2.0,0.5,0.5,0.5,2.0,0.5,4.0,0.5,2.0,1.0,1.0,1.0,1.0,0.0,0.5,2.0,1.0,204.0,0.7,14.6,6.6,75,5.0,5120,75,Available; Chlorophyll; Infiltrator; Prankster,Grass,Fairy,Windveiled,,5,0,0,0,1,6,6,5,0.0,4,480.0,0.0,Real,5.7761445,7.4048843
548.0,Petilil,45,35,50,70,50,30,280,1.0,2.0,0.5,0.5,0.5,2.0,1.0,2.0,0.5,2.0,1.0,2.0,1.0,1.0,1.0,1.0,1.0,1.0,108.0,0.5,14.6,6.6,190,0.0,5120,190,Available; Chlorophyll; Leaf Guard; Own Tempo,Grass,None,Bulb,,5,0,0,0,0,4,9,5,0.0,4,280.0,0.0,Real,9.5057955,8.534725
549.0,Lilligant,70,60,75,110,75,90,480,1.0,2.0,0.5,0.5,0.5,2.0,1.0,2.0,0.5,2.0,1.0,2.0,1.0,1.0,1.0,1.0,1.0,1.0,307.0,1.1,35.9,16.3,75,0.0,5120,75,Available; Chlorophyll; Leaf Guard; Own Tempo,Grass,None,Flowering,Hisuian Lilligant,5,0,0,0,0,4,9,5,1.0,4,480.0,0.0,Real,6.324765,8.8399315
550.0,Basculin,70,92,65,80,55,98,460,1.0,0.5,0.5,2.0,2.0,0.5,1.0,1.0,1.0,1.0,1.0,1.0,1.0,1.0,1.0,1.0,0.5,1.0,303.0,1.0,39.7,18.0,25,5.0,10240,25,Adaptability; Both Forms; Dream World; Dream World Ability; Mold Breaker; Reckless; Rock Head,Water,None,Hostile,Red-Striped Form; Blue-Striped Form; White-Striped Form,5,0,0,0,0,4,12,2,1.0,7,460.0,0.0,Real,5.746922,10.886261
551.0,Sandile,50,72,35,35,35,65,292,1.0,1.0,2.0,0.0,2.0,2.0,2.0,0.5,1.0,1.0,0.0,2.0,0.5,0.5,1.0,0.5,1.0,2.0,204.0,0.7,33.5,15.2,180,5.0,5120,180,Anger Point; Available; Intimidate; Moxie,Ground,Dark,Desert Croc,,5,0,0,0,2,4,6,6,0.0,4,292.0,0.0,Real,8.563458,7.4741535
552.0,Krokorok,60,82,45,45,45,74,351,1.0,1.0,2.0,0.0,2.0,2.0,2.0,0.5,1.0,1.0,0.0,2.0,0.5,0.5,1.0,0.5,1.0,2.0,303.0,1.0,73.6,33.4,90,5.0,5120,90,Anger Point; Available; Intimidate; Moxie,Ground,Dark,Desert Croc,,5,0,0,0,2,4,6,6,0.0,4,351.0,0.0,Real,8.475573,7.487881
553.0,Krookodile,95,117,80,65,70,92,519,1.0,1.0,2.0,0.0,2.0,2.0,2.0,0.5,1.0,1.0,0.0,2.0,0.5,0.5,1.0,0.5,1.0,2.0,411.0,1.5,212.3,96.3,45,5.0,5120,45,Anger Point; Available; Intimidate; Moxie,Ground,Dark,Intimidation,,5,0,0,0,2,4,6,6,0.0,4,519.0,0.0,Real,5.2490683,6.885545
554.0,Darumaka,70,90,45,15,45,50,315,1.0,0.5,2.0,1.0,0.5,0.5,1.0,1.0,2.0,1.0,1.0,0.5,2.0,1.0,1.0,1.0,0.5,0.5,200.0,0.6,82.7,37.5,120,5.0,5120,120,Hustle; Inner Focus,Fire,None,Zen Charm,Galarian Darumaka,5,0,0,0,0,6,9,3,1.0,2,315.0,0.0,Real,8.312956,9.092074
555.0,Darmanitan,105,140,55,30,55,95,480,1.0,0.5,2.0,1.0,0.5,0.5,1.0,1.0,2.0,1.0,1.0,0.5,2.0,1.0,1.0,1.0,0.5,0.5,403.0,1.3,204.8,92.9,60,5.0,5120,60,Sheer Force; Zen Mode,Fire,None,Blazing (Unovan)Zen Charmn (Galarian),Standard Mode; Zen Mode; Galarian Standard Mode; Galarian Zen Mode,5,0,0,0,0,6,9,3,1.0,2,480.0,0.0,Real,5.3602314,10.194719
556.0,Maractus,75,86,67,106,67,60,461,1.0,2.0,0.5,0.5,0.5,2.0,1.0,2.0,0.5,2.0,1.0,2.0,1.0,1.0,1.0,1.0,1.0,1.0,303.0,1.0,61.7,28.0,255,5.0,5120,255,Chlorophyll; Storm Drain; Water Absorb,Grass,None,Cactus,,5,0,0,0,0,4,9,5,0.0,3,461.0,0.0,Real,8.1155,9.17708
557.0,Dwebble,50,65,85,35,35,55,325,0.5,1.0,2.0,1.0,1.0,1.0,1.0,0.5,1.0,1.0,1.0,1.0,2.0,1.0,1.0,1.0,2.0,1.0,100.0,0.3,32.0,14.5,190,5.0,5120,190,Shell Armor; Sturdy; Weak Armor,Bug,Rock,Rock Inn,,5,0,0,0,0,2,13,3,0.0,3,325.0,0.0,Real,10.250717,9.623609
558.0,Crustle,70,105,125,65,75,45,485,0.5,1.0,2.0,1.0,1.0,1.0,1.0,0.5,1.0,1.0,1.0,1.0,2.0,1.0,1.0,1.0,2.0,1.0,407.0,1.4,440.9,200.0,75,5.0,5120,75,Shell Armor; Sturdy; Weak Armor,Bug,Rock,Stone Home,,5,0,0,0,0,2,13,3,0.0,3,485.0,0.0,Real,5.11163,9.971245
559.0,Scraggy,50,75,70,35,70,48,348,1.0,1.0,1.0,1.0,1.0,1.0,2.0,1.0,1.0,2.0,0.0,1.0,0.5,0.5,1.0,0.25,1.0,4.0,200.0,0.6,26.0,11.8,180,5.0,3840,180,Intimidate; Moxie; Shed Skin,Dark,Fighting,Shedding,,5,0,0,0,1,3,11,3,0.0,3,348.0,0.0,Real,8.411713,7.060348
560.0,Scrafty,65,90,115,45,115,58,488,1.0,1.0,1.0,1.0,1.0,1.0,2.0,1.0,1.0,2.0,0.0,1.0,0.5,0.5,1.0,0.25,1.0,4.0,307.0,1.1,66.1,30.0,90,5.0,3840,90,Intimidate; Moxie; Shed Skin,Dark,Fighting,Hoodlum,,5,0,0,0,1,3,11,3,0.0,3,488.0,0.0,Real,6.6728745,7.1710153
561.0,Sigilyph,72,58,80,103,80,97,490,1.0,1.0,1.0,2.0,0.5,2.0,0.25,1.0,0.0,1.0,0.5,1.0,2.0,2.0,1.0,2.0,1.0,1.0,407.0,1.4,30.9,14.0,45,5.0,5120,45,Magic Guard; Tinted Lens; Wonder Skin,Psychic,Flying,Avianoid,,5,0,0,0,1,3,9,5,0.0,3,490.0,0.0,Real,5.981246,7.576043
562.0,Yamask,38,30,85,55,65,30,303,0.0,1.0,1.0,1.0,1.0,1.0,0.0,0.5,1.0,1.0,1.0,0.5,1.0,2.0,1.0,2.0,1.0,1.0,108.0,0.5,3.3,1.5,190,5.0,6400,190,Mummy,Ghost,None,Spirit,Galarian Yamask,5,0,0,0,2,2,12,2,1.0,1,303.0,0.0,Real,8.661291,6.6512175
563.0,Cofagrigus,58,50,145,95,105,30,483,0.0,1.0,1.0,1.0,1.0,1.0,0.0,0.5,1.0,1.0,1.0,0.5,1.0,2.0,1.0,2.0,1.0,1.0,507.0,1.7,168.7,76.5,90,5.0,6400,90,Mummy,Ghost,None,Coffin,,5,0,0,0,2,2,12,2,0.0,1,483.0,0.0,Real,6.7164245,6.6802983
564.0,Tirtouga,54,78,103,53,45,22,355,0.5,0.25,1.0,2.0,4.0,0.5,2.0,0.5,2.0,0.5,1.0,1.0,1.0,1.0,1.0,1.0,1.0,1.0,204.0,0.7,36.4,16.5,45,88.1,7680,45,Solid Rock; Sturdy; Swift Swim,Water,Rock,Prototurtle,,5,0,0,0,0,5,9,4,0.0,3,355.0,0.0,Real,7.6439056,13.560585
565.0,Carracosta,74,108,133,83,65,32,495,0.5,0.25,1.0,2.0,4.0,0.5,2.0,0.5,2.0,0.5,1.0,1.0,1.0,1.0,1.0,1.0,1.0,1.0,311.0,1.2,178.6,81.0,45,88.1,7680,45,Solid Rock; Sturdy; Swift Swim,Water,Rock,Prototurtle,,5,0,0,0,0,5,9,4,0.0,3,495.0,0.0,Real,7.0385265,12.988776
566.0,Archen,55,112,45,74,45,70,401,0.5,0.5,2.0,2.0,1.0,2.0,1.0,0.5,0.0,0.5,1.0,0.5,2.0,1.0,1.0,1.0,2.0,1.0,108.0,0.5,20.9,9.5,45,88.1,7680,45,Defeatist,Rock,Flying,First Bird,,5,0,0,0,1,5,7,5,0.0,1,401.0,0.0,Real,7.3837447,13.684113
567.0,Archeops,75,140,65,112,65,110,567,0.5,0.5,2.0,2.0,1.0,2.0,1.0,0.5,0.0,0.5,1.0,0.5,2.0,1.0,1.0,1.0,2.0,1.0,407.0,1.4,70.5,32.0,45,88.1,7680,45,Defeatist,Rock,Flying,First Bird,,5,0,0,0,1,5,7,5,0.0,1,567.0,0.0,Real,6.229289,13.352248
568.0,Trubbish,50,50,62,40,62,65,329,1.0,1.0,1.0,1.0,0.5,1.0,0.5,0.5,2.0,1.0,2.0,0.5,1.0,1.0,1.0,1.0,1.0,0.5,200.0,0.6,68.3,31.0,190,5.0,5120,190,Aftermath; Available; Stench; Sticky Hold,Poison,None,Trash Bag,,5,0,0,0,0,5,11,2,0.0,4,329.0,0.0,Real,10.451311,9.932083
569.0,Garbodor,80,95,82,60,82,75,474,1.0,1.0,1.0,1.0,0.5,1.0,0.5,0.5,2.0,1.0,2.0,0.5,1.0,1.0,1.0,1.0,1.0,0.5,603.0,1.9,236.6,107.3,60,5.0,5120,60,Aftermath; Available; Stench; Weak Armor,Poison,None,Trash Heap,,5,0,0,0,0,5,11,2,0.0,4,474.0,0.0,Real,5.7879505,10.351806
570.0,Zorua,40,65,40,80,40,65,330,1.0,1.0,1.0,1.0,1.0,1.0,2.0,1.0,1.0,1.0,0.0,2.0,1.0,0.5,1.0,0.5,1.0,2.0,204.0,0.7,27.6,12.5,75,88.1,6400,75,Illusion,Dark,None,Tricky Fox,Hisuian Zorua,5,0,0,0,1,2,12,3,1.0,1,330.0,0.0,Real,8.168982,13.968815
571.0,Zoroark,60,105,60,120,60,105,510,1.0,1.0,1.0,1.0,1.0,1.0,2.0,1.0,1.0,1.0,0.0,2.0,1.0,0.5,1.0,0.5,1.0,2.0,503.0,1.6,178.8,81.1,45,88.1,5120,45,Illusion,Dark,None,Illusion Fox,Hisuian Zoroark,5,0,0,0,1,2,12,3,1.0,1,510.0,0.0,Real,6.542278,13.690835
572.0,Minccino,55,50,40,40,40,75,300,1.0,1.0,1.0,1.0,1.0,1.0,2.0,1.0,1.0,1.0,1.0,1.0,1.0,0.0,1.0,1.0,1.0,1.0,104.0,0.4,12.8,5.8,255,24.6,3840,255,Cute Charm; Skill Link; Technician,Normal,None,Chinchilla,,5,0,0,0,1,0,16,1,0.0,3,300.0,0.0,Real,7.4932556,3.7174945
573.0,Cinccino,75,95,60,65,60,115,470,1.0,1.0,1.0,1.0,1.0,1.0,2.0,1.0,1.0,1.0,1.0,1.0,1.0,0.0,1.0,1.0,1.0,1.0,108.0,0.5,16.5,7.5,60,24.6,3840,60,Cute Charm; Skill Link; Technician,Normal,None,Scarf,,5,0,0,0,1,0,16,1,0.0,3,470.0,0.0,Real,6.7152476,4.4711356
574.0,Gothita,45,30,50,55,65,45,290,1.0,1.0,1.0,1.0,1.0,1.0,0.5,1.0,1.0,1.0,0.5,2.0,1.0,2.0,1.0,2.0,1.0,1.0,104.0,0.4,12.8,5.8,200,24.6,5120,200,Competitive; Frisk; Shadow Tag,Psychic,None,Fixation,,5,0,0,0,0,2,13,3,0.0,3,290.0,0.0,Real,9.822873,9.759772
575.0,Gothorita,60,45,70,75,85,55,390,1.0,1.0,1.0,1.0,1.0,1.0,0.5,1.0,1.0,1.0,0.5,2.0,1.0,2.0,1.0,2.0,1.0,1.0,204.0,0.7,39.7,18.0,100,24.6,5120,100,Competitive; Frisk; Shadow Tag,Psychic,None,Manipulate,,5,0,0,0,0,2,13,3,0.0,3,390.0,0.0,Real,7.9210396,10.090814
576.0,Gothitelle,70,55,95,95,110,65,490,1.0,1.0,1.0,1.0,1.0,1.0,0.5,1.0,1.0,1.0,0.5,2.0,1.0,2.0,1.0,2.0,1.0,1.0,411.0,1.5,97.0,44.0,50,24.6,5120,50,Competitive; Frisk; Shadow Tag,Psychic,None,Astral Body,,5,0,0,0,0,2,13,3,0.0,3,490.0,0.0,Real,6.402853,10.430487
577.0,Solosis,45,30,40,105,50,20,290,1.0,1.0,1.0,1.0,1.0,1.0,0.5,1.0,1.0,1.0,0.5,2.0,1.0,2.0,1.0,2.0,1.0,1.0,100.0,0.3,2.2,1.0,200,5.0,5120,200,Magic Guard; Overcoat; Regenerator,Psychic,None,Cell,,5,0,0,0,0,2,13,3,0.0,3,290.0,0.0,Real,9.944072,9.8589735
578.0,Duosion,65,40,50,125,60,30,370,1.0,1.0,1.0,1.0,1.0,1.0,0.5,1.0,1.0,1.0,0.5,2.0,1.0,2.0,1.0,2.0,1.0,1.0,200.0,0.6,17.6,8.0,100,5.0,5120,100,Magic Guard; Overcoat; Regenerator,Psychic,None,Mitosis,,5,0,0,0,0,2,13,3,0.0,3,370.0,0.0,Real,8.025633,10.129963
579.0,Reuniclus,110,65,75,125,85,30,490,1.0,1.0,1.0,1.0,1.0,1.0,0.5,1.0,1.0,1.0,0.5,2.0,1.0,2.0,1.0,2.0,1.0,1.0,303.0,1.0,44.3,20.1,50,5.0,5120,50,Magic Guard; Overcoat; Regenerator,Psychic,None,Multiplying,,5,0,0,0,0,2,13,3,0.0,3,490.0,0.0,Real,6.5214357,10.39661
580.0,Ducklett,62,44,50,44,50,55,305,1.0,0.5,0.5,4.0,1.0,1.0,0.5,1.0,0.0,1.0,1.0,0.5,2.0,1.0,1.0,1.0,0.5,1.0,108.0,0.5,12.1,5.5,190,5.0,5120,190,Big Pecks; Hydration; Keen Eye,Water,Flying,Water Bird,,5,0,0,0,1,5,10,2,0.0,3,305.0,0.0,Real,9.163486,7.162865
581.0,Swanna,75,87,63,87,63,98,473,1.0,0.5,0.5,4.0,1.0,1.0,0.5,1.0,0.0,1.0,1.0,0.5,2.0,1.0,1.0,1.0,0.5,1.0,403.0,1.3,53.4,24.2,45,5.0,5120,45,Big Pecks; Hydration; Keen Eye,Water,Flying,White Bird,,5,0,0,0,1,5,10,2,0.0,3,473.0,0.0,Real,6.375837,7.185452
582.0,Vanillite,36,50,50,65,60,44,305,1.0,2.0,1.0,1.0,1.0,0.5,2.0,1.0,1.0,1.0,1.0,1.0,2.0,1.0,1.0,1.0,2.0,1.0,104.0,0.4,12.6,5.7,255,5.0,5120,255,Available; Ice Body; Snow Cloak; Weak Armor,Ice,None,Fresh Snow,,5,0,0,0,0,1,13,4,0.0,4,305.0,0.0,Real,9.879892,9.618242
583.0,Vanillish,51,65,65,80,75,59,395,1.0,2.0,1.0,1.0,1.0,0.5,2.0,1.0,1.0,1.0,1.0,1.0,2.0,1.0,1.0,1.0,2.0,1.0,307.0,1.1,90.4,41.0,120,5.0,5120,120,Available; Ice Body; Snow Cloak; Weak Armor,Ice,None,Icy Snow,,5,0,0,0,0,1,13,4,0.0,4,395.0,0.0,Real,7.9513483,10.120216
584.0,Vanilluxe,71,95,85,110,95,79,535,1.0,2.0,1.0,1.0,1.0,0.5,2.0,1.0,1.0,1.0,1.0,1.0,2.0,1.0,1.0,1.0,2.0,1.0,403.0,1.3,126.8,57.5,45,5.0,5120,45,Available; Ice Body; Snow Warning; Weak Armor,Ice,None,Snowstorm,,5,0,0,0,0,1,13,4,0.0,4,535.0,0.0,Real,5.0645576,10.26126
585.0,Deerling,60,60,50,40,50,75,335,1.0,2.0,0.5,0.5,0.5,2.0,2.0,2.0,0.5,2.0,1.0,2.0,1.0,0.0,1.0,1.0,1.0,1.0,200.0,0.6,43.0,19.5,190,5.0,5120,190,Chlorophyll; Sap Sipper; Serene Grace,Normal,Grass,Season,,5,0,0,0,1,4,7,6,0.0,3,335.0,0.0,Real,8.913173,7.6993723
586.0,Sawsbuck,80,100,70,60,70,95,475,1.0,2.0,0.5,0.5,0.5,2.0,2.0,2.0,0.5,2.0,1.0,2.0,1.0,0.0,1.0,1.0,1.0,1.0,603.0,1.9,203.9,92.5,75,5.0,5120,75,Chlorophyll; Sap Sipper; Serene Grace,Normal,Grass,Season,,5,0,0,0,1,4,7,6,0.0,3,475.0,0.0,Real,5.6684923,7.547388
587.0,Emolga,55,75,60,75,60,103,428,1.0,1.0,1.0,1.0,0.5,2.0,0.5,1.0,0.0,0.5,1.0,0.5,2.0,1.0,1.0,1.0,0.5,1.0,104.0,0.4,11.0,5.0,200,5.0,5120,200,Available; Motor Drive; Static,Electric,Flying,Sky Squirrel,,5,0,0,0,1,5,10,2,0.0,3,428.0,0.0,Real,7.595277,7.321722
588.0,Karrablast,50,75,45,40,45,60,315,1.0,2.0,1.0,1.0,0.5,1.0,0.5,1.0,0.5,2.0,1.0,1.0,2.0,1.0,1.0,1.0,1.0,1.0,108.0,0.5,13.0,5.9,200,5.0,3840,200,No Guard; Shed Skin; Swarm,Bug,None,Clamping,,5,0,0,0,0,3,12,3,0.0,3,315.0,0.0,Real,10.320808,9.767951
589.0,Escavalier,70,135,105,60,105,20,495,0.5,4.0,1.0,1.0,0.25,0.5,1.0,0.0,1.0,1.0,0.5,0.5,1.0,1.0,0.5,1.0,0.5,0.5,303.0,1.0,72.8,33.0,75,5.0,3840,75,Overcoat; Shell Armor; Swarm,Bug,Steel,Cavalry,,5,0,0,0,1,8,8,1,0.0,3,495.0,0.0,Real,4.2430162,6.410409
590.0,Foongus,69,55,45,55,55,15,294,1.0,2.0,0.5,0.5,0.25,2.0,0.5,1.0,1.0,2.0,2.0,1.0,1.0,1.0,1.0,1.0,1.0,0.5,8.0,0.2,2.2,1.0,190,5.0,5120,190,Effect Spore; Regenerator,Grass,Poison,Mushroom,,5,0,0,0,0,5,9,4,0.0,2,294.0,0.0,Real,9.56484,8.706337
591.0,Amoonguss,114,85,70,85,80,30,464,1.0,2.0,0.5,0.5,0.25,2.0,0.5,1.0,1.0,2.0,2.0,1.0,1.0,1.0,1.0,1.0,1.0,0.5,200.0,0.6,23.1,10.5,75,5.0,5120,75,Effect Spore; Regenerator,Grass,Poison,Mushroom,,5,0,0,0,0,5,9,4,0.0,2,464.0,0.0,Real,6.273301,9.113203
592.0,Frillish,55,40,50,65,85,40,335,0.0,0.5,0.5,2.0,2.0,0.5,0.0,0.5,1.0,1.0,1.0,0.5,1.0,2.0,1.0,2.0,0.5,1.0,311.0,1.2,72.8,33.0,190,5.0,5120,190,Cursed Body; Damp; Water Absorb,Water,Ghost,Floating,,5,0,0,0,2,6,6,4,0.0,3,335.0,0.0,Real,8.539087,7.6277475
593.0,Jellicent,100,60,70,85,105,60,480,0.0,0.5,0.5,2.0,2.0,0.5,0.0,0.5,1.0,1.0,1.0,0.5,1.0,2.0,1.0,2.0,0.5,1.0,703.0,2.2,297.6,135.0,60,5.0,5120,60,Cursed Body; Damp; Water Absorb,Water,Ghost,Floating,,5,0,0,0,2,6,6,4,0.0,3,480.0,0.0,Real,4.929377,7.022402
594.0,Alomomola,165,75,80,40,45,65,470,1.0,0.5,0.5,2.0,2.0,0.5,1.0,1.0,1.0,1.0,1.0,1.0,1.0,1.0,1.0,1.0,0.5,1.0,311.0,1.2,69.7,31.6,75,5.0,10240,75,Available; Healer; Hydration; Regenerator,Water,None,Caring,,5,0,0,0,0,4,12,2,0.0,4,470.0,0.0,Real,6.3617916,9.697692
595.0,Joltik,50,47,50,57,50,65,319,1.0,2.0,1.0,0.5,0.5,1.0,0.5,1.0,1.0,1.0,1.0,1.0,2.0,1.0,1.0,1.0,0.5,1.0,4.0,0.1,1.3,0.6,190,5.0,5120,190,Compound Eyes; Swarm; Unnerve,Bug,Electric,Attaching,,5,0,0,0,0,4,12,2,0.0,3,319.0,0.0,Real,10.5876255,9.840516
596.0,Galvantula,70,77,60,97,60,108,472,1.0,2.0,1.0,0.5,0.5,1.0,0.5,1.0,1.0,1.0,1.0,1.0,2.0,1.0,1.0,1.0,0.5,1.0,207.0,0.8,31.5,14.3,75,5.0,5120,75,Compound Eyes; Swarm; Unnerve,Bug,Electric,EleSpider,,5,0,0,0,0,4,12,2,0.0,3,472.0,0.0,Real,5.656298,10.99627
597.0,Ferroseed,44,50,91,24,86,10,305,0.5,4.0,0.5,0.5,0.25,1.0,2.0,0.0,1.0,1.0,0.5,1.0,0.5,1.0,0.5,1.0,0.5,0.5,200.0,0.6,41.4,18.8,255,5.0,5120,255,Iron Barbs,Grass,Steel,Thorn Seed,,5,0,0,0,1,9,6,2,0.0,1,305.0,0.0,Real,4.6351786,5.7050447
598.0,Ferrothorn,74,94,131,54,116,20,489,0.5,4.0,0.5,0.5,0.25,1.0,2.0,0.0,1.0,1.0,0.5,1.0,0.5,1.0,0.5,1.0,0.5,0.5,303.0,1.0,242.5,110.0,90,5.0,5120,90,Anticipation; Iron Barbs,Grass,Steel,Thorn Pod,,5,0,0,0,1,9,6,2,0.0,2,489.0,0.0,Real,4.190287,6.448803
599.0,Klink,40,55,70,45,60,30,300,0.5,2.0,1.0,1.0,0.5,0.5,2.0,0.0,2.0,0.5,0.5,0.5,0.5,1.0,0.5,1.0,0.5,0.5,100.0,0.3,46.3,21.0,130,5.0,5120,130,Clear Body; Minus; Plus,Steel,None,Gear,,5,0,0,0,1,10,4,3,0.0,3,300.0,0.0,Real,4.505783,5.8028626
600.0,Klang,60,80,95,70,85,50,440,0.5,2.0,1.0,1.0,0.5,0.5,2.0,0.0,2.0,0.5,0.5,0.5,0.5,1.0,0.5,1.0,0.5,0.5,200.0,0.6,112.4,51.0,60,5.0,5120,60,Clear Body; Minus; Plus,Steel,None,Gear,,5,0,0,0,1,10,4,3,0.0,3,440.0,0.0,Real,4.2447157,6.2555933
601.0,Klinklang,60,100,115,70,85,90,520,0.5,2.0,1.0,1.0,0.5,0.5,2.0,0.0,2.0,0.5,0.5,0.5,0.5,1.0,0.5,1.0,0.5,0.5,200.0,0.6,178.6,81.0,30,5.0,5120,30,Clear Body; Minus; Plus,Steel,None,Gear,,5,0,0,0,1,10,4,3,0.0,3,520.0,0.0,Real,4.224787,6.407584
602.0,Tynamo,35,55,40,45,40,60,275,1.0,1.0,1.0,0.5,1.0,1.0,1.0,1.0,2.0,0.5,1.0,1.0,1.0,1.0,1.0,1.0,0.5,1.0,8.0,0.2,0.7,0.3,190,5.0,5120,190,Levitate,Electric,None,EleFish,,5,0,0,0,0,3,14,1,0.0,1,275.0,0.0,Real,10.86242,9.678871
603.0,Eelektrik,65,85,70,75,70,40,405,1.0,1.0,1.0,0.5,1.0,1.0,1.0,1.0,2.0,0.5,1.0,1.0,1.0,1.0,1.0,1.0,0.5,1.0,311.0,1.2,48.5,22.0,60,5.0,5120,60,Levitate,Electric,None,EleFish,,5,0,0,0,0,3,14,1,0.0,1,405.0,0.0,Real,6.9835653,10.529977
604.0,Eelektross,85,115,80,105,80,50,515,1.0,1.0,1.0,0.5,1.0,1.0,1.0,1.0,2.0,0.5,1.0,1.0,1.0,1.0,1.0,1.0,0.5,1.0,611.0,2.1,177.5,80.5,30,5.0,5120,30,Levitate,Electric,None,EleFish,,5,0,0,0,0,3,14,1,0.0,1,515.0,0.0,Real,5.979287,10.608921
605.0,Elgyem,55,55,55,85,55,30,335,1.0,1.0,1.0,1.0,1.0,1.0,0.5,1.0,1.0,1.0,0.5,2.0,1.0,2.0,1.0,2.0,1.0,1.0,108.0,0.5,19.8,9.0,255,5.0,5120,255,Analytic; Synchronize; Telepathy,Psychic,None,Cerebral,,5,0,0,0,0,2,13,3,0.0,3,335.0,0.0,Real,9.938975,9.871152
606.0,Beheeyem,75,75,75,125,95,40,485,1.0,1.0,1.0,1.0,1.0,1.0,0.5,1.0,1.0,1.0,0.5,2.0,1.0,2.0,1.0,2.0,1.0,1.0,303.0,1.0,76.1,34.5,90,5.0,5120,90,Analytic; Synchronize; Telepathy,Psychic,None,Cerebral,,5,0,0,0,0,2,13,3,0.0,3,485.0,0.0,Real,6.366551,10.399737
607.0,Litwick,50,30,55,65,55,20,275,0.0,0.5,2.0,1.0,0.5,0.5,0.0,0.5,2.0,1.0,1.0,0.25,2.0,2.0,1.0,2.0,0.5,0.5,100.0,0.3,6.8,3.1,190,5.0,5120,190,Flame Body; Flash Fire; Infiltrator,Ghost,Fire,Candle,,5,0,0,0,2,7,4,5,0.0,3,275.0,0.0,Real,8.674989,7.630923
608.0,Lampent,60,40,60,95,60,55,370,0.0,0.5,2.0,1.0,0.5,0.5,0.0,0.5,2.0,1.0,1.0,0.25,2.0,2.0,1.0,2.0,0.5,0.5,200.0,0.6,28.7,13.0,90,5.0,5120,90,Flame Body; Flash Fire; Infiltrator,Ghost,Fire,Lamp,,5,0,0,0,2,7,4,5,0.0,3,370.0,0.0,Real,8.52302,7.581887
609.0,Chandelure,60,55,90,145,90,80,520,0.0,0.5,2.0,1.0,0.5,0.5,0.0,0.5,2.0,1.0,1.0,0.25,2.0,2.0,1.0,2.0,0.5,0.5,303.0,1.0,75.6,34.3,45,5.0,5120,45,Flame Body; Flash Fire; Infiltrator,Ghost,Fire,Luring,,5,0,0,0,2,7,4,5,0.0,3,520.0,0.0,Real,4.826725,6.9973483
610.0,Axew,46,87,60,30,40,57,320,1.0,0.5,0.5,0.5,0.5,2.0,1.0,1.0,1.0,1.0,1.0,1.0,1.0,1.0,2.0,1.0,1.0,2.0,200.0,0.6,39.7,18.0,75,5.0,10240,75,Mold Breaker; Rivalry; Unnerve,Dragon,None,Tusk,,5,0,0,0,0,4,11,3,0.0,3,320.0,0.0,Real,8.287088,9.125948
611.0,Fraxure,66,117,70,40,50,67,410,1.0,0.5,0.5,0.5,0.5,2.0,1.0,1.0,1.0,1.0,1.0,1.0,1.0,1.0,2.0,1.0,1.0,2.0,303.0,1.0,79.4,36.0,60,5.0,10240,60,Mold Breaker; Rivalry; Unnerve,Dragon,None,Axe Jaw,,5,0,0,0,0,4,11,3,0.0,3,410.0,0.0,Real,6.562955,9.982451
612.0,Haxorus,76,147,90,60,70,97,540,1.0,0.5,0.5,0.5,0.5,2.0,1.0,1.0,1.0,1.0,1.0,1.0,1.0,1.0,2.0,1.0,1.0,2.0,511.0,1.8,232.6,105.5,45,5.0,10240,45,Mold Breaker; Rivalry; Unnerve,Dragon,None,Axe Jaw,,5,0,0,0,0,4,11,3,0.0,3,540.0,0.0,Real,5.2614155,10.258048
613.0,Cubchoo,55,70,40,60,40,40,305,1.0,2.0,1.0,1.0,1.0,0.5,2.0,1.0,1.0,1.0,1.0,1.0,2.0,1.0,1.0,1.0,2.0,1.0,108.0,0.5,18.7,8.5,120,5.0,5120,120,Rattled; Slush Rush; Snow Cloak,Ice,None,Chill,,5,0,0,0,0,1,13,4,0.0,3,305.0,0.0,Real,9.203703,9.597747
614.0,Beartic,95,130,80,70,80,50,505,1.0,2.0,1.0,1.0,1.0,0.5,2.0,1.0,1.0,1.0,1.0,1.0,2.0,1.0,1.0,1.0,2.0,1.0,806.0,2.6,573.2,260.0,60,5.0,5120,60,Slush Rush; Snow Cloak; Swift Swim,Ice,None,Freezing,,5,0,0,0,0,1,13,4,0.0,3,505.0,0.0,Real,4.9054027,9.834617
615.0,Cryogonal,80,50,50,95,135,105,515,1.0,2.0,1.0,1.0,1.0,0.5,2.0,1.0,1.0,1.0,1.0,1.0,2.0,1.0,1.0,1.0,2.0,1.0,307.0,1.1,326.3,148.0,25,5.0,6400,25,Levitate,Ice,None,Crystallizing,,5,0,0,0,0,1,13,4,0.0,1,515.0,0.0,Real,5.781831,9.858208
616.0,Shelmet,50,40,85,40,65,25,305,1.0,2.0,1.0,1.0,0.5,1.0,0.5,1.0,0.5,2.0,1.0,1.0,2.0,1.0,1.0,1.0,1.0,1.0,104.0,0.4,17.0,7.7,200,5.0,3840,200,Hydration; Overcoat; Shell Armor,Bug,None,Snail,,5,0,0,0,0,3,12,3,0.0,3,305.0,0.0,Real,9.930325,9.765371
617.0,Accelgor,80,70,40,100,60,145,495,1.0,2.0,1.0,1.0,0.5,1.0,0.5,1.0,0.5,2.0,1.0,1.0,2.0,1.0,1.0,1.0,1.0,1.0,207.0,0.8,55.8,25.3,75,5.0,3840,75,Hydration; Sticky Hold; Unburden,Bug,None,Shell Out,,5,0,0,0,0,3,12,3,0.0,3,495.0,0.0,Real,5.575175,10.994274
618.0,Stunfisk,109,66,84,81,99,32,471,1.0,1.0,2.0,0.0,2.0,2.0,1.0,0.5,2.0,0.5,1.0,1.0,0.5,1.0,1.0,1.0,0.5,1.0,204.0,0.7,24.3,11.0,75,5.0,5120,75,Limber; Sand Veil; Static,Ground,Electric,Trap,Galarian Stunfisk,5,0,0,0,1,4,9,4,1.0,3,471.0,0.0,Real,6.2011337,8.415027
619.0,Mienfoo,45,85,50,55,50,65,350,1.0,1.0,1.0,1.0,1.0,1.0,1.0,1.0,1.0,2.0,2.0,0.5,0.5,1.0,1.0,0.5,1.0,2.0,211.0,0.9,44.1,20.0,180,5.0,6400,180,Inner Focus; Reckless; Regenerator,Fighting,None,Martial Arts,,5,0,0,0,0,3,12,3,0.0,3,350.0,0.0,Real,10.319035,9.799544
620.0,Mienshao,65,125,60,95,60,105,510,1.0,1.0,1.0,1.0,1.0,1.0,1.0,1.0,1.0,2.0,2.0,0.5,0.5,1.0,1.0,0.5,1.0,2.0,407.0,1.4,78.3,35.5,45,5.0,6400,45,Inner Focus; Reckless; Regenerator,Fighting,None,Martial Arts,,5,0,0,0,0,3,12,3,0.0,3,510.0,0.0,Real,5.4279985,10.856577
621.0,Druddigon,77,120,90,60,90,48,485,1.0,0.5,0.5,0.5,0.5,2.0,1.0,1.0,1.0,1.0,1.0,1.0,1.0,1.0,2.0,1.0,1.0,2.0,503.0,1.6,306.4,139.0,45,5.0,7680,45,Mold Breaker; Rough Skin; Sheer Force,Dragon,None,Cave,,5,0,0,0,0,4,11,3,0.0,3,485.0,0.0,Real,5.3206267,10.071248
622.0,Golett,59,74,50,35,50,35,303,0.0,1.0,2.0,0.0,2.0,2.0,0.0,0.25,1.0,1.0,1.0,0.5,0.5,2.0,1.0,2.0,1.0,1.0,303.0,1.0,202.8,92.0,190,5.0,6400,190,Iron Fist; Klutz; No Guard,Ground,Ghost,Automaton,,5,0,0,0,3,3,7,5,0.0,3,303.0,0.0,Real,8.487777,7.301484
623.0,Golurk,89,124,80,55,80,55,483,0.0,1.0,2.0,0.0,2.0,2.0,0.0,0.25,1.0,1.0,1.0,0.5,0.5,2.0,1.0,2.0,1.0,1.0,902.0,2.8,727.5,330.0,90,5.0,6400,90,Available; Iron Fist; Klutz; No Guard,Ground,Ghost,Automaton,,5,0,0,0,3,3,7,5,0.0,4,483.0,0.0,Real,5.344352,6.665719
624.0,Pawniard,45,85,70,40,40,60,340,0.5,2.0,1.0,1.0,0.5,0.5,4.0,0.0,2.0,0.5,0.0,1.0,0.5,0.5,0.5,0.5,0.5,1.0,108.0,0.5,22.5,10.2,120,5.0,5120,120,Available; Defiant; Inner Focus; Pressure,Dark,Steel,Sharp Blade,,5,0,0,0,2,9,4,3,0.0,4,340.0,0.0,Real,4.4538226,5.896926
625.0,Bisharp,65,125,100,60,70,70,490,0.5,2.0,1.0,1.0,0.5,0.5,4.0,0.0,2.0,0.5,0.0,1.0,0.5,0.5,0.5,0.5,0.5,1.0,503.0,1.6,154.3,70.0,45,5.0,5120,45,Defiant; Inner Focus; Pressure,Dark,Steel,Sword Blade,,5,0,0,0,2,9,4,3,0.0,3,490.0,0.0,Real,4.365284,6.390619
626.0,Bouffalant,95,110,95,40,95,55,490,1.0,1.0,1.0,1.0,1.0,1.0,2.0,1.0,1.0,1.0,1.0,1.0,1.0,0.0,1.0,1.0,1.0,1.0,503.0,1.6,208.6,94.6,45,5.0,5120,45,Reckless; Sap Sipper; Soundproof,Normal,None,Bash Buffalo,,5,0,0,0,1,0,16,1,0.0,3,490.0,0.0,Real,6.571841,4.763557
627.0,Rufflet,70,83,50,37,50,60,350,1.0,1.0,1.0,2.0,0.5,2.0,1.0,1.0,0.0,1.0,1.0,0.5,2.0,0.0,1.0,1.0,1.0,1.0,108.0,0.5,23.1,10.5,190,10.0,5120,190,Available; Hustle; Keen Eye; Sheer Force,Normal,Flying,Eaglet,,5,0,0,0,2,2,11,3,0.0,4,350.0,0.0,Real,8.202985,6.5664277
628.0,Braviary,100,123,75,57,75,80,510,1.0,1.0,1.0,2.0,0.5,2.0,1.0,1.0,0.0,1.0,1.0,0.5,2.0,0.0,1.0,1.0,1.0,1.0,411.0,1.5,90.4,41.0,60,10.0,5120,60,Available; Defiant; Keen Eye; Sheer Force,Normal,Flying,Valiant,Hisuian Braviary,5,0,0,0,2,2,11,3,1.0,4,510.0,0.0,Real,6.742049,6.4199305
629.0,Vullaby,70,55,75,45,65,60,370,1.0,1.0,1.0,2.0,0.5,2.0,1.0,1.0,0.0,1.0,0.0,1.0,2.0,0.5,1.0,0.5,1.0,2.0,108.0,0.5,19.8,9.0,190,0.0,5120,190,Available; Big Pecks; Overcoat; Weak Armor,Dark,Flying,Diapered,,5,0,0,0,2,3,9,4,0.0,4,370.0,0.0,Real,8.195004,6.8024983
630.0,Mandibuzz,110,65,105,55,95,80,510,1.0,1.0,1.0,2.0,0.5,2.0,1.0,1.0,0.0,1.0,0.0,1.0,2.0,0.5,1.0,0.5,1.0,2.0,311.0,1.2,87.1,39.5,60,0.0,5120,60,Available; Big Pecks; Overcoat; Weak Armor,Dark,Flying,Bone Vulture,,5,0,0,0,2,3,9,4,0.0,4,510.0,0.0,Real,5.9230356,6.6908355
631.0,Heatmor,85,97,66,105,66,65,484,1.0,0.5,2.0,1.0,0.5,0.5,1.0,1.0,2.0,1.0,1.0,0.5,2.0,1.0,1.0,1.0,0.5,0.5,407.0,1.4,127.9,58.0,90,5.0,5120,90,Flash Fire; Gluttony; White Smoke,Fire,None,Anteater,,5,0,0,0,0,6,9,3,0.0,3,484.0,0.0,Real,5.6840024,9.729517
632.0,Durant,58,109,112,48,48,109,484,0.5,4.0,1.0,1.0,0.25,0.5,1.0,0.0,1.0,1.0,0.5,0.5,1.0,1.0,0.5,1.0,0.5,0.5,100.0,0.3,72.8,33.0,90,5.0,5120,90,Hustle; Swarm; Truant,Bug,Steel,Iron Ant,,5,0,0,0,1,8,8,1,0.0,3,484.0,0.0,Real,4.27354,6.3883753
633.0,Deino,52,65,50,45,50,38,300,1.0,0.5,0.5,0.5,0.5,2.0,2.0,1.0,1.0,1.0,0.0,2.0,1.0,0.5,2.0,0.5,1.0,4.0,207.0,0.8,38.1,17.3,45,5.0,10240,45,Hustle,Dark,Dragon,Irate,,5,0,0,0,1,6,6,5,0.0,1,300.0,0.0,Real,8.370562,7.988611
634.0,Zweilous,72,85,70,65,70,58,420,1.0,0.5,0.5,0.5,0.5,2.0,2.0,1.0,1.0,1.0,0.0,2.0,1.0,0.5,2.0,0.5,1.0,4.0,407.0,1.4,110.2,50.0,45,5.0,10240,45,Hustle,Dark,Dragon,Hostile,,5,0,0,0,1,6,6,5,0.0,1,420.0,0.0,Real,5.794558,7.816939
635.0,Hydreigon,92,105,90,125,90,98,600,1.0,0.5,0.5,0.5,0.5,2.0,2.0,1.0,1.0,1.0,0.0,2.0,1.0,0.5,2.0,0.5,1.0,4.0,511.0,1.8,352.7,160.0,45,5.0,10240,45,Levitate,Dark,Dragon,Brutal,,5,0,0,0,1,6,6,5,0.0,1,600.0,0.0,Real,4.397614,7.6478753
636.0,Larvesta,55,85,55,50,55,60,360,1.0,1.0,2.0,1.0,0.25,0.5,0.5,1.0,1.0,2.0,1.0,0.5,4.0,1.0,1.0,1.0,0.5,0.5,307.0,1.1,63.5,28.8,45,5.0,10240,45,Flame Body; Swarm,Bug,Fire,Torch,,5,0,0,0,0,6,9,3,0.0,2,360.0,0.0,Real,7.994724,9.08371
637.0,Volcarona,85,60,65,135,105,100,550,1.0,1.0,2.0,1.0,0.25,0.5,0.5,1.0,1.0,2.0,1.0,0.5,4.0,1.0,1.0,1.0,0.5,0.5,503.0,1.6,101.4,46.0,15,5.0,10240,15,Flame Body; Swarm,Bug,Fire,Sun,,5,0,0,0,0,6,9,3,0.0,2,550.0,0.0,Real,4.817864,8.56074
638.0,Cobalion,91,90,129,90,72,108,580,0.5,2.0,1.0,1.0,0.5,0.5,2.0,0.0,2.0,1.0,1.0,0.25,0.25,1.0,0.5,0.5,0.5,1.0,611.0,2.1,551.1,250.0,3,5.0,20480,3,Justified,Steel,Fighting,Iron Will,,5,1,0,0,1,8,6,3,0.0,1,580.0,0.0,Real,3.9455142,7.203074
639.0,Terrakion,91,129,90,72,90,108,580,0.5,0.5,2.0,1.0,2.0,1.0,2.0,0.5,2.0,1.0,2.0,0.5,0.5,1.0,1.0,0.5,2.0,2.0,603.0,1.9,573.2,260.0,3,5.0,20480,3,Justified,Rock,Fighting,Cavern,,5,1,0,0,0,6,5,7,0.0,1,580.0,0.0,Real,4.1809344,8.256823
640.0,Virizion,91,90,72,90,129,108,580,1.0,2.0,0.5,0.5,0.5,2.0,1.0,2.0,0.5,4.0,2.0,1.0,0.5,1.0,1.0,0.5,1.0,2.0,607.0,2.0,440.9,200.0,3,5.0,20480,3,Justified,Grass,Fighting,Grassland,,5,1,0,0,0,6,6,6,0.0,1,580.0,0.0,Real,4.3435616,8.341656
641.0,Tornadus,79,115,70,125,80,111,580,1.0,1.0,1.0,2.0,0.5,2.0,0.5,1.0,0.0,1.0,1.0,0.5,2.0,1.0,1.0,1.0,1.0,1.0,59.0,1.5,138.9,63.0,3,10.0,30720,3,Available Through Transfer; Defiant; Hidden; Prankster; Regenerator; Therian Forme; Therian Forme Ability,Flying,None,Cyclone,Incarnate Forme; Therian Forme,5,1,0,0,1,3,11,3,1.0,7,580.0,0.0,Real,5.61686,6.6741147
642.0,Thundurus,79,115,70,125,80,111,580,1.0,1.0,1.0,1.0,0.5,2.0,0.5,1.0,0.0,0.5,1.0,0.5,2.0,1.0,1.0,1.0,0.5,1.0,59.0,1.5,134.5,61.0,3,10.0,30720,3,Available Through Transfer; Defiant; Hidden; Prankster; Therian Forme; Therian Forme Ability; Volt Absorb,Electric,Flying,Bolt Strike,Incarnate Forme; Therian Forme,5,1,0,0,1,5,10,2,1.0,7,580.0,0.0,Real,5.436706,6.6386824
643.0,Reshiram,100,120,100,150,120,90,680,1.0,0.25,1.0,0.5,0.25,1.0,1.0,1.0,2.0,1.0,1.0,0.5,2.0,1.0,2.0,1.0,0.5,1.0,1006.0,3.2,727.5,330.0,3,5.0,30720,3,Turboblaze,Dragon,Fire,Vast White,,5,1,0,0,0,5,10,3,0.0,1,680.0,0.0,Real,3.3426328,8.9509735
644.0,Zekrom,100,150,120,120,100,90,680,1.0,0.5,0.5,0.25,0.5,2.0,1.0,1.0,2.0,0.5,1.0,1.0,1.0,1.0,2.0,1.0,0.5,2.0,906.0,2.9,760.6,345.0,3,5.0,30720,3,Teravolt,Dragon,Electric,Deep Black,,5,1,0,0,0,6,8,4,0.0,1,680.0,0.0,Real,3.1698701,8.7887
645.0,Landorus,89,125,90,115,80,101,600,1.0,1.0,2.0,0.0,1.0,4.0,0.5,0.5,0.0,1.0,1.0,0.5,1.0,1.0,1.0,1.0,1.0,1.0,59.0,1.5,149.9,68.0,3,10.0,30720,3,Available Through Transfer; Hidden; Intimidate; Sand Force; Sheer Force; Therian Forme; Therian Forme Ability,Ground,Flying,Abundance,Incarnate Forme; Therian Forme,5,1,0,0,2,3,11,2,1.0,7,600.0,0.0,Real,5.579373,6.53164
646.0,Kyurem,125,130,90,130,90,95,660,1.0,1.0,0.5,0.5,0.5,1.0,2.0,1.0,1.0,1.0,1.0,1.0,2.0,1.0,2.0,1.0,2.0,2.0,142.0,3.6,716.5,325.0,3,5.0,30720,3,Black Kyurem Ability; Pressure; Teravolt; Turboblaze; White Kyurem; White Kyurem Ability,Dragon,Ice,Boundary,White Kyurem; Black Kyurem,5,1,0,0,0,3,10,5,1.0,6,660.0,0.0,Real,3.4586847,8.931689
647.0,Keldeo,91,72,90,129,90,108,580,1.0,0.5,0.5,2.0,2.0,0.5,1.0,1.0,1.0,2.0,2.0,0.5,0.5,1.0,1.0,0.5,0.5,2.0,407.0,1.4,106.9,48.5,3,5.0,20480,3,Justified,Water,Fighting,Colt,Ordinary Form; Resolute Form,5,0,1,0,0,7,6,5,1.0,1,580.0,0.0,Real,4.529763,8.34718
648.0,Meloetta,100,77,77,128,128,90,600,1.0,1.0,1.0,1.0,1.0,1.0,1.0,1.0,1.0,1.0,0.5,2.0,1.0,0.0,1.0,2.0,1.0,1.0,200.0,0.6,14.3,6.5,3,5.0,30720,3,Serene Grace,Normal,Psychic,Melody,Aria Forme; Pirouette Forme,5,0,1,0,1,1,14,2,1.0,1,600.0,0.0,Real,6.109859,6.556931
649.0,Genesect,71,120,95,120,95,99,600,0.5,4.0,1.0,1.0,0.25,0.5,1.0,0.0,1.0,1.0,0.5,0.5,1.0,1.0,0.5,1.0,0.5,0.5,411.0,1.5,181.9,82.5,3,5.0,30720,3,Download,Bug,Steel,Paleozoic,,5,0,1,0,1,8,8,1,0.0,1,600.0,0.0,Real,4.4881897,6.904369
650.0,Chespin,56,61,65,48,45,38,313,1.0,2.0,0.5,0.5,0.5,2.0,1.0,2.0,0.5,2.0,1.0,2.0,1.0,1.0,1.0,1.0,1.0,1.0,104.0,0.4,19.8,9.0,45,88.1,5120,45,Bulletproof; Overgrow,Grass,None,Spiky Nut,,6,0,0,0,0,4,9,5,0.0,2,313.0,0.0,Real,7.8086467,13.530529
651.0,Quilladin,61,78,95,56,58,57,405,1.0,2.0,0.5,0.5,0.5,2.0,1.0,2.0,0.5,2.0,1.0,2.0,1.0,1.0,1.0,1.0,1.0,1.0,204.0,0.7,63.9,29.0,45,88.1,5120,45,Bulletproof; Overgrow,Grass,None,Spiny Armor,,6,0,0,0,0,4,9,5,0.0,2,405.0,0.0,Real,7.521283,13.375655
652.0,Chesnaught,88,107,122,74,75,64,530,1.0,2.0,0.5,0.5,0.5,2.0,1.0,2.0,0.5,4.0,2.0,1.0,0.5,1.0,1.0,0.5,1.0,2.0,503.0,1.6,198.4,90.0,45,88.1,5120,45,Bulletproof; Overgrow,Grass,Fighting,Spiny Armor,,6,0,0,0,0,6,6,6,0.0,2,530.0,0.0,Real,6.5823784,13.196507
653.0,Fennekin,40,45,40,62,60,60,307,1.0,0.5,2.0,1.0,0.5,0.5,1.0,1.0,2.0,1.0,1.0,0.5,2.0,1.0,1.0,1.0,0.5,0.5,104.0,0.4,20.7,9.4,45,88.1,5120,45,Blaze; Magician,Fire,None,Fox,,6,0,0,0,0,6,9,3,0.0,2,307.0,0.0,Real,8.066613,14.13836
654.0,Braixen,59,59,58,90,70,73,409,1.0,0.5,2.0,1.0,0.5,0.5,1.0,1.0,2.0,1.0,1.0,0.5,2.0,1.0,1.0,1.0,0.5,0.5,303.0,1.0,32.0,14.5,45,88.1,5120,45,Blaze; Magician,Fire,None,Fox,,6,0,0,0,0,6,9,3,0.0,2,409.0,0.0,Real,7.5896196,13.954232
655.0,Delphox,75,69,72,114,100,104,534,1.0,0.5,2.0,1.0,0.5,0.5,0.5,1.0,2.0,1.0,0.5,1.0,2.0,2.0,1.0,2.0,0.5,0.5,411.0,1.5,86.0,39.0,45,88.1,5120,45,Blaze; Magician,Fire,Psychic,Fox,,6,0,0,0,0,7,6,5,0.0,2,534.0,0.0,Real,6.2829723,13.405617
656.0,Froakie,41,56,40,62,44,71,314,1.0,0.5,0.5,2.0,2.0,0.5,1.0,1.0,1.0,1.0,1.0,1.0,1.0,1.0,1.0,1.0,0.5,1.0,100.0,0.3,15.4,7.0,45,88.1,5120,45,Protean; Torrent,Water,None,Bubble Frog,,6,0,0,0,0,4,12,2,0.0,2,314.0,0.0,Real,8.121671,14.070512
657.0,Frogadier,54,63,52,83,56,97,405,1.0,0.5,0.5,2.0,2.0,0.5,1.0,1.0,1.0,1.0,1.0,1.0,1.0,1.0,1.0,1.0,0.5,1.0,200.0,0.6,24.0,10.9,45,88.1,5120,45,Protean; Torrent,Water,None,Bubble Frog,,6,0,0,0,0,4,12,2,0.0,2,405.0,0.0,Real,7.743704,14.086646
658.0,Greninja,72,95,67,103,71,122,530,1.0,0.5,0.5,2.0,2.0,0.5,2.0,1.0,1.0,1.0,0.0,2.0,1.0,0.5,1.0,0.5,0.5,2.0,411.0,1.5,88.2,40.0,45,88.1,5120,45,Battle Bond; Protean; Torrent,Water,Dark,Ninja,Ash-Greninja,6,0,0,0,1,6,6,5,1.0,3,530.0,0.0,Real,6.1872015,13.358549
659.0,Bunnelby,38,36,38,32,36,57,237,1.0,1.0,1.0,1.0,1.0,1.0,2.0,1.0,1.0,1.0,1.0,1.0,1.0,0.0,1.0,1.0,1.0,1.0,104.0,0.4,11.0,5.0,255,5.0,3840,255,Cheek Pouch; Huge Power; Pickup,Normal,None,Digging,,6,0,0,0,1,0,16,1,0.0,3,237.0,0.0,Real,7.643843,3.5391223
660.0,Diggersby,85,56,77,50,77,78,423,1.0,1.0,2.0,0.0,2.0,2.0,2.0,0.5,1.0,1.0,1.0,1.0,0.5,0.0,1.0,1.0,1.0,1.0,303.0,1.0,93.5,42.4,127,5.0,3840,127,Cheek Pouch; Huge Power; Pickup,Normal,Ground,Digging,,6,0,0,0,2,2,10,4,0.0,3,423.0,0.0,Real,7.537443,6.691531
661.0,Fletchling,45,50,43,40,38,62,278,1.0,1.0,1.0,2.0,0.5,2.0,1.0,1.0,0.0,1.0,1.0,0.5,2.0,0.0,1.0,1.0,1.0,1.0,100.0,0.3,3.7,1.7,255,5.0,3840,255,Available; Big Pecks; Gale Wings,Normal,Flying,Tiny Robin,,6,0,0,0,2,2,11,3,0.0,3,278.0,0.0,Real,9.026587,6.447563
662.0,Fletchinder,62,73,55,56,52,84,382,1.0,0.5,2.0,2.0,0.25,1.0,0.5,1.0,0.0,1.0,1.0,0.25,4.0,1.0,1.0,1.0,0.5,0.5,204.0,0.7,35.3,16.0,120,5.0,3840,120,Available; Flame Body; Gale Wings,Fire,Flying,Ember,,6,0,0,0,1,6,8,3,0.0,3,382.0,0.0,Real,7.7028337,7.4201074
663.0,Talonflame,78,81,71,74,69,126,499,1.0,0.5,2.0,2.0,0.25,1.0,0.5,1.0,0.0,1.0,1.0,0.25,4.0,1.0,1.0,1.0,0.5,0.5,311.0,1.2,54.0,24.5,45,5.0,3840,45,Available; Flame Body; Gale Wings,Fire,Flying,Scorching,,6,0,0,0,1,6,8,3,0.0,3,499.0,0.0,Real,5.722178,7.2114754
664.0,Scatterbug,38,35,40,27,25,35,200,1.0,2.0,1.0,1.0,0.5,1.0,0.5,1.0,0.5,2.0,1.0,1.0,2.0,1.0,1.0,1.0,1.0,1.0,100.0,0.3,5.5,2.5,255,5.0,3840,255,Compound Eyes; Friend Guard; Shield Dust,Bug,None,Scatterdust,,6,0,0,0,0,3,12,3,0.0,3,200.0,0.0,Real,10.2177305,8.927019
665.0,Spewpa,45,22,60,27,30,29,213,1.0,2.0,1.0,1.0,0.5,1.0,0.5,1.0,0.5,2.0,1.0,1.0,2.0,1.0,1.0,1.0,1.0,1.0,100.0,0.3,18.5,8.4,120,5.0,3840,120,Friend Guard; Shed Skin,Bug,None,Scatterdust,,6,0,0,0,0,3,12,3,0.0,2,213.0,0.0,Real,9.313299,9.139765
666.0,Vivillon,80,52,50,90,50,89,411,1.0,2.0,1.0,2.0,0.25,2.0,0.25,1.0,0.0,2.0,1.0,0.5,4.0,1.0,1.0,1.0,1.0,1.0,311.0,1.2,37.5,17.0,45,5.0,3840,45,Compound Eyes; Friend Guard; Shield Dust,Bug,Flying,Scale,,6,0,0,0,1,3,9,5,0.0,3,411.0,0.0,Real,6.4155855,7.6080174
667.0,Litleo,62,50,58,73,54,72,369,1.0,0.5,2.0,1.0,0.5,0.5,2.0,1.0,2.0,1.0,1.0,0.5,2.0,0.0,1.0,1.0,0.5,0.5,200.0,0.6,29.8,13.5,220,11.2,5120,220,Available; Moxie; Rivalry; Unnerve,Fire,Normal,Lion Cub,,6,0,0,0,1,6,7,4,0.0,4,369.0,0.0,Real,8.818341,7.655852
668.0,Pyroar,86,68,72,109,66,106,507,1.0,0.5,2.0,1.0,0.5,0.5,2.0,1.0,2.0,1.0,1.0,0.5,2.0,0.0,1.0,1.0,0.5,0.5,411.0,1.5,179.7,81.5,65,11.2,5120,65,Available; Moxie; Rivalry; Unnerve,Fire,Normal,Royal,,6,0,0,0,1,6,7,4,0.0,4,507.0,0.0,Real,5.5529356,7.2759347
669.0,Flabebe,44,38,39,61,79,42,303,1.0,1.0,1.0,1.0,1.0,1.0,0.5,2.0,1.0,1.0,1.0,0.5,1.0,1.0,0.0,0.5,2.0,1.0,4.0,0.1,0.2,0.1,225,0.0,5120,225,Flower Veil; Symbiosis,Fairy,None,Single Bloom,,6,0,0,0,1,3,12,2,0.0,2,303.0,0.0,Real,8.956975,7.0690956
670.0,Floette,54,45,47,75,98,52,371,1.0,1.0,1.0,1.0,1.0,1.0,0.5,2.0,1.0,1.0,1.0,0.5,1.0,1.0,0.0,0.5,2.0,1.0,8.0,0.2,2.0,0.9,120,0.0,5120,120,Flower Veil; Symbiosis,Fairy,None,Single Bloom,,6,0,0,0,1,3,12,2,0.0,2,371.0,0.0,Real,8.32407,7.390213
671.0,Florges,78,65,68,112,154,75,552,1.0,1.0,1.0,1.0,1.0,1.0,0.5,2.0,1.0,1.0,1.0,0.5,1.0,1.0,0.0,0.5,2.0,1.0,307.0,1.1,22.0,10.0,45,0.0,5120,45,Flower Veil; Symbiosis,Fairy,None,Garden,,6,0,0,0,1,3,12,2,0.0,2,552.0,0.0,Real,6.260712,6.817642
672.0,Skiddo,66,65,48,62,57,52,350,1.0,2.0,0.5,0.5,0.5,2.0,1.0,2.0,0.5,2.0,1.0,2.0,1.0,1.0,1.0,1.0,1.0,1.0,211.0,0.9,68.3,31.0,200,5.0,5120,200,Grass Pelt; Sap Sipper,Grass,None,Mount,,6,0,0,0,0,4,9,5,0.0,2,350.0,0.0,Real,9.1966715,8.560938
673.0,Gogoat,123,100,62,97,81,68,531,1.0,2.0,0.5,0.5,0.5,2.0,1.0,2.0,0.5,2.0,1.0,2.0,1.0,1.0,1.0,1.0,1.0,1.0,507.0,1.7,200.6,91.0,45,5.0,5120,45,Grass Pelt; Sap Sipper,Grass,None,Mount,,6,0,0,0,0,4,9,5,0.0,2,531.0,0.0,Real,5.408507,9.143746
674.0,Pancham,67,82,62,46,48,43,348,1.0,1.0,1.0,1.0,1.0,1.0,1.0,1.0,1.0,2.0,2.0,0.5,0.5,1.0,1.0,0.5,1.0,2.0,200.0,0.6,17.6,8.0,220,5.0,6400,220,Available; Iron Fist; Mold Breaker; Scrappy,Fighting,None,Playful,,6,0,0,0,0,3,12,3,0.0,4,348.0,0.0,Real,10.17299,9.807453
675.0,Pangoro,95,124,78,69,71,58,495,1.0,1.0,1.0,1.0,1.0,1.0,2.0,1.0,1.0,2.0,0.0,1.0,0.5,0.5,1.0,0.25,1.0,4.0,611.0,2.1,299.8,136.0,65,5.0,6400,65,Available; Iron Fist; Mold Breaker; Scrappy,Fighting,Dark,Daunting,,6,0,0,0,1,3,11,3,0.0,4,495.0,0.0,Real,6.6864696,7.3026485
676.0,Furfrou,75,80,60,65,90,102,472,1.0,1.0,1.0,1.0,1.0,1.0,2.0,1.0,1.0,1.0,1.0,1.0,1.0,0.0,1.0,1.0,1.0,1.0,311.0,1.2,61.7,28.0,160,5.0,5120,160,Fur Coat,Normal,None,Poodle,,6,0,0,0,1,0,16,1,0.0,1,472.0,0.0,Real,6.796152,4.4144607
677.0,Espurr,62,48,54,63,60,68,355,1.0,1.0,1.0,1.0,1.0,1.0,0.5,1.0,1.0,1.0,0.5,2.0,1.0,2.0,1.0,2.0,1.0,1.0,100.0,0.3,7.7,3.5,190,5.0,5120,190,Infiltrator; Keen Eye; Own Tempo,Psychic,None,Restraint,,6,0,0,0,0,2,13,3,0.0,3,355.0,0.0,Real,9.884036,9.796631
678.0,Meowstic,74,48,76,83,81,104,466,1.0,1.0,1.0,1.0,1.0,1.0,0.5,1.0,1.0,1.0,0.5,2.0,1.0,2.0,1.0,2.0,1.0,1.0,200.0,0.6,18.7,8.5,75,5.0,5120,75,Competitive; Female; Female Hidden Ability; Infiltrator; Keen Eye; Male; Male Hidden Ability; Prankster,Psychic,None,Constraint,Male; Female,6,0,0,0,0,2,13,3,1.0,8,466.0,0.0,Real,6.4632955,10.585024
679.0,Honedge,45,80,100,35,37,28,325,0.0,2.0,1.0,1.0,0.5,0.5,0.0,0.0,2.0,0.5,0.5,0.25,0.5,2.0,0.5,2.0,0.5,0.5,207.0,0.8,4.4,2.0,180,5.0,5120,180,No Guard,Steel,Ghost,Sword,,6,0,0,0,3,9,2,4,0.0,1,325.0,0.0,Real,4.4905334,5.8937645
680.0,Doublade,59,110,150,45,49,35,448,0.0,2.0,1.0,1.0,0.5,0.5,0.0,0.0,2.0,0.5,0.5,0.25,0.5,2.0,0.5,2.0,0.5,0.5,207.0,0.8,9.9,4.5,90,5.0,5120,90,No Guard,Steel,Ghost,Sword,,6,0,0,0,3,9,2,4,0.0,1,448.0,0.0,Real,4.410301,6.153315
681.0,Aegislash,60,50,150,50,150,60,520,0.0,2.0,1.0,1.0,0.5,0.5,0.0,0.0,2.0,0.5,0.5,0.25,0.5,2.0,0.5,2.0,0.5,0.5,507.0,1.7,116.8,53.0,45,5.0,5120,45,Stance Change,Steel,Ghost,Royal Sword,Shield Forme; Blade Forme,6,0,0,0,3,9,2,4,1.0,1,520.0,0.0,Real,4.5549393,6.610109
682.0,Spritzee,78,52,60,63,65,23,341,1.0,1.0,1.0,1.0,1.0,1.0,0.5,2.0,1.0,1.0,1.0,0.5,1.0,1.0,0.0,0.5,2.0,1.0,8.0,0.2,1.1,0.5,200,5.0,5120,200,Aroma Veil; Healer,Fairy,None,Perfume,,6,0,0,0,1,3,12,2,0.0,2,341.0,0.0,Real,8.856163,7.0853987
683.0,Aromatisse,101,72,72,99,89,29,462,1.0,1.0,1.0,1.0,1.0,1.0,0.5,2.0,1.0,1.0,1.0,0.5,1.0,1.0,0.0,0.5,2.0,1.0,207.0,0.8,34.2,15.5,140,5.0,5120,140,Aroma Veil; Healer,Fairy,None,Fragrance,,6,0,0,0,1,3,12,2,0.0,2,462.0,0.0,Real,7.19476,7.9214272
684.0,Swirlix,62,48,66,59,57,49,341,1.0,1.0,1.0,1.0,1.0,1.0,0.5,2.0,1.0,1.0,1.0,0.5,1.0,1.0,0.0,0.5,2.0,1.0,104.0,0.4,7.7,3.5,200,5.0,5120,200,Sweet Veil; Unburden,Fairy,None,Cotton Candy,,6,0,0,0,1,3,12,2,0.0,2,341.0,0.0,Real,8.8462,7.0187616
685.0,Slurpuff,82,80,86,85,75,72,480,1.0,1.0,1.0,1.0,1.0,1.0,0.5,2.0,1.0,1.0,1.0,0.5,1.0,1.0,0.0,0.5,2.0,1.0,207.0,0.8,11.0,5.0,140,5.0,5120,140,Sweet Veil; Unburden,Fairy,None,Meringue,,6,0,0,0,1,3,12,2,0.0,2,480.0,0.0,Real,7.1995873,7.4108696
686.0,Inkay,53,54,53,37,46,45,288,1.0,1.0,1.0,1.0,1.0,1.0,1.0,1.0,1.0,1.0,0.0,4.0,1.0,1.0,1.0,1.0,1.0,2.0,104.0,0.4,7.7,3.5,190,5.0,5120,190,Contrary; Infiltrator; Suction Cups,Dark,Psychic,Revolving,,6,0,0,0,1,0,15,2,0.0,3,288.0,0.0,Real,7.4798203,3.7586887
687.0,Malamar,86,92,88,68,75,73,482,1.0,1.0,1.0,1.0,1.0,1.0,1.0,1.0,1.0,1.0,0.0,4.0,1.0,1.0,1.0,1.0,1.0,2.0,411.0,1.5,103.6,47.0,80,5.0,5120,80,Contrary; Infiltrator; Suction Cups,Dark,Psychic,Overturning,,6,0,0,0,1,0,15,2,0.0,3,482.0,0.0,Real,6.6144414,4.756685
688.0,Binacle,42,52,67,39,56,50,306,0.5,0.25,1.0,2.0,4.0,0.5,2.0,0.5,2.0,0.5,1.0,1.0,1.0,1.0,1.0,1.0,1.0,1.0,108.0,0.5,68.3,31.0,120,5.0,5120,120,Pickpocket; Sniper; Tough Claws,Rock,Water,Two-Handed,,6,0,0,0,0,5,9,4,0.0,3,306.0,0.0,Real,8.685733,8.826022
689.0,Barbaracle,72,105,115,54,86,68,500,0.5,0.25,1.0,2.0,4.0,0.5,2.0,0.5,2.0,0.5,1.0,1.0,1.0,1.0,1.0,1.0,1.0,1.0,403.0,1.3,211.6,96.0,45,5.0,5120,45,Pickpocket; Sniper; Tough Claws,Rock,Water,Collective,,6,0,0,0,0,5,9,4,0.0,3,500.0,0.0,Real,5.23169,9.730984
690.0,Skrelp,50,60,60,60,60,30,320,1.0,0.5,0.5,2.0,1.0,0.5,0.5,0.5,2.0,1.0,2.0,0.5,1.0,1.0,1.0,1.0,0.5,0.5,108.0,0.5,16.1,7.3,225,5.0,5120,225,Adaptability; Poison Point; Poison Touch,Poison,Water,Mock Kelp,,6,0,0,0,0,8,7,3,0.0,3,320.0,0.0,Real,9.455139,8.687393
691.0,Dragalge,65,75,90,97,123,44,494,1.0,0.5,0.5,0.5,0.25,2.0,0.5,0.5,2.0,1.0,2.0,0.5,1.0,1.0,2.0,1.0,1.0,1.0,511.0,1.8,179.7,81.5,55,5.0,5120,55,Adaptability; Poison Point; Poison Touch,Poison,Dragon,Mock Kelp,,6,0,0,0,0,7,7,4,0.0,3,494.0,0.0,Real,5.509311,8.789641
692.0,Clauncher,50,53,62,58,63,44,330,1.0,0.5,0.5,2.0,2.0,0.5,1.0,1.0,1.0,1.0,1.0,1.0,1.0,1.0,1.0,1.0,0.5,1.0,108.0,0.5,18.3,8.3,225,5.0,3840,225,Mega Launcher,Water,None,Water Gun,,6,0,0,0,0,4,12,2,0.0,1,330.0,0.0,Real,10.275741,10.067621
693.0,Clawitzer,71,73,88,120,89,59,500,1.0,0.5,0.5,2.0,2.0,0.5,1.0,1.0,1.0,1.0,1.0,1.0,1.0,1.0,1.0,1.0,0.5,1.0,403.0,1.3,77.8,35.3,55,5.0,3840,55,Mega Launcher,Water,None,Howitzer,,6,0,0,0,0,4,12,2,0.0,1,500.0,0.0,Real,6.127508,10.455656
694.0,Helioptile,44,38,33,61,43,70,289,1.0,1.0,1.0,0.5,1.0,1.0,2.0,1.0,2.0,0.5,1.0,1.0,1.0,0.0,1.0,1.0,0.5,1.0,108.0,0.5,13.2,6.0,190,5.0,5120,190,Dry Skin; Sand Veil; Solar Power,Electric,Normal,Generator,,6,0,0,0,1,3,12,2,0.0,3,289.0,0.0,Real,9.123294,7.0430946
695.0,Heliolisk,62,55,52,109,94,109,481,1.0,1.0,1.0,0.5,1.0,1.0,2.0,1.0,2.0,0.5,1.0,1.0,1.0,0.0,1.0,1.0,0.5,1.0,303.0,1.0,46.3,21.0,75,5.0,5120,75,Dry Skin; Sand Veil; Solar Power,Electric,Normal,Generator,,6,0,0,0,1,3,12,2,0.0,3,481.0,0.0,Real,6.572787,6.780993
696.0,Tyrunt,58,89,77,45,45,48,362,0.5,0.25,1.0,0.5,1.0,2.0,2.0,0.5,2.0,0.5,1.0,1.0,1.0,1.0,2.0,1.0,2.0,2.0,207.0,0.8,57.3,26.0,45,88.1,7680,45,Strong Jaw; Sturdy,Rock,Dragon,Royal Heir,,6,0,0,0,0,5,7,6,0.0,2,362.0,0.0,Real,7.6271806,13.504974
697.0,Tyrantrum,82,121,119,69,59,71,521,0.5,0.25,1.0,0.5,1.0,2.0,2.0,0.5,2.0,0.5,1.0,1.0,1.0,1.0,2.0,1.0,2.0,2.0,802.0,2.5,595.2,270.0,45,88.1,7680,45,Rock Head; Strong Jaw,Rock,Dragon,Despot,,6,0,0,0,0,5,7,6,0.0,2,521.0,0.0,Real,6.6035056,13.190753
698.0,Amaura,77,59,50,67,63,46,362,0.5,1.0,2.0,1.0,2.0,0.5,4.0,0.5,2.0,0.5,1.0,1.0,2.0,1.0,1.0,1.0,4.0,1.0,403.0,1.3,55.6,25.2,45,88.1,7680,45,Refrigerate; Snow Warning,Rock,Ice,Tundra,,6,0,0,0,0,4,8,6,0.0,2,362.0,0.0,Real,7.633808,13.530008
699.0,Aurorus,123,77,72,99,92,58,521,0.5,1.0,2.0,1.0,2.0,0.5,4.0,0.5,2.0,0.5,1.0,1.0,2.0,1.0,1.0,1.0,4.0,1.0,810.0,2.7,496.0,225.0,45,88.1,7680,45,Refrigerate; Snow Warning,Rock,Ice,Tundra,,6,0,0,0,0,4,8,6,0.0,2,521.0,0.0,Real,6.3768306,13.014267
700.0,Sylveon,95,65,65,110,130,60,525,1.0,1.0,1.0,1.0,1.0,1.0,0.5,2.0,1.0,1.0,1.0,0.5,1.0,1.0,0.0,0.5,2.0,1.0,303.0,1.0,51.8,23.5,45,88.1,8960,45,Available; Cute Charm; Pixilate,Fairy,None,Intertwining,,6,0,0,0,1,3,12,2,0.0,3,525.0,0.0,Real,6.8975024,13.435102
701.0,Hawlucha,78,92,75,74,63,118,500,1.0,1.0,1.0,2.0,0.5,2.0,0.5,1.0,0.0,2.0,2.0,0.25,1.0,1.0,1.0,0.5,1.0,2.0,207.0,0.8,47.4,21.5,100,5.0,5120,100,Limber; Mold Breaker; Unburden,Fighting,Flying,Wrestling,,6,0,0,0,1,4,8,5,0.0,3,500.0,0.0,Real,5.8172784,7.37381
702.0,Dedenne,67,58,57,81,67,101,431,1.0,1.0,1.0,0.5,1.0,1.0,0.5,2.0,2.0,0.5,1.0,0.5,1.0,1.0,0.0,0.5,1.0,1.0,8.0,0.2,4.9,2.2,180,5.0,5120,180,Cheek Pouch; Pickup; Plus,Electric,Fairy,Antenna,,6,0,0,0,1,5,10,2,0.0,3,431.0,0.0,Real,7.5159802,7.3660297
703.0,Carbink,50,50,150,50,150,50,500,0.5,0.5,2.0,1.0,2.0,1.0,1.0,1.0,2.0,0.5,1.0,0.5,1.0,1.0,0.0,0.5,4.0,1.0,100.0,0.3,12.6,5.7,60,5.0,6400,60,Available; Clear Body; Sturdy,Rock,Fairy,Jewel,,6,0,0,0,1,5,8,4,0.0,3,500.0,0.0,Real,5.7329717,8.188315
704.0,Goomy,45,50,35,55,75,40,300,1.0,0.5,0.5,0.5,0.5,2.0,1.0,1.0,1.0,1.0,1.0,1.0,1.0,1.0,2.0,1.0,1.0,2.0,100.0,0.3,6.2,2.8,45,5.0,10240,45,Available; Gooey; Hydration; Sap Sipper,Dragon,None,Soft Tissue,,6,0,0,0,0,4,11,3,0.0,4,300.0,0.0,Real,8.547909,9.374179
705.0,Sliggoo,68,75,53,83,113,60,452,1.0,0.5,0.5,0.5,0.5,2.0,1.0,1.0,1.0,1.0,1.0,1.0,1.0,1.0,2.0,1.0,1.0,2.0,207.0,0.8,38.6,17.5,45,5.0,10240,45,Available; Gooey; Hydration; Sap Sipper,Dragon,None,Soft Tissue,Hisuian Sliggoo,6,0,0,0,0,4,11,3,1.0,4,452.0,0.0,Real,6.449383,9.928087
706.0,Goodra,90,100,70,110,150,80,600,1.0,0.5,0.5,0.5,0.5,2.0,1.0,1.0,1.0,1.0,1.0,1.0,1.0,1.0,2.0,1.0,1.0,2.0,607.0,2.0,331.8,150.5,45,5.0,10240,45,Available; Gooey; Hydration; Sap Sipper,Dragon,None,Dragon,Hisuian Goodra,6,0,0,0,0,4,11,3,1.0,4,600.0,0.0,Real,4.1760726,9.508975
707.0,Klefki,57,80,91,80,87,75,470,0.5,2.0,1.0,1.0,0.5,0.5,1.0,0.0,2.0,0.5,0.5,0.25,0.5,1.0,0.0,0.5,1.0,0.5,8.0,0.2,6.6,3.0,75,5.0,5120,75,Available; Magician; Prankster,Steel,Fairy,Key Ring,,6,0,0,0,2,9,5,2,0.0,3,470.0,0.0,Real,4.4221287,6.223216
708.0,Phantump,43,70,48,50,60,38,309,0.0,2.0,0.5,0.5,0.5,2.0,0.0,1.0,0.5,2.0,1.0,1.0,1.0,2.0,1.0,2.0,1.0,1.0,104.0,0.4,15.4,7.0,120,5.0,5120,120,Available; Frisk; Harvest; Natural Cure,Ghost,Grass,Stump,,6,0,0,0,2,4,7,5,0.0,4,309.0,0.0,Real,8.457836,7.552423
709.0,Trevenant,85,110,76,65,82,56,474,0.0,2.0,0.5,0.5,0.5,2.0,0.0,1.0,0.5,2.0,1.0,1.0,1.0,2.0,1.0,2.0,1.0,1.0,411.0,1.5,156.5,71.0,60,5.0,5120,60,Available; Frisk; Harvest; Natural Cure,Ghost,Grass,Elder Tree,,6,0,0,0,2,4,7,5,0.0,4,474.0,0.0,Real,5.3887186,6.7500653
710.0,Pumpkaboo,49,66,70,44,55,51,335,0.0,2.0,0.5,0.5,0.5,2.0,0.0,1.0,0.5,2.0,1.0,1.0,1.0,2.0,1.0,2.0,1.0,1.0,104.0,0.4,11.0,5.0,120,5.0,5120,120,Frisk; Insomnia; Pickup,Ghost,Grass,Pumpkin,Average Size; Small Size; Large Size; Super Size,6,0,0,0,2,4,7,5,1.0,3,335.0,0.0,Real,8.434526,7.533306
711.0,Gourgeist,65,90,122,58,75,84,494,0.0,2.0,0.5,0.5,0.5,2.0,0.0,1.0,0.5,2.0,1.0,1.0,1.0,2.0,1.0,2.0,1.0,1.0,211.0,0.9,27.6,12.5,60,5.0,5120,60,Frisk; Insomnia; Pickup,Ghost,Grass,Pumpkin,Average Size; Small Size; Large Size; Super Size,6,0,0,0,2,4,7,5,1.0,3,494.0,0.0,Real,5.5215054,6.781873
712.0,Bergmite,55,69,85,32,35,28,304,1.0,2.0,1.0,1.0,1.0,0.5,2.0,1.0,1.0,1.0,1.0,1.0,2.0,1.0,1.0,1.0,2.0,1.0,303.0,1.0,219.4,99.5,190,5.0,5120,190,Ice Body; Own Tempo; Sturdy,Ice,None,Ice Chunk,,6,0,0,0,0,1,13,4,0.0,3,304.0,0.0,Real,10.116398,9.445417
713.0,Avalugg,95,117,184,44,46,28,514,1.0,2.0,1.0,1.0,1.0,0.5,2.0,1.0,1.0,1.0,1.0,1.0,2.0,1.0,1.0,1.0,2.0,1.0,607.0,2.0,1113.3,505.0,55,5.0,5120,55,Ice Body; Own Tempo; Sturdy,Ice,None,Iceberg,Hisuian Avalugg,6,0,0,0,0,1,13,4,1.0,3,514.0,0.0,Real,4.4879975,9.406332
714.0,Noibat,40,30,35,45,40,55,245,1.0,0.5,0.5,1.0,0.25,4.0,0.5,1.0,0.0,1.0,1.0,0.5,2.0,1.0,2.0,1.0,1.0,2.0,108.0,0.5,17.6,8.0,190,5.0,5120,190,Frisk; Infiltrator; Telepathy,Flying,Dragon,Sound Wave,,6,0,0,0,1,5,8,4,0.0,3,245.0,0.0,Real,9.13582,7.573478
715.0,Noivern,85,70,80,97,80,123,535,1.0,0.5,0.5,1.0,0.25,4.0,0.5,1.0,0.0,1.0,1.0,0.5,2.0,1.0,2.0,1.0,1.0,2.0,411.0,1.5,187.4,85.0,45,5.0,5120,45,Frisk; Infiltrator; Telepathy,Flying,Dragon,Sound Wave,,6,0,0,0,1,5,8,4,0.0,3,535.0,0.0,Real,5.562344,7.288787
716.0,Xerneas,126,131,95,131,98,99,680,1.0,1.0,1.0,1.0,1.0,1.0,0.5,2.0,1.0,1.0,1.0,0.5,1.0,1.0,0.0,0.5,2.0,1.0,910.0,3.0,474.0,215.0,45,5.0,30720,45,Fairy Aura,Fairy,None,Life,,6,1,0,0,1,3,12,2,0.0,1,680.0,0.0,Real,5.5135746,6.3537035
717.0,Yveltal,126,131,95,131,98,99,680,1.0,1.0,1.0,2.0,0.5,2.0,1.0,1.0,0.0,1.0,0.0,1.0,2.0,0.5,1.0,0.5,1.0,2.0,1900.0,5.8,447.5,203.0,45,5.0,30720,45,Dark Aura,Dark,Flying,Destruction,,6,1,0,0,2,3,9,4,0.0,1,680.0,0.0,Real,4.4574986,7.4043255
718.0,Zygarde,108,100,121,81,95,95,600,1.0,0.5,1.0,0.0,1.0,4.0,1.0,0.5,1.0,1.0,1.0,1.0,0.5,1.0,2.0,1.0,1.0,2.0,47.0,1.2,73.9,33.5,3,5.0,30720,3,Aura Break; Other Ability; Power Construct,Dragon,Ground,Order,50% Forme; 10% Forme; Complete Forme,6,1,0,0,1,3,11,3,1.0,3,600.0,0.0,Real,5.567604,6.9687076
719.0,Diancie,50,100,150,100,150,50,600,0.5,0.5,2.0,1.0,2.0,1.0,1.0,1.0,2.0,0.5,1.0,0.5,1.0,1.0,0.0,0.5,4.0,1.0,204.0,0.7,19.4,8.8,3,5.0,6400,3,Clear Body,Rock,Fairy,Jewel,Mega Diancie,6,0,1,0,1,5,8,4,1.0,1,600.0,0.0,Real,5.269449,7.949077
720.0,Hoopa,80,110,60,150,130,70,600,0.0,1.0,1.0,1.0,1.0,1.0,0.0,0.5,1.0,1.0,0.5,1.0,1.0,4.0,1.0,4.0,1.0,1.0,20.0,0.5,19.8,9.0,3,5.0,5120,3,Magician,Psychic,Ghost,Not Found,Hoopa Confined; Hoopa Unbound,6,0,1,0,2,2,12,2,1.0,1,600.0,0.0,Real,6.218415,6.502898
721.0,Volcanion,80,110,120,130,90,70,600,1.0,0.25,1.0,2.0,1.0,0.25,1.0,1.0,2.0,1.0,1.0,0.5,2.0,1.0,1.0,1.0,0.25,0.5,507.0,1.7,429.9,195.0,3,5.0,30720,3,Water Absorb,Fire,Water,Steam,,6,0,1,0,0,5,10,3,0.0,1,600.0,0.0,Real,3.9358897,8.984763
722.0,Rowlet,68,55,55,50,50,42,320,1.0,2.0,0.5,1.0,0.25,4.0,0.5,2.0,0.0,2.0,1.0,1.0,2.0,1.0,1.0,1.0,1.0,1.0,100.0,0.3,3.3,1.5,45,88.1,3840,45,Available; Long Reach; Overgrow,Grass,Flying,Grass Quill,,7,0,0,0,1,3,9,5,0.0,3,320.0,0.0,Real,7.803563,13.444272
723.0,Dartrix,78,75,75,70,70,52,420,1.0,2.0,0.5,1.0,0.25,4.0,0.5,2.0,0.0,2.0,1.0,1.0,2.0,1.0,1.0,1.0,1.0,1.0,204.0,0.7,35.3,16.0,45,88.1,3840,45,Available; Long Reach; Overgrow,Grass,Flying,Blade Quill,,7,0,0,0,1,3,9,5,0.0,3,420.0,0.0,Real,7.411021,13.158764
724.0,Decidueye,78,107,75,100,100,70,530,0.0,2.0,0.5,0.5,0.5,2.0,0.0,1.0,0.5,2.0,1.0,1.0,1.0,2.0,1.0,2.0,1.0,1.0,503.0,1.6,80.7,36.6,45,88.1,3840,45,Available; Long Reach; Overgrow,Grass,Ghost,Arrow Quill,Hisuian Decidueye,7,0,0,0,2,4,7,5,1.0,3,530.0,0.0,Real,6.4340925,13.044065
725.0,Litten,45,65,40,60,40,70,320,1.0,0.5,2.0,1.0,0.5,0.5,1.0,1.0,2.0,1.0,1.0,0.5,2.0,1.0,1.0,1.0,0.5,0.5,104.0,0.4,9.5,4.3,45,88.1,3840,45,Available; Blaze; Intimidate,Fire,None,Fire Cat,,7,0,0,0,0,6,9,3,0.0,3,320.0,0.0,Real,7.8880777,14.225861
726.0,Torracat,65,85,50,80,50,90,420,1.0,0.5,2.0,1.0,0.5,0.5,1.0,1.0,2.0,1.0,1.0,0.5,2.0,1.0,1.0,1.0,0.5,0.5,204.0,0.7,55.1,25.0,45,88.1,3840,45,Available; Blaze; Intimidate,Fire,None,Fire Cat,,7,0,0,0,0,6,9,3,0.0,3,420.0,0.0,Real,7.489819,14.022061
727.0,Incineroar,95,115,90,80,90,60,530,1.0,0.5,2.0,1.0,0.5,0.5,2.0,1.0,2.0,1.0,0.0,1.0,2.0,0.5,1.0,0.5,0.5,1.0,511.0,1.8,183.0,83.0,45,88.1,3840,45,Available; Blaze; Intimidate,Fire,Dark,Heel,,7,0,0,0,1,6,7,4,0.0,3,530.0,0.0,Real,6.509124,13.150768
728.0,Popplio,50,54,54,66,56,40,320,1.0,0.5,0.5,2.0,2.0,0.5,1.0,1.0,1.0,1.0,1.0,1.0,1.0,1.0,1.0,1.0,0.5,1.0,104.0,0.4,16.5,7.5,45,88.1,3840,45,Available; Liquid Voice; Torrent,Water,None,Sea Lion,,7,0,0,0,0,4,12,2,0.0,3,320.0,0.0,Real,8.152365,14.027777
729.0,Brionne,60,69,69,91,81,50,420,1.0,0.5,0.5,2.0,2.0,0.5,1.0,1.0,1.0,1.0,1.0,1.0,1.0,1.0,1.0,1.0,0.5,1.0,200.0,0.6,38.6,17.5,45,88.1,3840,45,Available; Liquid Voice; Torrent,Water,None,Pop Star,,7,0,0,0,0,4,12,2,0.0,3,420.0,0.0,Real,7.7302566,13.90916
730.0,Primarina,80,74,74,126,116,60,530,1.0,0.5,0.5,2.0,2.0,0.5,0.5,2.0,1.0,1.0,1.0,0.5,1.0,1.0,0.0,0.5,1.0,1.0,511.0,1.8,97.0,44.0,45,88.1,3840,45,Available; Liquid Voice; Torrent,Water,Fairy,Soloist,,7,0,0,0,1,6,8,3,0.0,3,530.0,0.0,Real,6.2731037,13.094072
731.0,Pikipek,35,75,30,30,30,65,265,1.0,1.0,1.0,2.0,0.5,2.0,1.0,1.0,0.0,1.0,1.0,0.5,2.0,0.0,1.0,1.0,1.0,1.0,100.0,0.3,2.6,1.2,255,5.0,3840,255,Available; Keen Eye; Pickup; Skill Link,Normal,Flying,Woodpecker,,7,0,0,0,2,2,11,3,0.0,4,265.0,0.0,Real,8.958992,6.4387197
732.0,Trumbeak,55,85,50,40,50,75,355,1.0,1.0,1.0,2.0,0.5,2.0,1.0,1.0,0.0,1.0,1.0,0.5,2.0,0.0,1.0,1.0,1.0,1.0,200.0,0.6,32.6,14.8,120,5.0,3840,120,Available; Keen Eye; Pickup; Skill Link,Normal,Flying,Bugle Beak,,7,0,0,0,2,2,11,3,0.0,4,355.0,0.0,Real,8.024712,6.5223665
733.0,Toucannon,80,120,75,75,75,60,485,1.0,1.0,1.0,2.0,0.5,2.0,1.0,1.0,0.0,1.0,1.0,0.5,2.0,0.0,1.0,1.0,1.0,1.0,307.0,1.1,57.3,26.0,45,5.0,3840,45,Available; Keen Eye; Sheer Force; Skill Link,Normal,Flying,Cannon,,7,0,0,0,2,2,11,3,0.0,4,485.0,0.0,Real,6.8304405,6.482395
734.0,Yungoos,48,70,30,30,30,45,253,1.0,1.0,1.0,1.0,1.0,1.0,2.0,1.0,1.0,1.0,1.0,1.0,1.0,0.0,1.0,1.0,1.0,1.0,104.0,0.4,13.2,6.0,255,5.0,3840,255,Adaptability; Available; Stakeout; Strong Jaw,Normal,None,Loitering,,7,0,0,0,1,0,16,1,0.0,4,253.0,0.0,Real,7.575958,3.563941
735.0,Gumshoos,88,110,60,55,60,45,418,1.0,1.0,1.0,1.0,1.0,1.0,2.0,1.0,1.0,1.0,1.0,1.0,1.0,0.0,1.0,1.0,1.0,1.0,204.0,0.7,31.3,14.2,127,5.0,3840,127,Adaptability; Available; Stakeout; Strong Jaw,Normal,None,Stakeout,,7,0,0,0,1,0,16,1,0.0,4,418.0,0.0,Real,6.940725,4.3234873
736.0,Grubbin,47,62,45,55,45,46,300,1.0,2.0,1.0,1.0,0.5,1.0,0.5,1.0,0.5,2.0,1.0,1.0,2.0,1.0,1.0,1.0,1.0,1.0,104.0,0.4,9.7,4.4,255,5.0,3840,255,Swarm,Bug,None,Larva,,7,0,0,0,0,3,12,3,0.0,1,300.0,0.0,Real,10.216182,9.571948
737.0,Charjabug,57,82,95,55,75,36,400,1.0,2.0,1.0,0.5,0.5,1.0,0.5,1.0,1.0,1.0,1.0,1.0,2.0,1.0,1.0,1.0,0.5,1.0,108.0,0.5,23.1,10.5,120,5.0,3840,120,Battery,Bug,Electric,Battery,,7,0,0,0,0,4,12,2,0.0,1,400.0,0.0,Real,7.529084,10.239231
738.0,Vikavolt,77,70,90,145,75,43,500,1.0,2.0,1.0,0.5,0.5,1.0,0.5,1.0,1.0,1.0,1.0,1.0,2.0,1.0,1.0,1.0,0.5,1.0,411.0,1.5,99.2,45.0,45,5.0,3840,45,Levitate,Bug,Electric,Stag Beetle,,7,0,0,0,0,4,12,2,0.0,1,500.0,0.0,Real,6.123107,10.496559
739.0,Crabrawler,47,82,57,42,47,63,338,1.0,1.0,1.0,1.0,1.0,1.0,1.0,1.0,1.0,2.0,2.0,0.5,0.5,1.0,1.0,0.5,1.0,2.0,200.0,0.6,15.4,7.0,225,5.0,5120,225,Anger Point; Available; Hyper Cutter; Iron Fist,Fighting,None,Boxing,,7,0,0,0,0,3,12,3,0.0,4,338.0,0.0,Real,10.376203,9.822149
740.0,Crabominable,97,132,77,62,67,43,478,1.0,2.0,1.0,1.0,1.0,0.5,2.0,1.0,1.0,2.0,2.0,0.5,1.0,1.0,1.0,0.5,2.0,2.0,507.0,1.7,396.8,180.0,60,5.0,5120,60,Anger Point; Available; Hyper Cutter; Iron Fist,Fighting,Ice,Woolly Crab,,7,0,0,0,0,3,9,6,0.0,4,478.0,0.0,Real,5.0525393,9.193564
741.0,Oricorio,75,70,70,98,70,93,476,1.0,0.5,2.0,2.0,0.25,1.0,0.5,1.0,0.0,1.0,1.0,0.25,4.0,1.0,1.0,1.0,0.5,0.5,200.0,0.6,7.5,3.4,45,24.6,5120,45,Dancer,Fire,Flying,Dancing,Baile Style; Pom-Pom Style; Pa'u Style; Sensu Style,7,0,0,0,1,6,8,3,1.0,1,476.0,0.0,Real,5.871427,7.2030864
742.0,Cutiefly,40,45,40,55,40,84,304,1.0,2.0,1.0,1.0,0.5,1.0,0.25,2.0,0.5,2.0,1.0,0.5,2.0,1.0,0.0,0.5,2.0,1.0,4.0,0.1,0.4,0.2,190,5.0,5120,190,Available; Honey Gather; Shield Dust; Sweet Veil,Bug,Fairy,Bee Fly,,7,0,0,0,1,5,7,5,0.0,4,304.0,0.0,Real,8.936368,7.641492
743.0,Ribombee,60,55,60,95,70,124,464,1.0,2.0,1.0,1.0,0.5,1.0,0.25,2.0,0.5,2.0,1.0,0.5,2.0,1.0,0.0,0.5,2.0,1.0,8.0,0.2,1.1,0.5,75,5.0,5120,75,Available; Honey Gather; Shield Dust; Sweet Veil,Bug,Fairy,Bee Fly,,7,0,0,0,1,5,7,5,0.0,4,464.0,0.0,Real,5.9455485,7.385618
744.0,Rockruff,45,65,40,30,40,60,280,0.5,0.5,2.0,1.0,2.0,1.0,2.0,0.5,2.0,0.5,1.0,1.0,1.0,1.0,1.0,1.0,2.0,1.0,108.0,0.5,20.3,9.2,190,5.0,3840,190,Alternate Rockruff Only; Keen Eye; Own Tempo; Special Ability; Steadfast; Vital Spirit,Rock,None,Puppy,Own Tempo Rockruff,7,0,0,0,0,4,9,5,1.0,6,280.0,0.0,Real,9.458296,8.415406
745.0,Lycanroc,75,115,65,55,65,112,487,0.5,0.5,2.0,1.0,2.0,1.0,2.0,0.5,2.0,0.5,1.0,1.0,1.0,1.0,1.0,1.0,2.0,1.0,31.0,0.8,55.1,25.0,90,5.0,3840,90,Available; Dusk Form; Dusk Form Abilities; Hidden; Keen Eye; Midnight Form Abilities; No Guard; Sand Rush; Steadfast; Tough Claws; Vital Spirit,Rock,None,Wolf,Midday Form; Midnight Form; Dusk Form,7,0,0,0,0,4,9,5,1.0,11,487.0,0.0,Real,5.50865,8.663711
746.0,Wishiwashi,45,20,20,25,25,40,175,1.0,0.5,0.5,2.0,2.0,0.5,1.0,1.0,1.0,1.0,1.0,1.0,1.0,1.0,1.0,1.0,0.5,1.0,8.0,0.2,0.7,0.3,60,5.0,3840,60,Schooling,Water,None,Small Fry,Solo Form; School Form,7,0,0,0,0,4,12,2,1.0,1,175.0,0.0,Real,9.185468,9.136501
747.0,Mareanie,50,53,62,43,52,45,305,1.0,0.5,0.5,2.0,1.0,0.5,0.5,0.5,2.0,1.0,2.0,0.5,1.0,1.0,1.0,1.0,0.5,0.5,104.0,0.4,17.6,8.0,190,5.0,5120,190,Available; Limber; Merciless; Regenerator,Poison,Water,Brutal Star,,7,0,0,0,0,8,7,3,0.0,4,305.0,0.0,Real,9.351622,8.806036
748.0,Toxapex,50,63,152,53,142,35,495,1.0,0.5,0.5,2.0,1.0,0.5,0.5,0.5,2.0,1.0,2.0,0.5,1.0,1.0,1.0,1.0,0.5,0.5,204.0,0.7,32.0,14.5,75,5.0,5120,75,Available; Limber; Merciless; Regenerator,Poison,Water,Brutal Star,,7,0,0,0,0,8,7,3,0.0,4,495.0,0.0,Real,5.731286,8.416883
749.0,Mudbray,70,100,70,45,55,45,385,1.0,1.0,2.0,0.0,2.0,2.0,1.0,0.5,1.0,1.0,1.0,1.0,0.5,1.0,1.0,1.0,1.0,1.0,303.0,1.0,242.5,110.0,190,5.0,5120,190,Available; Inner Focus; Own Tempo; Stamina,Ground,None,Donkey,,7,0,0,0,1,2,12,3,0.0,4,385.0,0.0,Real,8.210697,7.0469084
750.0,Mudsdale,100,125,100,55,85,35,500,1.0,1.0,2.0,0.0,2.0,2.0,1.0,0.5,1.0,1.0,1.0,1.0,0.5,1.0,1.0,1.0,1.0,1.0,802.0,2.5,2028.2,920.0,60,5.0,5120,60,Available; Inner Focus; Own Tempo; Stamina,Ground,None,Draft Horse,,7,0,0,0,1,2,12,3,0.0,4,500.0,0.0,Real,2.3383024,8.700196
751.0,Dewpider,38,40,52,40,72,27,269,1.0,1.0,0.5,2.0,1.0,0.5,0.5,1.0,0.5,2.0,1.0,1.0,2.0,1.0,1.0,1.0,0.5,1.0,100.0,0.3,8.8,4.0,200,5.0,3840,200,Available; Water Absorb; Water Bubble,Water,Bug,Water Bubble,,7,0,0,0,0,5,10,3,0.0,3,269.0,0.0,Real,9.903929,9.41488
752.0,Araquanid,68,70,92,50,132,42,454,1.0,1.0,0.5,2.0,1.0,0.5,0.5,1.0,0.5,2.0,1.0,1.0,2.0,1.0,1.0,1.0,0.5,1.0,511.0,1.8,180.8,82.0,100,5.0,3840,100,Available; Water Absorb; Water Bubble,Water,Bug,Water Bubble,,7,0,0,0,0,5,10,3,0.0,3,454.0,0.0,Real,6.405498,9.91387
753.0,Fomantis,40,55,35,50,35,35,250,1.0,2.0,0.5,0.5,0.5,2.0,1.0,2.0,0.5,2.0,1.0,2.0,1.0,1.0,1.0,1.0,1.0,1.0,100.0,0.3,3.3,1.5,190,5.0,5120,190,Available; Contrary; Leaf Guard,Grass,None,Sickle Grass,,7,0,0,0,0,4,9,5,0.0,3,250.0,0.0,Real,9.629247,8.46936
754.0,Lurantis,70,105,90,80,90,45,480,1.0,2.0,0.5,0.5,0.5,2.0,1.0,2.0,0.5,2.0,1.0,2.0,1.0,1.0,1.0,1.0,1.0,1.0,211.0,0.9,40.8,18.5,75,5.0,5120,75,Available; Contrary; Leaf Guard,Grass,None,Bloom Sickle,,7,0,0,0,0,4,9,5,0.0,3,480.0,0.0,Real,6.085174,9.239797
755.0,Morelull,40,35,55,65,75,15,285,1.0,2.0,0.5,0.5,0.5,2.0,0.5,4.0,0.5,2.0,1.0,1.0,1.0,1.0,0.0,0.5,2.0,1.0,8.0,0.2,3.3,1.5,190,5.0,5120,190,Available; Effect Spore; Illuminate; Rain Dish,Grass,Fairy,Illuminating,,7,0,0,0,1,6,6,5,0.0,4,285.0,0.0,Real,8.936004,7.896166
756.0,Shiinotic,60,45,80,90,100,30,405,1.0,2.0,0.5,0.5,0.5,2.0,0.5,4.0,0.5,2.0,1.0,1.0,1.0,1.0,0.0,0.5,2.0,1.0,303.0,1.0,25.4,11.5,75,5.0,5120,75,Available; Effect Spore; Illuminate; Rain Dish,Grass,Fairy,Illuminating,,7,0,0,0,1,6,6,5,0.0,4,405.0,0.0,Real,6.2998166,8.335964
757.0,Salandit,48,44,40,71,40,77,320,1.0,0.5,2.0,1.0,0.25,0.5,0.5,0.5,4.0,1.0,2.0,0.25,2.0,1.0,1.0,1.0,0.5,0.25,200.0,0.6,10.6,4.8,120,88.1,5120,120,Available; Corrosion; Oblivious,Poison,Fire,Toxic Lizard,,7,0,0,0,0,8,6,4,0.0,3,320.0,0.0,Real,8.147825,14.187397
758.0,Salazzle,68,64,60,111,60,117,480,1.0,0.5,2.0,1.0,0.25,0.5,0.5,0.5,4.0,1.0,2.0,0.25,2.0,1.0,1.0,1.0,0.5,0.25,311.0,1.2,48.9,22.2,45,0.0,5120,45,Available; Corrosion; Oblivious,Poison,Fire,Toxic Lizard,,7,0,0,0,0,8,6,4,0.0,3,480.0,0.0,Real,4.8802714,8.343813
759.0,Stufful,70,75,50,45,50,50,340,1.0,1.0,1.0,1.0,1.0,1.0,2.0,1.0,1.0,2.0,2.0,0.5,0.5,0.0,1.0,0.5,1.0,2.0,108.0,0.5,15.0,6.8,140,5.0,3840,140,Available; Cute Charm; Fluffy; Klutz,Normal,Fighting,Flailing,,7,0,0,0,1,3,10,4,0.0,4,340.0,0.0,Real,8.174802,7.047774
760.0,Bewear,120,125,80,55,60,60,500,1.0,1.0,1.0,1.0,1.0,1.0,2.0,1.0,1.0,2.0,2.0,0.5,0.5,0.0,1.0,0.5,1.0,2.0,611.0,2.1,297.6,135.0,70,5.0,3840,70,Available; Fluffy; Klutz; Unnerve,Normal,Fighting,Strong Arm,,7,0,0,0,1,3,10,4,0.0,4,500.0,0.0,Real,6.405105,7.429379
761.0,Bounsweet,42,30,38,30,38,32,210,1.0,2.0,0.5,0.5,0.5,2.0,1.0,2.0,0.5,2.0,1.0,2.0,1.0,1.0,1.0,1.0,1.0,1.0,100.0,0.3,7.1,3.2,235,0.0,5120,235,Available; Leaf Guard; Oblivious; Sweet Veil,Grass,None,Fruit,,7,0,0,0,0,4,9,5,0.0,4,210.0,0.0,Real,9.829895,8.506932
762.0,Steenee,52,40,48,40,48,62,290,1.0,2.0,0.5,0.5,0.5,2.0,1.0,2.0,0.5,2.0,1.0,2.0,1.0,1.0,1.0,1.0,1.0,1.0,204.0,0.7,18.1,8.2,120,0.0,5120,120,Available; Leaf Guard; Oblivious; Sweet Veil,Grass,None,Fruit,,7,0,0,0,0,4,9,5,0.0,4,290.0,0.0,Real,8.719867,8.601439
763.0,Tsareena,72,120,98,50,98,72,510,1.0,2.0,0.5,0.5,0.5,2.0,1.0,2.0,0.5,2.0,1.0,2.0,1.0,1.0,1.0,1.0,1.0,1.0,311.0,1.2,47.2,21.4,45,0.0,5120,45,Available; Leaf Guard; Queenly Majesty; Sweet Veil,Grass,None,Fruit,,7,0,0,0,0,4,9,5,0.0,4,510.0,0.0,Real,5.249823,9.3316345
764.0,Comfey,51,52,90,82,110,100,485,1.0,1.0,1.0,1.0,1.0,1.0,0.5,2.0,1.0,1.0,1.0,0.5,1.0,1.0,0.0,0.5,2.0,1.0,4.0,0.1,0.7,0.3,60,24.6,5120,60,Available; Flower Veil; Natural Cure; Triage,Fairy,None,Posy Picker,,7,0,0,0,1,3,12,2,0.0,4,485.0,0.0,Real,6.5834107,6.7713532
765.0,Oranguru,90,60,80,90,110,60,490,1.0,1.0,1.0,1.0,1.0,1.0,1.0,1.0,1.0,1.0,0.5,2.0,1.0,0.0,1.0,2.0,1.0,1.0,411.0,1.5,167.5,76.0,45,5.0,5120,45,Available; Inner Focus; Symbiosis; Telepathy,Normal,Psychic,Sage,,7,0,0,0,1,1,14,2,0.0,4,490.0,0.0,Real,6.471071,6.1348944
766.0,Passimian,100,120,90,40,60,80,490,1.0,1.0,1.0,1.0,1.0,1.0,1.0,1.0,1.0,2.0,2.0,0.5,0.5,1.0,1.0,0.5,1.0,2.0,607.0,2.0,182.5,82.8,45,5.0,5120,45,Available; Defiant; Receiver,Fighting,None,Teamwork,,7,0,0,0,0,3,12,3,0.0,3,490.0,0.0,Real,5.5324364,10.278099
767.0,Wimpod,25,35,40,20,30,80,230,1.0,1.0,0.5,2.0,1.0,0.5,0.5,1.0,0.5,2.0,1.0,1.0,2.0,1.0,1.0,1.0,0.5,1.0,108.0,0.5,26.5,12.0,90,5.0,5120,90,Wimp Out,Bug,Water,Turn Tail,,7,0,0,0,0,5,10,3,0.0,1,230.0,0.0,Real,9.097572,9.079977
768.0,Golisopod,75,125,140,60,90,40,530,1.0,1.0,0.5,2.0,1.0,0.5,0.5,1.0,0.5,2.0,1.0,1.0,2.0,1.0,1.0,1.0,0.5,1.0,607.0,2.0,238.1,108.0,45,5.0,5120,45,Emergency Exit,Bug,Water,Hard Scale,,7,0,0,0,0,5,10,3,0.0,1,530.0,0.0,Real,5.122155,9.828517
769.0,Sandygast,55,55,80,70,45,15,320,0.0,1.0,2.0,0.0,2.0,2.0,0.0,0.25,1.0,1.0,1.0,0.5,0.5,2.0,1.0,2.0,1.0,1.0,108.0,0.5,154.3,70.0,140,5.0,3840,140,Available; Sand Veil; Water Compaction,Ghost,Ground,Sand Heap,,7,0,0,0,3,3,7,5,0.0,3,320.0,0.0,Real,8.401282,7.336452
770.0,Palossand,85,75,110,100,75,35,480,0.0,1.0,2.0,0.0,2.0,2.0,0.0,0.25,1.0,1.0,1.0,0.5,0.5,2.0,1.0,2.0,1.0,1.0,403.0,1.3,551.1,250.0,60,5.0,3840,60,Available; Sand Veil; Water Compaction,Ghost,Ground,Sand Castle,,7,0,0,0,3,3,7,5,0.0,3,480.0,0.0,Real,5.348855,6.6792617
771.0,Pyukumuku,55,60,130,30,130,5,410,1.0,0.5,0.5,2.0,2.0,0.5,1.0,1.0,1.0,1.0,1.0,1.0,1.0,1.0,1.0,1.0,0.5,1.0,100.0,0.3,2.6,1.2,60,5.0,3840,60,Available; Innards Out; Unaware,Water,None,Sea Cucumber,,7,0,0,0,0,4,12,2,0.0,3,410.0,0.0,Real,7.090434,10.057939
772.0,Type-null,95,95,95,95,95,59,534,1.0,1.0,1.0,1.0,1.0,1.0,2.0,1.0,1.0,1.0,1.0,1.0,1.0,0.0,1.0,1.0,1.0,1.0,603.0,1.9,265.7,120.5,3,5.0,30720,3,Battle Armor,Normal,None,Synthetic,,7,0,0,0,1,0,16,1,0.0,1,534.0,0.0,Real,6.4320703,5.026152
773.0,Silvally,95,95,95,95,95,95,570,1.0,1.0,1.0,1.0,1.0,1.0,2.0,1.0,1.0,1.0,1.0,1.0,1.0,0.0,1.0,1.0,1.0,1.0,707.0,2.3,221.6,100.5,3,5.0,30720,3,RKS System,Normal,None,Synthetic,,7,1,0,0,1,0,16,1,0.0,1,570.0,0.0,Real,6.414466,5.075396
774.0,Minior,60,60,100,60,100,60,440,0.5,0.5,2.0,2.0,1.0,2.0,1.0,0.5,0.0,0.5,1.0,0.5,2.0,1.0,1.0,1.0,2.0,1.0,100.0,0.3,88.2,40.0,30,5.0,3200,30,Shields Down,Rock,Flying,Meteor,Meteor Form; Core Form,7,0,0,0,1,5,7,5,1.0,1,440.0,0.0,Real,5.880328,8.0746355
775.0,Komala,65,115,65,75,95,65,480,1.0,1.0,1.0,1.0,1.0,1.0,2.0,1.0,1.0,1.0,1.0,1.0,1.0,0.0,1.0,1.0,1.0,1.0,104.0,0.4,43.9,19.9,45,5.0,5120,45,Bad Dreams; Comatose; Dream Eater; Hex; Nightmare; Sleep Talk; Snore,Normal,None,Drowsing,,7,0,0,0,1,0,16,1,0.0,7,480.0,0.0,Real,6.5849876,4.7673807
776.0,Turtonator,60,78,135,91,85,36,485,1.0,0.25,1.0,0.5,0.25,1.0,1.0,1.0,2.0,1.0,1.0,0.5,2.0,1.0,2.0,1.0,0.5,1.0,607.0,2.0,467.4,212.0,70,5.0,5120,70,Shell Armor,Fire,Dragon,Blast Turtle,,7,0,0,0,0,5,10,3,0.0,1,485.0,0.0,Real,5.325418,9.80539
777.0,Togedemaru,65,98,63,40,73,96,435,0.5,2.0,1.0,0.5,0.5,0.5,2.0,0.0,4.0,0.25,0.5,0.5,0.5,1.0,0.5,1.0,0.25,0.5,100.0,0.3,7.3,3.3,180,5.0,2560,180,Available; Iron Barbs; Lightning Rod; Sturdy,Electric,Steel,Roly-Poly,,7,0,0,0,1,11,3,3,0.0,4,435.0,0.0,Real,4.3036857,6.1841054
778.0,Mimikyu,55,90,80,50,105,96,476,0.0,1.0,1.0,1.0,1.0,1.0,0.0,1.0,1.0,1.0,1.0,0.25,1.0,2.0,0.0,1.0,2.0,1.0,8.0,0.2,1.5,0.7,45,5.0,5120,45,Disguise,Ghost,Fairy,Disguise,,7,0,0,0,3,1,12,2,0.0,1,476.0,0.0,Real,6.9334745,6.4193254
779.0,Bruxish,68,105,70,70,70,92,475,1.0,0.5,0.5,2.0,2.0,0.5,0.5,1.0,1.0,1.0,0.5,2.0,1.0,2.0,1.0,2.0,0.5,1.0,211.0,0.9,41.9,19.0,80,5.0,3840,80,Available; Dazzling; Strong Jaw; Wonder Skin,Water,Psychic,Gnash Teeth,,7,0,0,0,0,6,7,5,0.0,4,475.0,0.0,Real,5.438544,8.518398
780.0,Drampa,78,60,85,135,91,36,485,1.0,0.5,0.5,0.5,0.5,2.0,2.0,1.0,1.0,1.0,1.0,1.0,1.0,0.0,2.0,1.0,1.0,2.0,910.0,3.0,407.8,185.0,70,5.0,5120,70,Available; Berserk; Cloud Nine; Sap Sipper,Normal,Dragon,Placid,,7,0,0,0,1,4,9,4,0.0,4,485.0,0.0,Real,5.9857817,8.186167
781.0,Dhelmise,70,131,100,86,90,40,517,0.0,2.0,0.5,0.5,0.5,2.0,0.0,1.0,0.5,2.0,1.0,1.0,1.0,2.0,1.0,2.0,1.0,1.0,1210.0,3.9,463.0,210.0,25,5.0,6400,25,Steelworker,Ghost,Grass,Sea Creeper,,7,0,0,0,2,4,7,5,0.0,1,517.0,0.0,Real,5.0205083,6.891892
782.0,Jangmo-o,45,55,65,45,45,45,300,1.0,0.5,0.5,0.5,0.5,2.0,1.0,1.0,1.0,1.0,1.0,1.0,1.0,1.0,2.0,1.0,1.0,2.0,200.0,0.6,65.5,29.7,45,5.0,10240,45,Available; Bulletproof; Overcoat; Soundproof,Dragon,None,Scaly,,7,0,0,0,0,4,11,3,0.0,4,300.0,0.0,Real,8.532994,9.206669
783.0,Hakamo-o,55,75,90,65,70,65,420,1.0,0.5,0.5,0.5,0.5,2.0,1.0,1.0,1.0,2.0,2.0,0.5,0.5,1.0,2.0,0.5,1.0,4.0,311.0,1.2,103.6,47.0,45,5.0,10240,45,Available; Bulletproof; Overcoat; Soundproof,Dragon,Fighting,Scaly,,7,0,0,0,0,7,6,5,0.0,4,420.0,0.0,Real,5.5091066,8.4361925
784.0,Kommo-o,75,110,125,100,105,85,600,1.0,0.5,0.5,0.5,0.5,2.0,1.0,1.0,1.0,2.0,2.0,0.5,0.5,1.0,2.0,0.5,1.0,4.0,503.0,1.6,172.4,78.2,45,5.0,10240,45,Available; Bulletproof; Overcoat; Soundproof,Dragon,Fighting,Scaly,,7,0,0,0,0,7,6,5,0.0,4,600.0,0.0,Real,4.3144794,8.213615
785.0,Tapu-koko,70,115,85,95,75,130,570,1.0,1.0,1.0,0.5,1.0,1.0,0.5,2.0,2.0,0.5,1.0,0.5,1.0,1.0,0.0,0.5,1.0,1.0,511.0,1.8,45.2,20.5,3,5.0,3840,3,Activates; Electric Surge; Electric Terrain; Not Available; Telepathy,Electric,Fairy,Land Spirit,,7,0,0,0,1,5,10,2,0.0,5,570.0,0.0,Real,5.5475426,6.813215
786.0,Tapu-lele,70,85,75,130,115,95,570,1.0,1.0,1.0,1.0,1.0,1.0,0.25,2.0,1.0,1.0,0.5,1.0,1.0,2.0,0.0,1.0,2.0,1.0,311.0,1.2,41.0,18.6,3,5.0,3840,3,Activates; Not Available; Psychic Surge; Psychic Terrain; Telepathy,Psychic,Fairy,Land Spirit,,7,0,0,0,1,2,12,3,0.0,5,570.0,0.0,Real,6.0482078,6.6736426
787.0,Tapu-bulu,70,130,115,85,95,75,570,1.0,2.0,0.5,0.5,0.5,2.0,0.5,4.0,0.5,2.0,1.0,1.0,1.0,1.0,0.0,0.5,2.0,1.0,603.0,1.9,100.3,45.5,3,5.0,3840,3,Activates; Grassy Surge; Grassy Terrain; Not Available; Telepathy,Grass,Fairy,Land Spirit,,7,0,0,0,1,6,6,5,0.0,5,570.0,0.0,Real,4.4278812,7.744035
788.0,Tapu-fini,70,75,115,95,130,85,570,1.0,0.5,0.5,2.0,2.0,0.5,0.5,2.0,1.0,1.0,1.0,0.5,1.0,1.0,0.0,0.5,1.0,1.0,403.0,1.3,46.7,21.2,3,5.0,3840,3,Activates; Misty Surge; Misty Terrain; Not Available; Telepathy,Water,Fairy,Land Spirit,,7,0,0,0,1,6,8,3,0.0,5,570.0,0.0,Real,5.1702356,7.716472
789.0,Cosmog,43,29,31,29,31,37,200,1.0,1.0,1.0,1.0,1.0,1.0,0.5,1.0,1.0,1.0,0.5,2.0,1.0,2.0,1.0,2.0,1.0,1.0,8.0,0.2,0.2,0.1,45,5.0,30720,45,Unaware,Psychic,None,Nebula,,7,1,0,0,0,2,13,3,0.0,1,200.0,0.0,Real,9.149607,9.216301
790.0,Cosmoem,43,29,131,29,131,37,400,1.0,1.0,1.0,1.0,1.0,1.0,0.5,1.0,1.0,1.0,0.5,2.0,1.0,2.0,1.0,2.0,1.0,1.0,4.0,0.1,2204.4,999.9,45,5.0,30720,45,Sturdy,Psychic,None,Protostar,,7,1,0,0,0,2,13,3,0.0,1,400.0,0.0,Real,2.3343155,8.732017
791.0,Solgaleo,137,137,107,113,89,97,680,0.5,2.0,1.0,1.0,0.5,0.5,1.0,0.0,2.0,0.5,0.25,1.0,0.5,2.0,0.5,2.0,0.5,0.5,1102.0,3.4,507.1,230.0,45,5.0,30720,45,Full Metal Body,Psychic,Steel,Sunne,,7,1,0,0,1,9,4,4,0.0,1,680.0,0.0,Real,3.350419,8.320306
792.0,Lunala,137,113,89,137,107,97,680,0.0,1.0,1.0,1.0,1.0,1.0,0.0,0.5,1.0,1.0,0.5,1.0,1.0,4.0,1.0,4.0,1.0,1.0,1301.0,4.0,264.6,120.0,45,5.0,30720,45,Shadow Shield,Psychic,Ghost,Moone,,7,1,0,0,2,2,12,2,0.0,1,680.0,0.0,Real,5.4995503,6.3721004
793.0,Nihilego,109,53,47,127,131,103,570,0.5,0.5,2.0,1.0,1.0,1.0,1.0,0.25,4.0,0.5,2.0,0.5,1.0,1.0,1.0,1.0,2.0,0.5,311.0,1.2,122.4,55.5,45,5.0,30720,45,Beast Boost,Rock,Poison,Parasite,,7,0,0,1,0,6,8,4,0.0,1,570.0,0.0,Real,4.8759675,8.578721
794.0,Buzzwole,107,139,139,53,53,79,570,1.0,2.0,1.0,1.0,0.5,1.0,0.5,1.0,0.5,4.0,2.0,0.5,1.0,1.0,1.0,0.5,1.0,2.0,710.0,2.4,735.5,333.6,25,5.0,30720,45,Beast Boost,Bug,Fighting,Swollen,,7,0,0,1,0,5,9,4,0.0,1,570.0,0.0,Real,4.243568,9.38688
795.0,Pheromosa,71,137,37,137,37,151,570,1.0,2.0,1.0,1.0,0.5,1.0,0.5,1.0,0.5,4.0,2.0,0.5,1.0,1.0,1.0,0.5,1.0,2.0,511.0,1.8,55.1,25.0,255,5.0,30720,45,Beast Boost,Bug,Fighting,Lissome,,7,0,0,1,0,5,9,4,0.0,1,570.0,0.0,Real,5.926034,7.712736
796.0,Xurkitree,83,89,71,173,71,83,570,1.0,1.0,1.0,0.5,1.0,1.0,1.0,1.0,2.0,0.5,1.0,1.0,1.0,1.0,1.0,1.0,0.5,1.0,1206.0,3.8,220.5,100.0,30,5.0,30720,45,Beast Boost,Electric,None,Glowing,,7,0,0,1,0,3,14,1,0.0,1,570.0,0.0,Real,4.851679,10.494774
797.0,Celesteela,97,101,103,107,101,61,570,0.5,2.0,1.0,2.0,0.25,1.0,1.0,0.0,0.0,0.5,0.5,0.25,1.0,1.0,0.5,1.0,0.5,0.5,3002.0,9.2,2204.4,999.9,45,5.0,30720,25,Beast Boost,Steel,Flying,Launch,,7,0,0,1,2,8,6,2,0.0,1,570.0,0.0,Real,2.3416245,8.552194
798.0,Kartana,59,181,131,59,31,109,570,0.5,4.0,0.5,0.5,0.25,1.0,2.0,0.0,1.0,1.0,0.5,1.0,0.5,1.0,0.5,1.0,0.5,0.5,100.0,0.3,0.2,0.1,255,5.0,30720,45,Beast Boost,Grass,Steel,Drawn Sword,,7,0,0,1,1,9,6,2,0.0,1,570.0,0.0,Real,4.304391,6.424975
799.0,Guzzlord,223,101,53,97,53,43,570,1.0,0.5,0.5,0.5,0.5,2.0,2.0,1.0,1.0,1.0,0.0,2.0,1.0,0.5,2.0,0.5,1.0,4.0,1801.0,5.5,1957.7,888.0,15,5.0,30720,45,Beast Boost,Dark,Dragon,Junkivore,,7,0,0,1,1,6,6,5,0.0,1,570.0,0.0,Real,2.3508594,8.503708
800.0,Necrozma,97,107,101,127,89,79,600,1.0,1.0,1.0,1.0,1.0,1.0,0.5,1.0,1.0,1.0,0.5,2.0,1.0,2.0,1.0,2.0,1.0,1.0,94.0,2.4,507.1,230.0,3,5.0,30720,255,Prism Armor,Psychic,None,Necrozma is Genderless,Dusk Mane Necrozma; Dawn Wings Necrozma; Ultra Necrozma,7,1,0,0,0,2,13,3,1.0,1,600.0,0.0,Real,4.391337,9.992245
801.0,Magearna,80,95,115,130,115,65,600,0.5,2.0,1.0,1.0,0.5,0.5,1.0,0.0,2.0,0.5,0.5,0.25,0.5,1.0,0.0,0.5,1.0,0.5,303.0,1.0,177.5,80.5,3,5.0,30720,3,Soul Heart,Steel,Fairy,Artificial,,7,0,1,0,2,9,5,2,0.0,1,600.0,0.0,Real,4.2284527,6.9373603
802.0,Marshadow,90,125,80,90,90,125,600,0.0,1.0,1.0,1.0,1.0,1.0,0.0,0.5,1.0,2.0,2.0,0.25,0.5,2.0,1.0,1.0,1.0,2.0,204.0,0.7,48.9,22.2,3,5.0,30720,3,Technician,Fighting,Ghost,Gloomdweller,,7,0,1,0,2,3,9,4,0.0,1,600.0,0.0,Real,5.42131,6.7190943
803.0,Poipole,67,73,67,73,67,73,420,1.0,1.0,1.0,1.0,0.5,1.0,0.5,0.5,2.0,1.0,2.0,0.5,1.0,1.0,1.0,1.0,1.0,0.5,200.0,0.6,4.0,1.8,3,5.0,30720,45,Beast Boost,Poison,None,Poison Pin,,7,0,0,1,0,5,11,2,0.0,1,420.0,0.0,Real,6.2119513,10.689749
804.0,Naganadel,73,73,73,127,73,121,540,1.0,0.5,0.5,0.5,0.25,2.0,0.5,0.5,2.0,1.0,2.0,0.5,1.0,1.0,2.0,1.0,1.0,1.0,1110.0,3.6,330.7,150.0,45,5.0,30720,3,Beast Boost,Poison,Dragon,Poison Pin,,7,0,0,1,0,7,7,4,0.0,1,540.0,0.0,Real,4.6308565,8.309793
805.0,Stakataka,61,131,211,53,101,13,570,0.25,1.0,2.0,1.0,1.0,0.5,4.0,0.0,4.0,0.25,0.5,0.5,0.5,1.0,0.5,1.0,1.0,0.5,1801.0,5.5,1807.8,820.0,30,5.0,30720,3,Beast Boost,Rock,Steel,Rampart,,7,0,0,1,1,8,6,3,0.0,1,570.0,0.0,Real,2.444656,8.537096
806.0,Blacephalon,53,127,53,151,79,107,570,0.0,0.5,2.0,1.0,0.5,0.5,0.0,0.5,2.0,1.0,1.0,0.25,2.0,2.0,1.0,2.0,0.5,0.5,511.0,1.8,28.7,13.0,30,5.0,30720,3,Beast Boost,Fire,Ghost,Fireworks,,7,0,0,1,2,7,4,5,0.0,1,570.0,0.0,Real,4.9421415,7.3463545
807.0,Zeraora,88,112,75,102,80,143,600,1.0,1.0,1.0,0.5,1.0,1.0,1.0,1.0,2.0,0.5,1.0,1.0,1.0,1.0,1.0,1.0,0.5,1.0,411.0,1.5,98.1,44.5,3,5.0,30720,3,Volt Absorb,Electric,None,Thunderclap,,7,0,1,0,0,3,14,1,0.0,1,600.0,0.0,Real,5.107904,10.867435
808.0,Meltan,46,65,65,55,35,34,300,0.5,2.0,1.0,1.0,0.5,0.5,2.0,0.0,2.0,0.5,0.5,0.5,0.5,1.0,0.5,1.0,0.5,0.5,8.0,0.2,17.6,8.0,3,5.0,30720,3,Magnet Pull,Steel,None,Hex Nut,,7,0,1,0,1,10,4,3,0.0,1,300.0,0.0,Real,4.450602,5.89024
809.0,Melmetal,135,143,143,80,65,34,600,0.5,2.0,1.0,1.0,0.5,0.5,2.0,0.0,2.0,0.5,0.5,0.5,0.5,1.0,0.5,1.0,0.5,0.5,802.0,2.5,1763.7,800.0,3,5.0,30720,3,Iron Fist,Steel,None,Hex Nut,,7,0,1,0,1,10,4,3,0.0,1,600.0,0.0,Real,2.473234,8.459671
810.0,Grookey,50,65,50,40,40,65,310,1.0,2.0,0.5,0.5,0.5,2.0,1.0,2.0,0.5,2.0,1.0,2.0,1.0,1.0,1.0,1.0,1.0,1.0,100.0,0.3,11.0,5.0,45,8.8,2560,45,Activates; Grassy Surge; Grassy Terrain; Overgrow,Grass,None,Chimp,,8,0,0,0,0,4,9,5,0.0,4,310.0,0.0,Real,8.443004,8.769337
811.0,Thwackey,70,85,70,55,60,80,420,1.0,2.0,0.5,0.5,0.5,2.0,1.0,2.0,0.5,2.0,1.0,2.0,1.0,1.0,1.0,1.0,1.0,1.0,204.0,0.7,30.9,14.0,45,8.8,2560,45,Activates; Grassy Surge; Grassy Terrain; Overgrow,Grass,None,Beat,,8,0,0,0,0,4,9,5,0.0,4,420.0,0.0,Real,6.968574,8.986676
812.0,Rillaboom,100,125,90,60,70,85,530,1.0,2.0,0.5,0.5,0.5,2.0,1.0,2.0,0.5,2.0,1.0,2.0,1.0,1.0,1.0,1.0,1.0,1.0,611.0,2.1,198.4,90.0,45,8.8,2560,45,Activates; Grassy Surge; Grassy Terrain; Overgrow,Grass,None,Drummer,,8,0,0,0,0,4,9,5,0.0,4,530.0,0.0,Real,5.005146,9.202577
813.0,Scorbunny,50,71,40,40,40,69,310,1.0,0.5,2.0,1.0,0.5,0.5,1.0,1.0,2.0,1.0,1.0,0.5,2.0,1.0,1.0,1.0,0.5,0.5,100.0,0.3,9.9,4.5,45,8.8,2560,45,Blaze; Libero,Fire,None,Rabbit,,8,0,0,0,0,6,9,3,0.0,2,310.0,0.0,Real,8.3931,9.072493
814.0,Raboot,65,86,60,55,60,94,420,1.0,0.5,2.0,1.0,0.5,0.5,1.0,1.0,2.0,1.0,1.0,0.5,2.0,1.0,1.0,1.0,0.5,0.5,200.0,0.6,19.8,9.0,45,8.8,2560,45,Blaze; Libero,Fire,None,Rabbit,,8,0,0,0,0,6,9,3,0.0,2,420.0,0.0,Real,6.980389,9.102672
815.0,Cinderace,80,116,75,65,75,119,530,1.0,0.5,2.0,1.0,0.5,0.5,1.0,1.0,2.0,1.0,1.0,0.5,2.0,1.0,1.0,1.0,0.5,0.5,407.0,1.4,72.8,33.0,45,8.8,2560,45,Blaze; Libero,Fire,None,Striker,,8,0,0,0,0,6,9,3,0.0,2,530.0,0.0,Real,5.2392755,10.144512
816.0,Sobble,50,40,40,70,40,70,310,1.0,0.5,0.5,2.0,2.0,0.5,1.0,1.0,1.0,1.0,1.0,1.0,1.0,1.0,1.0,1.0,0.5,1.0,100.0,0.3,8.8,4.0,45,8.8,2560,45,Sniper; Torrent,Water,None,Water Lizard,,8,0,0,0,0,4,12,2,0.0,2,310.0,0.0,Real,8.559545,9.301033
817.0,Drizzile,65,60,55,95,55,90,420,1.0,0.5,0.5,2.0,2.0,0.5,1.0,1.0,1.0,1.0,1.0,1.0,1.0,1.0,1.0,1.0,0.5,1.0,204.0,0.7,25.4,11.5,45,8.8,2560,45,Sniper; Torrent,Water,None,Water Lizard,,8,0,0,0,0,4,12,2,0.0,2,420.0,0.0,Real,5.925402,10.954248
818.0,Inteleon,70,85,65,125,65,120,530,1.0,0.5,0.5,2.0,2.0,0.5,1.0,1.0,1.0,1.0,1.0,1.0,1.0,1.0,1.0,1.0,0.5,1.0,603.0,1.9,99.6,45.2,45,8.8,2560,45,Sniper; Torrent,Water,None,Secret Agent,,8,0,0,0,0,4,12,2,0.0,2,530.0,0.0,Real,5.2845273,10.912056
819.0,Skwovet,70,55,55,35,35,25,275,1.0,1.0,1.0,1.0,1.0,1.0,2.0,1.0,1.0,1.0,1.0,1.0,1.0,0.0,1.0,1.0,1.0,1.0,100.0,0.3,5.5,2.5,255,5.0,2560,255,Cheek Pouch; Gluttony,Normal,None,Cheeky,,8,0,0,0,1,0,16,1,0.0,2,275.0,0.0,Real,7.541842,3.6769297
820.0,Greedent,120,95,95,55,75,20,460,1.0,1.0,1.0,1.0,1.0,1.0,2.0,1.0,1.0,1.0,1.0,1.0,1.0,0.0,1.0,1.0,1.0,1.0,200.0,0.6,13.2,6.0,90,5.0,2560,90,Cheek Pouch; Gluttony,Normal,None,Greedy,,8,0,0,0,1,0,16,1,0.0,2,460.0,0.0,Real,6.722747,4.6120057
821.0,Rookidee,38,47,35,33,35,57,245,1.0,1.0,1.0,2.0,0.5,2.0,0.5,1.0,0.0,1.0,1.0,0.5,2.0,1.0,1.0,1.0,1.0,1.0,8.0,0.2,4.0,1.8,255,5.0,1920,255,Big Pecks; Keen Eye; Unnerve,Flying,None,Tiny Bird,,8,0,0,0,1,3,11,3,0.0,3,245.0,0.0,Real,9.290077,6.8864965
822.0,Corvisquire,68,67,55,43,55,77,365,1.0,1.0,1.0,2.0,0.5,2.0,0.5,1.0,0.0,1.0,1.0,0.5,2.0,1.0,1.0,1.0,1.0,1.0,207.0,0.8,35.3,16.0,120,5.0,1920,120,Big Pecks; Keen Eye; Unnerve,Flying,None,Raven,,8,0,0,0,1,3,11,3,0.0,3,365.0,0.0,Real,7.9051385,7.044728
823.0,Corviknight,98,87,105,53,85,67,495,0.5,2.0,1.0,2.0,0.25,1.0,1.0,0.0,0.0,0.5,0.5,0.25,1.0,1.0,0.5,1.0,0.5,0.5,703.0,2.2,165.3,75.0,45,5.0,1920,45,Mirror Armor; Pressure; Unnerve,Flying,Steel,Raven,,8,0,0,0,2,8,6,2,0.0,3,495.0,0.0,Real,4.418485,6.3529563
824.0,Blipbug,25,20,20,25,45,45,180,1.0,2.0,1.0,1.0,0.5,1.0,0.5,1.0,0.5,2.0,1.0,1.0,2.0,1.0,1.0,1.0,1.0,1.0,104.0,0.4,17.6,8.0,255,50.2,1920,255,Compoundeyes; Swarm; Telepathy,Bug,None,Larva,,8,0,0,0,0,3,12,3,0.0,3,180.0,0.0,Real,10.214142,8.850109
825.0,Dottler,50,35,80,50,90,30,335,1.0,2.0,1.0,1.0,0.5,1.0,0.25,1.0,0.5,2.0,0.5,2.0,2.0,2.0,1.0,2.0,1.0,1.0,104.0,0.4,43.0,19.5,120,50.2,1920,120,Compoundeyes; Swarm; Telepathy,Bug,Psychic,Radome,,8,0,0,0,0,4,8,6,0.0,3,335.0,0.0,Real,8.050161,12.867796
826.0,Orbeetle,60,45,110,80,120,90,505,1.0,2.0,1.0,1.0,0.5,1.0,0.25,1.0,0.5,2.0,0.5,2.0,2.0,2.0,1.0,2.0,1.0,1.0,104.0,0.4,89.9,40.8,45,50.2,1920,45,Frisk; Swarm; Telepathy,Bug,Psychic,Seven Spot,,8,0,0,0,0,4,8,6,0.0,3,505.0,0.0,Real,6.3387556,9.773594
827.0,Nickit,40,28,28,47,52,50,245,1.0,1.0,1.0,1.0,1.0,1.0,2.0,1.0,1.0,1.0,0.0,2.0,1.0,0.5,1.0,0.5,1.0,2.0,200.0,0.6,19.6,8.9,255,50.2,1920,255,Run Away; Stakeout; Unburden,Dark,None,Fox,,8,0,0,0,1,2,12,3,0.0,3,245.0,0.0,Real,9.401394,7.145638
828.0,Thievul,70,58,58,87,92,90,455,1.0,1.0,1.0,1.0,1.0,1.0,2.0,1.0,1.0,1.0,0.0,2.0,1.0,0.5,1.0,0.5,1.0,2.0,311.0,1.2,43.9,19.9,127,50.2,1920,127,Run Away; Stakeout; Unburden,Dark,None,Fox,,8,0,0,0,1,2,12,3,0.0,3,455.0,0.0,Real,6.6142707,6.9599156
829.0,Gossifleur,40,40,60,40,60,10,250,1.0,2.0,0.5,0.5,0.5,2.0,1.0,2.0,0.5,2.0,1.0,2.0,1.0,1.0,1.0,1.0,1.0,1.0,104.0,0.4,4.9,2.2,190,50.2,2560,190,Cotton Down; Effect Spore; Regenerator,Grass,None,Flowering,,8,0,0,0,0,4,9,5,0.0,3,250.0,0.0,Real,9.809518,8.706808
830.0,Eldegoss,60,50,90,80,120,60,460,1.0,2.0,0.5,0.5,0.5,2.0,1.0,2.0,0.5,2.0,1.0,2.0,1.0,1.0,1.0,1.0,1.0,1.0,108.0,0.5,5.5,2.5,75,50.2,2560,75,Cotton Down; Effect Spore; Regenerator,Grass,None,Cotton Bloom,,8,0,0,0,0,4,9,5,0.0,3,460.0,0.0,Real,6.6386895,10.775565
831.0,Wooloo,42,40,55,40,45,48,270,1.0,1.0,1.0,1.0,1.0,1.0,2.0,1.0,1.0,1.0,1.0,1.0,1.0,0.0,1.0,1.0,1.0,1.0,200.0,0.6,13.2,6.0,255,50.2,1920,255,Bulletproof; Fluffy; Run Away,Normal,None,Sheep,,8,0,0,0,1,0,16,1,0.0,3,270.0,0.0,Real,7.6124344,3.6087215
832.0,Dubwool,72,80,100,60,90,88,490,1.0,1.0,1.0,1.0,1.0,1.0,2.0,1.0,1.0,1.0,1.0,1.0,1.0,0.0,1.0,1.0,1.0,1.0,403.0,1.3,94.8,43.0,127,50.2,1920,127,Bulletproof; Fluffy; Steadfast,Normal,None,Sheep,,8,0,0,0,1,0,16,1,0.0,3,490.0,0.0,Real,6.742934,4.476381
833.0,Chewtle,50,64,50,38,38,44,284,1.0,0.5,0.5,2.0,2.0,0.5,1.0,1.0,1.0,1.0,1.0,1.0,1.0,1.0,1.0,1.0,0.5,1.0,100.0,0.3,18.7,8.5,255,50.2,2560,255,Shell Armor; Strong Jaw; Swift Swim,Water,None,Snapping,,8,0,0,0,0,4,12,2,0.0,3,284.0,0.0,Real,9.281239,12.612765
834.0,Drednaw,90,115,90,48,68,74,485,0.5,0.25,1.0,2.0,4.0,0.5,2.0,0.5,2.0,0.5,1.0,1.0,1.0,1.0,1.0,1.0,1.0,1.0,303.0,1.0,254.6,115.5,75,50.2,2560,75,Shell Armor; Strong Jaw; Swift Swim,Water,Rock,Bite,,8,0,0,0,0,5,9,4,0.0,3,485.0,0.0,Real,6.8159885,13.026313
835.0,Yamper,59,45,50,40,50,26,270,1.0,1.0,1.0,0.5,1.0,1.0,1.0,1.0,2.0,0.5,1.0,1.0,1.0,1.0,1.0,1.0,0.5,1.0,100.0,0.3,29.8,13.5,255,50.2,2560,255,Ball Fetch; Rattled,Electric,None,Puppy,,8,0,0,0,0,3,14,1,0.0,2,270.0,0.0,Real,9.548362,12.58617
836.0,Boltund,69,90,60,90,60,121,490,1.0,1.0,1.0,0.5,1.0,1.0,1.0,1.0,2.0,0.5,1.0,1.0,1.0,1.0,1.0,1.0,0.5,1.0,303.0,1.0,75.0,34.0,45,50.2,2560,45,Competitive; Strong Jaw,Electric,None,Dog,,8,0,0,0,0,3,14,1,0.0,2,490.0,0.0,Real,5.5709615,11.267436
837.0,Rolycoly,30,40,50,40,50,30,240,0.5,0.5,2.0,1.0,2.0,1.0,2.0,0.5,2.0,0.5,1.0,1.0,1.0,1.0,1.0,1.0,2.0,1.0,100.0,0.3,26.5,12.0,255,50.2,1920,255,Flash Fire; Heatproof; Steam Engine,Rock,None,Coal,,8,0,0,0,0,4,9,5,0.0,3,240.0,0.0,Real,9.88154,8.535285
838.0,Carkol,80,60,90,60,70,50,410,0.5,0.25,4.0,1.0,1.0,0.5,2.0,0.5,4.0,0.5,1.0,0.5,2.0,1.0,1.0,1.0,1.0,0.5,307.0,1.1,172.0,78.0,120,50.2,1920,120,Flame Body; Flash Fire; Steam Engine,Rock,Fire,Coal,,8,0,0,0,0,7,7,4,0.0,3,410.0,0.0,Real,7.5350256,12.502912
839.0,Coalossal,110,80,120,80,90,30,510,0.5,0.25,4.0,1.0,1.0,0.5,2.0,0.5,4.0,0.5,1.0,0.5,2.0,1.0,1.0,1.0,1.0,0.5,902.0,2.8,684.5,310.5,45,50.2,1920,45,Flame Body; Flash Fire; Steam Engine,Rock,Fire,Coal,,8,0,0,0,0,7,7,4,0.0,3,510.0,0.0,Real,4.7440395,9.492881
840.0,Applin,40,40,80,40,40,20,260,1.0,1.0,0.25,0.25,0.25,4.0,1.0,2.0,0.5,2.0,1.0,2.0,1.0,1.0,2.0,1.0,1.0,2.0,8.0,0.2,1.1,0.5,255,50.2,2560,255,Bulletproof; Gluttony; Ripen,Grass,Dragon,Apple Core,,8,0,0,0,0,4,8,6,0.0,3,260.0,0.0,Real,9.745923,8.398867
841.0,Flapple,70,110,80,95,60,70,485,1.0,1.0,0.25,0.25,0.25,4.0,1.0,2.0,0.5,2.0,1.0,2.0,1.0,1.0,2.0,1.0,1.0,2.0,100.0,0.3,2.2,1.0,45,50.2,2560,45,Gluttony; Hustle; Ripen,Grass,Dragon,Apple Wing,,8,0,0,0,0,4,8,6,0.0,3,485.0,0.0,Real,6.5320406,11.999939
842.0,Appletun,110,85,80,100,80,30,485,1.0,1.0,0.25,0.25,0.25,4.0,1.0,2.0,0.5,2.0,1.0,2.0,1.0,1.0,2.0,1.0,1.0,2.0,104.0,0.4,28.7,13.0,45,50.2,2560,45,Gluttony; Ripen; Thick Fat,Grass,Dragon,Apple Nectar,,8,0,0,0,0,4,8,6,0.0,3,485.0,0.0,Real,6.565512,11.609495
843.0,Silicobra,52,57,75,35,50,46,315,1.0,1.0,2.0,0.0,2.0,2.0,1.0,0.5,1.0,1.0,1.0,1.0,0.5,1.0,1.0,1.0,1.0,1.0,703.0,2.2,16.8,7.6,255,50.2,2560,255,Sand Spit; Sand Veil; Shed Skin,Ground,None,Sand Snake,,8,0,0,0,1,2,12,3,0.0,3,315.0,0.0,Real,8.771316,12.297553
844.0,Sandaconda,72,107,125,65,70,71,510,1.0,1.0,2.0,0.0,2.0,2.0,1.0,0.5,1.0,1.0,1.0,1.0,0.5,1.0,1.0,1.0,1.0,1.0,1206.0,3.8,144.4,65.5,120,50.2,2560,120,Sand Spit; Sand Veil; Shed Skin,Ground,None,Sand Snake,,8,0,0,0,1,2,12,3,0.0,3,510.0,0.0,Real,6.848907,7.2075577
845.0,Cramorant,70,85,55,85,95,85,475,1.0,0.5,0.5,4.0,1.0,1.0,0.5,1.0,0.0,1.0,1.0,0.5,2.0,1.0,1.0,1.0,0.5,1.0,207.0,0.8,39.7,18.0,45,50.2,2560,45,Gulp Missile,Flying,Water,Gulp,,8,0,0,0,1,5,10,2,0.0,1,475.0,0.0,Real,6.5167384,7.2439
846.0,Arrokuda,41,63,40,40,30,66,280,1.0,0.5,0.5,2.0,2.0,0.5,1.0,1.0,1.0,1.0,1.0,1.0,1.0,1.0,1.0,1.0,0.5,1.0,108.0,0.5,2.2,1.0,255,50.2,2560,255,Propeller Tail; Swift Swim,Water,None,Rush,,8,0,0,0,0,4,12,2,0.0,2,280.0,0.0,Real,9.330163,12.556293
847.0,Barraskewda,61,123,60,60,50,136,490,1.0,0.5,0.5,2.0,2.0,0.5,1.0,1.0,1.0,1.0,1.0,1.0,1.0,1.0,1.0,1.0,0.5,1.0,403.0,1.3,66.1,30.0,60,50.2,2560,60,Propeller Tail; Swift Swim,Water,None,Skewer,,8,0,0,0,0,4,12,2,0.0,2,490.0,0.0,Real,5.479799,11.1483965
848.0,Toxel,40,38,35,54,35,40,242,1.0,1.0,1.0,0.5,0.5,1.0,0.5,0.5,4.0,0.5,2.0,0.5,1.0,1.0,1.0,1.0,0.5,0.5,104.0,0.4,24.3,11.0,75,50.2,3200,75,Klutz; Rattled; Static,Electric,Poison,Baby,,8,0,0,0,0,8,8,2,0.0,3,242.0,0.0,Real,8.138373,14.204176
849.0,Toxtricity,75,98,70,114,70,75,502,1.0,1.0,1.0,0.5,0.5,1.0,0.5,0.5,4.0,0.5,2.0,0.5,1.0,1.0,1.0,1.0,0.5,0.5,503.0,1.6,88.2,40.0,45,50.2,3200,45,Hidden; Low Key Form; Low Key Form Abilities; Minus; Plus; Punk Rock; Technician,Electric,Poison,Punk,Amped Form; Low Key Form,8,0,0,0,0,8,8,2,1.0,7,502.0,0.0,Real,6.092784,13.459421
850.0,Sizzlipede,50,65,45,50,50,45,305,1.0,1.0,2.0,1.0,0.25,0.5,0.5,1.0,1.0,2.0,1.0,0.5,4.0,1.0,1.0,1.0,0.5,0.5,204.0,0.7,2.2,1.0,190,50.2,2560,190,Flame Body; Flash Fire; White Smoke,Fire,Bug,Radiator,,8,0,0,0,0,6,9,3,0.0,3,305.0,0.0,Real,8.943561,12.740233
851.0,Centiskorch,100,115,65,90,90,65,525,1.0,1.0,2.0,1.0,0.25,0.5,0.5,1.0,1.0,2.0,1.0,0.5,4.0,1.0,1.0,1.0,0.5,0.5,910.0,3.0,264.6,120.0,75,50.2,2560,75,Flame Body; Flash Fire; White Smoke,Fire,Bug,Radiator,,8,0,0,0,0,6,9,3,0.0,3,525.0,0.0,Real,6.3553553,13.137961
852.0,Clobbopus,50,68,60,50,50,32,310,1.0,1.0,1.0,1.0,1.0,1.0,1.0,1.0,1.0,2.0,2.0,0.5,0.5,1.0,1.0,0.5,1.0,2.0,200.0,0.6,8.8,4.0,180,50.2,3200,180,Limber; Technician,Fighting,None,Tantrum,,8,0,0,0,0,3,12,3,0.0,2,310.0,0.0,Real,9.302011,12.654818
853.0,Grapploct,80,118,90,70,80,42,480,1.0,1.0,1.0,1.0,1.0,1.0,1.0,1.0,1.0,2.0,2.0,0.5,0.5,1.0,1.0,0.5,1.0,2.0,503.0,1.6,86.0,39.0,45,50.2,3200,45,Limber; Technician,Fighting,None,Jujitsu,,8,0,0,0,0,3,12,3,0.0,2,480.0,0.0,Real,7.1464057,12.802901
854.0,Sinistea,40,45,45,74,54,50,308,0.0,1.0,1.0,1.0,1.0,1.0,0.0,0.5,1.0,1.0,1.0,0.5,1.0,2.0,1.0,2.0,1.0,1.0,4.0,0.1,0.4,0.2,120,5.0,2560,120,Cursed Body; Weak Armor,Ghost,None,Black Tea,,8,0,0,0,2,2,12,2,0.0,2,308.0,0.0,Real,8.323749,6.5815544
855.0,Polteageist,60,65,65,134,114,70,508,0.0,1.0,1.0,1.0,1.0,1.0,0.0,0.5,1.0,1.0,1.0,0.5,1.0,2.0,1.0,2.0,1.0,1.0,8.0,0.2,0.9,0.4,60,5.0,2560,60,Cursed Body; Weak Armor,Ghost,None,Black Tea,,8,0,0,0,2,2,12,2,0.0,2,508.0,0.0,Real,6.3936214,6.5745115
856.0,Hatenna,42,30,45,56,53,39,265,1.0,1.0,1.0,1.0,1.0,1.0,0.5,1.0,1.0,1.0,0.5,2.0,1.0,2.0,1.0,2.0,1.0,1.0,104.0,0.4,7.5,3.4,235,0.0,2560,235,Anticipation; Healer; Magic Bounce,Psychic,None,Calm,,8,0,0,0,0,2,13,3,0.0,3,265.0,0.0,Real,9.927301,9.616755
857.0,Hattrem,57,40,65,86,73,49,370,1.0,1.0,1.0,1.0,1.0,1.0,0.5,1.0,1.0,1.0,0.5,2.0,1.0,2.0,1.0,2.0,1.0,1.0,200.0,0.6,10.6,4.8,120,0.0,2560,120,Anticipation; Healer; Magic Bounce,Psychic,None,Serene,,8,0,0,0,0,2,13,3,0.0,3,370.0,0.0,Real,7.958327,10.150152
858.0,Hatterene,57,90,95,136,103,29,510,1.0,1.0,1.0,1.0,1.0,1.0,0.25,2.0,1.0,1.0,0.5,1.0,1.0,2.0,0.0,1.0,2.0,1.0,611.0,2.1,11.2,5.1,45,0.0,2560,45,Anticipation; Healer; Magic Bounce,Psychic,Fairy,Silent,,8,0,0,0,1,2,12,3,0.0,3,510.0,0.0,Real,6.347015,7.1539083
859.0,Impidimp,45,45,30,55,40,50,265,1.0,1.0,1.0,1.0,1.0,1.0,1.0,2.0,1.0,1.0,0.0,1.0,1.0,0.5,0.0,0.25,2.0,2.0,104.0,0.4,12.1,5.5,255,10.0,2560,255,Frisk; Pickpocket; Prankster,Dark,Fairy,Wily,,8,0,0,0,2,2,11,3,0.0,3,265.0,0.0,Real,9.039739,6.490383
860.0,Morgrem,65,60,45,75,55,70,370,1.0,1.0,1.0,1.0,1.0,1.0,1.0,2.0,1.0,1.0,0.0,1.0,1.0,0.5,0.0,0.25,2.0,2.0,207.0,0.8,27.6,12.5,120,10.0,2560,120,Frisk; Pickpocket; Prankster,Dark,Fairy,Devious,,8,0,0,0,2,2,11,3,0.0,3,370.0,0.0,Real,7.9373,6.61713
861.0,Grimmsnarl,95,120,65,95,75,60,510,1.0,1.0,1.0,1.0,1.0,1.0,1.0,2.0,1.0,1.0,0.0,1.0,1.0,0.5,0.0,0.25,2.0,2.0,411.0,1.5,134.5,61.0,45,10.0,2560,45,Frisk; Pickpocket; Prankster,Dark,Fairy,Bulk Up,,8,0,0,0,2,2,11,3,0.0,3,510.0,0.0,Real,6.702949,6.48207
862.0,Obstagoon,93,90,101,60,81,95,520,1.0,1.0,1.0,1.0,1.0,1.0,4.0,1.0,1.0,1.0,0.0,2.0,1.0,0.0,1.0,0.5,1.0,2.0,503.0,1.6,101.4,46.0,45,50.2,1920,45,Defiant; Guts; Reckless,Dark,Normal,Blocking,,8,0,0,0,2,1,12,3,0.0,3,520.0,0.0,Real,6.8378735,6.507876
863.0,Perrserker,70,110,100,50,60,50,440,0.5,2.0,1.0,1.0,0.5,0.5,2.0,0.0,2.0,0.5,0.5,0.5,0.5,1.0,0.5,1.0,0.5,0.5,207.0,0.8,61.7,28.0,90,50.2,2560,90,Battle Armor; Steely Spirit; Tough Claws,Steel,None,Viking,,8,0,0,0,1,10,4,3,0.0,3,440.0,0.0,Real,4.3138075,6.1746798
864.0,Cursola,60,95,50,145,130,30,510,0.0,1.0,1.0,1.0,1.0,1.0,0.0,0.5,1.0,1.0,1.0,0.5,1.0,2.0,1.0,2.0,1.0,1.0,303.0,1.0,0.9,0.4,30,24.9,2560,30,Perish Body; Weak Armor,Ghost,None,Coral,,8,0,0,0,2,2,12,2,0.0,2,510.0,0.0,Real,6.3507276,6.5630193
865.0,Sirfetchd,62,135,95,68,82,65,318,1.0,1.0,1.0,1.0,1.0,1.0,1.0,1.0,1.0,2.0,2.0,0.5,0.5,1.0,1.0,0.5,1.0,2.0,31.0,0.8,257.9,117.0,45,50.2,2560,3,Steadfast; Scrappy,Fighting,None,Wild Duck,,8,0,0,0,0,3,12,3,0.0,2,507.0,189.0,Real,7.149647,12.889067
866.0,Mr-rime,80,85,75,110,100,70,520,1.0,2.0,1.0,1.0,1.0,0.5,1.0,1.0,1.0,1.0,0.5,2.0,2.0,2.0,1.0,2.0,2.0,1.0,59.0,1.5,128.3,58.2,45,5.02,3200,3,Tangled Feet; Screen Cleaner; Ice Body,Ice,Psychic,Comedian,,8,0,0,0,0,2,10,6,0.0,3,520.0,0.0,Real,5.7231507,9.119824
867.0,Runerigus,58,95,145,50,105,30,483,0.0,1.0,2.0,0.0,2.0,2.0,0.0,0.25,1.0,1.0,1.0,0.5,0.5,2.0,1.0,2.0,1.0,1.0,503.0,1.6,146.8,66.6,90,50.2,3200,90,Wandering Spirit,Ground,Ghost,Grudge,,8,0,0,0,3,3,7,5,0.0,1,483.0,0.0,Real,5.5231557,6.6068788
868.0,Milcery,45,40,40,50,61,34,270,1.0,1.0,1.0,1.0,1.0,1.0,0.5,2.0,1.0,1.0,1.0,0.5,1.0,1.0,0.0,0.5,2.0,1.0,8.0,0.2,0.7,0.3,200,0.0,2560,200,Aroma Veil; Sweet Veil,Fairy,None,Cream,,8,0,0,0,1,3,12,2,0.0,2,270.0,0.0,Real,9.129812,7.0149846
869.0,Alcremie,65,60,75,110,121,64,495,1.0,1.0,1.0,1.0,1.0,1.0,0.5,2.0,1.0,1.0,1.0,0.5,1.0,1.0,0.0,0.5,2.0,1.0,100.0,0.3,1.1,0.5,100,0.0,2560,100,Aroma Veil; Sweet Veil,Fairy,None,Cream,,8,0,0,0,1,3,12,2,0.0,2,495.0,0.0,Real,6.4235916,6.741786
870.0,Falinks,65,100,100,70,60,75,470,1.0,1.0,1.0,1.0,1.0,1.0,1.0,1.0,1.0,2.0,2.0,0.5,0.5,1.0,1.0,0.5,1.0,2.0,910.0,3.0,136.7,62.0,45,5.0,3200,45,Battle Armor; Defiant,Fighting,None,Formation,,8,0,0,0,0,3,12,3,0.0,2,470.0,0.0,Real,5.591153,10.436947
871.0,Pincurchin,48,101,95,91,85,15,435,1.0,1.0,1.0,0.5,1.0,1.0,1.0,1.0,2.0,0.5,1.0,1.0,1.0,1.0,1.0,1.0,0.5,1.0,100.0,0.3,2.2,1.0,75,50.2,2560,75,Activates; Electric Surge; Electric Terrain; Lightning Rod,Electric,None,Sea Urchin,,8,0,0,0,0,3,14,1,0.0,4,435.0,0.0,Real,6.8684974,10.837423
872.0,Snom,30,25,35,45,30,20,185,1.0,4.0,1.0,1.0,0.5,0.5,1.0,1.0,0.5,2.0,1.0,1.0,4.0,1.0,1.0,1.0,2.0,1.0,100.0,0.3,8.4,3.8,190,50.2,2560,190,Ice Scales; Shield Dust,Ice,Bug,Worm,,8,0,0,0,0,3,11,4,0.0,2,185.0,0.0,Real,10.064519,8.723739
873.0,Frosmoth,70,65,60,125,90,65,475,1.0,4.0,1.0,1.0,0.5,0.5,1.0,1.0,0.5,2.0,1.0,1.0,4.0,1.0,1.0,1.0,2.0,1.0,403.0,1.3,92.6,42.0,75,50.2,2560,75,Ice Scales; Shield Dust,Ice,Bug,Frost Moth,,8,0,0,0,0,3,11,4,0.0,2,475.0,0.0,Real,6.4869914,11.027686
874.0,Stonjourner,100,125,135,20,20,70,470,0.5,0.5,2.0,1.0,2.0,1.0,2.0,0.5,2.0,0.5,1.0,1.0,1.0,1.0,1.0,1.0,2.0,1.0,802.0,2.5,1146.4,520.0,60,50.2,3200,60,Power Spot,Rock,None,Big Rock,,8,0,0,0,0,4,9,5,0.0,1,470.0,0.0,Real,4.3458657,9.3398485
875.0,Eiscue,75,80,110,65,90,50,470,1.0,2.0,1.0,1.0,1.0,0.5,2.0,1.0,1.0,1.0,1.0,1.0,2.0,1.0,1.0,1.0,2.0,1.0,407.0,1.4,196.2,89.0,60,50.2,3200,60,Ice Face,Ice,None,Penguin,Ice Face; Noice Face,8,0,0,0,0,1,13,4,1.0,1,470.0,0.0,Real,7.1647997,12.655542
876.0,Indeedee,60,65,55,105,95,95,475,1.0,1.0,1.0,1.0,1.0,1.0,1.0,1.0,1.0,1.0,0.5,2.0,1.0,0.0,1.0,2.0,1.0,1.0,211.0,0.9,61.7,28.0,30,5.0,5120,30,Activates; Female; Female Abilities; Hidden; Inner Focus; Own Tempo; Psychic Surge; Psychic Terrain; Synchronize,Psychic,Normal,Emotion,Male; Female,8,0,0,0,1,1,14,2,1.0,9,475.0,0.0,Real,6.5070777,6.3423786
877.0,Morpeko,58,95,58,70,58,97,436,1.0,1.0,1.0,0.5,1.0,1.0,2.0,1.0,2.0,0.5,0.0,2.0,1.0,0.5,1.0,0.5,0.5,2.0,100.0,0.3,6.6,3.0,180,50.2,1280,180,Hunger Switch,Electric,Dark,Two-Sided,Full Belly Mode; Hangry Mode,8,0,0,0,1,5,8,4,1.0,1,436.0,0.0,Real,7.3773727,7.440337
878.0,Cufant,72,80,49,40,49,40,330,0.5,2.0,1.0,1.0,0.5,0.5,2.0,0.0,2.0,0.5,0.5,0.5,0.5,1.0,0.5,1.0,0.5,0.5,311.0,1.2,220.5,100.0,190,50.2,3200,190,Heavy Metal; Sheer Force,Steel,None,Copperderm,,8,0,0,0,1,10,4,3,0.0,2,330.0,0.0,Real,4.4843946,5.8236084
879.0,Copperajah,122,130,69,80,69,30,500,0.5,2.0,1.0,1.0,0.5,0.5,2.0,0.0,2.0,0.5,0.5,0.5,0.5,1.0,0.5,1.0,0.5,0.5,910.0,3.0,1433.0,650.0,90,50.2,3200,90,Heavy Metal; Sheer Force,Steel,None,Copperderm,,8,0,0,0,1,10,4,3,0.0,2,500.0,0.0,Real,2.6191523,8.429638
880.0,Dracozolt,90,100,90,80,70,75,505,1.0,0.5,0.5,0.25,0.5,2.0,1.0,1.0,2.0,0.5,1.0,1.0,1.0,1.0,2.0,1.0,0.5,2.0,511.0,1.8,418.9,190.0,45,5.0,4480,45,Hustle; Sand Rush; Volt Absorb,Electric,Dragon,Fossil,,8,0,0,0,0,6,8,4,0.0,3,505.0,0.0,Real,4.846194,9.2459
881.0,Arctozolt,90,100,90,90,80,55,505,1.0,2.0,1.0,0.5,1.0,0.5,2.0,1.0,2.0,0.5,1.0,1.0,2.0,1.0,1.0,1.0,1.0,1.0,707.0,2.3,330.7,150.0,45,5.0,4480,45,Slush Rush; Static; Volt Absorb,Electric,Ice,Fossil,,8,0,0,0,0,3,11,4,0.0,3,505.0,0.0,Real,4.9450536,9.825544
882.0,Dracovish,90,90,100,70,80,75,505,1.0,0.25,0.25,1.0,1.0,1.0,1.0,1.0,1.0,1.0,1.0,1.0,1.0,1.0,2.0,1.0,0.5,2.0,707.0,2.3,474.0,215.0,45,5.0,4480,45,Sand Rush; Strong Jaw; Water Absorb,Water,Dragon,Fossil,,8,0,0,0,0,3,13,2,0.0,3,505.0,0.0,Real,4.817733,10.102111
883.0,Arctovish,90,90,100,80,90,55,505,1.0,1.0,0.5,2.0,2.0,0.25,2.0,1.0,1.0,1.0,1.0,1.0,2.0,1.0,1.0,1.0,1.0,1.0,607.0,2.0,385.8,175.0,45,5.0,4480,45,Ice Body; Slush Rush; Water Absorb,Water,Ice,Fossil,,8,0,0,0,0,2,12,4,0.0,3,505.0,0.0,Real,5.0208287,9.897512
884.0,Duraludon,70,95,115,120,50,85,535,0.5,1.0,0.5,0.5,0.25,1.0,2.0,0.0,2.0,0.5,0.5,0.5,0.5,1.0,1.0,1.0,0.5,1.0,511.0,1.8,88.2,40.0,45,50.2,3840,45,Heavy Metal; Light Metal; Stalwart,Steel,Dragon,Alloy,,8,0,0,0,1,9,6,2,0.0,3,535.0,0.0,Real,4.171426,6.7334228
885.0,Dreepy,28,60,30,40,30,82,270,0.0,0.5,0.5,0.5,0.5,2.0,0.0,0.5,1.0,1.0,1.0,0.5,1.0,2.0,2.0,2.0,1.0,2.0,108.0,0.5,4.4,2.0,45,50.2,5120,45,Clear Body; Cursed Body; Infiltrator,Dragon,Ghost,Lingering,,8,0,0,0,2,6,5,5,0.0,3,270.0,0.0,Real,8.389997,7.477004
886.0,Drakloak,68,80,50,60,50,102,410,0.0,0.5,0.5,0.5,0.5,2.0,0.0,0.5,1.0,1.0,1.0,0.5,1.0,2.0,2.0,2.0,1.0,2.0,407.0,1.4,24.3,11.0,45,50.2,5120,45,Clear Body; Cursed Body; Infiltrator,Dragon,Ghost,Caretaker,,8,0,0,0,2,6,5,5,0.0,3,410.0,0.0,Real,7.905434,7.4843583
887.0,Dragapult,88,120,75,100,75,142,600,0.0,0.5,0.5,0.5,0.5,2.0,0.0,0.5,1.0,1.0,1.0,0.5,1.0,2.0,2.0,2.0,1.0,2.0,910.0,3.0,110.2,50.0,45,50.2,5120,45,Clear Body; Cursed Body; Infiltrator,Dragon,Ghost,Stealth,,8,0,0,0,2,6,5,5,0.0,3,600.0,0.0,Real,6.016427,13.224017
888.0,Zacian,92,130,115,80,115,138,670,1.0,1.0,1.0,1.0,1.0,1.0,0.5,2.0,1.0,1.0,1.0,0.5,1.0,1.0,0.0,0.5,2.0,1.0,902.0,2.8,242.5,110.0,10,5.0,15360,10,Intrepid Sword,Fairy,None,Warrior,Hero of Many Battles; Crowned Sword,8,1,0,0,1,3,12,2,1.0,1,670.0,0.0,Real,5.4942126,6.639002
889.0,Zamazenta,92,130,115,80,115,138,670,1.0,1.0,1.0,1.0,1.0,1.0,1.0,1.0,1.0,2.0,2.0,0.5,0.5,1.0,1.0,0.5,1.0,2.0,906.0,2.9,463.0,210.0,10,5.0,15360,10,Dauntless Shield,Fighting,None,Warrior,Hero of Many Battles; Crowned Shield,8,1,0,0,0,3,12,3,1.0,1,670.0,0.0,Real,4.3308516,9.784756
890.0,Eternatus,140,85,95,145,95,130,690,1.0,0.5,0.5,0.5,0.25,2.0,0.5,0.5,2.0,1.0,2.0,0.5,1.0,1.0,2.0,1.0,1.0,1.0,6507.0,20.0,2094.4,950.0,255,5.0,15360,255,Pressure,Poison,Dragon,Gigantic,Eternamax,8,1,0,0,0,7,7,4,1.0,1,690.0,0.0,Real,3.0314465,9.56597
891.0,Kubfu,60,90,60,53,50,72,385,1.0,1.0,1.0,1.0,1.0,1.0,1.0,1.0,1.0,2.0,2.0,0.5,0.5,1.0,1.0,0.5,1.0,2.0,200.0,0.6,26.5,12.0,3,88.14,15360,3,Inner Focus,Fighting,None,Wushu,,8,1,0,0,0,3,12,3,0.0,1,385.0,0.0,Real,7.867699,14.008824
892.0,Urshifu,100,130,100,63,60,97,550,1.0,1.0,1.0,1.0,1.0,1.0,2.0,1.0,1.0,2.0,0.0,1.0,0.5,0.5,1.0,0.25,1.0,4.0,603.0,1.9,231.5,105.0,3,88.14,15360,3,Unseen Fist,Fighting,Dark,Wushu,Single Strike Style; Rapid Strike Style,8,1,0,0,1,3,11,3,1.0,1,550.0,0.0,Real,6.7546167,13.116932
893.0,Zarude,105,120,105,70,95,105,600,1.0,2.0,0.5,0.5,0.5,2.0,2.0,2.0,0.5,2.0,0.0,4.0,1.0,0.5,1.0,0.5,1.0,2.0,511.0,1.8,154.3,70.0,3,5.0,15360,3,Leaf Guard,Dark,Grass,Rogue Monkey,,8,0,1,0,1,6,4,7,0.0,1,600.0,0.0,Real,4.5073953,7.9525065
894.0,Regieleki,80,100,50,100,50,200,580,1.0,1.0,1.0,0.5,1.0,1.0,1.0,1.0,2.0,0.5,1.0,1.0,1.0,1.0,1.0,1.0,0.5,1.0,311.0,1.2,319.7,145.0,3,5.0,15360,3,Transistor,Electric,None,Electron,,8,1,0,0,0,3,14,1,0.0,1,580.0,0.0,Real,5.3240395,10.989592
895.0,Regidrago,200,100,50,100,50,80,580,1.0,0.5,0.5,0.5,0.5,2.0,1.0,1.0,1.0,1.0,1.0,1.0,1.0,1.0,2.0,1.0,1.0,2.0,611.0,2.1,440.9,200.0,3,5.0,15360,3,Dragons Maw,Dragon,None,Dragon Orb,,8,1,0,0,0,4,11,3,0.0,1,580.0,0.0,Real,4.7453375,9.666103
896.0,Glastrier,100,145,130,65,110,30,580,1.0,2.0,1.0,1.0,1.0,0.5,2.0,1.0,1.0,1.0,1.0,1.0,2.0,1.0,1.0,1.0,2.0,1.0,703.0,2.2,1763.7,800.0,3,5.0,15360,3,Chilling Neigh,Ice,None,Wild Horse,,8,0,0,0,0,1,13,4,0.0,1,580.0,0.0,Real,2.4235287,8.742184
897.0,Spectrier,100,65,60,145,80,130,580,0.0,1.0,1.0,1.0,1.0,1.0,0.0,0.5,1.0,1.0,1.0,0.5,1.0,2.0,1.0,2.0,1.0,1.0,607.0,2.0,98.1,44.5,3,5.0,15360,3,Grim Neigh,Ghost,None,Swift Horse,,8,0,0,0,2,2,12,2,0.0,1,580.0,0.0,Real,5.8126698,6.5090785
898.0,Calyrex,100,80,80,80,80,80,500,1.0,2.0,0.5,0.5,0.5,2.0,0.5,2.0,0.5,2.0,0.5,4.0,1.0,2.0,1.0,2.0,1.0,1.0,43.0,1.1,17.0,7.7,3,5.0,15360,3,Ice Rider Ability; Shadow Rider; Shadow Rider Ability; Unnerve,Psychic,Grass,Calyrex is Genderless,Ice Rider; Shadow Rider,8,1,0,0,0,6,5,7,1.0,4,500.0,0.0,Real,5.1497555,8.413342
899.0,Wyrdeer,103,105,72,105,75,65,525,1.0,1.0,1.0,1.0,1.0,1.0,1.0,1.0,1.0,1.0,0.5,2.0,1.0,0.0,1.0,2.0,1.0,1.0,511.0,1.8,209.7,95.1,45,50.2,5120,115,Frisk; Intimidate; Sap Sipper,Normal,Psychic,Big Horn,,8,0,0,0,1,1,14,2,0.0,3,525.0,0.0,Real,6.3846984,5.3206267
900.0,Kleavor,70,135,95,45,70,85,500,0.5,1.0,2.0,1.0,1.0,1.0,1.0,0.5,1.0,1.0,1.0,1.0,2.0,1.0,1.0,1.0,2.0,1.0,511.0,1.8,196.2,89.0,15,50.2,5120,409,Sheer Force; Steadfast; Swarm,Bug,Rock,Axe,,8,0,0,0,0,2,13,3,0.0,3,500.0,0.0,Real,6.929828,12.7976
901.0,Ursaluna,130,140,105,45,80,50,550,1.0,1.0,2.0,0.0,2.0,2.0,2.0,0.5,1.0,1.0,1.0,1.0,0.5,0.0,1.0,1.0,1.0,1.0,710.0,2.4,639.3,290.0,20,50.2,5120,604,Bulletproof; Guts; Unnerve,Ground,Normal,Peat,Bloodmoon,8,0,0,0,2,2,10,4,1.0,3,550.0,0.0,Real,6.4083223,7.1323533
902.0,Basculegion,120,112,65,80,75,78,530,0.0,0.5,0.5,2.0,2.0,0.5,0.0,0.5,1.0,1.0,1.0,0.5,1.0,2.0,1.0,2.0,0.5,1.0,910.0,3.0,242.5,110.0,45,5.0,5120,710,Adaptability; Mold Breaker; Rattled,Water,Ghost,Big Fish,Male; Female,8,0,0,0,2,6,6,4,1.0,3,530.0,0.0,Real,4.8050613,6.851042
903.0,Sneasler,80,130,60,40,80,120,510,1.0,1.0,1.0,1.0,0.5,1.0,0.5,0.5,2.0,2.0,4.0,0.25,0.5,1.0,1.0,0.5,1.0,1.0,403.0,1.3,94.8,43.0,20,50.2,5120,305,Poison Touch; Pressure,Fighting,Poison,Free Climb,,8,0,0,0,0,6,9,3,0.0,2,510.0,0.0,Real,5.2813544,10.574248
904.0,Overqwil,85,115,95,65,65,85,510,1.0,1.0,1.0,1.0,0.5,1.0,1.0,0.5,2.0,1.0,0.0,1.0,1.0,0.5,1.0,0.5,1.0,1.0,802.0,2.5,133.4,60.5,45,50.2,5120,607,Intimidate; Poison Point; Swift Swim,Dark,Poison,Pin Cluster,,8,0,0,0,1,4,12,1,0.0,3,510.0,0.0,Real,6.933621,7.3668003
905.0,Enamorus,74,115,70,135,80,106,580,1.0,1.0,1.0,2.0,0.5,2.0,0.25,2.0,0.0,1.0,1.0,0.25,2.0,1.0,0.0,0.5,2.0,1.0,63.0,1.6,105.8,48.0,3,0.0,0,3,Contrary; Healer; Hidden; Overcoat; Therian Forme; Therian Forme Ability,Fairy,Flying,Love-Hate,Incarnate Forme; Therian Forme,8,1,0,0,2,4,7,5,1.0,6,580.0,0.0,Real,5.022489,7.0946755
906.0,Sprigatito,40,61,54,45,45,65,310,1.0,2.0,0.5,0.5,0.5,2.0,1.0,2.0,0.5,2.0,1.0,2.0,1.0,1.0,1.0,1.0,1.0,1.0,104.0,0.4,9.0,4.1,45,8.8,2560,45,Overgrow; Protean,Grass,None,Grass Cat,,9,0,0,0,0,4,9,5,0.0,2,310.0,0.0,Real,8.425864,8.788435
907.0,Floragato,61,80,63,60,63,83,410,1.0,2.0,0.5,0.5,0.5,2.0,1.0,2.0,0.5,2.0,1.0,2.0,1.0,1.0,1.0,1.0,1.0,1.0,211.0,0.9,26.9,12.2,45,8.8,2560,45,Overgrow; Protean,Grass,None,Grass Cat,,9,0,0,0,0,4,9,5,0.0,2,410.0,0.0,Real,7.0217934,9.024606
908.0,Meowscarada,76,110,70,81,70,123,530,1.0,2.0,0.5,0.5,0.5,2.0,2.0,2.0,0.5,2.0,0.0,4.0,1.0,0.5,1.0,0.5,1.0,2.0,411.0,1.5,68.8,31.2,45,8.8,2560,45,Overgrow; Protean,Grass,Dark,Magician,,9,0,0,0,1,6,4,7,0.0,2,530.0,0.0,Real,5.198704,7.7089267
909.0,Fuecoco,67,45,59,63,40,36,310,1.0,0.5,2.0,1.0,0.5,0.5,1.0,1.0,2.0,1.0,1.0,0.5,2.0,1.0,1.0,1.0,0.5,0.5,104.0,0.4,21.6,9.8,45,8.8,2560,45,Blaze; Unaware,Fire,None,Fire Croc,,9,0,0,0,0,6,9,3,0.0,2,310.0,0.0,Real,8.518334,9.1151285
910.0,Crocalor,81,55,78,90,58,49,411,1.0,0.5,2.0,1.0,0.5,0.5,1.0,1.0,2.0,1.0,1.0,0.5,2.0,1.0,1.0,1.0,0.5,0.5,303.0,1.0,67.7,30.7,45,8.8,2560,45,Blaze; Unaware,Fire,None,Fire Croc,,9,0,0,0,0,6,9,3,0.0,2,411.0,0.0,Real,6.8897405,9.204575
911.0,Skeledirge,104,75,100,110,75,66,530,0.0,0.5,2.0,1.0,0.5,0.5,0.0,0.5,2.0,1.0,1.0,0.25,2.0,2.0,1.0,2.0,0.5,0.5,503.0,1.6,719.8,326.5,45,8.8,2560,45,Blaze; Unaware,Fire,Ghost,Singer,,9,0,0,0,2,7,4,5,0.0,2,530.0,0.0,Real,4.2233405,7.006898
912.0,Quaxly,55,65,45,50,45,50,310,1.0,0.5,0.5,2.0,2.0,0.5,1.0,1.0,1.0,1.0,1.0,1.0,1.0,1.0,1.0,1.0,0.5,1.0,108.0,0.5,13.4,6.1,45,8.8,2560,45,Moxie; Torrent,Water,None,Duckling,,9,0,0,0,0,4,12,2,0.0,2,310.0,0.0,Real,8.521655,9.336791
913.0,Quaxwell,70,85,65,65,60,65,410,1.0,0.5,0.5,2.0,2.0,0.5,1.0,1.0,1.0,1.0,1.0,1.0,1.0,1.0,1.0,1.0,0.5,1.0,311.0,1.2,47.4,21.5,45,8.8,2560,45,Moxie; Torrent,Water,None,Practicing,,9,0,0,0,0,4,12,2,0.0,2,410.0,0.0,Real,6.48297,10.422695
914.0,Quaquaval,85,120,80,85,75,85,530,1.0,0.5,0.5,2.0,2.0,0.5,1.0,1.0,1.0,2.0,2.0,0.5,0.5,1.0,1.0,0.5,0.5,2.0,511.0,1.8,136.5,61.9,45,8.8,2560,45,Moxie; Torrent,Water,Fighting,Dancer,,9,0,0,0,0,7,6,5,0.0,2,530.0,0.0,Real,4.935407,8.526052
915.0,Lechonk,54,45,40,35,45,35,254,1.0,1.0,1.0,1.0,1.0,1.0,2.0,1.0,1.0,1.0,1.0,1.0,1.0,0.0,1.0,1.0,1.0,1.0,108.0,0.5,22.5,10.2,255,5.0,1920,255,Aroma Veil; Gluttony; Thick Fat,Normal,None,Hog,,9,0,0,0,1,0,16,1,0.0,3,254.0,0.0,Real,7.583731,3.6286263
916.0,Oinkologne,110,100,75,59,80,65,489,1.0,1.0,1.0,1.0,1.0,1.0,2.0,1.0,1.0,1.0,1.0,1.0,1.0,0.0,1.0,1.0,1.0,1.0,303.0,1.0,264.6,120.0,100,5.0,1920,100,Aroma Veil; Female; Female Abilities; Gluttony; Hidden; Lingering Aroma; Thick Fat,Normal,None,Hog,Male; Female,9,0,0,0,1,0,16,1,1.0,7,489.0,0.0,Real,6.547143,4.8169265
917.0,Tarountula,35,41,45,29,40,20,210,1.0,2.0,1.0,1.0,0.5,1.0,0.5,1.0,0.5,2.0,1.0,1.0,2.0,1.0,1.0,1.0,1.0,1.0,100.0,0.3,8.8,4.0,255,5.0,1920,255,Insomnia; Stakeout,Bug,None,String Ball,,9,0,0,0,0,3,12,3,0.0,2,210.0,0.0,Real,10.212947,9.001774
918.0,Spidops,60,79,92,52,86,35,404,1.0,2.0,1.0,1.0,0.5,1.0,0.5,1.0,0.5,2.0,1.0,1.0,2.0,1.0,1.0,1.0,1.0,1.0,303.0,1.0,36.4,16.5,120,5.0,1920,120,Insomnia; Stakeout,Bug,None,Trap,,9,0,0,0,0,3,12,3,0.0,2,404.0,0.0,Real,7.7120957,9.9124155
919.0,Nymble,33,46,40,21,25,45,210,1.0,2.0,1.0,1.0,0.5,1.0,0.5,1.0,0.5,2.0,1.0,1.0,2.0,1.0,1.0,1.0,1.0,1.0,8.0,0.2,2.2,1.0,190,5.0,2560,190,Swarm; Tinted Lens,Bug,None,Grasshopper,,9,0,0,0,0,3,12,3,0.0,2,210.0,0.0,Real,10.129302,8.995125
920.0,Lokix,71,102,78,52,55,92,450,1.0,2.0,1.0,1.0,0.5,1.0,1.0,1.0,0.5,2.0,0.0,2.0,2.0,0.5,1.0,0.5,1.0,2.0,303.0,1.0,38.6,17.5,30,5.0,2560,30,Swarm; Tinted Lens,Bug,Dark,Grasshopper,,9,0,0,0,1,4,8,5,0.0,2,450.0,0.0,Real,5.8511143,7.5649776
921.0,Pawmi,45,50,20,40,25,60,240,1.0,1.0,1.0,0.5,1.0,1.0,1.0,1.0,2.0,0.5,1.0,1.0,1.0,1.0,1.0,1.0,0.5,1.0,100.0,0.3,5.5,2.5,190,5.0,1920,190,Iron Fist; Natural Cure; Punching Glove; Static,Electric,None,Mouse,,9,0,0,0,0,3,14,1,0.0,4,240.0,0.0,Real,10.85532,9.604463
922.0,Pawmo,60,75,40,50,40,85,350,1.0,1.0,1.0,0.5,1.0,1.0,1.0,1.0,2.0,1.0,2.0,0.5,0.5,1.0,1.0,0.5,0.5,2.0,104.0,0.4,14.3,6.5,80,5.0,1920,80,Iron Fist; Natural Cure; Punching Glove; Volt Absorb,Electric,Fighting,Mouse,,9,0,0,0,0,5,10,3,0.0,4,350.0,0.0,Real,8.048052,9.164073
923.0,Pawmot,70,115,70,70,60,105,490,1.0,1.0,1.0,0.5,1.0,1.0,1.0,1.0,2.0,1.0,2.0,0.5,0.5,1.0,1.0,0.5,0.5,2.0,211.0,0.9,90.4,41.0,45,5.0,1920,45,Iron Fist; Natural Cure; Punching Glove; Volt Absorb,Electric,Fighting,Hands-On,,9,0,0,0,0,5,10,3,0.0,4,490.0,0.0,Real,5.320172,10.266842
924.0,Tandemaus,50,50,45,40,45,75,305,1.0,1.0,1.0,1.0,1.0,1.0,2.0,1.0,1.0,1.0,1.0,1.0,1.0,0.0,1.0,1.0,1.0,1.0,100.0,0.3,4.0,1.8,150,5.0,1280,150,Own Tempo; Pickup; Run Away,Normal,None,Couple,,9,0,0,0,1,0,16,1,0.0,3,305.0,0.0,Real,7.403059,3.8246932
925.0,Maushold,74,75,70,65,75,111,470,1.0,1.0,1.0,1.0,1.0,1.0,2.0,1.0,1.0,1.0,1.0,1.0,1.0,0.0,1.0,1.0,1.0,1.0,12.0,0.3,5.1,2.3,75,5.0,1280,75,Cheek Pouch; Friend Guard; Technician,Normal,None,Family,Family of Four; Family of Three,9,0,0,0,1,0,16,1,1.0,3,470.0,0.0,Real,6.746994,4.4405103
926.0,Fidough,37,55,70,30,55,65,312,1.0,1.0,1.0,1.0,1.0,1.0,0.5,2.0,1.0,1.0,1.0,0.5,1.0,1.0,0.0,0.5,2.0,1.0,100.0,0.3,24.0,10.9,190,5.0,2560,190,Klutz; Own Tempo,Fairy,None,Puppy,,9,0,0,0,1,3,12,2,0.0,2,312.0,0.0,Real,8.950474,6.9569945
927.0,Dachsbun,57,80,115,50,80,95,477,1.0,1.0,1.0,1.0,1.0,1.0,0.5,2.0,1.0,1.0,1.0,0.5,1.0,1.0,0.0,0.5,2.0,1.0,108.0,0.5,32.8,14.9,90,5.0,2560,90,Aroma Veil,Fairy,None,Dog,,9,0,0,0,1,3,12,2,0.0,1,477.0,0.0,Real,6.9882746,7.0087013
928.0,Smoliv,41,35,45,58,51,30,260,1.0,2.0,0.5,0.5,0.5,2.0,2.0,2.0,0.5,2.0,1.0,2.0,1.0,0.0,1.0,1.0,1.0,1.0,100.0,0.3,14.3,6.5,255,5.0,2560,255,Early Bird; Harvest,Grass,Normal,Olive,,9,0,0,0,1,4,7,6,0.0,2,260.0,0.0,Real,9.179414,7.8303084
929.0,Dolliv,52,53,60,78,78,33,354,1.0,2.0,0.5,0.5,0.5,2.0,2.0,2.0,0.5,2.0,1.0,2.0,1.0,0.0,1.0,1.0,1.0,1.0,200.0,0.6,26.2,11.9,120,5.0,2560,120,Early Bird; Harvest,Grass,Normal,Olive,,9,0,0,0,1,4,7,6,0.0,2,354.0,0.0,Real,8.496131,7.9722147
930.0,Arboliva,78,69,90,125,109,39,510,1.0,2.0,0.5,0.5,0.5,2.0,2.0,2.0,0.5,2.0,1.0,2.0,1.0,0.0,1.0,1.0,1.0,1.0,407.0,1.4,106.3,48.2,45,5.0,2560,45,Harvest; Seed Sower,Grass,Normal,Olive,,9,0,0,0,1,4,7,6,0.0,2,510.0,0.0,Real,5.753412,8.175882
931.0,Squawkabilly,82,96,51,45,51,92,417,1.0,1.0,1.0,2.0,0.5,2.0,1.0,1.0,0.0,1.0,1.0,0.5,2.0,0.0,1.0,1.0,1.0,1.0,200.0,0.6,5.3,2.4,190,5.0,1920,190,Guts; Hidden; Hustle; Intimidate; Sheer Force,Normal,Flying,Parrot,Green Plumage; Blue Plumage; Yellow Plumage; White Plumage,9,0,0,0,2,2,11,3,1.0,5,417.0,0.0,Real,8.004499,6.5071144
932.0,Nacli,55,55,75,35,35,25,280,0.5,0.5,2.0,1.0,2.0,1.0,2.0,0.5,2.0,0.5,1.0,1.0,1.0,1.0,1.0,1.0,2.0,1.0,104.0,0.4,35.3,16.0,255,5.0,2560,255,Clear Body; Purifying Salt; Sturdy,Rock,None,Rock Salt,,9,0,0,0,0,4,9,5,0.0,3,280.0,0.0,Real,9.6796665,8.44469
933.0,Naclstack,60,60,100,35,65,35,355,0.5,0.5,2.0,1.0,2.0,1.0,2.0,0.5,2.0,0.5,1.0,1.0,1.0,1.0,1.0,1.0,2.0,1.0,200.0,0.6,231.5,105.0,120,5.0,2560,120,Clear Body; Purifying Salt; Sturdy,Rock,None,Rock Salt,,9,0,0,0,0,4,9,5,0.0,3,355.0,0.0,Real,8.050455,8.866255
934.0,Garganacl,100,100,130,45,90,35,500,0.5,0.5,2.0,1.0,2.0,1.0,2.0,0.5,2.0,0.5,1.0,1.0,1.0,1.0,1.0,1.0,2.0,1.0,707.0,2.3,529.1,240.0,45,5.0,2560,45,Clear Body; Purifying Salt; Sturdy,Rock,None,Rock Salt,,9,0,0,0,0,4,9,5,0.0,3,500.0,0.0,Real,4.860879,9.554025
935.0,Charcadet,40,50,40,50,40,35,255,1.0,0.5,2.0,1.0,0.5,0.5,1.0,1.0,2.0,1.0,1.0,0.5,2.0,1.0,1.0,1.0,0.5,0.5,200.0,0.6,23.1,10.5,90,5.0,4480,90,Flame Body; Flash Fire,Fire,None,Fire Child,,9,0,0,0,0,6,9,3,0.0,2,255.0,0.0,Real,8.883033,9.020937
936.0,Armarouge,85,60,100,125,80,75,525,1.0,0.5,2.0,1.0,0.5,0.5,0.5,1.0,2.0,1.0,0.5,1.0,2.0,2.0,1.0,2.0,0.5,0.5,411.0,1.5,187.4,85.0,25,5.0,4480,25,Flash Fire; Weak Armor,Fire,Psychic,Fire Warrior,,9,0,0,0,0,7,6,5,0.0,2,525.0,0.0,Real,4.5960045,8.349172
937.0,Ceruledge,75,125,80,60,100,85,525,0.0,0.5,2.0,1.0,0.5,0.5,0.0,0.5,2.0,1.0,1.0,0.25,2.0,2.0,1.0,2.0,0.5,0.5,503.0,1.6,136.7,62.0,25,5.0,4480,25,Flash Fire; Weak Armor,Fire,Ghost,Fire Blades,,9,0,0,0,2,7,4,5,0.0,2,525.0,0.0,Real,4.7699122,6.700437
938.0,Tadbulb,61,31,41,59,35,45,272,1.0,1.0,1.0,0.5,1.0,1.0,1.0,1.0,2.0,0.5,1.0,1.0,1.0,1.0,1.0,1.0,0.5,1.0,100.0,0.3,0.9,0.4,190,5.0,2560,190,Damp; Own Tempo; Static,Electric,None,EleTadpole,,9,0,0,0,0,3,14,1,0.0,3,272.0,0.0,Real,10.77766,9.719419
939.0,Bellibolt,109,64,91,103,83,45,495,1.0,1.0,1.0,0.5,1.0,1.0,1.0,1.0,2.0,0.5,1.0,1.0,1.0,1.0,1.0,1.0,0.5,1.0,311.0,1.2,249.1,113.0,50,5.0,2560,50,Damp; Electromorphosis; Static,Electric,None,EleFrog,,9,0,0,0,0,3,14,1,0.0,3,495.0,0.0,Real,6.158115,10.449498
940.0,Wattrel,40,40,35,55,40,70,280,1.0,1.0,1.0,1.0,0.5,2.0,0.5,1.0,0.0,0.5,1.0,0.5,2.0,1.0,1.0,1.0,0.5,1.0,104.0,0.4,7.9,3.6,180,5.0,2560,180,Competitive; Volt Absorb; Wind Power,Electric,Flying,Storm Petrel,,9,0,0,0,1,5,10,2,0.0,3,280.0,0.0,Real,9.169946,7.091573
941.0,Kilowattrel,70,70,60,105,60,125,490,1.0,1.0,1.0,1.0,0.5,2.0,0.5,1.0,0.0,0.5,1.0,0.5,2.0,1.0,1.0,1.0,0.5,1.0,407.0,1.4,85.1,38.6,90,5.0,2560,90,Competitive; Volt Absorb; Wind Power,Electric,Flying,Frigatebird,,9,0,0,0,1,5,10,2,0.0,3,490.0,0.0,Real,6.21428,7.172118
942.0,Maschiff,60,78,60,40,51,51,340,1.0,1.0,1.0,1.0,1.0,1.0,2.0,1.0,1.0,1.0,0.0,2.0,1.0,0.5,1.0,0.5,1.0,2.0,108.0,0.5,35.3,16.0,150,5.0,2560,150,Intimidate; Run Away; Stakeout,Dark,None,Rascal,,9,0,0,0,1,2,12,3,0.0,3,340.0,0.0,Real,8.276773,6.964289
943.0,Mabosstiff,80,120,90,60,70,85,505,1.0,1.0,1.0,1.0,1.0,1.0,2.0,1.0,1.0,1.0,0.0,2.0,1.0,0.5,1.0,0.5,1.0,2.0,307.0,1.1,134.5,61.0,75,5.0,2560,75,Guard Dog; Intimidate; Stakeout,Dark,None,Boss,,9,0,0,0,1,2,12,3,0.0,3,505.0,0.0,Real,6.7108397,7.0363607
944.0,Shroodle,40,65,35,40,35,75,290,1.0,1.0,1.0,1.0,0.5,1.0,1.0,0.5,2.0,1.0,2.0,0.5,1.0,0.0,1.0,1.0,1.0,0.5,8.0,0.2,1.5,0.7,190,5.0,2560,190,Pickpocket; Prankster; Unburden,Poison,Normal,Toxic Mouse,,9,0,0,0,1,4,11,2,0.0,3,290.0,0.0,Real,9.205229,7.059848
945.0,Grafaiai,63,95,65,80,72,110,485,1.0,1.0,1.0,1.0,0.5,1.0,1.0,0.5,2.0,1.0,2.0,0.5,1.0,0.0,1.0,1.0,1.0,0.5,204.0,0.7,60.0,27.2,90,5.0,2560,90,Poison Touch; Prankster; Unburden,Poison,Normal,Toxic Monkey,,9,0,0,0,1,4,11,2,0.0,3,485.0,0.0,Real,6.728812,7.118669
946.0,Bramblin,40,65,30,45,35,60,275,0.0,2.0,0.5,0.5,0.5,2.0,0.0,1.0,0.5,2.0,1.0,1.0,1.0,2.0,1.0,2.0,1.0,1.0,200.0,0.6,1.3,0.6,190,5.0,2560,190,Infiltrator; Wind Rider,Grass,Ghost,Tumbleweed,,9,0,0,0,2,4,7,5,0.0,2,275.0,0.0,Real,8.709631,7.4367256
947.0,Brambleghast,55,115,70,80,70,90,480,0.0,2.0,0.5,0.5,0.5,2.0,0.0,1.0,0.5,2.0,1.0,1.0,1.0,2.0,1.0,2.0,1.0,1.0,311.0,1.2,13.2,6.0,45,5.0,2560,45,Infiltrator; Wind Rider,Grass,Ghost,Tumbleweed,,9,0,0,0,2,4,7,5,0.0,2,480.0,0.0,Real,5.540345,6.7367177
948.0,Toedscool,40,40,35,50,100,70,335,1.0,2.0,1.0,0.0,1.0,4.0,1.0,1.0,0.5,2.0,1.0,2.0,0.5,1.0,1.0,1.0,1.0,1.0,211.0,0.9,72.8,33.0,190,5.0,2560,190,Mycelium Might,Ground,Grass,Woodear,,9,0,0,0,1,2,11,4,0.0,1,335.0,0.0,Real,8.595072,7.6783643
949.0,Toedscruel,80,70,65,80,120,100,515,1.0,2.0,1.0,0.0,1.0,4.0,1.0,1.0,0.5,2.0,1.0,2.0,0.5,1.0,1.0,1.0,1.0,1.0,603.0,1.9,127.9,58.0,90,5.0,2560,90,Mycelium Might,Ground,Grass,Woodear,,9,0,0,0,1,2,11,4,0.0,1,515.0,0.0,Real,6.021775,7.1251082
950.0,Klawf,70,100,115,35,55,75,450,0.5,0.5,2.0,1.0,2.0,1.0,2.0,0.5,2.0,0.5,1.0,1.0,1.0,1.0,1.0,1.0,2.0,1.0,403.0,1.3,174.2,79.0,120,5.0,4480,120,Anger Shell; Regenerator; Shell Armor,Rock,None,Ambush,,9,0,0,0,0,4,9,5,0.0,3,450.0,0.0,Real,6.936981,8.908879
951.0,Capsakid,50,62,40,62,40,50,304,1.0,2.0,0.5,0.5,0.5,2.0,1.0,2.0,0.5,2.0,1.0,2.0,1.0,1.0,1.0,1.0,1.0,1.0,100.0,0.3,6.6,3.0,190,5.0,2560,190,Chlorophyll; Insomnia; Klutz,Grass,None,Spicy Pepper,,9,0,0,0,0,4,9,5,0.0,3,304.0,0.0,Real,9.400565,8.439123
952.0,Scovillain,65,108,65,108,65,75,486,1.0,1.0,1.0,0.5,0.25,1.0,1.0,2.0,1.0,2.0,1.0,1.0,2.0,1.0,1.0,1.0,0.5,0.5,211.0,0.9,33.1,15.0,75,5.0,2560,75,Chlorophyll; Insomnia; Moody,Grass,Fire,Spicy Pepper,,9,0,0,0,0,4,11,3,0.0,3,486.0,0.0,Real,5.6584344,10.436103
953.0,Rellor,41,50,60,31,58,30,270,1.0,2.0,1.0,1.0,0.5,1.0,0.5,1.0,0.5,2.0,1.0,1.0,2.0,1.0,1.0,1.0,1.0,1.0,8.0,0.2,2.2,1.0,190,5.0,2560,190,Compoundeyes; Shed Skin,Bug,None,Rolling,,9,0,0,0,0,3,12,3,0.0,2,270.0,0.0,Real,10.00246,9.514169
954.0,Rabsca,75,50,85,115,100,45,470,1.0,2.0,1.0,1.0,0.5,1.0,0.25,1.0,0.5,2.0,0.5,2.0,2.0,2.0,1.0,2.0,1.0,1.0,100.0,0.3,7.7,3.5,45,5.0,2560,45,Synchronize; Telepathy,Bug,Psychic,Rolling,,9,0,0,0,0,4,8,6,0.0,2,470.0,0.0,Real,6.137654,8.99042
955.0,Flittle,30,35,30,55,30,75,255,1.0,1.0,1.0,1.0,1.0,1.0,0.5,1.0,1.0,1.0,0.5,2.0,1.0,2.0,1.0,2.0,1.0,1.0,8.0,0.2,3.3,1.5,120,5.0,2560,120,Anticipation; Frisk; Speed Boost,Psychic,None,Frill,,9,0,0,0,0,2,13,3,0.0,3,255.0,0.0,Real,9.406409,9.33752
956.0,Espathra,95,60,60,101,60,105,481,1.0,1.0,1.0,1.0,1.0,1.0,0.5,1.0,1.0,1.0,0.5,2.0,1.0,2.0,1.0,2.0,1.0,1.0,603.0,1.9,198.4,90.0,60,5.0,2560,60,Frisk; Opportunist; Speed Boost,Psychic,None,Ostrich,,9,0,0,0,0,2,13,3,0.0,3,481.0,0.0,Real,5.726064,10.848335
957.0,Tinkatink,50,45,45,35,64,58,297,0.5,2.0,1.0,1.0,0.5,0.5,1.0,0.0,2.0,0.5,0.5,0.25,0.5,1.0,0.0,0.5,1.0,0.5,104.0,0.4,19.6,8.9,190,0.0,2560,190,Mold Breaker; Own Tempo; Pickpocket,Fairy,Steel,Metalsmith,,9,0,0,0,2,9,5,2,0.0,3,297.0,0.0,Real,4.52222,5.8097754
958.0,Tinkatuff,65,55,55,45,82,78,380,0.5,2.0,1.0,1.0,0.5,0.5,1.0,0.0,2.0,0.5,0.5,0.25,0.5,1.0,0.0,0.5,1.0,0.5,204.0,0.7,130.3,59.1,90,0.0,2560,90,Mold Breaker; Own Tempo; Pickpocket,Fairy,Steel,Hammer,,9,0,0,0,2,9,5,2,0.0,3,380.0,0.0,Real,4.457836,6.0682883
959.0,Tinkaton,85,75,77,70,105,94,506,0.5,2.0,1.0,1.0,0.5,0.5,1.0,0.0,2.0,0.5,0.5,0.25,0.5,1.0,0.0,0.5,1.0,0.5,204.0,0.7,248.7,112.8,45,0.0,2560,45,Mold Breaker; Own Tempo; Pickpocket,Fairy,Steel,Hammer,,9,0,0,0,2,9,5,2,0.0,3,506.0,0.0,Real,4.4691777,6.3054113
960.0,Wiglett,10,55,25,35,25,95,245,1.0,0.5,0.5,2.0,2.0,0.5,1.0,1.0,1.0,1.0,1.0,1.0,1.0,1.0,1.0,1.0,0.5,1.0,311.0,1.2,4.0,1.8,255,5.0,2560,255,Gooey; Rattled; Sand Veil,Water,None,Garden Eel,,9,0,0,0,0,4,12,2,0.0,3,245.0,0.0,Real,10.773895,9.504829
961.0,Wugtrio,35,100,50,50,70,120,425,1.0,0.5,0.5,2.0,2.0,0.5,1.0,1.0,1.0,1.0,1.0,1.0,1.0,1.0,1.0,1.0,0.5,1.0,311.0,1.2,11.9,5.4,50,5.0,2560,50,Gooey; Rattled; Sand Veil,Water,None,Garden Eel,,9,0,0,0,0,4,12,2,0.0,3,425.0,0.0,Real,5.6703467,10.80796
962.0,Bombirdier,70,103,85,60,85,82,485,1.0,1.0,1.0,2.0,0.5,2.0,1.0,1.0,0.0,1.0,0.0,1.0,2.0,0.5,1.0,0.5,1.0,2.0,411.0,1.5,94.6,42.9,25,5.0,4480,25,Big Pecks; Keen Eye; Rocky Payload,Flying,Dark,Item Drop,,9,0,0,0,2,3,9,4,0.0,3,485.0,0.0,Real,5.9828463,6.5802765
963.0,Finizen,70,45,40,45,40,75,315,1.0,0.5,0.5,2.0,2.0,0.5,1.0,1.0,1.0,1.0,1.0,1.0,1.0,1.0,1.0,1.0,0.5,1.0,403.0,1.3,132.7,60.2,200,5.0,5120,200,Water Veil,Water,None,Dolphin,,9,0,0,0,0,4,12,2,0.0,1,315.0,0.0,Real,10.535687,9.916741
964.0,Palafin,100,70,72,53,62,100,457,1.0,0.5,0.5,2.0,2.0,0.5,1.0,1.0,1.0,1.0,1.0,1.0,1.0,1.0,1.0,1.0,0.5,1.0,51.0,1.3,132.7,60.2,45,5.0,5120,45,Zero to Hero,Water,None,Dolphin,Zero Form; Hero Form,9,0,0,0,0,4,12,2,1.0,1,457.0,0.0,Real,6.122065,10.752302
965.0,Varoom,45,70,63,30,45,47,300,0.5,2.0,1.0,1.0,0.25,0.5,1.0,0.0,4.0,0.5,1.0,0.25,0.5,1.0,0.5,1.0,0.5,0.25,303.0,1.0,77.2,35.0,190,5.0,2560,190,Overcoat; Slow Start,Steel,Poison,Single-Cyl,,9,0,0,0,1,9,6,2,0.0,2,300.0,0.0,Real,4.5242467,5.785906
966.0,Revavroom,80,119,90,54,67,90,500,0.5,2.0,1.0,1.0,0.25,0.5,1.0,0.0,4.0,0.5,1.0,0.25,0.5,1.0,0.5,1.0,0.5,0.25,511.0,1.8,264.6,120.0,75,5.0,2560,75,Filter; Overcoat,Steel,Poison,Multi-Cyl,,9,0,0,0,1,9,6,2,0.0,2,500.0,0.0,Real,4.310474,6.340634
967.0,Cyclizar,70,95,65,85,65,121,501,1.0,0.5,0.5,0.5,0.5,2.0,2.0,1.0,1.0,1.0,1.0,1.0,1.0,0.0,2.0,1.0,1.0,2.0,503.0,1.6,138.9,63.0,190,5.0,3840,190,Regenerator; Shed Skin,Dragon,Normal,Mount,,9,0,0,0,1,4,9,4,0.0,2,501.0,0.0,Real,5.965582,7.379202
968.0,Orthworm,70,85,145,60,55,65,480,0.5,2.0,1.0,1.0,0.5,0.5,2.0,0.0,2.0,0.5,0.5,0.5,0.5,1.0,0.5,1.0,0.5,0.5,802.0,2.5,683.4,310.0,25,5.0,4480,25,Earth Eater; Sand Veil,Steel,None,Earthworm,,9,0,0,0,1,10,4,3,0.0,2,480.0,0.0,Real,3.9540024,6.6375995
969.0,Glimmet,48,35,42,105,60,60,350,0.5,0.5,2.0,1.0,1.0,1.0,1.0,0.25,4.0,0.5,2.0,0.5,1.0,1.0,1.0,1.0,2.0,0.5,204.0,0.7,17.6,8.0,70,5.0,3840,70,Corrosion; Toxic Debris,Rock,Poison,Ore,,9,0,0,0,0,6,8,4,0.0,2,350.0,0.0,Real,7.7450175,9.062075
970.0,Glimmora,83,55,90,130,81,86,525,0.5,0.5,2.0,1.0,1.0,1.0,1.0,0.25,4.0,0.5,2.0,0.5,1.0,1.0,1.0,1.0,2.0,0.5,411.0,1.5,99.2,45.0,25,5.0,3840,25,Corrosion; Toxic Debris,Rock,Poison,Ore,,9,0,0,0,0,6,8,4,0.0,2,525.0,0.0,Real,4.72371,8.417764
971.0,Greavard,50,61,60,30,55,34,290,0.0,1.0,1.0,1.0,1.0,1.0,0.0,0.5,1.0,1.0,1.0,0.5,1.0,2.0,1.0,2.0,1.0,1.0,200.0,0.6,77.2,35.0,120,5.0,2560,120,Fluffy; Pickup,Ghost,None,Ghost Dog,,9,0,0,0,2,2,12,2,0.0,2,290.0,0.0,Real,8.394416,6.5810757
972.0,Houndstone,72,101,100,50,97,68,488,0.0,1.0,1.0,1.0,1.0,1.0,0.0,0.5,1.0,1.0,1.0,0.5,1.0,2.0,1.0,2.0,1.0,1.0,607.0,2.0,33.1,15.0,60,5.0,2560,60,Fluffy; Sand Rush,Ghost,None,Ghost Dog,,9,0,0,0,2,2,12,2,0.0,2,488.0,0.0,Real,6.8248,6.505188
973.0,Flamigo,82,115,74,75,64,90,500,1.0,1.0,1.0,2.0,0.5,2.0,0.5,1.0,0.0,2.0,2.0,0.25,1.0,1.0,1.0,0.5,1.0,2.0,503.0,1.6,81.6,37.0,100,5.0,2560,100,Costar; Scrappy; Tangled Feet,Flying,Fighting,Synchronize,,9,0,0,0,1,4,8,5,0.0,3,500.0,0.0,Real,5.608733,7.4505696
974.0,Cetoddle,108,68,45,30,40,43,334,1.0,2.0,1.0,1.0,1.0,0.5,2.0,1.0,1.0,1.0,1.0,1.0,2.0,1.0,1.0,1.0,2.0,1.0,311.0,1.2,99.2,45.0,150,5.0,3200,150,Sheer Force; Snow Cloak; Thick Fat,Ice,None,Terra Whale,,9,0,0,0,0,1,13,4,0.0,3,334.0,0.0,Real,9.145981,9.582538
975.0,Cetitan,170,113,65,45,55,73,521,1.0,2.0,1.0,1.0,1.0,0.5,2.0,1.0,1.0,1.0,1.0,1.0,2.0,1.0,1.0,1.0,2.0,1.0,1409.0,4.5,1543.2,700.0,50,5.0,3200,50,Sheer Force; Slush Rush; Thick Fat,Ice,None,Terra Whale,,9,0,0,0,0,1,13,4,0.0,3,521.0,0.0,Real,2.4957132,8.843547
976.0,Veluza,90,102,73,78,65,70,478,1.0,0.5,0.5,2.0,2.0,0.5,0.5,1.0,1.0,1.0,0.5,2.0,1.0,2.0,1.0,2.0,0.5,1.0,802.0,2.5,198.4,90.0,100,5.0,2560,100,Mold Breaker; Sharpness,Water,Psychic,Jettison,,9,0,0,0,0,6,7,5,0.0,2,478.0,0.0,Real,5.2584305,8.662137
977.0,Dondozo,150,100,115,65,65,35,530,1.0,0.5,0.5,2.0,2.0,0.5,1.0,1.0,1.0,1.0,1.0,1.0,1.0,1.0,1.0,1.0,0.5,1.0,3904.0,12.0,485.0,220.0,25,5.0,5120,25,Oblivious; Unaware; Water Veil,Water,None,Big Catfish,,9,0,0,0,0,4,12,2,0.0,3,530.0,0.0,Real,3.303261,9.597605
978.0,Tatsugiri,68,50,60,120,95,82,475,1.0,0.25,0.25,1.0,1.0,1.0,1.0,1.0,1.0,1.0,1.0,1.0,1.0,1.0,2.0,1.0,0.5,2.0,100.0,0.3,17.6,8.0,100,5.0,4480,100,Commander; Storm Drain,Dragon,Water,Mimicry,Curly Form; Droopy Form; Stretchy Form,9,0,0,0,0,3,13,2,1.0,2,475.0,0.0,Real,6.6478357,10.588857
979.0,Annihilape,110,115,80,50,90,90,535,0.0,1.0,1.0,1.0,1.0,1.0,0.0,0.5,1.0,2.0,2.0,0.25,0.5,2.0,1.0,1.0,1.0,2.0,311.0,1.2,123.5,56.0,45,5.0,2560,45,Defiant; Inner Focus; Vital Spirit,Fighting,Ghost,Rage Monkey,,9,0,0,0,2,3,9,4,0.0,3,535.0,0.0,Real,5.8864603,6.5984554
980.0,Clodsire,130,75,60,45,100,20,430,1.0,1.0,2.0,0.0,1.0,2.0,0.5,0.25,2.0,1.0,2.0,0.5,0.5,1.0,1.0,1.0,1.0,0.5,511.0,1.8,491.6,223.0,90,5.0,2560,90,Poison Point; Unaware; Water Absorb,Poison,Ground,Spiny Fish,,9,0,0,0,1,5,8,4,0.0,3,430.0,0.0,Real,5.94403,8.409351
981.0,Farigiraf,120,90,70,110,70,60,520,1.0,1.0,1.0,1.0,1.0,1.0,1.0,1.0,1.0,1.0,0.5,2.0,1.0,0.0,1.0,2.0,1.0,1.0,1006.0,3.2,352.7,160.0,45,5.0,2560,45,Armor Tail; Cud Chew; Sap Sipper,Normal,Psychic,Long Neck,,9,0,0,0,1,1,14,2,0.0,3,520.0,0.0,Real,6.30915,5.301853
982.0,Dudunsparce,125,100,80,85,75,55,520,1.0,1.0,1.0,1.0,1.0,1.0,2.0,1.0,1.0,1.0,1.0,1.0,1.0,0.0,1.0,1.0,1.0,1.0,132.0,3.6,86.4,39.2,45,5.0,2560,45,Rattled; Run Away; Serene Grace,Normal,None,Land Snake,Two-Segment Form; Three-Segment Form,9,0,0,0,1,0,16,1,1.0,3,520.0,0.0,Real,6.397097,5.0875645
983.0,Kingambit,100,135,120,60,85,50,550,0.5,2.0,1.0,1.0,0.5,0.5,4.0,0.0,2.0,0.5,0.0,1.0,0.5,0.5,0.5,0.5,0.5,1.0,607.0,2.0,264.6,120.0,25,5.0,2560,25,Defiant; Pressure; Supreme Overlord,Dark,Steel,Big Blade,,9,0,0,0,2,9,4,3,0.0,3,550.0,0.0,Real,4.2568884,6.506538
984.0,Great Tusk,115,131,131,53,53,87,570,1.0,1.0,2.0,0.0,2.0,2.0,1.0,0.5,1.0,2.0,2.0,0.5,0.25,1.0,1.0,0.5,1.0,2.0,703.0,2.2,705.5,320.0,30,5.0,6400,30,Protosynthesis,Ground,Fighting,Paradox,,9,0,0,0,1,4,7,6,0.0,1,570.0,0.0,Real,4.3309193,8.838969
985.0,Scream Tail,115,65,99,65,115,111,570,1.0,1.0,1.0,1.0,1.0,1.0,0.25,2.0,1.0,1.0,0.5,1.0,1.0,2.0,0.0,1.0,2.0,1.0,311.0,1.2,17.6,8.0,50,5.0,6400,50,Protosynthesis,Fairy,Psychic,Paradox,,9,0,0,0,1,2,12,3,0.0,1,570.0,0.0,Real,5.773695,7.0521903
986.0,Brute Bonnet,111,127,99,79,99,55,570,1.0,2.0,0.5,0.5,0.5,2.0,2.0,2.0,0.5,2.0,0.0,4.0,1.0,0.5,1.0,0.5,1.0,2.0,311.0,1.2,46.3,21.0,50,5.0,6400,50,Protosynthesis,Grass,Dark,Paradox,,9,0,0,0,1,6,4,7,0.0,1,570.0,0.0,Real,4.6482644,7.965738
987.0,Flutter Mane,55,55,55,135,135,135,570,0.0,1.0,1.0,1.0,1.0,1.0,0.0,1.0,1.0,1.0,1.0,0.25,1.0,2.0,0.0,1.0,2.0,1.0,407.0,1.4,8.8,4.0,30,5.0,6400,30,Protosynthesis,Ghost,Fairy,Paradox,,9,0,0,0,3,1,12,2,0.0,1,570.0,0.0,Real,6.351262,6.555929
988.0,Slither Wing,85,135,79,85,105,81,570,1.0,2.0,1.0,1.0,0.5,1.0,0.5,1.0,0.5,4.0,2.0,0.5,1.0,1.0,1.0,0.5,1.0,2.0,1006.0,3.2,202.8,92.0,30,5.0,6400,30,Protosynthesis,Bug,Fighting,Paradox,,9,0,0,0,0,5,9,4,0.0,1,570.0,0.0,Real,4.36786,9.178624
989.0,Sandy Shocks,85,81,97,121,85,101,570,1.0,1.0,2.0,0.0,2.0,2.0,1.0,0.5,2.0,0.5,1.0,1.0,0.5,1.0,1.0,1.0,0.5,1.0,707.0,2.3,132.3,60.0,30,5.0,6400,30,Protosynthesis,Electric,Ground,Paradox,,9,0,0,0,1,4,9,4,0.0,1,570.0,0.0,Real,5.2515006,7.3192635
990.0,Iron Treads,90,112,120,72,70,106,570,0.5,2.0,2.0,0.0,1.0,1.0,2.0,0.0,2.0,0.5,0.5,0.5,0.25,1.0,0.5,1.0,0.5,0.5,211.0,0.9,529.1,240.0,30,5.0,6400,30,Quark Drive,Ground,Steel,Paradox,,9,0,0,0,2,8,4,4,0.0,1,570.0,0.0,Real,4.1389613,6.859962
991.0,Iron Bundle,56,80,114,124,60,136,570,1.0,1.0,0.5,2.0,2.0,0.25,2.0,1.0,1.0,1.0,1.0,1.0,2.0,1.0,1.0,1.0,1.0,1.0,200.0,0.6,24.3,11.0,50,5.0,6400,50,Quark Drive,Ice,Water,Paradox,,9,0,0,0,0,2,12,4,0.0,1,570.0,0.0,Real,5.212106,10.800222
992.0,Iron Hands,154,140,108,50,68,50,570,1.0,1.0,1.0,0.5,1.0,1.0,1.0,1.0,2.0,1.0,2.0,0.5,0.5,1.0,1.0,0.5,0.5,2.0,511.0,1.8,839.3,380.7,50,5.0,6400,50,Quark Drive,Fighting,Electric,Paradox,,9,0,0,0,0,5,10,3,0.0,1,570.0,0.0,Real,4.111382,9.406584
993.0,Iron Jugulis,94,80,86,122,80,108,570,1.0,1.0,1.0,2.0,0.5,2.0,1.0,1.0,0.0,1.0,0.0,1.0,2.0,0.5,1.0,0.5,1.0,2.0,403.0,1.3,244.7,111.0,30,5.0,6400,30,Quark Drive,Dark,Flying,Paradox,,9,0,0,0,2,3,9,4,0.0,1,570.0,0.0,Real,5.2458096,6.932346
994.0,Iron Moth,80,70,60,140,110,110,570,1.0,0.5,2.0,1.0,0.25,0.5,0.5,0.5,4.0,1.0,2.0,0.25,2.0,1.0,1.0,1.0,0.5,0.25,311.0,1.2,79.4,36.0,30,5.0,6400,30,Quark Drive,Fire,Poison,Paradox,,9,0,0,0,0,8,6,4,0.0,1,570.0,0.0,Real,4.6817513,8.367372
995.0,Iron Thorns,100,134,110,70,84,72,570,0.5,0.5,2.0,0.5,2.0,1.0,2.0,0.5,4.0,0.25,1.0,1.0,1.0,1.0,1.0,1.0,1.0,1.0,503.0,1.6,668.0,303.0,30,5.0,6400,30,Quark Drive,Rock,Electric,Paradox,,9,0,0,0,0,5,9,4,0.0,1,570.0,0.0,Real,4.209472,9.393788
996.0,Frigibax,65,75,45,35,45,55,320,1.0,1.0,0.5,0.5,0.5,1.0,2.0,1.0,1.0,1.0,1.0,1.0,2.0,1.0,2.0,1.0,2.0,2.0,108.0,0.5,37.5,17.0,45,5.0,5120,45,Ice Body; Thermal Exchange,Dragon,Ice,Ice Fin,,9,0,0,0,0,3,10,5,0.0,2,320.0,0.0,Real,8.253806,8.895162
997.0,Arctibax,90,95,66,45,65,62,423,1.0,1.0,0.5,0.5,0.5,1.0,2.0,1.0,1.0,1.0,1.0,1.0,2.0,1.0,2.0,1.0,2.0,2.0,207.0,0.8,66.1,30.0,25,5.0,5120,25,Ice Body; Thermal Exchange,Dragon,Ice,Ice Fin,,9,0,0,0,0,3,10,5,0.0,2,423.0,0.0,Real,7.1097565,9.2049465
998.0,Baxcalibur,115,145,92,75,86,87,600,1.0,1.0,0.5,0.5,0.5,1.0,2.0,1.0,1.0,1.0,1.0,1.0,2.0,1.0,2.0,1.0,2.0,2.0,611.0,2.1,463.0,210.0,10,5.0,5120,10,Ice Body; Thermal Exchange,Dragon,Ice,Ice Dragon,,9,0,0,0,0,3,10,5,0.0,2,600.0,0.0,Real,4.3187385,9.357744
999.0,Gimmighoul,45,30,70,75,70,10,300,0.0,1.0,1.0,1.0,1.0,1.0,0.0,0.5,1.0,1.0,1.0,0.5,1.0,2.0,1.0,2.0,1.0,1.0,12.0,0.3,11.0,5.0,45,5.0,5120,501,Rattled; Roaming; Roaming Form Abilities; Run Away,Ghost,None,Coin Chest,Chest Form; Roaming Form,9,0,0,0,2,2,12,2,1.0,4,300.0,0.0,Real,8.440908,6.705295
1000.0,Gholdengo,87,60,95,133,91,84,550,0.0,2.0,1.0,1.0,0.5,0.5,0.0,0.0,2.0,0.5,0.5,0.25,0.5,2.0,0.5,2.0,0.5,0.5,311.0,1.2,66.1,30.0,45,5.0,6400,45,Good as Gold,Steel,Ghost,Coin Entity,,9,0,0,0,3,9,2,4,0.0,1,550.0,0.0,Real,4.591148,6.80511
1001.0,Wo-Chien,85,85,100,95,135,70,570,1.0,2.0,0.5,0.5,0.5,2.0,2.0,2.0,0.5,2.0,0.0,4.0,1.0,0.5,1.0,0.5,1.0,2.0,411.0,1.5,163.6,74.2,6,5.0,6400,6,Tablets of Ruin,Dark,Grass,Ruinous,,9,1,0,0,1,6,4,7,0.0,1,570.0,0.0,Real,4.662622,7.9944234
1002.0,Chien-Pao,80,120,80,90,65,135,570,1.0,2.0,1.0,1.0,1.0,0.5,4.0,1.0,1.0,1.0,0.0,2.0,2.0,0.5,1.0,0.5,2.0,2.0,603.0,1.9,335.5,152.2,6,5.0,6400,6,Swords of Ruin,Dark,Ice,Ruinous,,9,1,0,0,1,3,8,6,0.0,1,570.0,0.0,Real,5.339069,7.270171
1003.0,Ting-Lu,155,110,125,55,80,45,570,1.0,1.0,2.0,0.0,2.0,2.0,2.0,0.5,1.0,1.0,0.0,2.0,0.5,0.5,1.0,0.5,1.0,2.0,810.0,2.7,1542.6,699.7,6,5.0,6400,6,Vessel of Ruin,Dark,Ground,Ruinous,,9,1,0,0,2,4,6,6,0.0,1,570.0,0.0,Real,2.3450718,8.437141
1004.0,Chi-Yu,55,80,80,135,120,100,570,1.0,0.5,2.0,1.0,0.5,0.5,2.0,1.0,2.0,1.0,0.0,1.0,2.0,0.5,1.0,0.5,0.5,1.0,104.0,0.4,10.8,4.9,6,5.0,6400,6,Beads of Ruin,Dark,Fire,Ruinous,,9,1,0,0,1,6,7,4,0.0,1,570.0,0.0,Real,4.861382,7.645844
1005.0,Roaring Moon,105,139,71,55,101,119,590,1.0,0.5,0.5,0.5,0.5,2.0,2.0,1.0,1.0,1.0,0.0,2.0,1.0,0.5,2.0,0.5,1.0,4.0,607.0,2.0,837.7,380.0,10,5.0,6400,10,Protosynthesis,Dragon,Dark,Paradox,,9,0,0,0,1,6,6,5,0.0,1,590.0,0.0,Real,3.3854072,8.470219
1006.0,Iron Valiant,74,130,90,120,60,116,590,1.0,1.0,1.0,1.0,1.0,1.0,0.5,2.0,1.0,2.0,2.0,0.25,0.5,1.0,0.0,0.25,2.0,2.0,407.0,1.4,77.2,35.0,10,5.0,6400,10,Quark Drive,Fairy,Fighting,Paradox,,9,0,0,0,1,4,8,5,0.0,1,590.0,0.0,Real,5.1746707,7.2580748
1007.0,Koraidon,100,135,115,85,100,135,670,1.0,0.5,0.5,0.5,0.5,2.0,1.0,1.0,1.0,2.0,2.0,0.5,0.5,1.0,2.0,0.5,1.0,4.0,802.0,2.5,668.0,303.0,3,5.0,6400,3,Orichalcum Pulse,Fighting,Dragon,Paradox,,9,1,0,0,0,7,6,5,0.0,1,670.0,0.0,Real,3.411375,8.546562
1008.0,Miraidon,100,85,100,135,115,135,670,1.0,0.5,0.5,0.25,0.5,2.0,1.0,1.0,2.0,0.5,1.0,1.0,1.0,1.0,2.0,1.0,0.5,2.0,1106.0,3.5,529.1,240.0,3,5.0,6400,3,Hadron Engine,Electric,Dragon,Paradox,,9,1,0,0,0,6,8,4,0.0,1,670.0,0.0,Real,3.3660996,8.790397
1009.0,Walking Wake,99,83,91,125,83,109,590,1.0,0.25,0.25,1.0,1.0,1.0,1.0,1.0,1.0,1.0,1.0,1.0,1.0,1.0,2.0,1.0,0.5,2.0,1106.0,3.5,617.3,280.0,5,5.0,6400,5,Protosynthesis,Water,Dragon,Paradox,,9,0,0,0,0,3,13,2,0.0,1,590.0,0.0,Real,4.435355,10.066182
1010.0,Iron Leaves,90,130,88,70,108,104,590,1.0,2.0,0.5,0.5,0.5,2.0,0.5,2.0,0.5,2.0,0.5,4.0,1.0,2.0,1.0,2.0,1.0,1.0,411.0,1.5,275.6,125.0,5,5.0,6400,5,Quark Drive,Grass,Psychic,Paradox,,9,0,0,0,0,6,5,7,0.0,1,590.0,0.0,Real,4.4286447,8.268356
1011.0,Dipplin,80,80,110,95,80,40,485,1.0,1.0,0.25,0.25,0.25,4.0,1.0,2.0,0.5,2.0,1.0,2.0,1.0,1.0,2.0,1.0,1.0,2.0,104.0,0.4,9.7,4.4,45,5.0,2560,45,Gluttony; Sticky Hold; Supersweet Syrup,Grass,Dragon,Candy Apple,,9,0,0,0,0,4,8,6,0.0,3,485.0,0.0,Real,6.0924873,8.9433155
1012.0,Poltchageist,40,45,45,74,54,50,308,0.0,2.0,0.5,0.5,0.5,2.0,0.0,1.0,0.5,2.0,1.0,1.0,1.0,2.0,1.0,2.0,1.0,1.0,4.0,0.1,2.4,1.1,120,5.0,2560,120,Heatproof; Hospitality,Grass,Ghost,Matcha,,9,0,0,0,2,4,7,5,0.0,2,308.0,0.0,Real,8.499573,7.5063934
1013.0,Sinistcha,71,60,106,121,80,70,508,0.0,2.0,0.5,0.5,0.5,2.0,0.0,1.0,0.5,2.0,1.0,1.0,1.0,2.0,1.0,2.0,1.0,1.0,8.0,0.2,4.9,2.2,60,5.0,2560,60,Heatproof; Hospitality,Grass,Ghost,Matcha,,9,0,0,0,2,4,7,5,0.0,2,508.0,0.0,Real,5.0861235,7.0306416
1014.0,Okidogi,88,128,115,58,86,80,555,1.0,1.0,1.0,1.0,0.5,1.0,0.5,0.5,2.0,2.0,4.0,0.25,0.5,1.0,1.0,0.5,1.0,1.0,511.0,1.8,203.3,92.2,3,10.0,15360,3,Guard Dog; Toxic Chain,Poison,Fighting,Retainer,,9,1,0,0,0,6,9,3,0.0,2,555.0,0.0,Real,4.8671093,9.72425
1015.0,Munkidori,88,75,66,130,90,106,555,1.0,1.0,1.0,1.0,0.5,1.0,0.25,0.5,2.0,1.0,1.0,1.0,1.0,2.0,1.0,2.0,1.0,0.5,303.0,1.0,26.9,12.2,3,10.0,15360,3,Frisk; Toxic Chain,Poison,Psychic,Retainer,,9,1,0,0,0,4,11,3,0.0,2,555.0,0.0,Real,5.040277,10.630918
1016.0,Fezandipiti,88,91,82,70,125,99,555,1.0,1.0,1.0,1.0,0.5,1.0,0.25,1.0,2.0,1.0,2.0,0.25,1.0,1.0,0.0,0.5,2.0,0.5,407.0,1.4,66.4,30.1,3,10.0,15360,3,Technician; Toxic Chain,Poison,Fairy,Retainer,,9,1,0,0,1,5,9,3,0.0,2,555.0,0.0,Real,5.3618937,7.505698
1017.0,Ogerpon,80,120,84,60,96,110,550,1.0,2.0,0.5,0.5,0.5,2.0,1.0,2.0,0.5,2.0,1.0,2.0,1.0,1.0,1.0,1.0,1.0,1.0,311.0,1.2,87.7,39.8,5,0.0,1280,5,Cornerstone Mask; Cornerstone Mask Abilities; Defiant; Hearthflame Mask Abilities; Mold Breaker; Sturdy; Teal Mask Abilities; Terastallised Abilities; Water Absorb; Wellspring Mask Abilities,Grass,None,Mask,Teal Mask; Wellspring Mask; Hearthflame Mask; Cornerstone Mask,9,1,0,0,0,4,9,5,1.0,10,550.0,0.0,Real,5.068641,8.994392
1018.0,Archaludon,90,105,130,125,65,85,600,0.5,1.0,0.5,0.5,0.25,1.0,2.0,0.0,2.0,0.5,0.5,0.5,0.5,1.0,1.0,1.0,0.5,1.0,607.0,2.0,132.3,60.0,10,5.0,3840,10,Stalwart; Stamina; Sturdy,Steel,Dragon,Alloy,,9,0,0,0,1,9,6,2,0.0,3,600.0,0.0,Real,4.140704,6.8946395
1019.0,Hydrapple,106,80,110,120,80,44,540,1.0,1.0,0.25,0.25,0.25,4.0,1.0,2.0,0.5,2.0,1.0,2.0,1.0,1.0,2.0,1.0,1.0,2.0,511.0,1.8,205.0,93.0,10,5.0,2560,10,Regenerator; Sticky Hold; Supersweet Syrup,Grass,Dragon,Apple Hydra,,9,0,0,0,0,4,8,6,0.0,3,540.0,0.0,Real,5.3879905,8.80925
1020.0,Gouging Fire,105,115,121,65,93,91,590,1.0,0.25,1.0,0.5,0.25,1.0,1.0,1.0,2.0,1.0,1.0,0.5,2.0,1.0,2.0,1.0,0.5,1.0,1106.0,3.5,1300.7,590.0,10,5.0,6400,10,Protosynthesis,Fire,Dragon,Paradox,,9,0,0,0,0,5,10,3,0.0,1,590.0,0.0,Real,2.5853064,8.820656
1021.0,Raging Bolt,125,73,91,137,89,75,590,1.0,0.5,0.5,0.25,0.5,2.0,1.0,1.0,2.0,0.5,1.0,1.0,1.0,1.0,2.0,1.0,0.5,2.0,1701.0,5.2,1058.2,480.0,10,5.0,6400,10,Protosynthesis,Electric,Dragon,Paradox,,9,0,0,0,0,6,8,4,0.0,1,590.0,0.0,Real,2.8247597,8.737605
1022.0,Iron Boulder,90,120,80,68,108,124,590,0.5,0.5,2.0,1.0,2.0,1.0,1.0,0.5,2.0,0.5,0.5,2.0,1.0,2.0,1.0,2.0,2.0,1.0,411.0,1.5,358.2,162.5,10,5.0,6400,10,Quark Drive,Rock,Psychic,Paradox,,9,0,0,0,0,5,6,7,0.0,1,590.0,0.0,Real,4.254704,8.288229
1023.0,Iron Crown,90,72,100,122,108,98,590,0.5,2.0,1.0,1.0,0.5,0.5,1.0,0.0,2.0,0.5,0.25,1.0,0.5,2.0,0.5,2.0,0.5,0.5,503.0,1.6,343.9,156.0,10,5.0,6400,10,Quark Drive,Steel,Psychic,Paradox,,9,0,0,0,1,9,4,4,0.0,1,590.0,0.0,Real,3.9700456,7.4209065
1024.0,Terapagos,90,65,85,65,85,60,450,1.0,1.0,1.0,1.0,1.0,1.0,2.0,1.0,1.0,1.0,1.0,1.0,1.0,0.0,1.0,1.0,1.0,1.0,8.0,0.2,14.3,6.5,255,5.0,5120,255,Stellar Form; Stellar Form Ability; Tera Shell; Tera Shift; Teraform Zero; Terastal Form Ability,Normal,None,Tera,Normal Form; Terastal Form; Stellar Form,9,1,0,0,1,0,16,1,1.0,6,450.0,0.0,Real,7.042731,4.302827
1025.0,Pecharunt,88,88,160,88,88,88,600,0.0,1.0,1.0,1.0,0.5,1.0,0.0,0.25,2.0,1.0,2.0,0.25,1.0,2.0,1.0,2.0,1.0,0.5,100.0,0.3,0.7,0.3,3,5.0,5120,3,Poison Puppeteer,Poison,Ghost,Subjugation,,9,0,1,0,2,4,8,4,0.0,1,600.0,0.0,Real,5.328788,7.02445
,Unknown,100,78,76,77,106,34,611,,,,,,,,,,,,,,,,,,,,3.312739558397795,,87.30422997750524,78,7.786490606052197,4547,95,,Psychic,Poison,,,3,0,0,0,0,3,12,1,,2,,,Synthetic,6.296821,10.436317
,Unknown,87,102,93,56,53,3,463,,,,,,,,,,,,,,,,,,,,2.548955191128575,,241.2230479043099,130,7.125431825391141,5293,46,,Water,Fairy,,,8,0,0,0,0,5,6,3,,3,,,Synthetic,6.278706,9.368438
,Unknown,19,59,37,52,135,28,423,,,,,,,,,,,,,,,,,,,,0.9426685435607016,,-31.25917924461983,234,7.153870146478624,3771,254,,Fire,None,,,6,0,0,0,0,4,15,4,,2,,,Synthetic,9.250616,10.191416
,Unknown,29,32,11,26,67,23,442,,,,,,,,,,,,,,,,,,,,1.248048733737079,,15.204657690860492,144,109.0947022063538,6146,88,,Fire,None,,,1,0,0,0,0,4,17,4,,3,,,Synthetic,8.86442,13.218681
,Unknown,155,53,43,145,84,63,643,,,,,,,,,,,,,,,,,,,,5.158863515704651,,121.40485650474211,41,7.635512581415941,8618,36,,Steel,None,,,4,1,0,0,1,2,12,2,,10,,,Synthetic,5.844277,6.0488477
,Unknown,104,59,45,87,110,19,388,,,,,,,,,,,,,,,,,,,,3.882909853184021,,139.85149910937434,54,17.863826879640687,3966,49,,Normal,None,,,5,0,0,0,0,5,6,5,,1,,,Synthetic,5.610812,8.943545
,Unknown,116,95,96,86,124,84,474,,,,,,,,,,,,,,,,,,,,0.5074040763958653,,23.384545444407635,55,5.599729917867564,4671,52,,Rock,None,,,7,0,1,0,0,9,12,2,,4,,,Synthetic,5.5643377,9.750027
,Unknown,70,102,110,160,105,62,487,,,,,,,,,,,,,,,,,,,,1.8164741299499896,,177.46151248370418,47,6.22171545516885,39050,30,,Flying,Flying,,,7,0,0,1,2,4,8,5,,7,,,Synthetic,4.690548,7.212468
,Unknown,133,135,201,125,119,107,587,,,,,,,,,,,,,,,,,,,,2.4873660085517946,,339.3884654013279,22,6.762937013339391,40111,15,,Fire,Fire,,,9,1,0,0,0,6,2,4,,1,,,Synthetic,3.0655093,8.157132
,Unknown,85,57,54,184,124,92,347,,,,,,,,,,,,,,,,,,,,3.0701139741648196,,33.84411365109641,-19,9.221549465596295,2752,88,,Fairy,Water,,,7,0,0,0,0,3,3,6,,1,,,Synthetic,4.667583,8.457541
,Unknown,89,61,40,38,47,7,404,,,,,,,,,,,,,,,,,,,,1.947938865825864,,14.94464233710408,51,6.050645296065918,4269,33,,Steel,None,,,9,0,0,0,1,5,2,3,,3,,,Synthetic,7.8858705,8.368937
,Unknown,129,136,141,165,118,70,386,,,,,,,,,,,,,,,,,,,,0.566553757106214,,29.45277574660622,-5,7.816120060255585,33315,-10,,Psychic,Psychic,,,7,0,1,0,0,8,8,4,,1,,,Synthetic,3.5034487,8.156712
,Unknown,96,38,57,57,59,20,479,,,,,,,,,,,,,,,,,,,,1.035151663326767,,-15.485049439907575,56,7.704544897110247,2592,224,,Flying,None,,,3,0,0,0,0,4,12,2,,3,,,Synthetic,7.477706,9.8522835
,Unknown,73,55,40,34,43,66,526,,,,,,,,,,,,,,,,,,,,0.7133391979935637,,39.19545204565956,55,7.43510088150771,5462,46,,Water,None,,,2,0,0,0,0,2,13,5,,3,,,Synthetic,7.4552402,9.499379
,Unknown,56,137,78,55,90,123,539,,,,,,,,,,,,,,,,,,,,5.252617894336867,,129.30684796945636,40,18.152762394842497,3470,53,,Water,Fairy,,,4,0,0,0,0,-1,5,5,,3,,,Synthetic,5.318615,8.219082
,Unknown,67,141,25,170,104,23,527,,,,,,,,,,,,,,,,,,,,4.267195682762588,,325.9408440623026,-1,6.577690044454341,33361,47,,Psychic,Water,,,9,0,1,0,0,2,5,6,,1,,,Synthetic,4.300394,8.703388
,Unknown,107,32,78,41,59,9,342,,,,,,,,,,,,,,,,,,,,1.215709520339554,,-19.87131698285784,182,7.64619014157366,5935,88,,Water,None,,,2,0,0,0,0,4,16,4,,3,,,Synthetic,9.782197,9.414573
,Unknown,141,7,52,42,114,66,382,,,,,,,,,,,,,,,,,,,,0.8618870916548212,,0.2054305356989054,208,31.371536877265243,3321,219,,Psychic,None,,,1,0,0,0,0,3,12,3,,3,,,Synthetic,8.774004,10.618671
,Unknown,139,128,154,127,94,29,518,,,,,,,,,,,,,,,,,,,,1.7141622727558783,,150.26769778910997,53,8.74544478753652,4749,83,,Electric,Fighting,,,9,0,0,0,0,8,10,4,,3,,,Synthetic,3.5656238,8.175977
,Unknown,109,37,67,29,83,58,536,,,,,,,,,,,,,,,,,,,,1.197438698030206,,-1.1371340083339465,36,8.270979299294437,4292,38,,Dragon,Grass,,,6,0,0,0,0,3,9,5,,2,,,Synthetic,6.594539,9.361792
,Unknown,82,89,92,69,87,10,455,,,,,,,,,,,,,,,,,,,,0.646950131475724,,47.61723323958214,47,61.80743828491994,37042,29,,Ground,None,,,2,0,0,0,0,6,2,2,,3,,,Synthetic,6.990779,12.364681
,Unknown,107,82,46,36,43,8,415,,,,,,,,,,,,,,,,,,,,0.7621257671059112,,2.4981584363220737,185,8.29097603687603,12230,264,,Normal,None,,,3,0,0,0,0,0,12,3,,3,,,Synthetic,8.928935,10.042705
,Unknown,109,151,137,69,118,70,622,,,,,,,,,,,,,,,,,,,,5.912853850165025,,78.08521766712977,20,7.454975160785354,31520,60,,Rock,None,,,7,0,0,0,0,7,8,3,,1,,,Synthetic,3.5590456,9.198271
,Unknown,73,99,83,94,78,22,483,,,,,,,,,,,,,,,,,,,,2.408542758931994,,84.24103026573937,44,7.728418380342307,6185,34,,Fighting,None,,,7,0,0,0,2,5,12,1,,3,,,Synthetic,7.055288,7.356299
,Unknown,66,109,130,36,83,158,488,,,,,,,,,,,,,,,,,,,,1.5566374672399423,,102.05152195950288,43,7.609186486619203,3746,105,,Normal,Ground,,,8,0,0,0,1,0,3,3,,1,,,Synthetic,5.8919516,7.386452
,Unknown,65,12,76,28,59,81,534,,,,,,,,,,,,,,,,,,,,1.2389622958373283,,113.19316347466732,55,4.930558759091291,2790,146,,Dragon,None,,,4,0,0,0,0,3,12,1,,3,,,Synthetic,7.5670896,10.036662
,Unknown,120,37,76,115,126,74,485,,,,,,,,,,,,,,,,,,,,1.4585883672351156,,83.74437943262316,-5,9.156498695742238,3185,49,,Electric,None,,,5,0,0,0,0,3,8,2,,10,,,Synthetic,5.4620194,9.181864
,Unknown,43,57,33,46,94,4,490,,,,,,,,,,,,,,,,,,,,1.044541331104615,,-7.456360793825008,53,102.05641272316288,4677,87,,Dragon,None,,,2,0,0,0,0,1,11,1,,3,,,Synthetic,8.2790365,13.700988
,Unknown,109,48,38,35,117,84,400,,,,,,,,,,,,,,,,,,,,0.5873772460779418,,-21.54696749682159,41,66.923327782763,1256,245,,Ice,None,,,9,0,1,0,0,2,11,4,,2,,,Synthetic,7.8523917,13.139924
,Unknown,123,165,125,78,90,18,490,,,,,,,,,,,,,,,,,,,,4.958297502010366,,23.698163629351413,41,84.77531290656509,24571,68,,Rock,Psychic,,,6,0,0,0,0,1,17,5,,1,,,Synthetic,7.1363277,13.121013
,Unknown,28,79,159,34,67,42,522,,,,,,,,,,,,,,,,,,,,0.4149201247203355,,-1.090059374449531,206,15.614999472920164,3186,189,,Normal,None,,,8,0,0,0,0,5,9,1,,4,,,Synthetic,7.684771,10.288173
,Unknown,114,90,135,65,121,24,407,,,,,,,,,,,,,,,,,,,,4.442162269854893,,114.63752856859296,34,10.4776083094125,5908,60,,Grass,None,,,5,0,0,0,0,1,12,0,,4,,,Synthetic,5.972794,10.261606
,Unknown,106,90,51,142,74,70,420,,,,,,,,,,,,,,,,,,,,0.2043410892566378,,52.42995508655461,0,8.340707028850794,12753,88,,Fighting,Flying,,,1,0,0,1,1,1,13,5,,1,,,Synthetic,6.3018823,7.769145
,Unknown,61,17,60,53,50,49,341,,,,,,,,,,,,,,,,,,,,0.5928421128021484,,-12.338378345662738,58,12.906877673629944,5674,108,,Poison,None,,,5,0,0,0,0,3,12,3,,3,,,Synthetic,8.588284,9.504823
,Unknown,174,89,73,120,166,87,468,,,,,,,,,,,,,,,,,,,,12.201365669883844,,112.88544367449688,69,7.3734094602027875,11579,16,,Steel,Fairy,,,2,1,0,0,1,6,8,3,,3,,,Synthetic,3.2525613,9.537133
,Unknown,33,101,40,89,35,-5,426,,,,,,,,,,,,,,,,,,,,0.2861313010796402,,16.645876048189717,209,2.8428882115800818,5355,74,,Electric,None,,,6,0,0,0,0,1,9,3,,3,,,Synthetic,8.985569,10.135214
,Unknown,187,27,39,47,77,21,504,,,,,,,,,,,,,,,,,,,,1.6541162394266673,,4.161760322713672,233,7.853992838975703,4710,56,,Electric,Fighting,,,3,0,0,0,0,4,1,5,,2,,,Synthetic,6.7432394,9.121539
,Unknown,137,109,98,122,121,55,579,,,,,,,,,,,,,,,,,,,,4.913901573166216,,88.54620299992355,12,8.739325317824745,28619,32,,Water,Flying,,,5,0,0,1,0,5,8,3,,1,,,Synthetic,3.6833408,9.091719
,Unknown,117,147,78,174,79,61,480,,,,,,,,,,,,,,,,,,,,1.5637784930755336,,142.49578005727756,-18,7.590146732688401,5001,-28,,Psychic,Poison,,,9,1,0,0,0,8,11,3,,1,,,Synthetic,3.5283248,8.278276
,Unknown,130,128,121,72,139,89,665,,,,,,,,,,,,,,,,,,,,1.1168897456514162,,73.42163244275466,17,3.280790492788596,7384,111,,Electric,Fighting,,,2,1,0,0,1,5,8,3,,1,,,Synthetic,5.068939,7.486439
,Unknown,89,79,79,35,92,8,444,,,,,,,,,,,,,,,,,,,,2.486780338677572,,-7.0330172461046185,266,-0.6801698823299649,4776,182,,Fighting,Ice,,,4,0,0,0,1,-1,12,5,,3,,,Synthetic,8.656181,10.1394005
,Unknown,114,66,47,65,131,43,456,,,,,,,,,,,,,,,,,,,,0.8352535628590234,,13.054030586576742,48,3.79260274893524,4869,69,,Psychic,Dragon,,,1,0,0,0,1,0,9,4,,3,,,Synthetic,6.22137,8.223828
,Unknown,124,112,147,152,88,116,479,,,,,,,,,,,,,,,,,,,,2.3855230118930866,,316.350124487522,0,8.35083876665023,40614,32,,Psychic,None,,,7,0,0,0,0,7,9,4,,1,,,Synthetic,3.1886222,8.092987
,Unknown,53,106,43,39,37,-2,377,,,,,,,,,,,,,,,,,,,,0.9285978019126968,,-9.287107021288156,38,107.07939824502849,27331,227,,Fighting,None,,,3,0,0,0,0,5,12,5,,4,,,Synthetic,7.731628,13.567012
,Unknown,51,49,43,36,62,71,480,,,,,,,,,,,,,,,,,,,,1.013530844279427,,369.4917927973582,290,13.359726200103813,5755,81,,Water,Bug,,,9,0,0,0,0,3,12,2,,3,,,Synthetic,10.206587,10.158753
,Unknown,65,92,115,15,52,39,312,,,,,,,,,,,,,,,,,,,,2.518430821334696,,19.51202122267469,43,8.723078704294458,5779,111,,Bug,Flying,,,1,0,0,0,1,3,11,3,,3,,,Synthetic,7.6967297,7.0526276
,Unknown,72,59,34,74,37,-1,320,,,,,,,,,,,,,,,,,,,,1.0004864521310763,,8.820889813689746,85,59.48543711453733,4540,119,,Grass,None,,,4,0,0,0,0,4,12,1,,3,,,Synthetic,8.376207,13.979751
,Unknown,116,126,91,165,91,71,711,,,,,,,,,,,,,,,,,,,,2.4156316846625616,,369.3256398523822,51,5.808309644073976,35749,-24,,Ground,Fairy,,,8,0,1,0,0,6,5,4,,1,,,Synthetic,3.1469672,8.609019
,Unknown,108,123,105,142,118,121,621,,,,,,,,,,,,,,,,,,,,4.439413551408144,,110.61257940896088,20,6.634493182934557,33516,23,,Dragon,Fighting,,,7,1,0,0,0,2,6,4,,1,,,Synthetic,3.7251475,8.753341
,Unknown,127,82,210,115,133,51,365,,,,,,,,,,,,,,,,,,,,1.7655196753289812,,289.70082685769273,2,7.6345441128128435,35809,9,,Dark,Flying,,,7,0,0,0,1,8,7,5,,1,,,Synthetic,3.2830405,7.7625585
,Unknown,115,57,126,75,91,6,528,,,,,,,,,,,,,,,,,,,,2.012236466411845,,32.73301011313081,-20,6.8288823174160855,5800,68,,Bug,None,,,9,0,0,0,0,2,12,1,,3,,,Synthetic,6.220802,10.226887
,Unknown,134,63,23,61,29,58,362,,,,,,,,,,,,,,,,,,,,0.0958146591636825,,4.328735806176622,52,-0.3554357480364176,4893,31,,Water,Flying,,,6,0,1,0,1,5,11,5,,3,,,Synthetic,7.32912,8.858249
,Unknown,39,20,73,97,95,29,311,,,,,,,,,,,,,,,,,,,,0.6356258737272203,,-22.257364200173605,210,100.75581728260396,6150,283,,Bug,None,,,3,0,0,0,0,3,9,1,,3,,,Synthetic,9.130097,13.113345
,Unknown,45,9,37,47,66,55,393,,,,,,,,,,,,,,,,,,,,0.597903567997252,,-26.455785618537547,41,10.468776082312502,5729,36,,Water,None,,,2,0,0,0,0,0,12,3,,3,,,Synthetic,8.579769,9.605135
,Unknown,138,95,108,92,123,42,498,,,,,,,,,,,,,,,,,,,,2.9172059920637836,,92.82862381686554,45,92.42411605667272,2583,56,,Rock,Steel,,,5,0,0,1,0,4,12,1,,3,,,Synthetic,6.8320246,13.521857
,Unknown,181,91,104,73,83,112,401,,,,,,,,,,,,,,,,,,,,0.2832739843226394,,42.15273956015413,37,8.338000599840182,3380,43,,Normal,Grass,,,8,0,0,0,0,5,9,3,,7,,,Synthetic,5.970094,9.748193
,Unknown,127,58,19,49,134,55,530,,,,,,,,,,,,,,,,,,,,5.22319169774579,,38.2700333398462,93,8.172457071567244,7910,93,,Ground,Poison,,,2,0,0,0,0,5,7,5,,3,,,Synthetic,5.7873964,9.033344
,Unknown,37,47,-2,58,78,15,429,,,,,,,,,,,,,,,,,,,,0.621749673918449,,-3.226345479693423,136,2.402030024509348,3579,58,,Dragon,None,,,9,0,0,0,0,5,9,1,,3,,,Synthetic,9.311435,9.884748
,Unknown,112,110,180,157,98,34,473,,,,,,,,,,,,,,,,,,,,1.8457658134666413,,15.736667133232476,74,5.600753155336965,12696,31,,Fire,Fighting,,,5,0,0,0,0,1,9,4,,8,,,Synthetic,4.74768,9.035442
,Unknown,111,78,36,108,121,11,405,,,,,,,,,,,,,,,,,,,,0.5025826347037614,,60.52769883098871,90,7.07488052069801,20371,214,,Fairy,None,,,8,0,1,0,0,2,11,3,,3,,,Synthetic,6.501381,9.995786
,Unknown,146,57,171,35,84,122,733,,,,,,,,,,,,,,,,,,,,5.921878985585895,,442.3468192676544,38,8.324962881983838,12858,58,,Steel,None,,,4,0,0,0,0,5,7,3,,1,,,Synthetic,3.1063433,9.043975
,Unknown,63,108,15,40,64,23,485,,,,,,,,,,,,,,,,,,,,0.8287721406925441,,52.44541070221729,299,66.14375783922797,2417,252,,Ground,None,,,8,0,0,0,0,3,9,3,,3,,,Synthetic,9.171795,12.327279
,Unknown,155,88,106,102,111,71,462,,,,,,,,,,,,,,,,,,,,3.980944493253334,,90.9433000416536,49,107.1501579461899,4880,45,,Grass,None,,,7,0,0,0,0,6,7,5,,1,,,Synthetic,6.410839,13.091191
,Unknown,74,77,14,102,100,69,443,,,,,,,,,,,,,,,,,,,,1.3137557995890774,,19.317731892771832,33,8.700300024140848,9402,-5,,Flying,Dragon,,,6,0,0,0,0,5,7,5,,3,,,Synthetic,6.3913527,8.986916
,Unknown,58,107,86,11,30,44,363,,,,,,,,,,,,,,,,,,,,1.097724358267068,,24.771142883161055,277,101.37001881861144,5462,94,,Ground,None,,,3,0,0,0,0,4,12,1,,3,,,Synthetic,9.080429,12.777455
,Unknown,16,58,25,114,86,44,465,,,,,,,,,,,,,,,,,,,,0.603717413623537,,9.487841525244097,40,7.8232984425698575,5314,98,,Water,None,,,3,0,0,0,0,-1,10,2,,2,,,Synthetic,7.445506,10.434044
,Unknown,33,83,81,82,108,36,345,,,,,,,,,,,,,,,,,,,,1.2272708066776736,,-21.38608761372948,192,101.59476434951344,5406,204,,Electric,Fairy,,,9,0,0,0,0,6,12,4,,3,,,Synthetic,8.560953,13.193672
,Unknown,57,71,107,88,114,102,615,,,,,,,,,,,,,,,,,,,,3.611835146337305,,105.77201928695617,54,7.605702526337559,5358,32,,Psychic,Ghost,,,4,1,0,0,2,2,5,5,,3,,,Synthetic,5.38844,7.2497168
,Unknown,107,37,102,72,39,70,350,,,,,,,,,,,,,,,,,,,,0.6696690053028589,,145.0290110403727,268,64.05545819971172,6237,28,,Dragon,None,,,8,0,0,0,0,6,11,3,,3,,,Synthetic,8.85387,12.861414
,Unknown,78,95,31,47,123,10,268,,,,,,,,,,,,,,,,,,,,0.8776284210707967,,7.327140362092535,67,103.82600497342888,3214,50,,Electric,Grass,,,9,0,0,0,0,3,10,4,,3,,,Synthetic,8.051333,13.276315
,Unknown,110,122,162,148,64,100,390,,,,,,,,,,,,,,,,,,,,5.199751066310295,,446.8475105485473,-35,8.527449482087825,39316,45,,Bug,Ground,,,5,0,0,0,1,6,0,4,,1,,,Synthetic,3.394563,7.602332
,Unknown,129,82,56,39,81,48,361,,,,,,,,,,,,,,,,,,,,0.4843506258278695,,-9.044950873588528,59,8.344722742424148,4511,197,,Normal,Water,,,8,0,0,0,1,3,10,1,,3,,,Synthetic,7.16053,7.9455633
,Unknown,81,81,138,15,97,11,428,,,,,,,,,,,,,,,,,,,,0.7319862703173312,,548.3913620324455,47,6.144188796969004,4410,61,,Steel,None,,,1,0,0,0,1,2,9,6,,3,,,Synthetic,4.582396,9.335784
,Unknown,98,111,35,55,52,24,441,,,,,,,,,,,,,,,,,,,,0.7090460193165677,,127.98529759487346,76,7.671252891616875,6026,207,,Water,None,,,8,0,0,0,0,2,11,5,,2,,,Synthetic,7.383651,9.317742
,Unknown,73,48,22,34,44,-4,362,,,,,,,,,,,,,,,,,,,,1.0595752476555529,,-11.857723569785614,173,66.98772382828207,1882,235,,Normal,None,,,3,0,0,0,0,4,8,3,,2,,,Synthetic,9.261867,12.864008
,Unknown,42,33,44,22,80,47,424,,,,,,,,,,,,,,,,,,,,1.1057663893508178,,-6.964209363596295,113,8.198751582745144,3162,46,,Ice,Fire,,,3,0,0,0,0,5,13,1,,3,,,Synthetic,8.963554,9.925901
,Unknown,49,26,18,55,72,28,400,,,,,,,,,,,,,,,,,,,,0.7306088534863571,,-28.912714799554067,73,89.42223758570303,1613,216,,Normal,Bug,,,1,0,0,0,0,2,12,3,,3,,,Synthetic,8.364888,13.5884905
,Unknown,66,60,79,12,70,88,391,,,,,,,,,,,,,,,,,,,,0.6925524447287261,,20.867006027166862,104,12.373150476968224,4652,135,,Bug,None,,,5,0,0,0,1,4,10,3,,3,,,Synthetic,7.7531805,7.077243
,Unknown,48,94,151,174,117,77,675,,,,,,,,,,,,,,,,,,,,2.4947428242199132,,662.3750050705374,-37,8.130081043048438,36207,19,,Electric,Grass,,,3,1,0,0,0,8,9,2,,1,,,Synthetic,2.5903687,8.655361
,Unknown,52,126,127,128,90,43,394,,,,,,,,,,,,,,,,,,,,0.5571041747690771,,9.983589941135255,98,6.4213165327872215,5233,39,,Rock,Flying,,,9,1,0,0,0,5,12,6,,8,,,Synthetic,6.1234965,9.133148
,Unknown,49,107,18,59,85,46,455,,,,,,,,,,,,,,,,,,,,0.7903594768616822,,-39.59046917767856,58,106.10127142898928,3286,104,,Bug,None,,,2,0,0,0,0,4,7,3,,3,,,Synthetic,7.6089478,13.864063
,Unknown,109,64,60,93,62,10,424,,,,,,,,,,,,,,,,,,,,3.9081393598910927,,35.56800922893798,46,89.6815603310181,5957,181,,Dragon,Fairy,,,4,0,0,0,1,2,9,3,,2,,,Synthetic,7.3241634,13.05898
,Unknown,124,99,130,106,109,54,501,,,,,,,,,,,,,,,,,,,,2.0496245835162745,,-25.146601827614944,24,8.306641511819699,13650,28,,Bug,Psychic,,,5,0,0,0,0,4,13,3,,1,,,Synthetic,5.279715,10.189195
,Unknown,25,24,47,41,63,19,334,,,,,,,,,,,,,,,,,,,,0.6353161016348542,,6.503670391336145,258,80.22268397900073,4207,67,,Normal,Flying,,,1,0,0,0,0,3,12,3,,3,,,Synthetic,9.342467,13.080431
,Unknown,54,42,26,111,85,56,401,,,,,,,,,,,,,,,,,,,,0.837463216807405,,12.23144512702012,63,6.954411841173591,3520,44,,Fire,None,,,2,0,0,0,0,4,7,1,,2,,,Synthetic,7.3361707,10.129186
,Unknown,71,90,142,79,78,36,535,,,,,,,,,,,,,,,,,,,,0.8818030945573717,,40.82515098813572,123,4.661771155948498,2786,36,,Grass,Dragon,,,3,0,0,0,0,-1,6,1,,3,,,Synthetic,5.7250676,9.498986
,Unknown,42,36,26,26,94,69,275,,,,,,,,,,,,,,,,,,,,0.6593238745711758,,6.37196464262051,44,7.844875222464776,5929,142,,Water,None,,,9,0,0,0,1,2,12,3,,3,,,Synthetic,8.24897,7.4908166
,Unknown,137,83,132,156,55,34,525,,,,,,,,,,,,,,,,,,,,3.3138578074064062,,50.14157031401248,52,91.20983003370122,1845,40,,Dragon,None,,,5,0,0,0,1,2,10,8,,3,,,Synthetic,6.462956,12.69962
,Unknown,108,160,62,46,131,34,476,,,,,,,,,,,,,,,,,,,,4.532344024468758,,-30.717706138323297,33,6.879878951134832,24613,52,,Rock,Flying,,,6,0,0,1,0,2,9,5,,3,,,Synthetic,5.152488,9.453611
,Unknown,84,161,90,116,120,75,471,,,,,,,,,,,,,,,,,,,,1.6239948175848826,,55.98100423673908,45,5.778811261888764,22966,-19,,Psychic,Steel,,,7,0,0,1,2,4,8,3,,1,,,Synthetic,4.981759,6.8424125
,Unknown,103,51,163,135,97,105,435,,,,,,,,,,,,,,,,,,,,1.0414212395756737,,143.06342018963318,10,9.221428299349483,36025,-20,,Bug,None,,,7,0,0,0,2,5,3,5,,1,,,Synthetic,4.4829435,7.210565
,Unknown,124,88,131,80,111,104,545,,,,,,,,,,,,,,,,,,,,2.4472451894909075,,270.07955858434053,60,8.523421135066936,5534,48,,Fire,None,,,7,0,0,0,0,6,12,3,,3,,,Synthetic,4.140441,9.609432
,Unknown,127,60,108,99,101,111,495,,,,,,,,,,,,,,,,,,,,4.802728906635304,,26.897654363061815,252,17.492752869940016,5002,68,,Ice,None,,,4,0,0,0,0,4,13,6,,3,,,Synthetic,6.7692876,9.470814
,Unknown,77,67,52,143,126,57,481,,,,,,,,,,,,,,,,,,,,0.4870889611749898,,53.23078215211148,59,5.804877509639607,3294,50,,Water,None,,,3,0,0,0,0,9,10,4,,3,,,Synthetic,5.388252,9.018411
,Unknown,67,60,146,79,64,88,473,,,,,,,,,,,,,,,,,,,,1.2253553199062814,,5.777943932547593,52,109.19603473329956,2076,63,,Psychic,None,,,5,0,0,0,2,2,13,4,,3,,,Synthetic,6.8177223,12.887514
,Unknown,146,72,156,153,113,41,573,,,,,,,,,,,,,,,,,,,,2.7624657540738724,,96.57127678597544,30,5.386574586662943,5223,35,,Fairy,Grass,,,4,0,0,0,0,5,5,2,,9,,,Synthetic,3.6823268,8.7324095
,Unknown,152,114,81,69,46,59,433,,,,,,,,,,,,,,,,,,,,0.9956920557102484,,198.22426305822307,-6,5.418768738387409,31675,16,,Normal,Dragon,,,7,0,1,0,1,-1,2,4,,1,,,Synthetic,5.793482,9.140117
,Unknown,139,29,69,78,75,34,460,,,,,,,,,,,,,,,,,,,,0.219656175020239,,0.9122891942518496,54,5.988519815344828,5139,254,,Poison,Fire,,,8,0,1,0,0,5,4,3,,4,,,Synthetic,6.699627,9.353376
,Unknown,69,63,26,74,85,21,446,,,,,,,,,,,,,,,,,,,,0.5974712432617277,,1.3325168411946713,88,4.5503635000546145,4168,103,,Fire,Flying,,,2,0,0,0,0,3,15,1,,3,,,Synthetic,7.3185883,10.403434
,Unknown,54,26,26,62,51,23,184,,,,,,,,,,,,,,,,,,,,0.4151042607104435,,-14.16331491559225,22,5.158043075696067,4510,182,,Fire,Flying,,,6,0,0,0,0,3,12,3,,3,,,Synthetic,9.011451,9.281393
,Unknown,61,88,42,158,75,75,469,,,,,,,,,,,,,,,,,,,,0.5775420214878908,,5.129339907934435,213,7.503840761603956,6685,52,,Ghost,Ground,,,3,0,0,0,0,4,7,2,,3,,,Synthetic,7.7945566,9.631659
,Unknown,55,49,134,79,103,71,486,,,,,,,,,,,,,,,,,,,,0.5830793266651134,,-10.237198693044634,279,15.076482252492031,4731,49,,Poison,Steel,,,5,0,0,0,0,6,12,3,,2,,,Synthetic,7.876008,10.3221655
,Unknown,92,43,104,97,133,16,368,,,,,,,,,,,,,,,,,,,,1.7435459593181597,,35.02011951577725,61,14.607554625503536,4835,98,,Ghost,Fairy,,,2,0,0,0,0,4,7,2,,3,,,Synthetic,6.634192,9.77937
,Unknown,89,108,138,157,63,105,468,,,,,,,,,,,,,,,,,,,,1.0465092232430715,,135.74320125042533,35,6.978213974139457,36187,-16,,Dragon,Psychic,,,7,0,0,1,1,8,5,5,,1,,,Synthetic,3.8747647,7.6037545
,Unknown,94,71,77,60,123,113,542,,,,,,,,,,,,,,,,,,,,1.5162796993399543,,404.99826898408025,45,105.73623000111304,3566,51,,Normal,None,,,3,0,0,0,0,6,11,5,,3,,,Synthetic,6.277232,13.208288
,Unknown,115,47,75,122,111,63,497,,,,,,,,,,,,,,,,,,,,2.3436932504538133,,4.8229828230479175,281,57.07159833017465,4602,36,,Rock,Psychic,,,6,0,0,0,0,2,9,3,,3,,,Synthetic,8.221859,10.364618
,Unknown,169,103,49,73,122,87,443,,,,,,,,,,,,,,,,,,,,1.5961526677385955,,279.8968996368482,24,8.069850794800486,34948,8,,Dragon,Grass,,,7,1,1,0,0,4,2,4,,1,,,Synthetic,5.246072,9.025683
,Unknown,45,14,31,57,56,22,264,,,,,,,,,,,,,,,,,,,,0.6317344559052908,,-1.954060746757074,271,5.776609237627186,4864,197,,Bug,None,,,5,0,0,0,1,4,10,3,,3,,,Synthetic,9.243779,7.2284613
,Unknown,84,59,152,91,130,51,510,,,,,,,,,,,,,,,,,,,,1.1234832718643362,,305.87397510367504,253,3.744798931957212,5036,35,,Fighting,None,,,6,0,0,0,0,6,12,4,,3,,,Synthetic,5.820102,9.599938
,Unknown,91,51,50,66,83,78,406,,,,,,,,,,,,,,,,,,,,2.1907251344728498,,1.8914825190528075,65,7.351305090311369,2211,80,,Normal,None,,,2,0,0,0,0,5,13,4,,4,,,Synthetic,6.6782236,9.674087
,Unknown,86,32,54,28,68,46,394,,,,,,,,,,,,,,,,,,,,1.19412308813374,,38.54048683482137,254,5.960322965379552,4086,37,,Grass,None,,,5,0,0,0,0,5,9,3,,2,,,Synthetic,9.602581,10.07014
,Unknown,119,107,121,155,115,95,435,,,,,,,,,,,,,,,,,,,,1.4406544100297352,,100.57689254524055,17,111.23932198337027,5239,20,,Poison,Flying,,,8,0,0,0,0,3,12,5,,3,,,Synthetic,6.5169487,13.161633
,Unknown,64,12,55,62,43,46,271,,,,,,,,,,,,,,,,,,,,0.5214379667762575,,-11.157788073185282,196,7.527914944377541,2949,218,,Water,None,,,2,0,0,0,0,4,9,2,,3,,,Synthetic,10.31464,9.739659
,Unknown,121,18,79,136,93,44,497,,,,,,,,,,,,,,,,,,,,1.3250218108816505,,-11.784689468073362,97,106.25400043553508,5366,40,,Bug,None,,,7,0,0,0,1,5,9,6,,3,,,Synthetic,6.44933,12.74959
,Unknown,143,110,53,116,94,82,457,,,,,,,,,,,,,,,,,,,,1.9339418745810024,,12.422777524025516,50,20.95913703346824,5448,99,,Normal,None,,,5,0,0,0,1,7,5,3,,3,,,Synthetic,4.8696065,7.737923
,Unknown,82,75,45,104,120,58,456,,,,,,,,,,,,,,,,,,,,2.47362108842228,,28.901142568673137,56,7.11104161083901,35170,87,,Psychic,None,,,7,0,0,0,0,5,10,3,,3,,,Synthetic,6.115441,9.563996
,Unknown,52,10,47,49,88,45,271,,,,,,,,,,,,,,,,,,,,0.8883041355930967,,5.651127441468812,246,8.155342195642717,4690,58,,Grass,None,,,2,0,0,0,0,3,12,3,,3,,,Synthetic,9.796253,9.750133
,Unknown,74,57,38,25,99,37,471,,,,,,,,,,,,,,,,,,,,2.219090164638499,,14.332758441984652,45,7.548256230528278,2470,71,,Ghost,Fairy,,,2,0,0,0,0,5,9,1,,2,,,Synthetic,7.2946086,9.901156
,Unknown,69,29,53,36,62,33,413,,,,,,,,,,,,,,,,,,,,0.7458087354076102,,4.910022548296153,202,7.034640980431693,5400,115,,Normal,None,,,1,0,0,0,0,5,13,5,,3,,,Synthetic,9.63846,9.347477
,Unknown,133,34,53,167,90,49,562,,,,,,,,,,,,,,,,,,,,2.0547195212231144,,125.68576451235484,21,9.171872452897366,33053,-13,,Psychic,Dragon,,,8,1,1,0,0,6,2,5,,1,,,Synthetic,4.6008053,8.5084915
,Unknown,103,68,69,44,103,23,463,,,,,,,,,,,,,,,,,,,,1.9649072187807493,,25.8855975244361,59,100.50462756234752,5063,95,,Steel,Flying,,,5,0,0,0,0,0,13,4,,3,,,Synthetic,7.83032,13.095831
,Unknown,81,95,138,109,102,55,452,,,,,,,,,,,,,,,,,,,,0.6811562157352249,,168.74462320656886,18,7.458239758477978,32445,1,,Dark,Ground,,,5,0,1,0,0,3,10,3,,3,,,Synthetic,5.1109986,9.774301
,Unknown,36,24,27,76,93,12,217,,,,,,,,,,,,,,,,,,,,1.0226288841739173,,18.71515395850374,39,32.55902397462565,5706,213,,Water,None,,,6,0,0,0,0,3,9,1,,3,,,Synthetic,8.890004,9.577734
,Unknown,105,58,166,77,78,4,500,,,,,,,,,,,,,,,,,,,,0.9069395851943884,,17.231705617529304,106,8.480217041486958,7082,30,,Bug,Ground,,,8,0,0,0,0,2,9,3,,3,,,Synthetic,5.774713,9.663506
,Unknown,106,144,153,115,115,54,562,,,,,,,,,,,,,,,,,,,,4.068059326590565,,111.1815092891512,-8,95.58194634167708,5238,-38,,Normal,Fire,,,6,0,0,0,0,6,3,4,,1,,,Synthetic,6.4294496,13.105194
,Unknown,65,77,118,152,108,61,461,,,,,,,,,,,,,,,,,,,,1.6751442888595995,,60.469337561212534,90,3.0257177415668868,5428,48,,Rock,Rock,,,8,0,0,0,0,3,10,2,,3,,,Synthetic,5.968199,10.124384
,Unknown,60,19,54,107,49,1,368,,,,,,,,,,,,,,,,,,,,0.5685656629542707,,-17.916847511176186,272,7.219322458977638,8285,122,,Water,None,,,5,0,0,0,0,4,12,2,,3,,,Synthetic,9.909716,10.119368
,Unknown,76,52,42,27,62,45,434,,,,,,,,,,,,,,,,,,,,1.1079688374987076,,36.42777866792553,233,3.775524050610473,5498,179,,Ground,Ghost,,,4,0,0,0,0,4,11,2,,4,,,Synthetic,9.702844,10.369436
,Unknown,55,63,82,80,126,57,475,,,,,,,,,,,,,,,,,,,,1.000235496855975,,135.3667896142362,45,7.408576240598004,5832,42,,Water,Grass,,,1,0,0,0,0,5,11,4,,3,,,Synthetic,6.0527616,9.608697
,Unknown,68,28,33,26,60,38,422,,,,,,,,,,,,,,,,,,,,0.3489651062417142,,-26.330703548468705,200,4.097378856465229,4880,212,,Water,None,,,4,0,0,0,0,3,9,1,,3,,,Synthetic,9.706632,10.474442
,Unknown,44,35,32,133,90,64,306,,,,,,,,,,,,,,,,,,,,0.126953291115664,,2.865521704300688,59,94.12121422678833,4520,202,,Grass,Water,,,1,0,0,0,0,2,9,3,,4,,,Synthetic,7.770286,13.953613
,Unknown,105,42,54,158,134,69,397,,,,,,,,,,,,,,,,,,,,1.060263142950784,,14.25054294573536,101,42.34150698045427,4801,136,,Normal,None,,,1,0,0,0,2,3,8,6,,3,,,Synthetic,5.8048244,8.1052885
,Unknown,54,87,53,74,32,3,239,,,,,,,,,,,,,,,,,,,,0.979331255215923,,7.207413149111522,112,7.703605715135526,5240,59,,Normal,Poison,,,2,0,0,0,0,2,12,1,,2,,,Synthetic,8.958352,9.591707
,Unknown,93,74,110,138,111,81,551,,,,,,,,,,,,,,,,,,,,2.8117667753545503,,157.52251503056326,57,69.13378181676384,40894,54,,Fighting,None,,,9,0,0,1,0,3,3,3,,2,,,Synthetic,6.154251,13.152604
,Unknown,58,9,82,49,139,19,277,,,,,,,,,,,,,,,,,,,,0.9888684008148788,,3.2751575187946074,93,106.63843284984448,5495,247,,Water,None,,,5,0,0,0,0,3,13,3,,3,,,Synthetic,8.225115,13.313122
,Unknown,121,124,156,157,103,38,404,,,,,,,,,,,,,,,,,,,,1.554326380536751,,123.489512888216,-14,5.463935717987696,11574,-17,,Fairy,Dragon,,,7,0,1,0,2,5,6,4,,1,,,Synthetic,4.3424573,7.455628
,Unknown,114,27,129,53,64,108,401,,,,,,,,,,,,,,,,,,,,2.733146833821256,,49.84055588408165,55,91.30375535561082,4533,57,,Dragon,Grass,,,8,0,0,0,2,4,4,5,,3,,,Synthetic,6.5805707,12.626169
,Unknown,156,101,89,125,135,104,385,,,,,,,,,,,,,,,,,,,,0.841775265253383,,152.3358778558954,25,7.802258297071377,23962,-27,,Ice,Dragon,,,8,0,0,0,0,3,6,4,,1,,,Synthetic,5.1370916,8.892204
,Unknown,92,141,127,159,124,75,522,,,,,,,,,,,,,,,,,,,,1.5884883118730737,,37.15951270561321,-22,5.97465920065585,7538,204,,Steel,Fighting,,,7,0,0,1,0,6,3,5,,1,,,Synthetic,3.6608267,8.39025
,Unknown,27,2,59,68,121,9,393,,,,,,,,,,,,,,,,,,,,1.0495473896790577,,-6.26684496303635,125,6.951496673154839,9407,46,,Grass,Water,,,1,0,0,0,0,5,12,1,,2,,,Synthetic,9.24871,10.000304
,Unknown,151,123,44,149,119,38,524,,,,,,,,,,,,,,,,,,,,1.433351702777124,,349.10740292488305,42,7.371430890044488,4113,54,,Water,None,,,9,0,0,0,1,6,1,6,,3,,,Synthetic,4.398767,8.225618
,Unknown,108,136,107,80,89,140,420,,,,,,,,,,,,,,,,,,,,3.6533395495392895,,915.590707126807,51,8.837401642278707,35786,37,,Steel,Poison,,,7,0,0,1,1,7,6,3,,1,,,Synthetic,2.387152,8.550624
,Unknown,75,129,163,138,126,168,554,,,,,,,,,,,,,,,,,,,,1.4420746760018242,,730.3685081054427,44,8.55709501522444,9183,42,,Water,None,,,7,0,0,0,0,8,3,6,,1,,,Synthetic,2.6379602,8.408342
,Unknown,90,83,98,57,35,2,351,,,,,,,,,,,,,,,,,,,,0.8270441358788915,,45.828874298984786,103,86.8675555255738,5467,25,,Rock,Normal,,,3,0,0,0,0,4,6,5,,2,,,Synthetic,7.6025605,13.508047
,Unknown,42,2,22,84,112,21,558,,,,,,,,,,,,,,,,,,,,1.044271465707753,,22.51741073564856,286,7.874026902652288,3756,165,,Poison,None,,,7,0,0,0,0,4,12,5,,3,,,Synthetic,9.267816,10.0758
,Unknown,62,35,135,57,107,90,617,,,,,,,,,,,,,,,,,,,,1.4500740565867587,,90.81364282500334,26,6.037271069107046,2589,92,,Dragon,Psychic,,,3,0,0,0,1,5,7,1,,3,,,Synthetic,5.285068,7.7569265
,Unknown,121,81,57,139,124,106,442,,,,,,,,,,,,,,,,,,,,1.7591017040229606,,239.19073283078097,-2,14.76771700010605,12878,46,,Electric,Fairy,,,6,0,0,0,1,3,6,6,,3,,,Synthetic,4.6229067,8.177596
,Unknown,165,56,30,71,118,100,453,,,,,,,,,,,,,,,,,,,,0.7283757952391365,,29.33754166958017,56,9.271238824618957,5974,51,,Electric,Fairy,,,9,0,1,0,0,5,6,4,,1,,,Synthetic,5.7083483,9.176353
,Unknown,124,126,89,84,126,101,429,,,,,,,,,,,,,,,,,,,,1.8380475471665985,,115.38651129810904,-5,59.05101616048913,41165,37,,Rock,None,,,7,0,0,0,0,6,9,3,,3,,,Synthetic,6.3507657,13.244891
,Unknown,143,110,27,87,105,11,495,,,,,,,,,,,,,,,,,,,,0.393855358331592,,-11.524640785847328,77,86.70564242004303,2603,99,,Grass,None,,,5,0,0,0,0,4,5,3,,3,,,Synthetic,6.9338384,12.250597
,Unknown,171,71,143,60,100,3,354,,,,,,,,,,,,,,,,,,,,0.6731068443103715,,23.522519720878897,37,5.079736557830564,3428,-15,,Water,None,,,1,0,0,0,1,6,13,5,,3,,,Synthetic,6.077945,8.509702
,Unknown,105,88,96,83,116,27,432,,,,,,,,,,,,,,,,,,,,1.7990191598065517,,132.80483924751633,38,7.691790283328215,4553,271,,Psychic,Dark,,,7,0,0,0,0,3,8,5,,2,,,Synthetic,5.704611,8.948278
,Unknown,71,84,79,95,105,76,680,,,,,,,,,,,,,,,,,,,,4.858044290307499,,178.1004020190554,269,8.26554375849241,39709,-11,,Fighting,Rock,,,8,0,0,0,0,5,8,0,,2,,,Synthetic,6.3760505,10.448289
,Unknown,76,44,58,56,114,104,486,,,,,,,,,,,,,,,,,,,,0.4619001037295056,,1114.5846958747509,28,8.429641905517796,5869,-6,,Psychic,None,,,8,0,0,0,0,3,10,5,,3,,,Synthetic,2.330638,8.706589
,Unknown,65,116,20,4,63,4,499,,,,,,,,,,,,,,,,,,,,2.609122313049334,,29.698172138664923,61,90.917886571936,4774,65,,Electric,None,,,4,0,0,0,1,-2,9,2,,3,,,Synthetic,8.024779,13.008908
,Unknown,53,77,56,25,25,39,453,,,,,,,,,,,,,,,,,,,,1.1734989592749685,,-4.593617396456379,308,82.01780163274006,3560,166,,Poison,None,,,5,0,0,0,0,2,12,1,,3,,,Synthetic,9.220272,12.719727
,Unknown,85,111,64,72,94,-3,500,,,,,,,,,,,,,,,,,,,,0.4195246535340764,,159.21574920955652,75,85.17615534342048,5199,86,,Ghost,Fighting,,,1,0,0,0,0,5,11,3,,3,,,Synthetic,7.1454053,13.031026
,Unknown,57,46,46,46,76,28,356,,,,,,,,,,,,,,,,,,,,1.9769045925413828,,-4.933642458302971,62,7.649259495077102,4999,112,,Grass,Fire,,,9,0,0,0,0,3,12,3,,2,,,Synthetic,8.46317,9.612027
,Unknown,55,49,42,97,123,47,639,,,,,,,,,,,,,,,,,,,,1.81984617678975,,9.328723496068136,184,10.547536248343595,3478,53,,Rock,Poison,,,6,0,0,0,0,3,12,4,,3,,,Synthetic,8.999536,10.183632
,Unknown,74,84,51,68,59,77,449,,,,,,,,,,,,,,,,,,,,0.2968685131138402,,9.583386656027418,89,5.5674778748053875,2718,54,,Poison,None,,,4,0,0,0,0,3,2,3,,3,,,Synthetic,7.0184736,9.492299
,Unknown,128,118,174,181,116,47,427,,,,,,,,,,,,,,,,,,,,1.3434552033363796,,177.32345449784768,21,8.139771758679371,37984,44,,Water,Grass,,,7,0,0,0,0,9,6,4,,2,,,Synthetic,3.4559333,8.015019
,Unknown,108,99,171,126,76,139,503,,,,,,,,,,,,,,,,,,,,1.9668797375874705,,164.8306096108079,5,7.68692238629385,33914,36,,Fairy,Rock,,,7,1,1,0,0,6,7,3,,1,,,Synthetic,3.5832603,8.093989
,Unknown,60,70,33,26,139,-7,272,,,,,,,,,,,,,,,,,,,,0.9882198575886753,,1.0145356622519586,251,95.77914634331168,5762,179,,Normal,None,,,2,0,0,0,0,2,12,1,,3,,,Synthetic,9.047276,12.361162
,Unknown,106,70,124,172,110,33,612,,,,,,,,,,,,,,,,,,,,4.360513216070366,,151.44741971680045,44,7.058470677283092,35734,26,,Fighting,None,,,6,0,0,0,0,4,12,5,,1,,,Synthetic,3.9976268,9.138885
,Unknown,45,49,21,59,43,-13,370,,,,,,,,,,,,,,,,,,,,1.117055467934258,,-23.518494772964495,245,6.067392366392886,4147,164,,Water,None,,,4,0,0,0,0,0,12,3,,3,,,Synthetic,9.755401,10.269441
,Unknown,54,22,36,51,67,5,168,,,,,,,,,,,,,,,,,,,,0.2323035866655329,,-9.78054081354445,88,7.126918408905086,4860,86,,Water,Flying,,,1,0,0,0,0,0,5,1,,3,,,Synthetic,8.8819475,9.611926
,Unknown,79,95,83,40,41,4,310,,,,,,,,,,,,,,,,,,,,0.7476881268384887,,26.890700934179364,98,89.59056998742686,5775,194,,Normal,Flying,,,3,0,0,0,2,0,11,3,,3,,,Synthetic,8.239284,13.071209
,Unknown,68,53,47,47,36,9,224,,,,,,,,,,,,,,,,,,,,1.041579414435276,,-20.56326360297581,242,108.7882798267166,2977,76,,Normal,None,,,2,0,0,0,1,3,10,3,,4,,,Synthetic,9.098185,12.999446
,Unknown,34,49,30,73,71,47,505,,,,,,,,,,,,,,,,,,,,0.7064997027534161,,-9.343771492944027,189,8.339537573582364,6035,95,,Ground,None,,,7,0,0,0,0,3,12,3,,3,,,Synthetic,9.43563,10.155511
,Unknown,67,117,93,81,131,47,596,,,,,,,,,,,,,,,,,,,,0.826670766617251,,151.02736223413578,50,7.890776844217331,2553,-1,,Steel,Fairy,,,9,0,0,0,0,3,9,5,,2,,,Synthetic,5.2590303,9.424271
,Unknown,52,93,37,48,87,38,389,,,,,,,,,,,,,,,,,,,,1.9247752363994604,,-6.784218303802506,265,8.505734595641442,6162,149,,Water,None,,,5,0,0,0,0,4,9,5,,3,,,Synthetic,8.753013,8.978512
,Unknown,79,60,101,57,57,59,330,,,,,,,,,,,,,,,,,,,,0.2626554677555913,,3.1369252642069387,114,7.780331800378779,2606,76,,Water,Ground,,,3,0,0,0,0,4,12,4,,3,,,Synthetic,8.121644,9.529046
,Unknown,110,122,128,144,91,101,553,,,,,,,,,,,,,,,,,,,,1.3343943658977722,,81.39317648735414,6,6.210643961147078,13531,14,,Psychic,Fire,,,4,0,0,0,0,3,9,4,,1,,,Synthetic,3.939326,8.664366
,Unknown,125,119,99,138,112,53,600,,,,,,,,,,,,,,,,,,,,1.955348284469432,,1207.9729346652582,37,8.002213326563592,41150,47,,Psychic,Dragon,,,2,1,0,0,2,6,5,5,,1,,,Synthetic,2.277918,8.560711
,Unknown,59,-2,66,72,45,56,271,,,,,,,,,,,,,,,,,,,,0.4031870016157127,,-21.692188226210483,31,6.832498498211137,4881,74,,Normal,None,,,1,0,0,0,0,0,9,3,,3,,,Synthetic,8.77457,9.470829
,Unknown,108,128,118,125,119,101,454,,,,,,,,,,,,,,,,,,,,3.757729048868823,,32.68295821104206,11,8.240134162889591,33372,-2,,Psychic,Steel,,,9,0,0,1,2,7,7,6,,1,,,Synthetic,4.2052307,7.58522
,Unknown,91,68,114,35,139,110,549,,,,,,,,,,,,,,,,,,,,2.217234595114135,,257.77370197617734,58,8.33745937146282,5104,74,,Grass,None,,,5,0,0,0,1,4,12,3,,3,,,Synthetic,5.34463,7.9184985
,Unknown,107,113,65,47,92,71,515,,,,,,,,,,,,,,,,,,,,1.8516377822949088,,36.29422663648944,112,8.218782200936037,7717,73,,Electric,Ice,,,9,0,0,0,1,5,7,1,,3,,,Synthetic,5.572921,7.8420568
,Unknown,69,20,50,21,82,-11,307,,,,,,,,,,,,,,,,,,,,1.0085941932468674,,-16.56949442024284,224,50.86294004383371,5057,44,,Poison,None,,,4,0,0,0,0,2,8,2,,7,,,Synthetic,9.7973585,10.73671
,Unknown,81,101,160,101,60,30,416,,,,,,,,,,,,,,,,,,,,2.7214020131120935,,24.29163745411983,43,113.33209548986434,4719,225,,Fighting,Bug,,,3,0,0,0,1,4,9,4,,3,,,Synthetic,6.960132,13.028461
,Unknown,125,106,120,135,124,117,540,,,,,,,,,,,,,,,,,,,,1.6942832403637165,,33.072565233990105,40,7.57266232842347,33855,47,,Psychic,Psychic,,,7,0,1,0,0,2,5,1,,2,,,Synthetic,4.549583,9.018838
,Unknown,47,23,16,88,70,-2,399,,,,,,,,,,,,,,,,,,,,0.3706478849896841,,-5.167817694501773,168,6.579672634345948,3243,40,,Normal,None,,,5,0,0,0,0,4,10,3,,3,,,Synthetic,9.645989,9.9317875
,Unknown,130,106,68,64,110,100,626,,,,,,,,,,,,,,,,,,,,1.049390182440353,,67.01335486940322,53,5.59580217185077,4715,111,,Poison,None,,,5,0,0,0,1,5,4,3,,2,,,Synthetic,5.22034,7.6103024
,Unknown,80,33,177,134,78,14,573,,,,,,,,,,,,,,,,,,,,9.415429687266432,,19.654045273221833,183,81.65819864911867,5977,23,,Fire,None,,,9,0,0,0,0,1,11,2,,3,,,Synthetic,3.8889189,9.945168
,Unknown,106,122,134,176,88,71,500,,,,,,,,,,,,,,,,,,,,0.4852259888925624,,239.5196693192769,30,4.770614575752626,40363,-5,,Psychic,Psychic,,,7,0,1,0,0,5,6,5,,1,,,Synthetic,3.3968532,8.172075
,Unknown,57,21,111,103,138,113,570,,,,,,,,,,,,,,,,,,,,5.3309816843031115,,23.789151391483443,-7,6.613640672844356,7684,63,,Fire,Steel,,,7,0,0,0,0,6,14,3,,1,,,Synthetic,3.898764,9.770539
,Unknown,63,82,250,102,62,70,471,,,,,,,,,,,,,,,,,,,,1.4449853002483115,,9.023736786255188,37,60.72111213693395,3250,47,,Psychic,None,,,5,0,0,0,2,3,13,5,,4,,,Synthetic,5.44349,9.75378
,Unknown,39,55,35,52,38,5,370,,,,,,,,,,,,,,,,,,,,1.1167389610918232,,-4.569099590286873,185,35.46478627461799,4207,65,,Ghost,None,,,3,0,0,0,0,4,12,6,,3,,,Synthetic,9.746224,8.845431
,Unknown,132,26,101,119,78,63,241,,,,,,,,,,,,,,,,,,,,18.43604392006381,,166.70722272983872,37,7.513237749579696,4648,45,,Steel,Ground,,,5,0,0,0,1,5,7,4,,2,,,Synthetic,3.0686464,9.734517
,Unknown,127,154,128,128,100,104,670,,,,,,,,,,,,,,,,,,,,4.164473271011266,,438.76262644079736,32,7.028125136303501,34844,-19,,Bug,Grass,,,2,1,0,0,0,3,5,2,,1,,,Synthetic,3.0108557,8.676979
,Unknown,164,118,67,110,90,100,511,,,,,,,,,,,,,,,,,,,,5.170961740928119,,151.27133918895169,27,6.647364225420579,3478,53,,Grass,Psychic,,,2,0,0,0,0,6,8,5,,1,,,Synthetic,3.9325147,8.789927
,Unknown,53,40,76,28,88,76,180,,,,,,,,,,,,,,,,,,,,0.9525604388181672,,15.116792146370194,35,5.50297931581433,5128,41,,Poison,None,,,6,0,0,0,0,1,9,4,,3,,,Synthetic,8.321526,9.069224
,Unknown,102,139,179,168,48,126,450,,,,,,,,,,,,,,,,,,,,5.009691099817226,,973.7094493570916,-39,7.7884485032963475,38154,27,,Psychic,Ghost,,,9,1,0,0,0,6,6,4,,1,,,Synthetic,2.3683894,8.590557
,Unknown,83,79,149,83,83,22,637,,,,,,,,,,,,,,,,,,,,1.787560227385548,,-2.8760185107259044,44,7.213050526524018,6348,210,,Water,None,,,9,0,0,0,0,5,13,5,,3,,,Synthetic,5.584302,9.58882
,Unknown,109,81,90,102,93,60,480,,,,,,,,,,,,,,,,,,,,0.6933465916857605,,543.5807788904101,18,49.97828161780157,25447,45,,Ground,Dragon,,,8,1,0,0,0,6,11,2,,8,,,Synthetic,2.648589,8.923517
,Unknown,54,92,76,28,70,44,520,,,,,,,,,,,,,,,,,,,,0.939462379955545,,-24.598941332567804,184,7.579718970243311,10207,52,,Water,None,,,1,0,0,0,1,6,12,1,,4,,,Synthetic,7.659015,7.807646
,Unknown,54,96,126,46,57,85,380,,,,,,,,,,,,,,,,,,,,1.190635702494351,,178.53447598366603,51,90.91848953240093,3773,27,,Fire,Dragon,,,8,0,0,0,0,3,12,4,,2,,,Synthetic,7.3258357,13.414282
,Unknown,96,0,64,51,34,6,165,,,,,,,,,,,,,,,,,,,,0.8684655691109416,,21.286926225822327,227,31.706043455102733,4034,73,,Ghost,None,,,9,0,0,0,0,-2,12,5,,3,,,Synthetic,9.822189,9.303522
,Unknown,42,72,126,145,94,77,400,,,,,,,,,,,,,,,,,,,,0.134938671066485,,113.04047319053186,-17,7.198641074676777,5620,40,,Steel,Water,,,2,1,0,0,1,6,5,3,,2,,,Synthetic,4.714135,7.4526634
,Unknown,72,80,117,45,109,53,407,,,,,,,,,,,,,,,,,,,,2.7047774373927456,,-18.72838036410195,291,5.460131291646274,9126,88,,Water,None,,,4,0,0,0,0,1,12,5,,4,,,Synthetic,8.503187,10.048731
,Unknown,109,84,93,60,95,104,451,,,,,,,,,,,,,,,,,,,,2.586717391402338,,238.05644562018432,38,9.061749274847154,8863,119,,Poison,Fairy,,,6,0,0,0,1,5,4,3,,4,,,Synthetic,5.2048616,7.3933125
,Unknown,116,81,89,55,80,51,377,,,,,,,,,,,,,,,,,,,,1.0251757817743297,,-0.8813848231419925,293,68.62561195458244,3529,285,,Poison,None,,,8,0,0,0,0,5,12,3,,3,,,Synthetic,8.689003,12.820169
,Unknown,178,25,65,63,92,10,423,,,,,,,,,,,,,,,,,,,,0.8497767433140091,,12.732039238554313,257,7.817542471598529,4636,107,,Normal,None,,,3,0,0,0,2,4,7,5,,3,,,Synthetic,7.223062,8.329276
,Unknown,113,45,108,118,85,49,603,,,,,,,,,,,,,,,,,,,,10.897741062598495,,182.9569813102804,255,7.95308242334675,20134,56,,Poison,Steel,,,5,0,0,0,0,8,5,3,,1,,,Synthetic,3.222209,9.625262
,Unknown,97,129,48,82,127,12,385,,,,,,,,,,,,,,,,,,,,0.1602707071525492,,-4.726737725893122,45,58.77725189110756,295,83,,Poison,Normal,,,9,0,1,0,0,6,12,7,,3,,,Synthetic,6.822713,11.519471
,Unknown,131,36,100,111,50,45,528,,,,,,,,,,,,,,,,,,,,1.0214343772088277,,3.197147693115721,124,58.456676979554985,2687,76,,Fairy,Steel,,,8,0,0,0,0,2,9,5,,3,,,Synthetic,6.652065,11.427581
,Unknown,98,57,33,80,102,-2,420,,,,,,,,,,,,,,,,,,,,2.1664032711438765,,8.452668318950439,220,23.412191829413008,4842,234,,Steel,Fairy,,,9,0,0,0,2,2,12,5,,1,,,Synthetic,7.9045143,7.740945
,Unknown,132,82,166,143,102,81,544,,,,,,,,,,,,,,,,,,,,2.6142185152420856,,128.8244690488717,26,8.608846784557224,37990,58,,Psychic,Dragon,,,7,1,0,0,0,6,5,5,,1,,,Synthetic,3.5240068,8.028754
,Unknown,134,88,126,80,100,43,640,,,,,,,,,,,,,,,,,,,,1.1629660105925483,,133.6586405845274,21,4.649281025483946,5487,36,,Flying,Grass,,,5,0,0,0,0,0,5,4,,1,,,Synthetic,4.977702,9.286826
,Unknown,45,56,76,37,52,43,363,,,,,,,,,,,,,,,,,,,,0.948095537219817,,-20.76667330148689,210,97.11785647431908,4541,64,,Dark,None,,,2,0,0,0,0,4,13,3,,3,,,Synthetic,9.139203,13.030874
,Unknown,72,91,70,75,48,7,273,,,,,,,,,,,,,,,,,,,,1.2094816770020551,,2.784735286057741,121,57.21921407506004,4212,193,,Flying,Ice,,,8,0,0,0,1,4,15,1,,3,,,Synthetic,8.53165,13.655684
,Unknown,80,15,167,54,81,112,470,,,,,,,,,,,,,,,,,,,,2.0377550868142635,,-4.611406386222791,53,8.715332965336332,5665,54,,Fighting,Normal,,,5,0,0,0,0,4,4,3,,3,,,Synthetic,5.4704967,8.72268
,Unknown,133,44,138,73,76,52,558,,,,,,,,,,,,,,,,,,,,2.4900278750968523,,148.6086167605108,30,6.7954118644762795,4895,12,,Flying,Steel,,,7,0,1,0,1,6,8,6,,6,,,Synthetic,5.7839823,8.621582
,Unknown,102,93,116,136,79,40,471,,,,,,,,,,,,,,,,,,,,1.8933412120176576,,-7.614753285930334,38,7.621587650994057,22150,42,,Water,Fairy,,,5,0,0,0,0,5,3,3,,1,,,Synthetic,4.4054856,8.674149
,Unknown,10,12,31,90,102,15,398,,,,,,,,,,,,,,,,,,,,0.7011135005510882,,0.206050211262541,252,7.050698522934665,3492,239,,Ghost,None,,,3,0,0,0,0,3,11,3,,2,,,Synthetic,9.626708,9.992547
,Unknown,84,18,145,42,89,97,502,,,,,,,,,,,,,,,,,,,,1.9865795378916404,,69.90243335069349,36,7.017677418753781,4785,27,,Ground,Steel,,,5,0,0,1,0,5,15,5,,4,,,Synthetic,6.309158,9.666836
,Unknown,94,95,142,166,124,83,482,,,,,,,,,,,,,,,,,,,,1.8964922029516305,,17.143733368969663,-1,5.309404697739302,34182,38,,Dark,Ground,,,7,1,0,0,0,6,9,3,,1,,,Synthetic,3.7096112,8.572043
,Unknown,26,28,43,29,34,3,304,,,,,,,,,,,,,,,,,,,,0.9888998296485318,,-1.0126971017696622,106,6.191587697597338,3385,99,,Grass,None,,,1,0,0,0,0,2,12,1,,3,,,Synthetic,9.29586,9.218585
,Unknown,121,101,133,139,129,62,659,,,,,,,,,,,,,,,,,,,,2.649845940691061,,367.5747521753708,61,8.207575471600878,5742,72,,Ground,Fighting,,,1,0,0,0,0,3,4,3,,3,,,Synthetic,3.2717628,8.759063
,Unknown,42,34,7,43,70,11,344,,,,,,,,,,,,,,,,,,,,0.8754111300619718,,-8.88430356795732,249,5.9849108844259185,1595,202,,Water,Ghost,,,3,0,0,0,0,3,12,3,,9,,,Synthetic,9.772513,9.919473
,Unknown,59,60,117,81,124,98,466,,,,,,,,,,,,,,,,,,,,0.8477434316272611,,65.61022875833729,13,8.44715731915395,5265,95,,Fire,None,,,5,0,0,0,0,5,8,4,,2,,,Synthetic,5.5604534,8.8463955
,Unknown,65,58,27,37,83,25,574,,,,,,,,,,,,,,,,,,,,0.9810423571274428,,5.67725974939602,294,57.68868509936112,5511,62,,Bug,None,,,3,0,0,0,0,5,12,1,,3,,,Synthetic,9.290249,12.068228
,Unknown,60,56,70,47,85,18,531,,,,,,,,,,,,,,,,,,,,0.4751008477225838,,52.83484522491982,192,4.909468905283617,5511,84,,Bug,Poison,,,8,0,0,0,1,3,9,3,,3,,,Synthetic,8.168821,9.136531
,Unknown,78,63,71,31,169,52,513,,,,,,,,,,,,,,,,,,,,0.9954687199898488,,-14.444035910901365,77,7.362331075209633,83,305,,Poison,None,,,2,0,0,0,1,0,3,2,,2,,,Synthetic,5.9673448,8.03636
,Unknown,43,121,47,19,65,34,353,,,,,,,,,,,,,,,,,,,,0.4561421037072198,,3.7650922946613647,104,8.527740338504943,3425,210,,Water,None,,,3,0,0,0,0,4,9,3,,3,,,Synthetic,8.109735,9.156994
,Unknown,74,33,85,39,52,29,297,,,,,,,,,,,,,,,,,,,,0.4179880278682035,,76.1441873319381,221,1.8588063900720209,5287,48,,Normal,None,,,8,1,0,0,0,3,10,5,,2,,,Synthetic,9.697549,8.656386
,Unknown,32,53,62,22,79,24,281,,,,,,,,,,,,,,,,,,,,0.7297601693345885,,-7.795232526344934,189,101.89510807322792,5287,62,,Bug,None,,,5,0,0,0,0,4,12,4,,3,,,Synthetic,8.941249,13.224928
,Unknown,134,111,13,23,102,12,390,,,,,,,,,,,,,,,,,,,,1.0002876845663098,,18.74231335080024,264,7.247317317344255,4110,114,,Flying,None,,,1,0,0,0,0,-1,6,3,,3,,,Synthetic,8.837295,10.4145975
,Unknown,106,91,118,26,55,146,511,,,,,,,,,,,,,,,,,,,,0.5891001404047779,,17.445443308475852,258,68.53666710154748,5346,36,,Fairy,None,,,4,0,0,0,1,-1,4,2,,3,,,Synthetic,6.1304126,7.423148
,Unknown,108,79,129,47,122,6,493,,,,,,,,,,,,,,,,,,,,1.7755600940854537,,34.35362897665394,51,8.107223403847732,3141,55,,Fire,Flying,,,9,0,0,0,2,5,4,4,,3,,,Synthetic,5.13939,7.0481215
,Unknown,79,83,24,39,86,42,435,,,,,,,,,,,,,,,,,,,,0.7002751826322682,,-26.374577852771253,207,42.81922277140967,5103,110,,Poison,None,,,4,0,0,0,0,3,12,1,,4,,,Synthetic,9.203364,11.740982
,Unknown,175,108,176,96,103,52,531,,,,,,,,,,,,,,,,,,,,1.9544365878223076,,64.35822041252177,62,7.080479865632284,24073,41,,Fighting,Psychic,,,7,0,0,0,0,9,9,4,,2,,,Synthetic,3.5732586,8.196178
,Unknown,75,71,86,133,128,65,565,,,,,,,,,,,,,,,,,,,,2.2509906063799994,,902.855216351001,43,9.192798323120414,35893,19,,Electric,Flying,,,9,0,0,0,1,6,3,5,,3,,,Synthetic,2.3092263,8.542837
,Unknown,57,38,28,47,83,25,456,,,,,,,,,,,,,,,,,,,,1.2939148114957046,,-15.830586268978292,226,8.091865151378215,457,57,,Ghost,None,,,2,0,0,0,0,3,9,1,,3,,,Synthetic,9.674658,10.537981
,Unknown,135,87,106,80,122,51,374,,,,,,,,,,,,,,,,,,,,0.4861897804284369,,145.04542241928203,11,6.808247590733963,33119,23,,Water,None,,,4,0,0,0,0,5,11,1,,3,,,Synthetic,6.0553994,10.073692
,Unknown,101,69,122,36,99,29,424,,,,,,,,,,,,,,,,,,,,2.0121499824451368,,72.25022059352818,4,104.53801845064368,9685,42,,Fairy,Dragon,,,7,0,0,1,0,8,13,6,,10,,,Synthetic,7.40628,13.358838
,Unknown,41,39,57,80,73,1,569,,,,,,,,,,,,,,,,,,,,0.9989885380727048,,-20.360182061704073,246,102.5485136081524,3283,203,,Water,None,,,8,0,0,0,0,4,12,3,,3,,,Synthetic,9.267135,12.779652
,Unknown,34,60,112,74,71,35,494,,,,,,,,,,,,,,,,,,,,0.8573501335666484,,16.925499269918387,48,7.3325271932931155,5629,185,,Water,Rock,,,1,0,0,0,0,4,13,3,,3,,,Synthetic,7.041823,10.257209
,Unknown,68,123,100,177,118,57,686,,,,,,,,,,,,,,,,,,,,0.7931815602213104,,33.3003297931581,29,6.334590356010326,10602,-16,,Bug,Fighting,,,5,1,0,0,1,7,7,4,,3,,,Synthetic,3.9205284,8.1788225
,Unknown,136,122,114,166,78,100,542,,,,,,,,,,,,,,,,,,,,1.2445719438649094,,358.4019234133251,15,8.528528493356855,41726,-11,,Fire,Psychic,,,7,0,1,0,0,6,5,6,,2,,,Synthetic,3.0988367,8.142435
,Unknown,111,66,144,117,122,31,439,,,,,,,,,,,,,,,,,,,,3.4019513995943766,,0.1889398379231455,44,8.663298091929237,37137,76,,Dark,Poison,,,3,0,0,0,1,4,9,3,,3,,,Synthetic,5.942428,8.380846
,Unknown,64,14,63,65,61,4,352,,,,,,,,,,,,,,,,,,,,0.5383003861282059,,42.19848744184152,259,98.44723760841708,6255,117,,Rock,None,,,1,0,0,0,0,3,10,1,,3,,,Synthetic,9.268448,13.040379
,Unknown,132,108,116,120,121,85,575,,,,,,,,,,,,,,,,,,,,1.6623150519284482,,93.90524887151152,44,7.395748840930741,4972,-31,,Fighting,Dragon,,,1,0,0,0,0,9,10,2,,1,,,Synthetic,3.7628088,8.716993
,Unknown,107,102,155,60,110,93,451,,,,,,,,,,,,,,,,,,,,2.552464331888758,,299.6331633497919,48,6.705173732846498,6060,49,,Fire,None,,,6,0,0,0,0,0,7,3,,3,,,Synthetic,4.540368,9.608166
,Unknown,58,61,13,90,75,34,229,,,,,,,,,,,,,,,,,,,,0.3049824343532235,,-8.417474407033426,273,8.708704999361265,4276,30,,Ghost,Ground,,,8,0,0,0,0,3,13,5,,3,,,Synthetic,9.776449,9.431165
,Unknown,99,117,129,58,133,54,604,,,,,,,,,,,,,,,,,,,,2.0625680377857165,,113.3587224216125,60,3.2829780890788416,5301,23,,Bug,None,,,4,1,0,0,2,0,2,3,,1,,,Synthetic,5.0888596,7.3927116
,Unknown,93,112,114,89,57,82,410,,,,,,,,,,,,,,,,,,,,4.905295488829169,,333.48413674487966,10,6.807336834016197,32104,33,,Dark,Dragon,,,7,0,1,0,2,8,2,4,,1,,,Synthetic,3.8905299,6.9979367
,Unknown,46,49,36,52,52,63,370,,,,,,,,,,,,,,,,,,,,0.8557268025617775,,-6.222046720875424,32,39.754685087564354,5351,203,,Bug,Ghost,,,6,0,0,0,1,3,16,2,,4,,,Synthetic,7.140366,4.2519684
,Unknown,67,145,88,70,70,97,564,,,,,,,,,,,,,,,,,,,,2.351072479735678,,173.781845659383,51,63.031819536181835,5296,36,,Ghost,None,,,7,0,0,0,0,3,8,3,,3,,,Synthetic,6.5715017,13.0400715
,Unknown,46,46,107,55,100,102,413,,,,,,,,,,,,,,,,,,,,0.5335769757703637,,45.21082381702138,82,6.42507053300993,3759,132,,Ice,None,,,7,0,0,0,1,2,13,2,,4,,,Synthetic,6.8528094,6.7588143
,Unknown,184,91,175,73,95,38,522,,,,,,,,,,,,,,,,,,,,4.697849300459885,,98.1045491131194,12,7.663202227175059,5561,-2,,Grass,Poison,,,7,0,0,0,0,5,5,5,,1,,,Synthetic,3.3719196,7.991008
,Unknown,37,91,30,27,53,72,541,,,,,,,,,,,,,,,,,,,,0.9464641430561664,,17.3423438628907,123,5.953644250271489,4896,33,,Fairy,Ice,,,2,0,0,0,0,4,10,4,,3,,,Synthetic,7.3161855,9.298073
,Unknown,48,63,46,40,52,25,505,,,,,,,,,,,,,,,,,,,,2.6158331818737457,,14.894481745794565,271,54.42088657744257,5448,40,,Dragon,None,,,6,0,0,0,0,3,7,5,,3,,,Synthetic,9.197482,12.145971
,Unknown,139,128,117,179,76,83,668,,,,,,,,,,,,,,,,,,,,1.4915087899521902,,174.5179508466892,3,7.991619319433889,13887,43,,Poison,Grass,,,7,0,1,1,0,2,14,4,,1,,,Synthetic,4.280653,9.912946
,Unknown,67,26,53,44,20,28,324,,,,,,,,,,,,,,,,,,,,1.006047348468024,,2.875316242097661,223,107.57799611000848,4140,209,,Normal,None,,,5,0,0,0,0,3,12,1,,3,,,Synthetic,9.228553,12.999595
,Unknown,47,24,71,57,88,7,363,,,,,,,,,,,,,,,,,,,,1.1715494208002393,,-20.32051326765346,248,7.366278022631062,662,72,,Fighting,Flying,,,1,0,0,0,0,2,6,1,,3,,,Synthetic,9.702183,10.522096
,Unknown,66,16,40,144,64,1,310,,,,,,,,,,,,,,,,,,,,0.3620560738086759,,-16.322060675776292,183,4.925529695874662,4675,77,,Normal,None,,,6,0,0,0,0,4,12,1,,3,,,Synthetic,9.864889,10.129727
,Unknown,67,42,70,82,45,-5,270,,,,,,,,,,,,,,,,,,,,3.992216252384989,,36.475621126030184,61,5.97776989998759,3560,210,,Water,None,,,9,0,0,0,0,3,11,3,,3,,,Synthetic,8.595111,9.527098
,Unknown,69,139,37,109,109,43,529,,,,,,,,,,,,,,,,,,,,1.4891096325471014,,-34.11049289348178,58,7.884832520028205,5318,87,,Fighting,Fighting,,,2,0,0,0,0,1,6,4,,3,,,Synthetic,5.466386,9.7084675
,Unknown,82,106,124,124,74,61,501,,,,,,,,,,,,,,,,,,,,3.5420190129661786,,133.11957175454495,27,6.205566535514103,41481,51,,Electric,None,,,7,0,0,1,2,4,12,5,,1,,,Synthetic,4.875099,7.117824
,Unknown,125,86,87,89,118,102,523,,,,,,,,,,,,,,,,,,,,1.1272715056415166,,671.407090478287,19,5.6012809247858435,11290,-21,,Psychic,Dragon,,,9,0,1,0,2,5,7,5,,3,,,Synthetic,2.3165395,8.525441
,Unknown,126,53,79,171,107,119,423,,,,,,,,,,,,,,,,,,,,0.6423693639131609,,275.66448498921983,0,7.735862352178625,27672,32,,Steel,Dragon,,,5,0,1,1,2,6,4,4,,1,,,Synthetic,4.5188766,7.2386684
,Unknown,76,98,45,66,49,-6,486,,,,,,,,,,,,,,,,,,,,1.131159460760052,,305.07500179757903,35,8.319729763466183,4905,33,,Bug,None,,,9,0,0,0,1,8,12,1,,3,,,Synthetic,7.114375,7.667226
,Unknown,173,156,70,135,102,73,469,,,,,,,,,,,,,,,,,,,,5.109336093355097,,134.4996429193128,46,7.2416424588485775,29579,60,,Flying,Ghost,,,5,0,0,0,0,6,5,3,,2,,,Synthetic,3.7898962,8.640601
,Unknown,70,84,163,91,132,119,698,,,,,,,,,,,,,,,,,,,,1.8011364992441858,,281.5883923128025,1,89.4809265088693,11834,37,,Rock,None,,,4,1,0,0,0,6,7,3,,1,,,Synthetic,6.2248535,13.26226
,Unknown,105,156,118,138,106,80,596,,,,,,,,,,,,,,,,,,,,2.57862938291426,,122.21317616748246,2,6.852193612232829,27992,-7,,Electric,Ice,,,7,0,0,0,2,6,14,6,,1,,,Synthetic,4.3678293,7.387658
,Unknown,29,87,79,13,109,93,381,,,,,,,,,,,,,,,,,,,,1.0175462871457557,,-9.234014047353815,265,103.17611817325135,5693,40,,Normal,None,,,4,0,0,0,1,7,6,3,,2,,,Synthetic,8.677322,13.123068
,Unknown,58,42,37,120,75,3,360,,,,,,,,,,,,,,,,,,,,0.8106183709804651,,29.472967064673934,262,89.5941697030498,3540,100,,Water,None,,,2,0,0,0,0,0,12,5,,3,,,Synthetic,8.996307,13.143533
,Unknown,50,16,32,33,63,7,346,,,,,,,,,,,,,,,,,,,,0.7346427046695392,,-28.419064359799947,176,8.810448181962322,2311,253,,Water,None,,,3,0,0,0,0,4,12,3,,3,,,Synthetic,9.814456,9.786923
,Unknown,39,61,5,42,76,7,371,,,,,,,,,,,,,,,,,,,,0.1135534098068349,,-11.97910988842094,222,5.840780977944221,5612,175,,Water,Ice,,,3,0,0,0,0,4,12,4,,3,,,Synthetic,9.733806,9.668829
,Unknown,123,106,75,160,106,66,706,,,,,,,,,,,,,,,,,,,,2.2286428623906342,,389.576316569292,-7,8.901244482274114,35418,37,,Dragon,Ghost,,,9,0,0,1,0,8,6,5,,1,,,Synthetic,3.065017,8.6424675
,Unknown,35,36,154,55,51,59,337,,,,,,,,,,,,,,,,,,,,0.7220205813504829,,19.724213176327726,38,7.077757644812252,5036,292,,Flying,Ground,,,4,0,0,0,0,4,12,1,,3,,,Synthetic,7.1501665,10.334641
,Unknown,83,70,64,82,74,24,203,,,,,,,,,,,,,,,,,,,,-0.1180801578665804,,75.91627900976442,284,4.732359150723143,4584,9,,Normal,None,,,8,0,0,0,1,3,9,3,,3,,,Synthetic,9.027819,7.297596
,Unknown,74,95,71,66,103,26,342,,,,,,,,,,,,,,,,,,,,1.0728239536334327,,7.941335221933437,37,90.5740514903578,2597,66,,Ground,Fire,,,3,0,0,0,0,4,13,5,,2,,,Synthetic,7.745114,13.265215
,Unknown,92,72,124,132,88,138,683,,,,,,,,,,,,,,,,,,,,3.105798140345769,,54.91802565692982,21,7.589797877262145,29739,7,,Steel,Fighting,,,7,1,0,0,1,8,8,6,,1,,,Synthetic,4.319031,7.9589467
,Unknown,113,62,104,33,79,57,329,,,,,,,,,,,,,,,,,,,,0.4558757179312264,,-11.79905988776377,185,5.251429340424007,621,53,,Psychic,Flying,,,7,0,0,0,0,4,8,3,,3,,,Synthetic,8.216931,10.032259
,Unknown,16,60,40,57,70,48,473,,,,,,,,,,,,,,,,,,,,0.5137319997209253,,348.3948329766241,54,5.510764785529335,9535,36,,Water,None,,,6,0,0,0,1,2,18,1,,3,,,Synthetic,7.0162635,4.2892723
,Unknown,75,85,64,47,56,63,490,,,,,,,,,,,,,,,,,,,,0.6296894952658656,,130.08852470878998,143,5.9230829357504735,7464,35,,Bug,Rock,,,7,0,0,0,0,4,6,1,,3,,,Synthetic,7.133971,9.660267
,Unknown,56,83,63,71,102,54,380,,,,,,,,,,,,,,,,,,,,1.2075278290269325,,-29.209923306646324,39,8.919769710341663,3554,109,,Water,None,,,3,0,0,0,0,4,9,4,,3,,,Synthetic,7.123305,9.104145
,Unknown,65,15,73,80,83,30,418,,,,,,,,,,,,,,,,,,,,0.840435961898423,,-11.383776901359584,219,5.2364705668970775,4268,74,,Water,None,,,3,0,0,0,0,4,11,1,,3,,,Synthetic,9.753737,10.289512
,Unknown,84,22,57,29,76,30,435,,,,,,,,,,,,,,,,,,,,1.202712245030898,,102.95506980732526,50,9.286172133853198,1270,191,,Psychic,Poison,,,2,0,0,0,0,3,9,1,,3,,,Synthetic,7.3938394,9.88641
,Unknown,25,7,44,60,79,31,347,,,,,,,,,,,,,,,,,,,,0.8928160747987881,,5.139805893675041,103,99.9338280738663,2086,270,,Poison,None,,,1,0,0,0,0,6,9,4,,3,,,Synthetic,8.279071,13.602034
,Unknown,63,36,49,61,77,20,249,,,,,,,,,,,,,,,,,,,,0.9353663577854562,,15.349834065258444,119,102.62606274595348,10737,154,,Poison,None,,,2,0,0,0,1,2,12,5,,3,,,Synthetic,8.365869,13.390066
,Unknown,61,28,132,97,75,10,425,,,,,,,,,,,,,,,,,,,,1.132293434206879,,9.138794927058772,50,94.12752888412098,6028,48,,Water,None,,,4,0,0,0,0,3,14,6,,3,,,Synthetic,7.815232,13.372253
,Unknown,56,61,58,63,64,33,378,,,,,,,,,,,,,,,,,,,,0.8145981856983917,,-8.25695454110682,225,61.63056501123259,2710,60,,Dragon,None,,,2,0,0,0,1,0,13,3,,3,,,Synthetic,8.647566,12.477058
,Unknown,84,85,160,115,127,97,524,,,,,,,,,,,,,,,,,,,,9.032268572396887,,137.9998100369458,45,6.6090182666655055,2198,42,,Dragon,None,,,3,0,0,0,0,6,6,5,,4,,,Synthetic,3.2778852,9.420229
,Unknown,94,95,182,166,106,89,746,,,,,,,,,,,,,,,,,,,,2.7929304901385157,,162.54683503090575,-3,7.883366178742697,42630,32,,Ghost,None,,,4,0,0,0,1,5,7,5,,1,,,Synthetic,3.7584453,8.244612
,Unknown,49,82,26,110,56,50,436,,,,,,,,,,,,,,,,,,,,0.644796873414119,,5.980679349091416,72,98.40281566460172,2477,76,,Normal,Dark,,,5,0,0,0,0,2,9,3,,3,,,Synthetic,7.692017,13.943476
,Unknown,131,51,19,84,102,94,499,,,,,,,,,,,,,,,,,,,,0.3663517350994226,,-3.1859470933339527,64,110.96607122151362,3875,246,,Bug,None,,,3,0,0,0,0,2,17,2,,4,,,Synthetic,7.0007052,13.789482
,Unknown,119,115,162,93,61,85,408,,,,,,,,,,,,,,,,,,,,1.0329543654106512,,241.80334493011793,0,6.458500645054766,29032,-5,,Rock,Psychic,,,3,0,1,0,1,6,5,4,,1,,,Synthetic,3.6823356,7.5566006
,Unknown,83,18,143,124,67,74,495,,,,,,,,,,,,,,,,,,,,0.90474970857996,,39.244852454153,43,4.880192415965981,6219,27,,Psychic,Psychic,,,4,0,0,0,2,3,6,5,,3,,,Synthetic,4.966863,7.0210114
,Unknown,53,76,41,34,95,-4,248,,,,,,,,,,,,,,,,,,,,0.6821709331412809,,-14.057508100844766,192,4.976789599693447,4672,96,,Bug,None,,,6,0,0,0,0,1,13,1,,3,,,Synthetic,9.3239155,10.378494
,Unknown,61,34,69,16,77,84,386,,,,,,,,,,,,,,,,,,,,0.6424125077820263,,-10.43034630934248,74,6.889760604097832,5144,306,,Water,None,,,6,0,0,0,0,2,12,3,,3,,,Synthetic,8.140886,9.687292
,Unknown,136,119,74,92,31,58,362,,,,,,,,,,,,,,,,,,,,1.626030778203812,,97.18245366737546,73,5.758042448388484,4931,23,,Dragon,None,,,7,0,0,0,0,0,8,1,,3,,,Synthetic,5.7997026,9.613604
,Unknown,105,137,206,154,130,52,570,,,,,,,,,,,,,,,,,,,,4.6696679822405915,,178.76467101284868,32,8.15610393510433,8217,53,,Rock,Psychic,,,8,0,0,0,0,7,5,4,,3,,,Synthetic,3.2577045,8.232375
,Unknown,141,88,130,156,74,91,455,,,,,,,,,,,,,,,,,,,,4.94982590450425,,209.79167261846996,-20,7.602084479237758,32882,27,,Psychic,Fighting,,,7,1,0,0,0,9,3,4,,1,,,Synthetic,3.2423298,7.9630938
,Unknown,79,54,33,47,189,79,691,,,,,,,,,,,,,,,,,,,,1.6597271558219246,,42.548667484105174,4,8.683583676061295,4058,211,,Water,None,,,2,0,0,0,1,2,9,2,,2,,,Synthetic,5.959888,7.616039
,Unknown,58,16,29,35,53,43,541,,,,,,,,,,,,,,,,,,,,0.9732094466360156,,-10.127430096480271,279,6.365348924587175,4649,52,,Water,None,,,5,0,0,0,0,2,12,2,,3,,,Synthetic,9.645636,10.4396925
,Unknown,75,30,44,65,67,51,420,,,,,,,,,,,,,,,,,,,,2.047353151395138,,65.1710541245991,95,7.579728158205155,9829,49,,Water,Flying,,,6,0,0,0,0,3,11,3,,7,,,Synthetic,8.118545,9.845402
,Unknown,47,28,52,30,100,16,368,,,,,,,,,,,,,,,,,,,,0.7899741699254106,,-24.2929458578431,40,21.769280962147732,3068,213,,Water,None,,,8,0,0,0,0,-1,11,1,,3,,,Synthetic,8.603401,9.721762
,Unknown,102,55,132,147,79,118,454,,,,,,,,,,,,,,,,,,,,4.091371117304522,,61.58973355821638,-16,8.765028066835143,5033,51,,Electric,Dragon,,,5,0,0,0,0,5,5,4,,1,,,Synthetic,3.8134394,8.212518
,Unknown,109,94,49,36,140,109,457,,,,,,,,,,,,,,,,,,,,1.7158109320114567,,87.8828171370756,46,8.461527291477644,5161,0,,Flying,Dragon,,,9,0,0,0,0,10,7,5,,3,,,Synthetic,4.8303657,8.716944
,Unknown,142,126,52,68,98,16,438,,,,,,,,,,,,,,,,,,,,2.737165164802783,,22.712197545146875,39,7.294720740172558,5148,136,,Ice,Fairy,,,6,0,0,0,0,2,12,0,,1,,,Synthetic,6.342024,10.247446
,Unknown,105,95,151,141,107,46,374,,,,,,,,,,,,,,,,,,,,2.234766252449434,,301.5955580285994,22,6.010061135449506,3516,-14,,Dark,Dragon,,,2,0,0,0,1,6,6,6,,1,,,Synthetic,3.3373723,7.749313
,Unknown,64,20,61,45,96,33,544,,,,,,,,,,,,,,,,,,,,1.0190546070532522,,-6.937462955592528,178,6.547961101851612,5002,95,,Water,Ground,,,3,0,0,0,0,3,12,5,,3,,,Synthetic,9.009982,10.113265
,Unknown,83,60,46,54,62,18,463,,,,,,,,,,,,,,,,,,,,1.3586892374813928,,44.58602251770854,36,6.740237866480491,2924,56,,Fire,Rock,,,5,0,0,0,0,4,12,5,,3,,,Synthetic,7.4429994,9.454614
,Unknown,46,78,34,43,85,8,197,,,,,,,,,,,,,,,,,,,,-0.0200452798950326,,11.840657843961674,99,6.511423161713114,5014,165,,Electric,None,,,9,0,0,0,1,3,6,5,,3,,,Synthetic,8.333213,8.083923
,Unknown,79,143,155,122,135,80,482,,,,,,,,,,,,,,,,,,,,5.123161712945826,,98.16328961987224,34,3.383774480924276,11256,36,,Fighting,None,,,6,1,0,0,0,3,10,5,,1,,,Synthetic,3.7842493,9.009079
,Unknown,104,37,38,21,92,29,393,,,,,,,,,,,,,,,,,,,,0.8070502475726078,,16.613626634441516,192,9.260934903475972,4501,199,,Psychic,Flying,,,8,0,0,0,0,1,12,1,,3,,,Synthetic,9.373054,10.65463
,Unknown,92,96,101,46,132,49,498,,,,,,,,,,,,,,,,,,,,3.357525151863181,,49.28342772746427,59,8.144387273886839,33825,83,,Fighting,None,,,3,0,0,0,0,2,13,3,,5,,,Synthetic,5.7560606,10.246218
,Unknown,69,66,58,51,41,15,331,,,,,,,,,,,,,,,,,,,,0.954454303358997,,21.66342134513397,49,7.126926161247891,5149,37,,Psychic,Dark,,,1,0,0,0,1,4,9,5,,2,,,Synthetic,8.214014,8.040051
,Unknown,76,49,59,81,110,13,534,,,,,,,,,,,,,,,,,,,,3.2733393081030675,,86.24082385704462,22,4.2809287800853495,5479,8,,Bug,None,,,6,1,0,0,0,0,10,3,,9,,,Synthetic,7.0514526,10.098943
,Unknown,88,98,199,45,83,51,532,,,,,,,,,,,,,,,,,,,,1.8410112373569207,,6.346289524633569,91,8.435545171002433,3321,285,,Water,None,,,8,0,0,0,0,0,12,5,,3,,,Synthetic,5.1809945,9.772826
,Unknown,76,102,155,72,136,81,537,,,,,,,,,,,,,,,,,,,,2.116485575498366,,75.38228867919054,29,6.792899674721522,31047,42,,Steel,Fairy,,,1,0,0,0,1,4,8,5,,7,,,Synthetic,5.103287,8.022586
,Unknown,127,148,126,165,64,75,500,,,,,,,,,,,,,,,,,,,,3.072655872410871,,224.87041622017935,33,7.300133167508072,34320,4,,Water,Rock,,,2,1,0,1,0,8,6,3,,1,,,Synthetic,3.3652253,8.052784
,Unknown,100,73,129,136,98,119,551,,,,,,,,,,,,,,,,,,,,3.785863463013338,,58.04320290338216,59,9.110150596468836,11431,46,,Fire,None,,,7,0,0,0,0,4,7,1,,3,,,Synthetic,4.2238646,8.750623
,Unknown,100,35,44,52,52,70,418,,,,,,,,,,,,,,,,,,,,0.6368461576180623,,-15.752443428107725,83,98.15105954096148,4894,268,,Water,None,,,5,0,0,0,0,4,12,3,,2,,,Synthetic,7.8252406,14.064384
,Unknown,97,95,120,153,120,142,481,,,,,,,,,,,,,,,,,,,,1.6550513921592105,,107.03421391626009,51,6.858733144075149,22885,8,,Poison,Ground,,,7,0,1,0,0,10,2,3,,1,,,Synthetic,3.8200264,7.797988
,Unknown,102,49,74,133,103,44,565,,,,,,,,,,,,,,,,,,,,0.8791971160318487,,86.17905320994257,63,3.725706347245808,6809,90,,Fire,None,,,4,0,0,0,0,0,3,2,,3,,,Synthetic,5.323921,9.382119
,Unknown,47,79,61,155,81,112,590,,,,,,,,,,,,,,,,,,,,0.7912782816465168,,23.40327837177169,45,62.46017178701478,5906,29,,Psychic,Ghost,,,7,1,0,0,1,9,15,4,,3,,,Synthetic,6.1357408,13.459581
,Unknown,92,127,30,80,82,23,471,,,,,,,,,,,,,,,,,,,,0.8869420521998322,,49.95726516555801,220,8.38899091683516,5824,123,,Fire,Poison,,,2,0,0,0,1,5,8,4,,3,,,Synthetic,7.864282,8.725593
,Unknown,101,89,118,107,109,54,416,,,,,,,,,,,,,,,,,,,,4.860996802885605,,108.79408088182583,-1,8.291678915957082,3495,76,,Psychic,None,,,2,0,0,0,0,6,3,3,,1,,,Synthetic,3.9086711,8.998702
,Unknown,66,72,55,89,77,-12,213,,,,,,,,,,,,,,,,,,,,0.4726408383020992,,25.49951575334562,56,47.91518461400378,5904,137,,Fairy,Poison,,,2,0,0,0,1,3,4,6,,3,,,Synthetic,8.372879,8.139829
,Unknown,56,105,63,27,65,3,197,,,,,,,,,,,,,,,,,,,,1.6826409365455297,,-9.549459176174908,290,5.8763651645747625,1330,216,,Water,Normal,,,9,0,0,0,0,4,12,1,,3,,,Synthetic,10.388768,9.752459
,Unknown,125,89,134,127,92,14,443,,,,,,,,,,,,,,,,,,,,0.9968615209384244,,88.95289924949802,237,4.880904500954113,5218,61,,Fairy,Dragon,,,9,0,0,0,0,2,8,1,,3,,,Synthetic,7.034543,8.353207
,Unknown,71,161,90,40,57,8,412,,,,,,,,,,,,,,,,,,,,0.5188501572198532,,-16.829592485354404,197,3.7100150311594544,3390,61,,Bug,None,,,5,0,0,0,0,-1,11,3,,3,,,Synthetic,8.666829,10.033415
,Unknown,132,93,82,53,93,75,388,,,,,,,,,,,,,,,,,,,,0.6279036640393699,,8.822780700306808,89,6.645889413982745,4559,57,,Ground,Ghost,,,7,0,0,0,1,5,4,1,,3,,,Synthetic,5.509468,8.007842
,Unknown,149,33,102,86,83,79,572,,,,,,,,,,,,,,,,,,,,2.376978484287632,,357.867591613371,28,89.81976645864499,6272,41,,Water,Flying,,,9,0,0,0,1,5,8,1,,1,,,Synthetic,6.877809,13.455423
,Unknown,89,112,114,118,107,54,513,,,,,,,,,,,,,,,,,,,,0.5759011993243816,,61.229660878869936,-7,5.858998983537618,10085,62,,Ghost,Fighting,,,5,0,0,0,0,3,5,1,,4,,,Synthetic,4.847262,9.16119
,Unknown,84,69,67,34,78,41,419,,,,,,,,,,,,,,,,,,,,0.9133021544865482,,-6.9872026722994764,191,8.106130610635937,5080,265,,Water,None,,,5,0,0,0,0,5,10,2,,3,,,Synthetic,8.315294,10.129392
,Unknown,125,79,65,144,90,76,526,,,,,,,,,,,,,,,,,,,,0.77275929371541,,103.29853628749734,37,6.284699723198527,9792,12,,Dark,Normal,,,2,0,0,0,0,3,4,3,,1,,,Synthetic,4.818998,9.095066
,Unknown,67,62,127,118,122,99,565,,,,,,,,,,,,,,,,,,,,2.057902429228218,,255.72197032817067,-24,8.162742524660278,9618,31,,Bug,Ice,,,7,1,0,0,1,7,5,1,,10,,,Synthetic,3.8438797,7.4043255
,Unknown,134,101,155,96,65,111,599,,,,,,,,,,,,,,,,,,,,1.9557968200134224,,123.217571089294,15,9.17228217857084,12893,22,,Dragon,Fire,,,4,0,0,0,0,3,6,5,,1,,,Synthetic,4.0404983,8.594147
,Unknown,109,100,35,142,115,57,468,,,,,,,,,,,,,,,,,,,,1.4082470615857954,,9.555599372088182,-9,60.58469188933414,4167,30,,Fairy,Bug,,,4,0,0,0,1,0,8,6,,3,,,Synthetic,5.943693,8.115631
,Unknown,48,51,52,43,48,115,449,,,,,,,,,,,,,,,,,,,,1.0817285609416416,,11.159012135341944,112,103.97089132919982,6051,105,,Normal,None,,,5,0,0,0,0,0,14,1,,3,,,Synthetic,7.9490466,14.119776
,Unknown,99,74,93,65,55,68,441,,,,,,,,,,,,,,,,,,,,1.8953875209095656,,54.23960881539631,254,96.65614979443896,3745,49,,Grass,None,,,3,0,0,0,0,4,2,3,,2,,,Synthetic,8.448826,12.835857
,Unknown,123,125,192,112,104,11,477,,,,,,,,,,,,,,,,,,,,0.904906139657041,,32.78833487489203,56,81.33209514013848,5711,155,,Fire,Ground,,,1,0,0,0,0,3,12,5,,3,,,Synthetic,7.0772214,12.976664
,Unknown,142,132,95,125,93,114,530,,,,,,,,,,,,,,,,,,,,4.1714596504075905,,105.29431274212484,28,6.310991937385965,35170,-24,,Rock,Dragon,,,7,0,1,0,1,7,8,5,,1,,,Synthetic,4.0085783,7.976771
,Unknown,86,109,131,56,128,107,658,,,,,,,,,,,,,,,,,,,,5.024199281990371,,170.40820263147927,51,6.076833068968336,8094,34,,Poison,None,,,8,0,0,0,1,5,6,2,,3,,,Synthetic,3.600331,9.144397
,Unknown,118,95,65,127,112,47,531,,,,,,,,,,,,,,,,,,,,1.9365766828583628,,160.99547887108736,54,6.877475868426969,32231,-26,,Water,Normal,,,5,0,0,0,0,7,5,4,,1,,,Synthetic,4.431608,8.594271
,Unknown,142,69,81,27,74,12,511,,,,,,,,,,,,,,,,,,,,1.0254555248046255,,42.75359886513354,274,6.536049627130653,2403,53,,Water,None,,,8,0,0,0,0,3,5,1,,3,,,Synthetic,8.309836,10.167058
,Unknown,69,13,36,53,65,-5,313,,,,,,,,,,,,,,,,,,,,0.8646260748915009,,-7.646598005868961,209,27.669774423107015,3131,174,,Water,None,,,3,0,0,0,0,4,10,1,,4,,,Synthetic,9.864778,10.195786
,Unknown,45,68,36,12,57,-2,275,,,,,,,,,,,,,,,,,,,,0.7740250932779105,,-29.360464643702436,242,10.34684610743916,5287,207,,Normal,None,,,4,0,0,0,1,2,12,3,,3,,,Synthetic,9.071873,6.9358993
,Unknown,57,132,147,177,95,-1,464,,,,,,,,,,,,,,,,,,,,0.7964767163758567,,7.441311203952811,-24,3.9964291405065264,34504,-27,,Rock,Steel,,,7,0,0,1,0,5,8,4,,1,,,Synthetic,3.7957666,8.486152
,Unknown,67,102,119,48,82,25,486,,,,,,,,,,,,,,,,,,,,0.6069799708564729,,88.62185029297171,83,61.30643328829711,5444,239,,Bug,None,,,5,0,0,0,0,4,6,3,,4,,,Synthetic,7.086863,12.7496195
,Unknown,88,118,117,167,123,83,666,,,,,,,,,,,,,,,,,,,,1.5468168733969332,,83.15374848721342,1,6.5191915834520415,38437,-23,,Psychic,Dragon,,,7,0,0,1,0,7,8,3,,1,,,Synthetic,3.6609783,8.561912
,Unknown,131,62,208,123,75,94,457,,,,,,,,,,,,,,,,,,,,1.6016941237433278,,247.65996785759432,7,8.110153789428287,35387,40,,Psychic,Flying,,,9,0,0,0,0,7,5,4,,1,,,Synthetic,3.3344529,7.83893
,Unknown,38,85,38,37,107,43,443,,,,,,,,,,,,,,,,,,,,0.6446806263457798,,16.324528768486882,145,54.353572149582,3601,90,,Water,None,,,7,0,0,0,0,2,12,2,,4,,,Synthetic,8.923636,12.113382
,Unknown,52,108,27,45,85,8,388,,,,,,,,,,,,,,,,,,,,0.6572026527912691,,-0.965692559722779,213,6.464157414750563,5240,127,,Rock,Flying,,,7,0,0,1,1,4,10,2,,2,,,Synthetic,8.06293,7.7738204
,Unknown,121,100,66,80,116,124,623,,,,,,,,,,,,,,,,,,,,9.868598772962695,,136.86711415638302,43,8.861218849244473,9220,47,,Psychic,Flying,,,7,0,1,0,0,6,4,4,,1,,,Synthetic,3.2361588,9.473815
,Unknown,104,128,88,169,125,45,453,,,,,,,,,,,,,,,,,,,,1.207618050627399,,75.57126906030618,61,7.600861906064919,4623,55,,Electric,Ice,,,5,0,0,0,0,10,6,4,,2,,,Synthetic,3.5992374,8.227726
,Unknown,115,67,63,48,60,27,224,,,,,,,,,,,,,,,,,,,,0.9981646272368746,,20.439807826631277,148,93.7622949531339,5400,246,,Bug,Dragon,,,5,0,1,0,0,5,12,3,,2,,,Synthetic,8.905483,12.957665
,Unknown,48,69,54,144,115,22,452,,,,,,,,,,,,,,,,,,,,0.6293419989997485,,-0.260662660930901,55,47.172301877754926,6212,34,,Water,Psychic,,,1,0,0,0,0,8,14,3,,3,,,Synthetic,6.044497,9.953286
,Unknown,118,25,143,35,83,86,556,,,,,,,,,,,,,,,,,,,,9.223045338375332,,410.4571882777333,2,7.874446677659027,36053,50,,Steel,None,,,9,0,0,0,0,6,11,2,,1,,,Synthetic,3.2380223,9.46054
,Unknown,61,117,49,70,88,24,452,,,,,,,,,,,,,,,,,,,,0.9061160705203268,,4.7767167105451875,48,5.661439140848558,4906,198,,Grass,Normal,,,5,0,0,0,2,5,9,2,,3,,,Synthetic,7.1372247,7.241621
,Unknown,149,102,128,146,82,58,447,,,,,,,,,,,,,,,,,,,,0.6928835961549944,,473.8560799090015,12,8.24382226819845,16253,-13,,Steel,None,,,7,0,1,0,0,10,0,4,,3,,,Synthetic,3.0087261,8.174064
,Unknown,120,88,110,159,126,56,510,,,,,,,,,,,,,,,,,,,,2.315103243303452,,24.07997121464031,-10,7.441873270758009,8431,-19,,Steel,Dragon,,,8,0,0,0,0,3,9,4,,4,,,Synthetic,4.1948757,8.916723
,Unknown,115,129,70,34,112,95,529,,,,,,,,,,,,,,,,,,,,2.2183819564312284,,269.43400464926435,59,6.973093408154388,11164,118,,Ice,None,,,2,0,0,0,0,5,14,3,,3,,,Synthetic,4.494502,9.910901
,Unknown,132,112,167,137,151,41,446,,,,,,,,,,,,,,,,,,,,1.7973785584061992,,284.358949091266,-27,6.204421916455032,40748,-17,,Psychic,Steel,,,7,0,0,1,0,6,3,5,,1,,,Synthetic,3.1859527,7.9953504
,Unknown,63,23,44,43,53,40,383,,,,,,,,,,,,,,,,,,,,0.9951038285900592,,-14.86991710173968,253,8.272901593186443,5261,41,,Psychic,None,,,5,0,0,0,0,4,12,5,,2,,,Synthetic,9.727311,9.258773
,Unknown,101,55,67,64,120,47,290,,,,,,,,,,,,,,,,,,,,7.294063449963014,,35.48943852992985,95,35.80215446351952,3526,25,,Bug,None,,,3,0,0,0,0,4,10,5,,4,,,Synthetic,3.742603,9.913519
,Unknown,84,103,32,62,89,53,408,,,,,,,,,,,,,,,,,,,,2.1143948932119243,,2.867011155848248,179,6.273793468928039,7057,251,,Normal,Steel,,,5,0,0,0,0,6,11,5,,3,,,Synthetic,7.906805,9.008132
,Unknown,68,73,64,79,104,1,228,,,,,,,,,,,,,,,,,,,,0.849076118020609,,13.44085379788612,48,102.80468712288877,1145,67,,Water,Steel,,,3,0,0,0,0,0,14,3,,3,,,Synthetic,8.213869,13.263801
,Unknown,41,40,52,121,57,84,463,,,,,,,,,,,,,,,,,,,,1.7885924607163286,,7.41869304588006,62,19.60746986409462,6263,48,,Dragon,Ground,,,2,0,0,0,0,-1,12,2,,3,,,Synthetic,7.3019133,10.532158
,Unknown,76,123,44,77,120,62,494,,,,,,,,,,,,,,,,,,,,1.016611662300956,,6.7276719566167795,133,8.458158467842855,24011,51,,Psychic,Grass,,,5,0,0,0,0,4,11,2,,3,,,Synthetic,5.9436316,10.277631
,Unknown,77,91,92,41,74,73,483,,,,,,,,,,,,,,,,,,,,1.5282605781305514,,32.481571575947086,60,29.98725134632254,4179,8,,Grass,None,,,2,0,0,0,1,5,3,5,,3,,,Synthetic,5.657987,7.677171
,Unknown,155,79,165,102,64,96,679,,,,,,,,,,,,,,,,,,,,4.456611885667008,,67.95289660774571,-27,7.893547301837042,36000,-25,,Steel,Fairy,,,7,1,0,0,0,8,10,4,,1,,,Synthetic,3.6422248,8.179203
,Unknown,77,36,21,52,72,1,364,,,,,,,,,,,,,,,,,,,,0.5964576369656347,,29.428109881649625,269,6.929044739894299,3271,55,,Ice,None,,,6,0,0,0,0,-1,11,1,,3,,,Synthetic,9.555035,10.608619
,Unknown,69,67,39,11,73,22,397,,,,,,,,,,,,,,,,,,,,0.7327825931114057,,-22.951254275786788,265,8.127942257805486,362,123,,Normal,None,,,5,0,0,0,0,3,12,1,,2,,,Synthetic,9.61715,10.633352
,Unknown,56,32,15,57,103,-4,290,,,,,,,,,,,,,,,,,,,,1.0312164036024307,,-11.983872947380512,240,8.135178639128897,6702,53,,Electric,None,,,9,0,0,0,1,-1,11,5,,3,,,Synthetic,9.217535,8.368081
,Unknown,37,47,15,33,55,50,289,,,,,,,,,,,,,,,,,,,,0.5693909009320263,,24.88110741827124,225,102.65115848803644,5194,135,,Water,None,,,3,0,0,0,0,5,12,3,,3,,,Synthetic,9.145145,13.067122
,Unknown,96,82,88,137,104,63,573,,,,,,,,,,,,,,,,,,,,0.7512881544741215,,-21.336066665093796,42,7.778441951477033,11231,42,,Fighting,Fairy,,,6,0,1,1,1,4,6,5,,3,,,Synthetic,5.097213,7.7715116
,Unknown,69,79,45,28,83,51,500,,,,,,,,,,,,,,,,,,,,0.9859334759673828,,28.057910037673395,107,103.8599280937382,12615,50,,Electric,None,,,7,0,0,0,0,-1,9,4,,3,,,Synthetic,7.9076233,13.131702
,Unknown,86,48,90,96,78,40,509,,,,,,,,,,,,,,,,,,,,0.3333633314114718,,200.2051011874277,-3,5.750489871971934,7640,33,,Psychic,Flying,,,1,0,0,0,1,2,12,5,,3,,,Synthetic,6.20851,8.246722
,Unknown,60,67,91,97,112,73,436,,,,,,,,,,,,,,,,,,,,1.9644124885461816,,42.9404371883274,-12,4.2874853957942225,27644,14,,Ground,Ground,,,4,1,0,0,0,4,7,4,,1,,,Synthetic,5.898031,8.909537
,Unknown,131,55,49,52,44,47,380,,,,,,,,,,,,,,,,,,,,0.2840822863847816,,-16.456050781196957,45,7.420470344328603,1606,50,,Poison,None,,,5,0,0,0,0,5,11,5,,3,,,Synthetic,7.167371,9.163778
,Unknown,58,93,96,82,134,30,459,,,,,,,,,,,,,,,,,,,,0.4506484558305148,,31.645559148763205,273,6.5035640088509785,5063,178,,Grass,None,,,5,0,0,0,0,2,14,2,,4,,,Synthetic,8.511008,10.415797
,Unknown,91,49,85,50,98,37,452,,,,,,,,,,,,,,,,,,,,0.6452268541925117,,-9.136449395501598,69,8.99605556047524,9846,243,,Water,None,,,3,0,0,0,0,5,12,1,,3,,,Synthetic,7.0299625,10.071631
,Unknown,82,86,103,143,110,64,503,,,,,,,,,,,,,,,,,,,,1.617472480496447,,151.30004731938473,36,8.480470858932893,30284,59,,Dark,None,,,3,0,0,0,2,5,4,3,,1,,,Synthetic,4.597399,7.2150297
,Unknown,54,9,28,41,35,17,511,,,,,,,,,,,,,,,,,,,,0.9114795726533064,,-4.239824067523633,217,71.9923467468699,5457,102,,Fighting,None,,,2,0,0,0,0,1,11,3,,3,,,Synthetic,9.399396,12.942849
,Unknown,49,135,70,51,130,47,451,,,,,,,,,,,,,,,,,,,,0.9497983989665472,,225.6601253659944,274,6.419095199449581,3107,103,,Poison,Flying,,,5,0,0,0,0,0,16,4,,3,,,Synthetic,8.461032,10.3705225
,Unknown,94,126,114,146,111,73,674,,,,,,,,,,,,,,,,,,,,1.6265399960205502,,1.3370029365655114,1,8.555808126318695,29523,9,,Water,Psychic,,,5,0,0,0,0,7,7,3,,1,,,Synthetic,3.7077057,8.558038
,Unknown,65,51,94,44,115,32,472,,,,,,,,,,,,,,,,,,,,1.3769156092857575,,0.5663541161042467,-5,9.40387209629212,5083,69,,Grass,Dragon,,,9,0,0,0,4,2,7,5,,3,,,Synthetic,5.678601,6.5575733
,Unknown,46,57,54,108,67,26,424,,,,,,,,,,,,,,,,,,,,0.3034136211231532,,13.090939514524528,50,4.902620840964773,3511,37,,Water,None,,,5,0,0,0,0,4,12,1,,4,,,Synthetic,7.274278,10.476124
,Unknown,143,63,101,56,86,48,491,,,,,,,,,,,,,,,,,,,,2.394836788718689,,31.18711233440964,40,6.1138255978752465,5912,56,,Psychic,None,,,3,0,0,0,0,4,7,5,,4,,,Synthetic,5.9686766,9.032098
,Unknown,35,110,51,45,100,62,469,,,,,,,,,,,,,,,,,,,,1.0631401753584755,,23.54454687732155,252,108.59235608368697,5336,92,,Water,Ground,,,5,0,0,0,0,6,15,5,,4,,,Synthetic,8.843526,12.958687
,Unknown,119,66,38,88,116,43,402,,,,,,,,,,,,,,,,,,,,0.387013317186185,,174.16334134009966,67,4.869993939826512,5852,68,,Dragon,Ground,,,1,0,0,0,0,4,5,5,,3,,,Synthetic,5.587713,9.0151
,Unknown,95,156,106,84,90,104,591,,,,,,,,,,,,,,,,,,,,2.553922090499673,,-17.85863959264799,44,60.09250697067188,29292,-21,,Rock,Fire,,,5,0,0,0,0,6,5,3,,1,,,Synthetic,6.34987,13.187659
,Unknown,94,32,74,84,130,29,441,,,,,,,,,,,,,,,,,,,,1.927601446333836,,131.76701807039112,59,98.00161049126557,5096,108,,Steel,Ice,,,5,0,0,0,0,3,11,6,,3,,,Synthetic,7.518402,13.03268
,Unknown,68,42,68,27,98,2,310,,,,,,,,,,,,,,,,,,,,8.238514636113976,,-20.00556196768771,253,12.833270227479217,3405,200,,Normal,None,,,3,0,0,0,0,3,12,1,,3,,,Synthetic,9.344783,10.683836
,Unknown,112,141,116,128,116,75,555,,,,,,,,,,,,,,,,,,,,2.3412841725043627,,189.51483732254724,37,7.797090355658051,8379,61,,Psychic,None,,,8,0,0,0,0,5,12,4,,1,,,Synthetic,3.811299,8.995706
,Unknown,61,13,45,20,26,-3,406,,,,,,,,,,,,,,,,,,,,0.9110814828972968,,-13.59465983769344,205,8.81925340777056,4844,182,,Ground,Steel,,,5,0,0,0,1,4,12,5,,4,,,Synthetic,9.743543,9.100624
,Unknown,97,108,127,148,109,32,574,,,,,,,,,,,,,,,,,,,,4.63347479628038,,175.5685130253185,42,2.4885738990601336,37948,41,,Bug,Ice,,,1,0,0,0,0,5,5,4,,2,,,Synthetic,3.5773833,8.802457
,Unknown,48,47,82,27,47,29,354,,,,,,,,,,,,,,,,,,,,0.7658624705517574,,-10.754151482785597,39,97.86444739732092,3076,195,,Normal,None,,,5,0,0,0,2,3,12,2,,3,,,Synthetic,8.12695,13.500512
,Unknown,27,77,27,32,73,57,257,,,,,,,,,,,,,,,,,,,,0.3095812650401907,,24.95461463988684,258,22.81324853927229,10271,61,,Normal,None,,,1,0,0,0,0,4,11,1,,4,,,Synthetic,10.539009,9.891921
,Unknown,170,105,141,88,90,23,488,,,,,,,,,,,,,,,,,,,,0.7376127030389604,,28.769477593311457,6,7.123367092933614,1123,92,,Dark,Grass,,,2,0,1,0,0,7,0,3,,4,,,Synthetic,4.3728,8.327204
,Unknown,34,18,66,53,68,41,427,,,,,,,,,,,,,,,,,,,,0.481102647348023,,-17.361299606895898,237,63.66869304293715,2743,279,,Bug,Ghost,,,8,0,0,0,0,2,12,2,,3,,,Synthetic,9.4143505,12.818642
,Unknown,85,113,31,13,65,79,374,,,,,,,,,,,,,,,,,,,,1.0180924093493489,,-17.458975768489644,39,8.690475508815563,667,189,,Normal,Fairy,,,8,0,0,0,0,3,11,3,,3,,,Synthetic,6.927249,9.704087
,Unknown,99,134,171,110,61,83,470,,,,,,,,,,,,,,,,,,,,1.3492954478091188,,81.55328360229701,42,7.1196534587628175,9136,-15,,Ghost,Flying,,,4,0,0,0,0,3,8,0,,1,,,Synthetic,4.660323,9.118778
,Unknown,118,54,62,55,66,29,421,,,,,,,,,,,,,,,,,,,,1.0292674989865316,,35.402228354076705,97,7.313206201592752,2398,246,,Rock,Psychic,,,3,0,0,0,0,4,7,1,,3,,,Synthetic,6.987042,9.722631
,Unknown,88,17,27,32,136,46,442,,,,,,,,,,,,,,,,,,,,2.4423716220396288,,111.14758932172468,271,7.033818801408577,5096,84,,Water,None,,,8,0,0,0,0,2,10,2,,3,,,Synthetic,9.363368,10.576499
,Unknown,124,55,61,117,113,68,626,,,,,,,,,,,,,,,,,,,,2.4441177482289698,,323.4851562555313,60,8.257406382660692,4456,50,,Grass,None,,,3,0,0,0,0,2,3,5,,3,,,Synthetic,4.3163967,8.986899
,Unknown,67,128,36,54,87,0,334,,,,,,,,,,,,,,,,,,,,0.8439468003145211,,16.491202180025013,172,96.51761048835102,4581,88,,Water,None,,,1,0,0,0,0,5,12,1,,3,,,Synthetic,9.0761795,12.706214
,Unknown,81,35,94,72,66,23,381,,,,,,,,,,,,,,,,,,,,2.2295678600179607,,19.14329561110247,48,40.32259419472642,13377,86,,Fighting,Dark,,,9,0,0,0,1,2,12,4,,3,,,Synthetic,7.7543473,10.83445
,Unknown,131,56,34,92,79,47,504,,,,,,,,,,,,,,,,,,,,0.6470097934380955,,16.94184888309264,37,4.474340006768604,4722,49,,Ghost,Psychic,,,8,0,0,0,0,3,7,5,,3,,,Synthetic,5.889461,9.130146
,Unknown,92,86,80,79,121,73,546,,,,,,,,,,,,,,,,,,,,1.9224682614100663,,10.34218336619173,121,6.306011200695206,612,47,,Rock,None,,,5,0,0,0,0,4,9,5,,4,,,Synthetic,5.799375,9.1987505
,Unknown,79,128,90,106,87,55,587,,,,,,,,,,,,,,,,,,,,1.9148932703988384,,289.5221901208877,39,8.256048287050657,31651,27,,Normal,None,,,7,0,0,0,0,9,7,5,,1,,,Synthetic,3.4668486,8.498595
,Unknown,74,31,38,41,98,-11,221,,,,,,,,,,,,,,,,,,,,1.0958353533106011,,37.137289504841085,134,7.2342860597735825,1301,78,,Steel,None,,,1,0,0,0,0,3,11,3,,3,,,Synthetic,9.456968,9.784627
,Unknown,52,35,56,95,115,-12,448,,,,,,,,,,,,,,,,,,,,1.117261736161846,,15.02543635941534,143,60.92344325124176,5314,82,,Grass,Ghost,,,4,0,0,0,0,0,9,5,,3,,,Synthetic,8.277061,12.932071
,Unknown,61,104,96,110,111,7,462,,,,,,,,,,,,,,,,,,,,1.6750704159882286,,83.44538076194573,144,96.26384326250005,5198,73,,Ground,Normal,,,7,0,0,0,2,7,14,5,,3,,,Synthetic,6.5189347,12.820917
,Unknown,136,63,118,147,119,73,571,,,,,,,,,,,,,,,,,,,,5.361691399843705,,238.4319022593589,49,8.279925502892215,37563,36,,Grass,None,,,8,0,0,0,0,2,2,5,,1,,,Synthetic,3.7510896,8.873002
,Unknown,47,27,44,9,73,50,330,,,,,,,,,,,,,,,,,,,,0.7430172211203963,,-15.140700986082296,250,57.832301800542446,5673,248,,Bug,None,,,7,0,0,0,0,2,13,2,,3,,,Synthetic,9.53007,12.679369
,Unknown,46,54,26,37,62,32,242,,,,,,,,,,,,,,,,,,,,0.8498501388843633,,-0.3766280131316346,25,8.305306386114273,4722,219,,Dragon,None,,,2,0,0,0,0,1,12,2,,4,,,Synthetic,8.791478,9.428421
,Unknown,116,126,58,160,114,73,468,,,,,,,,,,,,,,,,,,,,1.889242854391762,,416.1360764600073,15,8.713261941311979,32998,45,,Dark,None,,,9,1,1,0,0,7,9,7,,1,,,Synthetic,3.1414337,8.441958
,Unknown,71,33,55,33,32,12,243,,,,,,,,,,,,,,,,,,,,1.0139810425134177,,5.507557852752697,221,7.146146659615589,5567,76,,Normal,Ghost,,,4,0,0,0,0,6,12,3,,3,,,Synthetic,10.110964,9.268143
,Unknown,67,100,82,55,65,37,501,,,,,,,,,,,,,,,,,,,,0.9140377740695198,,141.30973615915036,197,7.639468286113502,5427,170,,Water,None,,,2,0,0,0,0,0,9,3,,4,,,Synthetic,8.632463,10.175985
,Unknown,67,79,52,77,58,48,432,,,,,,,,,,,,,,,,,,,,0.2901944946444932,,1.0585492187001933,51,38.57561129748197,1159,194,,Rock,None,,,3,0,0,0,1,4,9,5,,3,,,Synthetic,6.675824,7.8161798
,Unknown,91,58,32,37,90,30,512,,,,,,,,,,,,,,,,,,,,1.042131082903632,,28.0072320461413,45,7.175094194775884,3508,31,,Rock,Poison,,,3,0,0,1,0,3,5,2,,4,,,Synthetic,7.1358194,9.804756
,Unknown,32,37,42,71,89,75,354,,,,,,,,,,,,,,,,,,,,0.9695296848417287,,-3.688322373864521,61,8.588876749489739,5028,59,,Fighting,None,,,9,0,0,0,1,0,9,2,,2,,,Synthetic,8.299627,7.406492
,Unknown,149,108,138,104,104,48,496,,,,,,,,,,,,,,,,,,,,0.9529723979855926,,63.37079031851866,-21,6.231189751229791,5069,51,,Steel,Flying,,,2,0,0,0,1,4,5,2,,7,,,Synthetic,4.574934,7.7772183
,Unknown,69,17,47,25,107,16,427,,,,,,,,,,,,,,,,,,,,0.3174465551535159,,30.12791634554905,268,7.469870856800798,4809,102,,Water,Dragon,,,5,0,0,0,0,2,12,2,,3,,,Synthetic,9.459388,10.624467
,Unknown,191,53,84,89,84,30,270,,,,,,,,,,,,,,,,,,,,0.5435688787649984,,-31.40232589281629,46,2.2648606114156777,3795,74,,Grass,None,,,7,0,0,0,0,3,10,3,,3,,,Synthetic,6.529848,9.450725
,Unknown,62,26,53,83,68,35,415,,,,,,,,,,,,,,,,,,,,0.1323507046960471,,-0.1630820791156058,218,4.611139355317993,6132,66,,Normal,None,,,6,0,0,0,0,4,10,2,,3,,,Synthetic,9.782037,10.232986
,Unknown,44,42,49,111,82,18,506,,,,,,,,,,,,,,,,,,,,1.4789723539555482,,158.62770209661093,44,6.040261535344345,5235,42,,Grass,None,,,2,0,0,0,1,0,12,6,,3,,,Synthetic,6.491646,8.106615
,Unknown,76,163,101,36,116,74,494,,,,,,,,,,,,,,,,,,,,2.2349896927693504,,430.8046529115411,61,8.733296579236178,4871,35,,Ground,None,,,3,0,0,0,1,5,6,4,,3,,,Synthetic,2.8911672,8.579047
,Unknown,106,55,155,142,113,81,549,,,,,,,,,,,,,,,,,,,,1.304706200374925,,123.82863633279382,35,7.647270014214113,4761,70,,Bug,Fire,,,9,0,0,0,0,9,5,4,,3,,,Synthetic,3.62652,7.9465933
,Unknown,43,75,26,36,72,21,369,,,,,,,,,,,,,,,,,,,,0.5324196221764853,,0.768851027731106,222,92.8266733792633,5078,69,,Water,None,,,5,0,0,0,0,4,12,2,,3,,,Synthetic,9.183574,12.8159
,Unknown,58,19,58,59,105,46,522,,,,,,,,,,,,,,,,,,,,0.9101773360979052,,-26.60039145135173,47,2.5418399245514416,6138,129,,Water,None,,,6,0,0,0,0,0,9,3,,3,,,Synthetic,7.2183065,10.068227
,Unknown,117,49,38,85,83,21,361,,,,,,,,,,,,,,,,,,,,1.9699960303099855,,-4.10386342567053,210,7.452019795433537,3421,40,,Grass,None,,,9,0,0,0,0,2,11,2,,4,,,Synthetic,8.967642,10.510082
,Unknown,133,149,95,92,76,69,499,,,,,,,,,,,,,,,,,,,,1.899117201717264,,299.30837218169904,41,8.75439816922949,24672,18,,Psychic,Fairy,,,5,0,1,0,2,6,5,1,,1,,,Synthetic,4.2940235,7.152763
,Unknown,42,22,45,21,90,73,414,,,,,,,,,,,,,,,,,,,,1.12367147511527,,-5.534614652293053,225,5.93126323659143,5435,193,,Grass,None,,,5,0,0,0,0,5,9,3,,3,,,Synthetic,9.53177,9.930197
,Unknown,69,125,27,35,59,21,260,,,,,,,,,,,,,,,,,,,,0.4766183288709826,,22.869163436311336,245,6.781573214758584,5646,110,,Poison,None,,,2,0,0,0,0,3,12,7,,3,,,Synthetic,8.975572,8.774794
,Unknown,132,55,59,93,115,10,416,,,,,,,,,,,,,,,,,,,,2.220559067493588,,33.124903134751236,66,61.428185461956275,5024,52,,Bug,Poison,,,7,0,0,0,0,3,5,2,,4,,,Synthetic,6.8436995,11.502574
,Unknown,27,135,21,138,102,67,602,,,,,,,,,,,,,,,,,,,,1.2375493184988409,,40.624429408173526,47,6.966199421971562,2875,58,,Dragon,Dragon,,,8,0,0,1,1,5,5,5,,2,,,Synthetic,4.778969,7.6065927
,Unknown,41,71,118,34,63,99,493,,,,,,,,,,,,,,,,,,,,0.9743043321216608,,19.751765037033262,37,8.278513428006347,3230,67,,Water,None,,,3,0,0,0,1,4,5,5,,3,,,Synthetic,5.757194,7.4230595
,Unknown,113,79,48,64,105,54,499,,,,,,,,,,,,,,,,,,,,1.0789853783902132,,-10.05974049737985,230,26.298030851477904,4706,182,,Fighting,Dark,,,8,0,0,0,0,1,10,3,,3,,,Synthetic,8.501033,10.522269
,Unknown,73,48,73,45,77,46,540,,,,,,,,,,,,,,,,,,,,0.8959852368947447,,18.897615357321463,281,105.33774300872162,4262,141,,Ice,None,,,4,0,0,0,0,3,12,5,,3,,,Synthetic,9.054241,12.705612
,Unknown,56,78,16,49,85,5,455,,,,,,,,,,,,,,,,,,,,0.9394688241869832,,-21.51440983828788,273,68.39450976702592,4415,76,,Water,None,,,3,0,0,0,0,0,11,5,,3,,,Synthetic,9.176162,12.438158
,Unknown,113,98,47,85,100,17,340,,,,,,,,,,,,,,,,,,,,0.5639448254810502,,-12.01113548618793,238,57.26556072427188,4532,79,,Ground,None,,,3,0,0,0,1,4,9,3,,2,,,Synthetic,7.8220034,8.396156
,Unknown,60,68,9,19,110,8,345,,,,,,,,,,,,,,,,,,,,0.932232322032994,,31.72299947826214,36,6.095830113232753,1974,52,,Water,Poison,,,2,0,0,0,1,4,16,4,,1,,,Synthetic,8.118155,8.529258
,Unknown,107,125,169,168,140,53,516,,,,,,,,,,,,,,,,,,,,1.9866425105821404,,7.135559457663162,6,7.437858418556079,29029,53,,Rock,Ghost,,,9,1,1,0,2,0,8,4,,1,,,Synthetic,4.521296,7.428026
,Unknown,114,100,72,67,86,59,508,,,,,,,,,,,,,,,,,,,,0.6974136929713034,,42.725453806371746,252,4.784892165991218,6001,94,,Fire,Steel,,,4,0,0,0,0,5,11,1,,4,,,Synthetic,7.8247366,10.17196
,Unknown,70,61,54,68,102,65,411,,,,,,,,,,,,,,,,,,,,0.6926107069195147,,-7.716804539135312,170,6.523701006412594,1389,135,,Ice,Rock,,,7,0,0,0,0,4,8,3,,3,,,Synthetic,7.912787,9.897454
,Unknown,124,69,81,47,78,99,425,,,,,,,,,,,,,,,,,,,,0.4820876078468884,,83.79043279251563,45,6.7031917172025075,5571,196,,Psychic,Ghost,,,8,0,0,0,0,6,10,3,,3,,,Synthetic,6.1546807,9.89335
,Unknown,93,118,68,117,94,84,487,,,,,,,,,,,,,,,,,,,,2.1293910585048237,,124.41895212462536,21,8.656219628700017,26665,-27,,Ice,Psychic,,,3,0,0,1,0,5,10,4,,1,,,Synthetic,4.440216,9.001052
,Unknown,68,154,112,122,96,61,540,,,,,,,,,,,,,,,,,,,,1.211266395350758,,39.72094010961638,221,3.2737820877684345,5674,-25,,Dark,None,,,2,0,0,0,0,1,9,4,,3,,,Synthetic,7.774138,9.478914
,Unknown,108,31,120,68,94,138,458,,,,,,,,,,,,,,,,,,,,1.0656712858901745,,1040.9329717722044,3,8.01037941477607,25230,21,,Fire,Steel,,,7,0,0,0,0,3,8,1,,1,,,Synthetic,2.3106086,8.682406
,Unknown,81,96,74,38,108,34,712,,,,,,,,,,,,,,,,,,,,0.6752680916343127,,-0.4851126546721112,27,5.240685687954822,4211,-3,,Water,Fighting,,,5,0,0,0,0,8,9,6,,3,,,Synthetic,5.231504,8.705559
,Unknown,112,100,190,123,64,139,494,,,,,,,,,,,,,,,,,,,,3.974997685062767,,187.4244313428026,7,8.419079482006932,39129,18,,Psychic,Dragon,,,7,1,0,0,0,8,2,7,,1,,,Synthetic,3.5127885,7.9267917
,Unknown,86,49,25,21,124,18,512,,,,,,,,,,,,,,,,,,,,2.392309712861886,,56.4669139506647,55,8.102010671120418,2791,214,,Grass,Poison,,,3,0,0,0,0,4,9,3,,3,,,Synthetic,7.2358766,9.86956
,Unknown,135,137,154,151,95,45,498,,,,,,,,,,,,,,,,,,,,4.448566130903163,,172.76545703527714,224,7.458434141295736,4933,54,,Psychic,Fire,,,9,0,0,0,2,3,14,2,,1,,,Synthetic,5.3928127,6.42319
,Unknown,130,5,125,105,144,118,482,,,,,,,,,,,,,,,,,,,,0.4994934740724855,,9.727307307381324,37,6.945921015934695,3788,29,,Water,Ghost,,,6,0,0,0,1,3,13,2,,3,,,Synthetic,6.0979667,7.0158935
,Unknown,87,90,83,161,143,81,684,,,,,,,,,,,,,,,,,,,,1.6635161138834529,,462.1934866806662,30,6.759585130009252,34871,36,,Water,Flying,,,7,0,0,0,0,5,5,7,,1,,,Synthetic,3.1641748,8.739128
,Unknown,113,86,152,102,44,112,482,,,,,,,,,,,,,,,,,,,,1.6252036614411671,,80.77536081971866,-12,7.9023149144264835,30327,13,,Dragon,Psychic,,,9,0,0,0,0,6,8,2,,1,,,Synthetic,4.070252,8.581667
,Unknown,69,111,69,58,76,19,284,,,,,,,,,,,,,,,,,,,,20.354090534802687,,51.97228761288226,47,5.2160173024613705,4714,76,,Ice,Dark,,,4,0,0,0,1,4,7,5,,2,,,Synthetic,3.062482,9.743533
,Unknown,116,140,123,117,132,51,568,,,,,,,,,,,,,,,,,,,,2.261221543740859,,343.7220896409509,40,7.76114819742036,5229,-7,,Water,None,,,7,0,0,0,0,9,5,4,,1,,,Synthetic,3.0035396,8.333797
,Unknown,66,50,204,130,122,86,488,,,,,,,,,,,,,,,,,,,,1.6892031765745712,,31.98310283743681,35,8.313989010056657,5411,57,,Bug,Poison,,,9,0,0,0,0,2,10,2,,3,,,Synthetic,5.767248,10.004633
,Unknown,64,14,29,66,48,1,466,,,,,,,,,,,,,,,,,,,,0.7236596214362699,,-13.701202616735012,139,5.91698758443854,4665,153,,Psychic,Psychic,,,1,0,0,0,0,4,12,1,,3,,,Synthetic,9.728672,10.145747
,Unknown,39,37,21,106,56,77,560,,,,,,,,,,,,,,,,,,,,1.15759940284856,,-16.869825200097893,262,7.248357997584968,5230,30,,Bug,None,,,5,0,0,0,0,5,9,5,,3,,,Synthetic,8.948972,9.775745
,Unknown,104,104,145,159,77,81,481,,,,,,,,,,,,,,,,,,,,2.774091886909334,,128.1801599763806,39,9.187524433022077,13213,52,,Normal,Steel,,,9,0,0,0,1,5,7,4,,3,,,Synthetic,3.9100597,7.663329
,Unknown,91,57,99,153,121,55,598,,,,,,,,,,,,,,,,,,,,2.4067462987428847,,65.67540381791167,46,7.422528304219709,41772,75,,Electric,Fighting,,,4,0,0,0,0,6,5,5,,3,,,Synthetic,4.4093647,8.43938
,Unknown,31,59,53,38,52,26,318,,,,,,,,,,,,,,,,,,,,0.5227466492137706,,7.729301837911429,234,90.74674020045988,2188,128,,Bug,None,,,2,0,0,0,0,4,11,3,,3,,,Synthetic,9.191149,13.029307
,Unknown,106,42,78,91,55,67,483,,,,,,,,,,,,,,,,,,,,0.9911850491953024,,-15.929039812770124,53,7.535587466764724,4386,241,,Water,None,,,5,0,0,0,0,0,11,3,,3,,,Synthetic,6.720169,10.559294
,Unknown,104,94,46,83,63,5,554,,,,,,,,,,,,,,,,,,,,2.2862295941522044,,-0.7326754318395654,56,4.23791914110408,2371,315,,Poison,Rock,,,6,0,0,0,0,2,15,2,,3,,,Synthetic,6.707291,10.531649
,Unknown,170,110,118,127,127,124,753,,,,,,,,,,,,,,,,,,,,3.518849854866714,,112.32888045270712,6,4.9807700508741775,27658,25,,Dragon,Fighting,,,9,1,0,0,0,3,5,7,,1,,,Synthetic,3.626212,8.630648
,Unknown,152,109,72,38,122,45,578,,,,,,,,,,,,,,,,,,,,23.609637812841346,,91.8476103893189,104,6.792161479412133,4403,27,,Poison,Grass,,,4,0,0,0,1,3,1,4,,4,,,Synthetic,3.0391068,9.735598
,Unknown,132,55,126,73,127,114,630,,,,,,,,,,,,,,,,,,,,2.1790330761581815,,86.01311903269959,50,5.849888832245689,30398,50,,Water,None,,,2,0,0,0,2,10,13,4,,3,,,Synthetic,5.051967,7.324698
,Unknown,89,123,147,104,116,137,512,,,,,,,,,,,,,,,,,,,,2.3539433942093217,,131.3521047142356,-4,8.405463496802044,37635,42,,Psychic,Psychic,,,2,0,0,1,1,7,4,5,,1,,,Synthetic,3.8888211,7.9010663
,Unknown,52,19,74,74,80,22,256,,,,,,,,,,,,,,,,,,,,0.4968987828560234,,-27.02719020806319,244,7.68518500013395,2989,243,,Ice,None,,,5,0,0,0,0,1,12,5,,3,,,Synthetic,9.818742,9.343668
,Unknown,88,95,50,71,72,17,423,,,,,,,,,,,,,,,,,,,,1.108107018723642,,-0.7070074823360084,101,5.809462159037756,5312,38,,Fairy,Fire,,,4,0,0,0,0,5,13,1,,4,,,Synthetic,6.8489394,10.520467
,Unknown,105,33,41,26,76,25,346,,,,,,,,,,,,,,,,,,,,1.0019434822949145,,5.5564150495052615,37,7.842184585263583,3298,185,,Water,Poison,,,3,0,0,0,0,2,9,2,,2,,,Synthetic,7.551264,9.746762
,Unknown,61,78,91,146,156,121,588,,,,,,,,,,,,,,,,,,,,2.3964631508954226,,105.0511008564592,4,7.865027868273907,24331,16,,Ice,None,,,1,1,0,0,1,5,8,3,,1,,,Synthetic,4.857179,7.643983
,Unknown,92,33,72,163,108,61,412,,,,,,,,,,,,,,,,,,,,3.411325173119461,,839.5541057676584,10,7.892610129728976,24974,6,,Water,Ground,,,7,1,0,0,1,8,14,4,,1,,,Synthetic,2.4281979,8.682239
,Unknown,114,105,118,118,111,82,712,,,,,,,,,,,,,,,,,,,,3.763754185700397,,200.9170838819628,6,7.685785950263297,4794,23,,Dark,None,,,7,1,0,0,0,7,4,5,,1,,,Synthetic,3.335776,8.608928
,Unknown,127,85,165,118,90,135,627,,,,,,,,,,,,,,,,,,,,2.5499560209002894,,358.12499475234756,-21,7.918629002051562,39115,-18,,Fire,Psychic,,,4,0,0,0,0,6,1,0,,1,,,Synthetic,3.233529,8.058936
,Unknown,62,101,31,56,41,6,352,,,,,,,,,,,,,,,,,,,,1.1293163049256203,,-3.774041505173797,133,7.5239336856611025,5679,56,,Rock,None,,,6,0,0,0,2,3,15,2,,3,,,Synthetic,8.492671,6.613677
,Unknown,113,112,138,97,80,63,446,,,,,,,,,,,,,,,,,,,,2.8483009092419027,,14.421546352372845,14,8.448240063032479,27058,47,,Psychic,Dragon,,,7,0,1,0,1,6,2,4,,1,,,Synthetic,4.0998087,7.6724567
,Unknown,66,98,51,107,101,-6,440,,,,,,,,,,,,,,,,,,,,1.0062010592342934,,-12.218317399955296,96,7.36238333174262,4821,45,,Ghost,Water,,,1,0,0,0,0,4,12,5,,3,,,Synthetic,7.1230187,9.4301605
,Unknown,40,63,88,49,81,17,362,,,,,,,,,,,,,,,,,,,,0.6361588037439149,,-6.779186028466954,75,6.478045736886976,4882,256,,Grass,None,,,8,0,0,0,0,5,14,3,,3,,,Synthetic,7.716638,9.772457
,Unknown,53,70,70,109,93,24,335,,,,,,,,,,,,,,,,,,,,0.0185362280816641,,7.103128442335902,183,3.3846867392369804,5150,212,,Water,Poison,,,5,0,0,0,0,5,15,1,,3,,,Synthetic,7.6249895,10.535541
,Unknown,70,103,88,57,95,45,481,,,,,,,,,,,,,,,,,,,,2.115621563693127,,-16.330685157785375,42,6.2839855027270755,4486,55,,Ghost,Steel,,,1,0,0,0,0,10,8,6,,3,,,Synthetic,5.180066,8.611534
,Unknown,172,109,90,74,113,46,418,,,,,,,,,,,,,,,,,,,,0.7531108419505017,,75.01513281118264,76,6.663127753144549,5177,-17,,Normal,Ice,,,8,0,0,0,0,2,3,5,,1,,,Synthetic,5.6077304,9.0636215
,Unknown,132,40,72,25,70,8,320,,,,,,,,,,,,,,,,,,,,0.9707611669052336,,5.26383260369013,276,7.61275801966217,5213,55,,Grass,None,,,5,0,0,0,0,4,12,5,,3,,,Synthetic,9.650008,9.190052
,Unknown,122,77,121,100,117,117,614,,,,,,,,,,,,,,,,,,,,2.6451021819760276,,86.64690652428712,-1,8.591764927870573,8530,27,,Ghost,None,,,7,0,0,0,2,6,10,3,,3,,,Synthetic,5.0855756,7.154805
,Unknown,72,64,34,30,150,5,365,,,,,,,,,,,,,,,,,,,,0.9882745279127604,,-9.576419045683886,188,51.54652179491901,2743,77,,Normal,None,,,2,0,0,0,0,4,12,1,,8,,,Synthetic,9.087824,11.984108
,Unknown,68,107,58,172,143,102,381,,,,,,,,,,,,,,,,,,,,1.8088702189652104,,567.9087671234555,47,9.233533726202488,9527,39,,Water,None,,,7,0,0,0,0,7,5,1,,3,,,Synthetic,3.0007405,8.733676
,Unknown,69,29,53,85,53,3,288,,,,,,,,,,,,,,,,,,,,0.6581402092331572,,-18.279862695733343,205,34.28512106939301,4849,190,,Normal,None,,,1,0,0,0,0,0,13,1,,3,,,Synthetic,9.936159,10.164234
,Unknown,97,83,7,57,27,-13,168,,,,,,,,,,,,,,,,,,,,0.7887229325950381,,18.0696330253994,248,84.51199942368319,8523,32,,Ground,Fighting,,,6,0,0,0,0,-1,12,3,,3,,,Synthetic,9.133828,12.882082
,Unknown,116,52,42,83,111,83,405,,,,,,,,,,,,,,,,,,,,1.985585275823843,,116.23257736057266,57,7.764363122694265,3444,39,,Ghost,None,,,7,0,0,0,0,3,14,0,,3,,,Synthetic,6.2741446,10.542601
,Unknown,71,102,67,49,93,112,411,,,,,,,,,,,,,,,,,,,,1.0849791474864656,,30.694226532883143,49,6.942452703900567,8005,50,,Fairy,Dark,,,7,0,0,0,2,8,8,3,,1,,,Synthetic,4.6382437,6.333919
,Unknown,56,53,39,16,70,26,396,,,,,,,,,,,,,,,,,,,,0.8691158554489278,,3.5231352715001787,233,6.151110347037362,3116,89,,Normal,None,,,2,0,0,0,0,0,11,2,,3,,,Synthetic,9.4862175,10.566685
,Unknown,21,54,117,162,128,67,459,,,,,,,,,,,,,,,,,,,,2.157284704139745,,191.5237107041563,6,67.4830998392172,10526,48,,Water,None,,,7,0,0,0,1,2,6,5,,3,,,Synthetic,6.320413,12.550651
,Unknown,138,72,106,96,82,31,542,,,,,,,,,,,,,,,,,,,,2.5190840595159028,,309.5635228429297,76,5.751508300117557,5679,44,,Normal,Fire,,,7,0,0,0,0,2,13,0,,1,,,Synthetic,5.9776673,10.337823
,Unknown,70,104,114,106,86,82,552,,,,,,,,,,,,,,,,,,,,6.595901748404276,,521.1904882617014,-3,8.091396565324182,38429,50,,Psychic,Poison,,,1,0,0,1,0,4,8,3,,1,,,Synthetic,2.7960486,8.862469
,Unknown,122,137,81,73,126,129,518,,,,,,,,,,,,,,,,,,,,2.160313574652136,,111.62862154905751,51,6.939319465349929,9387,83,,Psychic,None,,,6,0,0,0,1,2,9,3,,1,,,Synthetic,5.591384,6.874037
,Unknown,78,43,144,143,89,39,495,,,,,,,,,,,,,,,,,,,,1.9495241660554177,,91.87112259107188,53,7.584293713870098,10889,62,,Bug,None,,,5,0,0,0,0,3,6,1,,3,,,Synthetic,5.9045405,9.901637
,Unknown,82,75,33,32,78,16,468,,,,,,,,,,,,,,,,,,,,0.8929343121300294,,89.25977906908837,48,3.69416464848368,1797,40,,Bug,Electric,,,1,0,0,0,0,3,5,1,,7,,,Synthetic,7.1169195,9.775198
,Unknown,59,118,56,110,92,73,549,,,,,,,,,,,,,,,,,,,,0.2957521461452176,,-29.968581928600145,101,2.402025396791213,3314,195,,Ghost,Steel,,,5,0,0,0,0,4,16,3,,3,,,Synthetic,5.7418613,10.594651
,Unknown,157,43,13,38,77,34,569,,,,,,,,,,,,,,,,,,,,1.293934461119434,,27.98262845747245,224,59.878137309844064,2065,61,,Fairy,Ghost,,,6,0,0,0,0,3,11,5,,1,,,Synthetic,8.574509,10.835381
,Unknown,40,15,38,51,74,21,312,,,,,,,,,,,,,,,,,,,,1.1938440317838437,,-5.2607387621174855,135,105.52757884087126,5186,198,,Grass,None,,,1,0,0,0,0,3,12,4,,3,,,Synthetic,8.6983185,13.401987
,Unknown,160,51,19,74,96,-4,429,,,,,,,,,,,,,,,,,,,,2.152838478969396,,-25.805753917263843,61,8.243335306220729,6743,49,,Bug,Fire,,,9,0,0,0,1,3,12,2,,9,,,Synthetic,6.97996,8.422629
,Unknown,81,86,73,34,53,23,340,,,,,,,,,,,,,,,,,,,,0.716380082908804,,28.58434752742951,234,85.90113080763115,5725,108,,Bug,None,,,1,0,0,0,0,5,12,3,,2,,,Synthetic,8.97362,12.827932
,Unknown,123,39,141,135,103,80,449,,,,,,,,,,,,,,,,,,,,1.39979960767973,,12.232480375495491,47,86.3226586379174,9586,27,,Psychic,Ice,,,1,0,0,0,0,7,12,5,,3,,,Synthetic,6.5526447,13.019802
,Unknown,191,78,204,130,90,31,432,,,,,,,,,,,,,,,,,,,,0.3169433065115847,,233.45315671543025,20,5.427277293521425,11455,55,,Normal,Grass,,,1,0,0,0,1,3,2,7,,3,,,Synthetic,3.302438,7.781282
,Unknown,103,150,86,120,56,102,460,,,,,,,,,,,,,,,,,,,,1.5893364369152718,,18.228126796867997,52,17.699963851225323,6212,10,,Psychic,Fire,,,5,0,0,0,0,1,5,3,,3,,,Synthetic,5.232221,9.611163
,Unknown,83,116,71,57,142,60,438,,,,,,,,,,,,,,,,,,,,1.9724298337330073,,-7.477586111486119,55,7.97978551170289,4360,38,,Poison,Fairy,,,7,0,0,0,0,6,14,3,,3,,,Synthetic,5.8843036,10.177949
,Unknown,130,82,125,185,68,52,528,,,,,,,,,,,,,,,,,,,,0.6346340782056821,,34.603660105449634,6,85.7242030993492,34868,-25,,Fire,Dragon,,,5,0,1,0,2,8,4,6,,3,,,Synthetic,6.211231,12.739501
,Unknown,136,142,122,138,108,80,410,,,,,,,,,,,,,,,,,,,,3.6362177000486833,,15.364319760348224,46,7.16845503097232,29772,-19,,Fire,Fire,,,4,0,0,0,0,8,7,4,,10,,,Synthetic,3.5475645,8.282926
,Unknown,80,150,162,108,123,120,623,,,,,,,,,,,,,,,,,,,,2.125738476883458,,55.90472537439295,-3,6.553006441399086,36296,10,,Dragon,Flying,,,6,0,0,1,1,2,3,5,,1,,,Synthetic,4.2135196,7.9094095
,Unknown,130,70,158,156,106,76,328,,,,,,,,,,,,,,,,,,,,2.4329811300170108,,146.10751467026518,23,7.903804512740408,22170,-25,,Bug,Psychic,,,7,0,0,0,0,6,5,7,,1,,,Synthetic,3.4403417,7.873299
,Unknown,96,80,75,38,47,20,505,,,,,,,,,,,,,,,,,,,,0.9926274477844818,,-8.52673324477937,48,6.391446325271144,4789,35,,Bug,None,,,3,0,0,0,1,2,9,3,,3,,,Synthetic,7.2948833,7.6363115
,Unknown,55,90,56,27,80,6,426,,,,,,,,,,,,,,,,,,,,1.1241529437182058,,-1.150529514284136,81,8.09359593369054,4928,97,,Rock,None,,,3,0,0,0,0,2,3,5,,3,,,Synthetic,7.625958,8.80398
,Unknown,100,68,76,154,78,90,608,,,,,,,,,,,,,,,,,,,,0.9100753018735948,,-32.28924772237514,-3,6.21967508161096,31700,-29,,Steel,Fighting,,,7,1,0,0,2,6,7,6,,1,,,Synthetic,4.80235,7.130003
,Unknown,152,42,130,165,73,74,571,,,,,,,,,,,,,,,,,,,,0.6743785108650686,,164.4423830846008,93,5.0639175456739265,23723,-6,,Water,None,,,4,0,1,0,0,6,5,6,,1,,,Synthetic,3.7079413,7.978969
,Unknown,116,103,61,29,68,33,450,,,,,,,,,,,,,,,,,,,,0.8737282876899549,,43.23949141286989,272,6.6471224671745635,4682,61,,Ice,None,,,5,0,0,0,0,5,6,3,,3,,,Synthetic,8.204118,10.020588
,Unknown,57,41,65,86,108,26,519,,,,,,,,,,,,,,,,,,,,2.8695883468575025,,-4.09240500323032,59,4.077004048609954,6265,83,,Normal,None,,,1,0,0,0,0,4,12,3,,3,,,Synthetic,6.8230133,10.037269
,Unknown,72,78,18,59,80,27,474,,,,,,,,,,,,,,,,,,,,0.7307883411783785,,24.014311133942105,49,31.1773811845761,2787,30,,Ghost,None,,,4,0,0,0,0,4,9,4,,2,,,Synthetic,7.327649,9.501202
,Unknown,66,13,15,70,86,-4,374,,,,,,,,,,,,,,,,,,,,0.7478998356877007,,-10.718259682980184,93,8.176680375653506,3590,239,,Fairy,None,,,5,0,0,0,0,2,12,3,,3,,,Synthetic,9.408431,9.858677
,Unknown,63,74,47,114,104,53,485,,,,,,,,,,,,,,,,,,,,0.7728043868145152,,62.90449558222417,63,7.210082240600857,8597,31,,Rock,Dark,,,7,0,0,0,2,4,6,3,,1,,,Synthetic,5.1812525,7.0488787
,Unknown,143,86,13,58,126,66,507,,,,,,,,,,,,,,,,,,,,3.588324100596002,,29.982862880772448,4,6.685075927684622,9526,104,,Flying,Bug,,,2,0,0,0,1,5,9,5,,3,,,Synthetic,5.7927537,8.730961
,Unknown,112,6,79,69,133,93,646,,,,,,,,,,,,,,,,,,,,2.21773727282235,,136.18709344081867,50,8.458958969018495,7413,84,,Water,Ground,,,4,0,0,0,1,8,6,5,,4,,,Synthetic,4.5200896,7.8246202
,Unknown,62,84,101,126,124,90,524,,,,,,,,,,,,,,,,,,,,4.631386110111715,,196.26037671275017,28,8.209815611547917,35449,21,,Fighting,Fighting,,,2,0,0,0,1,0,4,4,,3,,,Synthetic,4.9230943,7.710427
,Unknown,158,99,136,155,115,54,623,,,,,,,,,,,,,,,,,,,,4.5210326936611125,,136.8984974088891,44,8.201943825238246,29796,-8,,Bug,Fighting,,,4,0,0,0,2,9,8,4,,1,,,Synthetic,3.846915,7.8097806
,Unknown,64,71,59,56,90,84,289,,,,,,,,,,,,,,,,,,,,1.3820031100337504,,5.082258902064789,39,8.410049438257328,3877,65,,Poison,None,,,6,0,0,0,1,2,13,3,,3,,,Synthetic,7.8179893,7.3256116
,Unknown,94,31,210,73,99,67,321,,,,,,,,,,,,,,,,,,,,1.1437539716038274,,341.3417297462219,111,7.756902497677105,5627,45,,Electric,Steel,,,6,0,0,0,2,5,7,4,,8,,,Synthetic,4.147757,7.0718856
,Unknown,110,96,50,28,159,52,653,,,,,,,,,,,,,,,,,,,,0.959930262612728,,48.6045676706514,67,6.084374519337341,2850,80,,Dragon,None,,,7,0,0,0,0,4,12,5,,3,,,Synthetic,5.8002143,9.344181
,Unknown,59,2,28,16,87,105,386,,,,,,,,,,,,,,,,,,,,0.4791741037963627,,18.27214168537403,120,5.083243932161457,5082,244,,Bug,None,,,7,0,0,0,0,5,12,1,,3,,,Synthetic,9.147498,10.0085535
,Unknown,86,77,88,39,63,132,582,,,,,,,,,,,,,,,,,,,,2.513569947764937,,2.175942276695741,80,8.951818756871853,2403,64,,Normal,None,,,5,0,0,0,1,5,7,5,,3,,,Synthetic,5.7359514,7.341703
,Unknown,178,66,127,10,62,88,303,,,,,,,,,,,,,,,,,,,,2.0981704569049344,,-9.766372704385097,52,7.603561444104148,4763,54,,Dark,Ghost,,,7,0,0,0,1,9,12,1,,4,,,Synthetic,6.254948,9.577576
,Unknown,112,85,123,84,158,38,641,,,,,,,,,,,,,,,,,,,,2.1060795729541,,45.9639315779696,43,7.496648884470726,4560,42,,Ground,None,,,2,0,0,0,0,0,13,5,,1,,,Synthetic,5.004538,9.958167
,Unknown,71,47,89,56,44,-3,207,,,,,,,,,,,,,,,,,,,,0.901462569509274,,-6.809417912391643,213,6.543398417424746,2020,180,,Bug,None,,,1,0,0,0,0,4,15,2,,3,,,Synthetic,10.072958,9.503998
,Unknown,92,20,104,46,99,24,314,,,,,,,,,,,,,,,,,,,,0.7912982481996611,,84.19651169434016,225,100.35927660772252,10818,254,,Fighting,None,,,5,0,0,0,2,4,11,1,,3,,,Synthetic,8.672383,12.942684
,Unknown,136,96,89,58,55,47,472,,,,,,,,,,,,,,,,,,,,0.2678816602195272,,-15.500552479972656,48,5.596820851229724,4115,85,,Fighting,Rock,,,9,0,0,0,0,2,8,4,,4,,,Synthetic,6.17516,9.378853
,Unknown,53,86,57,80,46,31,527,,,,,,,,,,,,,,,,,,,,0.4932031518942192,,26.607039267686513,96,6.977287856297983,8249,116,,Normal,None,,,2,0,0,0,1,2,3,1,,3,,,Synthetic,7.145851,9.642491
,Unknown,92,54,39,68,65,18,455,,,,,,,,,,,,,,,,,,,,0.9124953314283426,,16.208373351914204,101,8.241691522422114,5841,60,,Dragon,None,,,2,0,0,0,2,3,9,4,,4,,,Synthetic,7.8151608,7.045908
,Unknown,53,108,31,163,134,96,626,,,,,,,,,,,,,,,,,,,,2.7935010525174713,,164.34046798925306,94,7.866528377292521,34316,20,,Poison,Water,,,2,0,0,0,0,3,9,6,,1,,,Synthetic,4.4524984,8.608267
,Unknown,56,98,64,58,34,7,482,,,,,,,,,,,,,,,,,,,,0.9722803680559784,,26.11640914893151,55,5.561531576640083,5830,153,,Ground,None,,,8,0,0,0,1,-1,12,3,,3,,,Synthetic,7.522705,7.9344754
,Unknown,155,48,56,59,64,47,255,,,,,,,,,,,,,,,,,,,,1.965243159914888,,23.507943008166663,43,7.994266313816325,5744,106,,Normal,None,,,1,0,0,0,0,6,3,2,,3,,,Synthetic,6.7775917,9.398922
,Unknown,121,156,151,76,126,66,406,,,,,,,,,,,,,,,,,,,,1.2830508619176355,,340.50535289525834,14,7.598332345319799,24909,58,,Bug,None,,,5,0,0,0,0,8,4,6,,1,,,Synthetic,3.074798,7.942963
,Unknown,90,170,81,120,81,104,388,,,,,,,,,,,,,,,,,,,,0.5213430794299494,,184.58322055948412,-17,8.192431700615652,31096,87,,Dragon,Ghost,,,5,0,0,0,1,5,4,1,,1,,,Synthetic,4.3617263,7.140163
,Unknown,47,49,-3,24,34,17,280,,,,,,,,,,,,,,,,,,,,0.7950945607863096,,31.69446732139761,258,53.412558628631125,5602,156,,Ground,Ghost,,,6,0,0,0,0,4,8,5,,3,,,Synthetic,9.869839,8.526739
,Unknown,107,107,105,125,87,111,447,,,,,,,,,,,,,,,,,,,,2.372040343612966,,46.796327196382755,41,7.575108910388188,31754,47,,Psychic,None,,,7,0,0,0,1,8,4,1,,2,,,Synthetic,4.267899,7.125859
,Unknown,37,15,9,61,74,0,324,,,,,,,,,,,,,,,,,,,,0.7423605961941103,,13.791382380448812,257,102.3294876408318,3269,252,,Water,None,,,3,0,0,0,0,2,12,1,,3,,,Synthetic,9.322084,13.058726
,Unknown,38,34,38,71,60,-4,437,,,,,,,,,,,,,,,,,,,,1.074689822742605,,-6.44093078551805,223,33.31214070993735,4326,90,,Water,None,,,5,0,0,0,0,4,12,5,,3,,,Synthetic,9.617866,9.281612
,Unknown,74,18,135,73,84,36,239,,,,,,,,,,,,,,,,,,,,1.2353805964364428,,11.071479775985596,61,83.85502737529491,1404,74,,Steel,None,,,3,0,0,0,0,5,12,4,,3,,,Synthetic,7.9610877,13.457736
,Unknown,72,43,105,74,125,84,534,,,,,,,,,,,,,,,,,,,,4.718820659313502,,62.36286289570981,39,6.3592481179228955,6740,93,,Normal,Ground,,,5,0,0,0,0,10,14,5,,9,,,Synthetic,3.9325078,9.6565485
,Unknown,111,133,100,82,132,39,621,,,,,,,,,,,,,,,,,,,,1.861177620593156,,161.17307213611147,26,6.839915623971444,31101,63,,Dark,Psychic,,,3,0,0,1,0,-1,8,4,,3,,,Synthetic,4.971127,9.606884
,Unknown,81,69,105,143,68,80,602,,,,,,,,,,,,,,,,,,,,5.470226497782493,,113.41984012254298,-8,7.8513162708410835,11675,19,,Psychic,None,,,4,0,0,0,0,0,9,3,,1,,,Synthetic,4.2914877,9.930081
,Unknown,59,-8,32,31,57,17,280,,,,,,,,,,,,,,,,,,,,0.6725024995321663,,-23.28945376386492,242,6.723252196269392,1963,192,,Water,None,,,1,0,0,0,0,4,12,1,,3,,,Synthetic,10.067646,9.892217
,Unknown,97,106,32,172,101,51,643,,,,,,,,,,,,,,,,,,,,2.2539774215110047,,141.3094866354926,59,23.583151141867067,4868,95,,Ice,Grass,,,9,0,0,0,1,6,5,7,,3,,,Synthetic,4.5842113,7.9914145
,Unknown,103,133,173,85,117,55,420,,,,,,,,,,,,,,,,,,,,8.694914278151147,,-15.11539729251821,-29,7.79797670685217,39367,17,,Fighting,Dark,,,5,0,0,1,1,6,9,5,,1,,,Synthetic,3.4268646,9.271251
,Unknown,108,127,154,100,113,73,596,,,,,,,,,,,,,,,,,,,,4.622068377063072,,27.366912046856577,60,101.5648800925486,11480,21,,Psychic,None,,,7,0,0,0,1,5,12,5,,3,,,Synthetic,6.654758,13.0844
,Unknown,50,70,94,155,113,-6,430,,,,,,,,,,,,,,,,,,,,1.4274934626576747,,73.03338403324481,211,3.25945504045398,5475,209,,Water,Fairy,,,1,0,0,0,1,3,3,3,,4,,,Synthetic,6.3349876,8.298657
,Unknown,56,68,60,33,75,29,362,,,,,,,,,,,,,,,,,,,,0.3368048679288259,,-5.32679394700636,45,5.805848490576021,4496,216,,Ground,None,,,8,0,0,0,0,4,12,2,,3,,,Synthetic,8.39331,9.566513
,Unknown,102,66,120,71,128,17,397,,,,,,,,,,,,,,,,,,,,0.7382642570946065,,70.34044224109292,45,5.973109449137447,10719,161,,Poison,None,,,8,0,0,0,0,4,7,5,,3,,,Synthetic,6.1476774,8.917571
,Unknown,95,43,65,119,166,55,562,,,,,,,,,,,,,,,,,,,,1.2762810243220115,,-4.382303501690046,53,7.2636497808930205,5581,31,,Psychic,Ghost,,,1,0,1,0,0,3,9,5,,1,,,Synthetic,5.644591,9.330059
,Unknown,99,49,105,37,94,23,358,,,,,,,,,,,,,,,,,,,,1.0671756904210865,,17.59298921510015,286,8.167182032973676,2475,35,,Normal,Fire,,,8,0,0,0,0,-1,10,0,,5,,,Synthetic,9.455186,10.602585
,Unknown,110,79,152,135,120,10,499,,,,,,,,,,,,,,,,,,,,1.2025244115309484,,88.83716153226928,78,7.019476283484003,25493,52,,Bug,None,,,7,0,0,0,1,0,11,5,,2,,,Synthetic,5.2093244,8.795079
,Unknown,20,24,28,76,117,31,440,,,,,,,,,,,,,,,,,,,,1.1191216364337029,,-12.329737933690586,45,100.17355090208824,5458,213,,Normal,None,,,4,0,0,0,2,4,12,3,,4,,,Synthetic,7.5210805,12.974107
,Unknown,149,80,181,105,131,67,578,,,,,,,,,,,,,,,,,,,,0.828603431498149,,84.61500876597675,94,6.337950709492789,2811,85,,Steel,Dark,,,4,0,0,0,0,1,5,4,,3,,,Synthetic,4.6774707,9.097882
,Unknown,120,93,188,69,45,74,567,,,,,,,,,,,,,,,,,,,,2.7071468945460504,,69.0061971091322,28,8.970952400287747,38125,39,,Psychic,Fairy,,,4,0,0,0,0,5,11,7,,1,,,Synthetic,5.007172,9.174692
,Unknown,142,85,95,105,125,158,486,,,,,,,,,,,,,,,,,,,,1.2252089477809027,,123.6393076582392,49,8.501127119900588,5127,38,,Rock,Bug,,,5,0,0,0,1,6,8,3,,4,,,Synthetic,5.2088723,7.4012117
,Unknown,119,92,105,177,74,73,488,,,,,,,,,,,,,,,,,,,,4.300148253767072,,133.3361037062085,53,7.1881830206699835,34007,11,,Steel,Fairy,,,8,0,1,1,2,6,6,2,,1,,,Synthetic,4.191784,7.4132404
,Unknown,48,33,113,67,117,69,419,,,,,,,,,,,,,,,,,,,,0.6835783374408887,,4.543485237339368,203,9.407882767407472,4971,69,,Ghost,None,,,3,0,0,0,0,1,8,3,,3,,,Synthetic,7.8718524,10.194966
,Unknown,113,45,104,58,137,127,471,,,,,,,,,,,,,,,,,,,,4.299257891057261,,7.304575569396086,44,7.993816390809786,2840,58,,Dark,Fighting,,,7,0,0,0,0,4,12,2,,3,,,Synthetic,3.9945884,9.81529
,Unknown,118,154,78,153,58,77,438,,,,,,,,,,,,,,,,,,,,0.6205736727440069,,83.2440815448746,38,7.643610621286014,37881,-26,,Poison,Ground,,,5,0,1,0,0,2,5,3,,1,,,Synthetic,5.098268,9.523551
,Unknown,117,122,68,32,132,22,510,,,,,,,,,,,,,,,,,,,,0.634459586685457,,245.21732452380937,44,7.231894892703735,2471,89,,Ghost,None,,,5,0,0,0,0,-1,12,4,,3,,,Synthetic,4.9761305,9.842491
,Unknown,164,58,68,99,108,69,434,,,,,,,,,,,,,,,,,,,,1.0544353380553169,,19.15659036003621,65,6.388521969290549,5530,104,,Water,Fairy,,,1,0,1,0,0,5,12,7,,7,,,Synthetic,5.8204317,9.096755
,Unknown,55,93,118,125,76,64,678,,,,,,,,,,,,,,,,,,,,3.2817302037988467,,161.6743653131766,19,5.417678852304165,11218,22,,Normal,None,,,8,1,0,0,1,0,9,6,,2,,,Synthetic,5.2210355,7.7503824
,Unknown,104,65,185,64,51,64,469,,,,,,,,,,,,,,,,,,,,0.3228723471219328,,-0.3910191417740432,34,5.461766748854469,3211,45,,Psychic,Fire,,,1,0,0,0,0,3,9,2,,3,,,Synthetic,5.61839,9.721903
,Unknown,91,102,153,131,164,117,675,,,,,,,,,,,,,,,,,,,,3.565184213898043,,307.55935608929144,3,6.79029732809117,29643,32,,Poison,Fighting,,,7,1,0,0,0,6,3,4,,1,,,Synthetic,3.1229856,8.675984
,Unknown,107,120,165,155,121,75,585,,,,,,,,,,,,,,,,,,,,5.689585565954337,,216.5862528422884,-28,7.4998948191158545,32948,24,,Psychic,None,,,7,1,0,0,1,8,4,5,,1,,,Synthetic,3.2510931,8.284469
,Unknown,109,45,120,49,104,83,367,,,,,,,,,,,,,,,,,,,,1.1663915530360178,,20.46620058945477,90,6.354658156734306,5530,202,,Fire,None,,,4,0,0,0,0,6,5,5,,3,,,Synthetic,5.932425,8.6902485
,Unknown,23,43,65,15,68,31,682,,,,,,,,,,,,,,,,,,,,1.1431257118601827,,17.314308051562858,243,36.967317579584915,5719,148,,Normal,None,,,1,0,0,0,1,4,5,1,,2,,,Synthetic,9.47617,10.631629
,Unknown,112,86,96,64,64,10,515,,,,,,,,,,,,,,,,,,,,2.2577441928752666,,53.689757465911825,67,18.929457539500685,5695,28,,Water,None,,,9,0,0,0,2,3,10,5,,8,,,Synthetic,6.177529,6.923688
,Unknown,122,171,153,68,91,60,435,,,,,,,,,,,,,,,,,,,,2.384403963450863,,66.38474497314597,39,6.960032720393436,8255,46,,Psychic,Ghost,,,5,0,0,0,2,5,12,3,,3,,,Synthetic,5.2123,6.76146
,Unknown,99,54,98,106,78,48,400,,,,,,,,,,,,,,,,,,,,0.8646543872525732,,9.94328554155793,54,5.485892936927709,3713,46,,Ground,Flying,,,8,0,0,0,1,4,14,3,,4,,,Synthetic,6.8392487,7.9177265
,Unknown,114,101,179,126,54,84,402,,,,,,,,,,,,,,,,,,,,4.099553293725226,,167.38620761106284,-30,7.860270801029284,36692,-5,,Bug,Fighting,,,2,1,0,1,1,6,13,4,,3,,,Synthetic,4.0144186,7.678719
,Unknown,116,40,78,101,149,33,470,,,,,,,,,,,,,,,,,,,,2.59727925273536,,382.21524792002265,30,9.348298547726662,4690,46,,Fairy,Poison,,,1,0,0,0,1,3,12,4,,4,,,Synthetic,4.583308,9.242175
,Unknown,50,111,38,61,88,-4,256,,,,,,,,,,,,,,,,,,,,0.8206917611495804,,21.7910004369149,45,8.781792938838183,4073,59,,Grass,Water,,,1,0,0,0,1,3,0,4,,3,,,Synthetic,8.228556,8.274206
,Unknown,59,42,36,136,75,46,542,,,,,,,,,,,,,,,,,,,,0.5915670859575634,,6.7470130640740535,274,7.2604493553714,3620,57,,Poison,None,,,3,0,0,0,0,5,12,3,,2,,,Synthetic,8.97359,10.006812
,Unknown,158,88,116,117,76,96,504,,,,,,,,,,,,,,,,,,,,4.09295805789907,,-12.343011826835806,35,4.853322741965708,24961,36,,Psychic,None,,,7,1,0,0,1,3,12,4,,1,,,Synthetic,5.345709,8.043482
,Unknown,144,122,74,171,70,58,454,,,,,,,,,,,,,,,,,,,,4.333876507243648,,3.083624404254463,36,6.3417298330486656,28911,27,,Rock,Flying,,,1,0,0,0,0,6,11,6,,4,,,Synthetic,4.083823,8.774734
,Unknown,72,44,92,79,72,44,463,,,,,,,,,,,,,,,,,,,,0.8451487470536634,,14.506907138039368,278,101.33225674203422,5732,24,,Fire,None,,,8,0,0,0,2,3,12,5,,3,,,Synthetic,8.609528,12.609785
,Unknown,34,16,48,46,36,30,308,,,,,,,,,,,,,,,,,,,,0.7167424916948426,,-3.4938876165501735,209,100.65867169831874,2149,224,,Normal,None,,,4,0,0,0,0,0,12,3,,3,,,Synthetic,9.324145,13.095228
,Unknown,123,94,114,93,110,46,556,,,,,,,,,,,,,,,,,,,,0.9432074364581172,,19.619832633014965,21,6.339331344321724,2598,-31,,Ground,Fire,,,3,0,0,0,0,7,3,4,,7,,,Synthetic,4.394661,8.430912
,Unknown,112,71,75,27,93,39,535,,,,,,,,,,,,,,,,,,,,0.8212471535385623,,-1.5040854867670586,99,4.595148784443149,1167,206,,Bug,None,,,2,0,0,0,0,3,11,1,,4,,,Synthetic,6.9199715,10.0088
,Unknown,96,90,24,68,79,32,466,,,,,,,,,,,,,,,,,,,,5.006105905972383,,-17.861854092646936,234,7.038374881987869,2975,46,,Ghost,Electric,,,5,0,0,0,0,0,12,5,,4,,,Synthetic,8.655694,10.09054
,Unknown,117,136,155,166,74,102,693,,,,,,,,,,,,,,,,,,,,4.181371307757955,,26.982362822755697,-15,5.766529756360736,33990,-3,,Rock,Psychic,,,9,1,1,0,1,0,9,5,,1,,,Synthetic,4.097254,8.507008
,Unknown,38,63,14,52,100,0,296,,,,,,,,,,,,,,,,,,,,1.0623539791230288,,-17.56898490749645,153,6.278872401961004,2818,240,,Normal,None,,,2,0,0,0,0,3,9,2,,3,,,Synthetic,9.219217,9.700672
,Unknown,48,41,40,54,107,7,324,,,,,,,,,,,,,,,,,,,,1.3099889960297713,,16.13690426951185,202,56.32073698579852,5358,77,,Water,None,,,9,0,0,0,0,3,15,3,,3,,,Synthetic,9.287583,12.222403
,Unknown,179,77,38,137,138,24,483,,,,,,,,,,,,,,,,,,,,0.4145603834235396,,43.319524321198074,53,22.203332797479906,2467,46,,Fighting,Electric,,,3,0,0,0,0,1,9,5,,3,,,Synthetic,5.8022676,9.137263
,Unknown,82,94,45,71,76,6,449,,,,,,,,,,,,,,,,,,,,3.028418666722996,,-13.623365631155496,46,3.889685888510728,5959,114,,Bug,Normal,,,9,0,0,0,0,1,8,4,,3,,,Synthetic,7.3927407,9.565594
,Unknown,73,13,71,72,65,28,352,,,,,,,,,,,,,,,,,,,,1.08918263513902,,2.012608382791848,235,112.26647971193604,3990,257,,Water,None,,,3,0,0,0,0,1,8,5,,3,,,Synthetic,9.006498,13.227422
,Unknown,30,76,74,23,46,32,397,,,,,,,,,,,,,,,,,,,,0.8983084351497448,,7.7877815288597505,234,6.444214369320993,3898,279,,Normal,None,,,8,0,0,0,1,-1,12,1,,3,,,Synthetic,7.6664886,3.5919626
,Unknown,147,127,37,28,116,57,515,,,,,,,,,,,,,,,,,,,,3.7047351259299486,,50.79297852245151,50,7.426253161375945,5734,-7,,Water,Dragon,,,4,0,1,1,0,5,8,2,,3,,,Synthetic,5.7470574,9.273207
,Unknown,141,64,83,119,72,44,513,,,,,,,,,,,,,,,,,,,,0.633601222981139,,118.9424718635204,44,2.872559011611768,5749,4,,Normal,Poison,,,9,0,0,0,1,6,12,5,,2,,,Synthetic,5.875007,8.445578
,Unknown,103,29,126,141,157,97,373,,,,,,,,,,,,,,,,,,,,1.2852937905832085,,123.38320541317744,17,5.8923988040207504,13096,13,,Steel,Water,,,7,0,0,0,1,4,5,2,,3,,,Synthetic,4.839741,7.9056253
,Unknown,79,81,146,98,51,35,326,,,,,,,,,,,,,,,,,,,,0.0288684439396864,,8.745887565039514,269,5.607115854804268,5233,65,,Normal,Psychic,,,5,0,0,0,1,5,5,2,,4,,,Synthetic,8.283628,7.7526264
,Unknown,80,84,85,72,68,34,456,,,,,,,,,,,,,,,,,,,,1.1910935070343012,,21.828101320917742,10,7.962896315091152,3805,43,,Water,Fairy,,,5,0,0,0,0,-1,14,3,,2,,,Synthetic,7.585035,10.128197
,Unknown,47,51,32,38,56,20,510,,,,,,,,,,,,,,,,,,,,2.0729451203564304,,19.966699472512097,274,5.4712892458246145,1937,91,,Water,None,,,5,0,0,0,1,5,5,6,,3,,,Synthetic,9.1048975,8.192483
,Unknown,88,49,52,60,134,80,510,,,,,,,,,,,,,,,,,,,,2.428111315539399,,432.7483617614547,40,7.529450195376878,4288,40,,Electric,None,,,2,0,0,0,0,5,3,4,,1,,,Synthetic,4.605011,8.96553
,Unknown,26,29,67,76,109,11,554,,,,,,,,,,,,,,,,,,,,0.8762903450807176,,-8.519633260236619,33,7.50170513472289,5582,245,,Poison,None,,,2,0,0,0,0,5,12,2,,3,,,Synthetic,7.3151083,9.946429
,Unknown,186,123,66,82,98,105,478,,,,,,,,,,,,,,,,,,,,2.251917590875738,,-14.972467832034534,-12,8.251273131006153,5634,47,,Ground,Ghost,,,5,0,0,0,1,-1,13,3,,1,,,Synthetic,6.1049724,5.9544806
,Unknown,134,116,87,119,68,63,425,,,,,,,,,,,,,,,,,,,,1.7939254914878635,,0.8430687256998706,48,8.49536942618641,11090,46,,Fairy,Fighting,,,5,0,0,0,0,4,14,3,,3,,,Synthetic,5.4419627,10.187496
,Unknown,50,70,32,60,64,34,446,,,,,,,,,,,,,,,,,,,,1.010747253227588,,-9.314170435557129,61,56.02375973129334,5514,94,,Ghost,None,,,5,0,0,0,0,5,18,5,,3,,,Synthetic,8.354506,12.644855
,Unknown,132,78,87,98,41,127,550,,,,,,,,,,,,,,,,,,,,2.181309641022715,,188.6453238627431,-1,7.448605749799048,4663,38,,Dark,Dragon,,,4,0,0,0,1,2,6,2,,1,,,Synthetic,5.4609137,7.219703
,Unknown,138,144,111,142,170,24,585,,,,,,,,,,,,,,,,,,,,2.393204245173563,,343.8550481356224,15,5.229487123702941,31616,25,,Psychic,Psychic,,,2,1,0,0,1,6,7,5,,1,,,Synthetic,3.3020763,8.482637
,Unknown,111,163,72,72,51,-5,300,,,,,,,,,,,,,,,,,,,,0.7151905675820004,,17.03196638163535,82,95.74901682997968,14073,93,,Water,Normal,,,1,0,0,0,1,6,8,4,,3,,,Synthetic,7.365694,13.514957
,Unknown,220,89,58,54,92,89,564,,,,,,,,,,,,,,,,,,,,0.6223316223513283,,-28.002272805892517,44,36.49804751503952,4285,620,,Grass,None,,,1,0,0,0,0,1,5,6,,3,,,Synthetic,5.784306,9.12034
,Unknown,83,57,44,74,48,33,513,,,,,,,,,,,,,,,,,,,,0.6651928527102764,,40.91221142233596,226,5.980499514245667,10054,49,,Psychic,None,,,1,0,0,0,0,3,5,6,,3,,,Synthetic,9.042933,8.541247
,Unknown,24,94,52,6,58,24,405,,,,,,,,,,,,,,,,,,,,1.1089450857400087,,-22.5042595118882,198,59.273617660094786,5593,162,,Normal,None,,,4,0,0,0,0,2,10,1,,3,,,Synthetic,9.201977,12.526029
,Unknown,82,68,43,168,128,70,556,,,,,,,,,,,,,,,,,,,,4.041568417259809,,110.26190379878872,40,8.52941771578905,23810,97,,Fire,None,,,7,0,0,0,0,6,5,4,,3,,,Synthetic,4.5322704,8.525478
,Unknown,115,141,125,97,113,66,499,,,,,,,,,,,,,,,,,,,,1.263417093080987,,209.4733405829084,39,82.41104152711777,9367,51,,Normal,Flying,,,1,0,0,0,0,6,12,1,,6,,,Synthetic,6.7374825,13.472725
,Unknown,40,125,21,34,63,24,412,,,,,,,,,,,,,,,,,,,,0.0947740742511388,,-21.863773044489335,56,7.248697377925573,5178,64,,Bug,None,,,8,0,0,0,1,3,8,1,,3,,,Synthetic,7.686448,7.9682074
,Unknown,62,60,51,44,45,20,453,,,,,,,,,,,,,,,,,,,,0.6220424506709364,,9.201825410208688,104,5.508379576278496,5942,53,,Poison,None,,,3,0,0,0,0,3,12,3,,3,,,Synthetic,8.178425,9.7062
,Unknown,57,99,127,81,111,44,410,,,,,,,,,,,,,,,,,,,,1.2075107518293726,,-10.27664765360481,55,7.363368740650367,3542,76,,Normal,Fairy,,,1,0,0,0,0,3,10,1,,4,,,Synthetic,6.2044096,10.178073
,Unknown,109,99,95,47,123,27,493,,,,,,,,,,,,,,,,,,,,0.5633495996584014,,-22.40321257010767,47,5.733771298682872,9275,-17,,Steel,None,,,5,0,1,0,0,6,14,6,,1,,,Synthetic,6.0610714,9.393067
,Unknown,129,122,124,129,114,105,534,,,,,,,,,,,,,,,,,,,,1.0177550114160294,,123.10581003338928,36,6.506123861157802,23155,41,,Water,Grass,,,5,0,0,0,1,3,7,5,,1,,,Synthetic,4.305409,7.891365
,Unknown,58,20,64,21,106,43,476,,,,,,,,,,,,,,,,,,,,2.0999926911926097,,3.442454787511684,239,5.543875651790575,5571,242,,Fighting,None,,,7,0,0,0,1,-1,12,1,,3,,,Synthetic,9.4580965,10.732958
,Unknown,56,46,11,28,73,-2,337,,,,,,,,,,,,,,,,,,,,0.8029201554904076,,-6.862676557941969,211,97.4527008276754,4530,252,,Fighting,None,,,2,0,0,0,0,3,12,3,,3,,,Synthetic,9.289049,13.000585
,Unknown,115,75,74,79,102,21,306,,,,,,,,,,,,,,,,,,,,0.3234745394211945,,13.12948783479732,180,4.874622339714847,5705,154,,Normal,Ground,,,4,0,0,0,1,0,7,1,,3,,,Synthetic,7.3803706,7.997187
,Unknown,114,108,125,158,131,80,433,,,,,,,,,,,,,,,,,,,,1.3699057788549909,,162.16604113547663,68,17.25891384215443,31114,43,,Fire,None,,,8,0,0,0,0,6,4,3,,1,,,Synthetic,3.6170952,8.352125
,Unknown,33,33,54,18,48,16,351,,,,,,,,,,,,,,,,,,,,0.6846953947801906,,-24.497473839762087,126,88.9831391467706,4818,130,,Bug,None,,,2,0,0,0,0,3,12,3,,3,,,Synthetic,8.989899,13.314915
,Unknown,67,75,90,52,78,15,513,,,,,,,,,,,,,,,,,,,,0.794052893031598,,15.289531140254995,226,6.163325311622973,3367,61,,Psychic,None,,,8,0,0,0,0,0,9,5,,3,,,Synthetic,8.665243,10.110653
,Unknown,120,81,129,73,128,51,453,,,,,,,,,,,,,,,,,,,,1.1898724930749356,,5.629547120490431,59,7.233581694963673,5331,88,,Ghost,Electric,,,6,0,0,0,1,5,7,6,,3,,,Synthetic,5.8639297,8.404891
,Unknown,66,57,6,4,109,4,435,,,,,,,,,,,,,,,,,,,,1.2164148995741788,,9.222578966103452,284,8.106257232235095,613,206,,Poison,None,,,3,0,0,0,0,1,12,3,,4,,,Synthetic,9.414737,10.5852995
,Unknown,84,84,67,93,63,7,448,,,,,,,,,,,,,,,,,,,,0.9400960803208136,,152.74493753891053,38,8.59517595870508,5457,173,,Poison,Fairy,,,1,0,0,0,0,3,13,5,,2,,,Synthetic,7.2747755,9.356615
,Unknown,75,12,21,37,153,25,349,,,,,,,,,,,,,,,,,,,,1.233128964010939,,35.49561616961053,190,3.221989116169258,5202,52,,Dragon,None,,,3,0,0,0,0,0,15,4,,2,,,Synthetic,9.279941,10.318867
,Unknown,138,122,151,121,92,69,466,,,,,,,,,,,,,,,,,,,,3.221783421000959,,471.14463646238835,12,7.811969972740267,32703,-12,,Steel,None,,,9,0,0,0,0,6,8,6,,1,,,Synthetic,2.9840133,8.063194
,Unknown,45,9,26,49,64,7,403,,,,,,,,,,,,,,,,,,,,0.9924901117046536,,-12.547749036356675,289,102.98308012589274,5424,110,,Grass,None,,,1,0,0,0,0,3,12,3,,3,,,Synthetic,9.398644,13.111959
,Unknown,114,78,34,52,104,7,411,,,,,,,,,,,,,,,,,,,,1.1570987071944483,,3.536475333813854,55,7.9049561663327665,5254,86,,Normal,Fairy,,,9,0,0,0,1,-1,6,6,,2,,,Synthetic,6.3191123,8.338857
,Unknown,114,76,90,69,91,89,545,,,,,,,,,,,,,,,,,,,,2.3191584058692403,,322.65210628991684,58,6.630942753491451,32735,30,,Fighting,None,,,5,0,0,0,0,-1,6,0,,1,,,Synthetic,4.82234,9.7687435
,Unknown,99,75,71,59,28,46,471,,,,,,,,,,,,,,,,,,,,1.0546937423412008,,6.9024188725661135,52,6.599813364517062,4800,44,,Ghost,Rock,,,2,0,0,0,0,4,11,1,,3,,,Synthetic,6.809853,10.065415
,Unknown,26,104,27,54,79,17,517,,,,,,,,,,,,,,,,,,,,2.20721697015361,,11.417958862372227,39,7.82572750998231,5467,63,,Fighting,Fairy,,,9,0,0,0,1,3,12,3,,4,,,Synthetic,7.4356217,8.234672
,Unknown,110,117,118,124,121,114,584,,,,,,,,,,,,,,,,,,,,4.582038600728188,,377.3377257564384,3,8.352879068427168,41083,31,,Steel,Dragon,,,7,1,0,0,0,6,4,4,,1,,,Synthetic,3.0801272,8.650785
,Unknown,112,34,135,75,122,31,330,,,,,,,,,,,,,,,,,,,,0.9016528063906206,,161.28073119762973,53,8.17014256655403,14591,152,,Bug,None,,,6,0,0,0,0,2,9,5,,3,,,Synthetic,6.191713,8.928828
,Unknown,87,103,71,105,81,16,464,,,,,,,,,,,,,,,,,,,,0.6281750612617379,,4.150122688188864,245,18.09085414118721,3387,122,,Water,None,,,2,0,0,0,1,3,10,1,,4,,,Synthetic,7.374396,7.9656672
,Unknown,81,91,53,3,36,12,348,,,,,,,,,,,,,,,,,,,,1.088540483322685,,-13.154011571084132,211,100.08698280844564,1457,104,,Water,None,,,2,0,0,0,0,4,9,2,,3,,,Synthetic,9.038809,12.672701
,Unknown,71,2,66,90,71,132,332,,,,,,,,,,,,,,,,,,,,0.6865959808656965,,-15.48612630541148,260,7.275435926071955,5174,60,,Grass,None,,,3,0,0,0,0,4,12,1,,3,,,Synthetic,10.718568,9.971105
,Unknown,148,95,131,135,175,70,553,,,,,,,,,,,,,,,,,,,,7.13293883538778,,18.10939218318289,-21,7.8285878373538065,27381,8,,Psychic,Ghost,,,2,1,0,0,0,9,7,4,,1,,,Synthetic,3.3957903,9.169408
,Unknown,125,85,143,157,92,116,480,,,,,,,,,,,,,,,,,,,,0.4494818398266273,,85.4434589953037,47,7.045526848911839,31688,-28,,Dark,Psychic,,,7,0,1,0,2,2,4,1,,1,,,Synthetic,4.5520806,7.401251
,Unknown,130,116,28,96,92,62,589,,,,,,,,,,,,,,,,,,,,2.341984985145878,,75.59922350759321,54,7.861042589824162,5847,-35,,Electric,Grass,,,7,0,0,0,1,6,7,3,,3,,,Synthetic,4.9725866,7.826632
,Unknown,63,116,17,59,48,31,478,,,,,,,,,,,,,,,,,,,,0.8940212253100643,,20.425728128766995,169,7.846203744322628,5779,168,,Electric,None,,,5,0,0,0,0,1,9,4,,4,,,Synthetic,8.678224,10.092344
,Unknown,48,50,32,25,61,110,453,,,,,,,,,,,,,,,,,,,,1.5153470439906238,,-22.79975395495353,43,6.323399992732201,3553,55,,Water,None,,,1,0,0,0,0,2,9,3,,3,,,Synthetic,7.6785364,9.498557
,Unknown,105,21,26,43,141,18,352,,,,,,,,,,,,,,,,,,,,0.8301228674484382,,-8.799028882617849,57,105.4687895014188,5592,140,,Water,None,,,3,0,0,0,0,4,12,3,,2,,,Synthetic,8.11906,13.282612
,Unknown,175,140,131,172,108,48,490,,,,,,,,,,,,,,,,,,,,4.725589045330024,,53.59128465220187,42,7.024277677281413,35191,38,,Steel,Poison,,,2,0,0,0,1,6,4,4,,1,,,Synthetic,3.5668235,8.157376
,Unknown,63,22,48,36,77,1,519,,,,,,,,,,,,,,,,,,,,0.6077709342385368,,38.49942098300903,39,4.109801842249461,4897,32,,Water,None,,,1,0,0,0,0,6,9,3,,3,,,Synthetic,7.324087,9.798422
,Unknown,132,95,50,54,89,35,448,,,,,,,,,,,,,,,,,,,,0.4209065327540505,,171.83251486061462,44,7.377727802269371,5616,32,,Steel,None,,,1,0,0,0,1,7,5,5,,3,,,Synthetic,5.552695,8.308977
,Unknown,92,51,115,147,29,45,407,,,,,,,,,,,,,,,,,,,,0.4228848778483978,,-3.528106275788204,42,3.355483774609694,4943,76,,Ice,Poison,,,8,0,1,0,1,2,12,2,,3,,,Synthetic,6.8601933,7.9673343
,Unknown,110,145,119,156,142,93,558,,,,,,,,,,,,,,,,,,,,3.6471894127664943,,88.47106920596399,24,6.02277662861275,35846,-22,,Normal,Psychic,,,2,0,0,0,0,6,5,4,,1,,,Synthetic,3.596197,8.611132
,Unknown,47,55,39,25,78,11,297,,,,,,,,,,,,,,,,,,,,1.1562858888881429,,11.4023188246247,40,7.305482284044006,4282,54,,Flying,None,,,1,0,0,0,0,1,12,3,,3,,,Synthetic,8.786842,9.504398
,Unknown,40,37,51,51,76,9,268,,,,,,,,,,,,,,,,,,,,0.8228524010254763,,-23.60653967888279,189,7.8576505091609565,2391,197,,Water,None,,,6,0,0,0,0,4,12,3,,3,,,Synthetic,9.743578,9.664901
,Unknown,57,100,19,53,87,-11,309,,,,,,,,,,,,,,,,,,,,0.5459593023708047,,11.367376848867664,297,62.57750374333072,3536,44,,Normal,None,,,1,0,0,0,0,5,5,2,,3,,,Synthetic,9.21806,12.370774
,Unknown,118,97,95,74,83,78,477,,,,,,,,,,,,,,,,,,,,0.3776893038833558,,131.93023524458465,40,7.011041700435909,5076,30,,Psychic,Normal,,,1,0,0,1,0,3,1,1,,2,,,Synthetic,5.031185,9.085779
,Unknown,71,74,82,82,104,35,518,,,,,,,,,,,,,,,,,,,,0.8904979474144279,,24.907765949366063,49,35.82397162842592,5715,54,,Water,None,,,8,0,0,0,0,3,6,1,,3,,,Synthetic,6.7803183,10.016849
,Unknown,72,166,62,139,119,95,432,,,,,,,,,,,,,,,,,,,,1.22924340137173,,175.1889719465879,49,7.009835636882007,8492,4,,Psychic,Flying,,,7,0,0,0,0,6,7,5,,2,,,Synthetic,4.1568375,8.729987
,Unknown,133,48,145,51,102,54,542,,,,,,,,,,,,,,,,,,,,0.6925042054306865,,30.91578523832615,66,6.689128680229158,8010,34,,Ice,None,,,2,0,0,0,0,9,12,4,,3,,,Synthetic,5.6899734,9.444866
,Unknown,73,42,88,56,113,129,497,,,,,,,,,,,,,,,,,,,,2.459563000973752,,74.86213452128207,50,8.368393803371836,10999,50,,Fire,None,,,3,0,0,0,2,7,13,5,,4,,,Synthetic,5.5042586,7.3476534
,Unknown,89,93,151,149,117,83,456,,,,,,,,,,,,,,,,,,,,1.4613562818983774,,89.97884973066397,-22,8.690231740702895,34364,19,,Ground,Fairy,,,7,0,0,0,1,2,4,1,,1,,,Synthetic,4.653521,8.087219
,Unknown,61,151,116,130,117,90,495,,,,,,,,,,,,,,,,,,,,1.4778819909260217,,394.3560410584441,34,5.830097459967494,6253,67,,Water,Normal,,,8,0,0,0,0,3,5,4,,1,,,Synthetic,3.1929138,8.760987
,Unknown,63,48,91,62,113,51,545,,,,,,,,,,,,,,,,,,,,0.9035878189338296,,12.318088594436857,86,7.1161064748054015,2199,42,,Fairy,None,,,2,0,0,0,0,3,10,5,,3,,,Synthetic,6.4573174,9.571551
,Unknown,130,127,197,99,107,35,428,,,,,,,,,,,,,,,,,,,,4.011062612237854,,306.53521748212273,-4,7.972943925614956,36393,21,,Steel,Psychic,,,7,0,1,0,0,6,5,6,,2,,,Synthetic,3.1645007,7.82093
,Unknown,127,42,77,146,129,25,439,,,,,,,,,,,,,,,,,,,,1.5701960780460298,,90.16715788485446,41,7.112208912678883,5612,76,,Dragon,None,,,7,0,0,0,0,2,10,4,,2,,,Synthetic,5.6858916,9.265679
,Unknown,59,65,82,21,115,51,414,,,,,,,,,,,,,,,,,,,,0.6126620926946535,,11.532657782508457,106,81.22138456500983,2947,80,,Fighting,Ground,,,4,0,0,0,0,1,11,3,,9,,,Synthetic,7.9442587,13.111453
,Unknown,74,61,85,96,84,64,300,,,,,,,,,,,,,,,,,,,,0.6482276475367559,,63.34508418335652,48,7.254025247299743,4585,63,,Water,None,,,5,0,0,0,1,3,12,4,,4,,,Synthetic,6.8449187,7.8176885
,Unknown,93,80,52,82,65,39,556,,,,,,,,,,,,,,,,,,,,0.9820172131020636,,43.12674621988582,54,7.741378000522977,4702,69,,Psychic,None,,,1,0,0,0,1,3,14,7,,3,,,Synthetic,6.597581,7.992
,Unknown,62,50,69,35,50,16,387,,,,,,,,,,,,,,,,,,,,0.8458718295811579,,6.346302268604029,205,106.34636675989567,4750,69,,Fighting,None,,,1,0,0,0,0,4,8,5,,3,,,Synthetic,8.9186325,13.17992
,Unknown,137,28,89,105,56,54,499,,,,,,,,,,,,,,,,,,,,2.0130562703949177,,139.0010808963421,119,13.064970245320682,5149,20,,Water,Steel,,,5,0,0,0,0,5,7,5,,3,,,Synthetic,5.860191,8.878865
,Unknown,83,91,115,103,98,8,403,,,,,,,,,,,,,,,,,,,,0.8206968584310048,,45.32444958408821,104,83.93053486952633,2939,55,,Normal,Psychic,,,4,0,0,0,0,5,7,4,,2,,,Synthetic,7.1308355,12.950668
,Unknown,115,56,96,67,77,84,392,,,,,,,,,,,,,,,,,,,,3.5480780766905515,,23.50888367248627,279,104.45718750500124,21556,54,,Ghost,Fire,,,1,0,0,0,2,8,4,1,,1,,,Synthetic,8.445159,12.898133
,Unknown,98,68,132,172,136,30,522,,,,,,,,,,,,,,,,,,,,0.4087478253230029,,127.55021930785068,47,5.2910978452726845,5548,110,,Psychic,Psychic,,,1,0,0,0,0,9,6,3,,10,,,Synthetic,3.6188817,8.223194
,Unknown,187,128,135,172,100,94,556,,,,,,,,,,,,,,,,,,,,0.8875968660953569,,188.93410654571943,-18,8.018684183787629,27861,-40,,Dark,Ghost,,,5,1,0,0,0,7,12,7,,1,,,Synthetic,3.4352653,8.12288
,Unknown,105,63,145,176,110,57,414,,,,,,,,,,,,,,,,,,,,0.5966708730775805,,50.40465828331674,33,8.352541697953216,10480,25,,Ground,Fairy,,,5,0,1,1,2,4,6,3,,1,,,Synthetic,4.5341387,7.3054724
,Unknown,53,119,139,121,69,31,711,,,,,,,,,,,,,,,,,,,,1.735922786747943,,29.132624996562143,126,53.32394509885899,6102,68,,Dark,None,,,4,0,0,0,0,4,9,5,,3,,,Synthetic,6.76962,12.342907
,Unknown,129,97,168,149,102,94,480,,,,,,,,,,,,,,,,,,,,2.597485621137713,,402.3740685884113,47,8.232566727815996,37018,-8,,Water,Ghost,,,8,1,0,0,0,6,6,4,,1,,,Synthetic,3.0869634,8.110153
,Unknown,131,8,111,58,72,25,477,,,,,,,,,,,,,,,,,,,,1.136160025891301,,90.00379739316875,58,101.6653556104529,10447,76,,Ground,None,,,2,0,0,0,1,4,10,2,,4,,,Synthetic,7.324937,13.432824
,Unknown,94,114,76,153,101,78,427,,,,,,,,,,,,,,,,,,,,2.292003212994082,,163.9768863041703,42,6.35275323383266,12473,-28,,Ground,Fighting,,,8,0,0,0,0,1,6,1,,1,,,Synthetic,4.7999883,9.390747
,Unknown,101,24,72,69,106,61,426,,,,,,,,,,,,,,,,,,,,2.2667065147551164,,34.01980544943264,48,8.455918040772007,5274,153,,Normal,None,,,3,0,0,0,0,3,2,2,,3,,,Synthetic,6.74172,9.5367365
,Unknown,55,31,21,45,77,6,335,,,,,,,,,,,,,,,,,,,,0.6178376292737606,,9.287301609581062,272,7.062710060302579,5320,92,,Psychic,None,,,8,0,0,0,0,4,14,5,,4,,,Synthetic,9.7104645,9.495888
,Unknown,115,105,57,65,125,48,395,,,,,,,,,,,,,,,,,,,,1.1140894633229002,,81.6310763884878,114,100.14029228770956,5793,260,,Grass,None,,,1,0,0,0,0,4,3,5,,3,,,Synthetic,6.894393,12.846714
,Unknown,41,23,72,30,63,23,368,,,,,,,,,,,,,,,,,,,,0.9564769997070192,,2.870894084347901,48,97.97474149937324,5677,205,,Normal,None,,,2,0,0,0,0,3,12,0,,4,,,Synthetic,8.28677,13.911559
,Unknown,38,116,120,73,69,103,478,,,,,,,,,,,,,,,,,,,,0.6812208993401907,,-1.183017080980315,69,6.088634503490025,6037,51,,Fire,None,,,9,0,0,0,0,3,5,3,,3,,,Synthetic,5.3741612,9.831338
,Unknown,67,105,58,125,132,21,534,,,,,,,,,,,,,,,,,,,,0.7376950254545035,,21.87104224039632,108,4.422494312060254,34467,64,,Poison,None,,,8,0,0,0,0,7,9,2,,6,,,Synthetic,5.8505983,9.589079
,Unknown,142,41,175,85,89,29,459,,,,,,,,,,,,,,,,,,,,0.1567647283208141,,90.59904148242504,32,95.3507889763913,9023,119,,Rock,None,,,4,0,0,0,0,4,9,1,,3,,,Synthetic,7.24168,13.411343
,Unknown,37,163,36,115,130,132,551,,,,,,,,,,,,,,,,,,,,4.851187217181842,,-5.594927085493213,99,8.11462890109383,2248,5,,Ice,Fire,,,4,0,0,1,0,6,8,5,,4,,,Synthetic,4.460878,8.754546
,Unknown,128,104,172,139,129,96,746,,,,,,,,,,,,,,,,,,,,0.3807310600308562,,176.73433028102448,-3,3.689850326150403,29425,16,,Psychic,Fairy,,,5,1,0,0,0,3,9,6,,1,,,Synthetic,3.6883712,8.525259
,Unknown,37,45,28,46,55,41,480,,,,,,,,,,,,,,,,,,,,0.709193615986206,,-12.77925600374033,209,6.1723465980964445,5690,240,,Bug,None,,,2,0,0,0,0,0,12,3,,3,,,Synthetic,9.610193,10.430222
,Unknown,67,106,67,101,55,24,403,,,,,,,,,,,,,,,,,,,,1.0028274520853393,,-0.5937151779393464,11,7.816725891489661,8709,81,,Water,None,,,4,0,0,0,0,5,12,1,,3,,,Synthetic,6.643511,10.604914
,Unknown,82,45,30,43,54,57,453,,,,,,,,,,,,,,,,,,,,0.6044717122339045,,22.59004260579316,212,5.836439594192076,4841,181,,Water,None,,,2,0,0,0,0,6,8,3,,4,,,Synthetic,9.510855,9.888839
,Unknown,64,51,52,51,85,22,210,,,,,,,,,,,,,,,,,,,,2.058026001405282,,-9.533011489299453,53,7.827455995304174,5144,90,,Rock,Flying,,,5,0,0,1,2,4,8,3,,3,,,Synthetic,8.250681,7.5734563
,Unknown,52,68,95,20,108,83,270,,,,,,,,,,,,,,,,,,,,0.1951883262164932,,7.1280731715158305,235,6.287918524643834,4799,55,,Normal,Dragon,,,5,0,0,0,0,3,12,5,,3,,,Synthetic,8.398384,9.910922
,Unknown,57,32,73,21,76,10,305,,,,,,,,,,,,,,,,,,,,0.9266778699274844,,-21.28043691262014,204,7.222495177051822,4781,189,,Water,None,,,8,0,0,0,0,-1,12,2,,4,,,Synthetic,9.602923,10.590038
,Unknown,93,74,53,67,123,42,377,,,,,,,,,,,,,,,,,,,,0.7633839768834133,,20.079017659666693,37,8.305221397467218,4218,40,,Steel,Grass,,,9,0,0,0,1,4,12,3,,3,,,Synthetic,6.9842544,8.297728
,Unknown,115,62,54,26,95,52,600,,,,,,,,,,,,,,,,,,,,5.233891245731908,,117.32256724881702,200,6.627922785282919,5246,90,,Fighting,None,,,3,1,0,0,2,8,9,2,,1,,,Synthetic,4.8280897,6.691735
,Unknown,115,19,93,108,99,35,192,,,,,,,,,,,,,,,,,,,,0.838964194516788,,-4.4519147867667925,180,7.645490420854493,3984,65,,Normal,None,,,2,0,0,0,0,4,9,5,,4,,,Synthetic,9.293014,8.831382
,Unknown,69,94,104,26,127,137,492,,,,,,,,,,,,,,,,,,,,1.066012737505381,,136.81614033247058,56,8.070981775478696,5573,93,,Psychic,Flying,,,7,0,0,0,2,5,5,4,,3,,,Synthetic,5.0646834,6.7348037
,Unknown,52,73,58,25,81,-10,201,,,,,,,,,,,,,,,,,,,,0.9717689496233264,,19.317075180044046,60,4.193675443997666,4482,86,,Electric,Flying,,,9,0,0,0,0,2,13,3,,3,,,Synthetic,8.887903,9.539007
,Unknown,61,60,129,78,83,14,311,,,,,,,,,,,,,,,,,,,,1.049768342302873,,6.375799837422264,4,8.094202913419846,2709,60,,Electric,None,,,4,0,1,0,0,5,13,5,,3,,,Synthetic,7.471056,9.320839
,Unknown,38,25,43,22,55,28,251,,,,,,,,,,,,,,,,,,,,1.1762523892108143,,-5.534036394633413,237,31.401240353541763,4047,250,,Grass,None,,,8,0,0,0,0,-1,9,1,,4,,,Synthetic,9.592275,10.599816
,Unknown,132,148,64,130,104,39,636,,,,,,,,,,,,,,,,,,,,1.1752522391462616,,0.6676877972201307,43,6.420341603898453,26514,37,,Psychic,None,,,3,0,1,0,0,5,10,2,,1,,,Synthetic,4.240535,9.169072
,Unknown,111,98,143,134,133,134,598,,,,,,,,,,,,,,,,,,,,1.566472107138808,,376.2668194319019,-34,7.132979592483913,40738,13,,Ground,Dragon,,,8,1,0,0,1,6,8,4,,2,,,Synthetic,3.0082378,8.516448
,Unknown,42,70,61,53,67,30,429,,,,,,,,,,,,,,,,,,,,1.8488274121170396,,-20.961981020777777,45,32.89149785396119,1983,29,,Bug,None,,,8,0,0,0,0,-1,12,3,,3,,,Synthetic,8.183588,10.066232
,Unknown,85,98,111,49,61,28,501,,,,,,,,,,,,,,,,,,,,1.0779201258048698,,-1.4006490505252085,43,102.65056431978088,2607,43,,Dragon,None,,,4,0,0,0,0,2,12,5,,2,,,Synthetic,7.3095055,13.181755
,Unknown,65,66,48,49,106,31,215,,,,,,,,,,,,,,,,,,,,0.8231366867107204,,-21.850382317528062,32,7.103725409097082,5285,240,,Grass,Rock,,,9,0,0,0,0,2,6,5,,2,,,Synthetic,8.0444355,8.649332
,Unknown,79,119,48,89,108,116,534,,,,,,,,,,,,,,,,,,,,0.5137232948913943,,29.534761111950708,45,98.89927193247377,3788,68,,Water,Psychic,,,5,0,0,0,0,3,9,3,,3,,,Synthetic,6.290234,13.505077
,Unknown,99,85,148,124,138,57,410,,,,,,,,,,,,,,,,,,,,0.9928410053886144,,106.44240619675658,45,7.957439527127361,5942,5,,Ice,None,,,5,0,0,0,0,0,3,3,,1,,,Synthetic,4.951991,9.12804
,Unknown,102,61,134,36,61,97,434,,,,,,,,,,,,,,,,,,,,2.2683268059450357,,11.672765391999189,122,7.810821190385985,5032,251,,Water,None,,,7,0,0,0,1,4,9,2,,4,,,Synthetic,7.0799,7.089247
,Unknown,56,59,21,49,110,-6,335,,,,,,,,,,,,,,,,,,,,1.2450610401419877,,-26.23450250145575,51,20.189342086257103,1542,180,,Normal,None,,,3,0,0,0,0,4,12,1,,2,,,Synthetic,8.943935,9.7488985
,Unknown,200,74,73,42,97,44,471,,,,,,,,,,,,,,,,,,,,2.7344554074336616,,39.05682313499131,52,7.349398875352589,2232,26,,Grass,None,,,3,0,0,0,0,2,13,6,,3,,,Synthetic,5.939194,9.101108
,Unknown,69,100,33,71,59,13,419,,,,,,,,,,,,,,,,,,,,0.8586090114832471,,-13.344957666484946,94,62.16788710880617,5697,206,,Bug,Grass,,,4,0,0,1,1,-1,11,5,,3,,,Synthetic,8.228102,12.324933
,Unknown,87,66,76,83,122,18,491,,,,,,,,,,,,,,,,,,,,0.2874575978597956,,-27.669817662499405,92,6.663513647541988,12278,83,,Fire,None,,,3,0,0,0,0,3,12,2,,3,,,Synthetic,6.7512603,10.122701
,Unknown,155,122,195,155,125,122,604,,,,,,,,,,,,,,,,,,,,4.175014001622616,,440.10354192994646,-22,6.994336693746758,39162,18,,Fairy,None,,,9,1,0,0,0,6,4,4,,1,,,Synthetic,3.0471013,8.21386
,Unknown,36,73,87,108,69,50,285,,,,,,,,,,,,,,,,,,,,0.3068940733520771,,-11.661329427012978,96,4.784379793556523,5654,114,,Bug,None,,,1,0,0,0,0,4,12,2,,2,,,Synthetic,7.5740952,10.446519
,Unknown,39,47,11,83,30,-7,303,,,,,,,,,,,,,,,,,,,,0.1679763176622897,,1.51640675945119,218,3.848470007364523,3074,225,,Normal,Poison,,,6,0,0,0,0,3,11,3,,3,,,Synthetic,9.880278,9.957601
,Unknown,77,92,140,95,146,111,618,,,,,,,,,,,,,,,,,,,,5.168592328634478,,123.31154752487716,-1,6.27242618535616,25812,-16,,Fairy,Bug,,,7,0,0,0,0,9,8,3,,1,,,Synthetic,3.4066281,9.158697
,Unknown,73,30,50,26,59,38,386,,,,,,,,,,,,,,,,,,,,1.127400466612018,,3.65942486709079,219,56.19167674754345,3625,95,,Ice,None,,,2,0,0,0,0,4,12,3,,9,,,Synthetic,9.426695,12.731542
,Unknown,168,82,102,113,118,51,457,,,,,,,,,,,,,,,,,,,,2.3581256712804346,,91.9403998455724,27,5.76326200030623,5708,62,,Ice,Ground,,,1,0,0,0,1,3,11,5,,1,,,Synthetic,5.7157607,8.501694
,Unknown,114,101,73,124,100,105,596,,,,,,,,,,,,,,,,,,,,1.9760800973412256,,156.26216063823557,5,7.994494864367189,30255,-5,,Electric,None,,,7,0,0,0,0,3,9,1,,1,,,Synthetic,4.46185,9.877853
,Unknown,58,40,45,44,57,3,305,,,,,,,,,,,,,,,,,,,,0.7144069331926581,,1.4484837863917104,48,12.6192224885265,5326,55,,Psychic,None,,,5,0,0,0,0,-1,12,5,,3,,,Synthetic,8.822244,9.597889
,Unknown,85,81,74,75,124,70,515,,,,,,,,,,,,,,,,,,,,1.686731015553042,,101.21908245967184,62,8.884316236824539,5643,44,,Dark,Dragon,,,5,0,0,0,1,3,7,4,,1,,,Synthetic,5.6363463,7.902785
,Unknown,59,88,64,40,78,21,509,,,,,,,,,,,,,,,,,,,,0.8266065091783623,,2.483646239960292,225,6.293994495098754,4929,230,,Fighting,None,,,1,0,0,0,0,4,12,5,,3,,,Synthetic,8.632754,9.538309
,Unknown,97,64,98,77,119,58,432,,,,,,,,,,,,,,,,,,,,1.0971486559847423,,39.78436366460518,58,6.779944935645579,38717,57,,Bug,None,,,2,0,0,0,1,6,10,5,,3,,,Synthetic,6.0537863,8.4054985
,Unknown,32,95,15,38,84,36,432,,,,,,,,,,,,,,,,,,,,0.8076457051218009,,-3.766643630321534,276,7.770144360560665,4001,45,,Ghost,Dark,,,7,0,0,0,2,2,12,1,,3,,,Synthetic,8.572244,6.580728
,Unknown,89,36,97,56,124,2,454,,,,,,,,,,,,,,,,,,,,0.5036583522529944,,16.971874777548326,293,3.657997815866528,5269,86,,Dragon,Rock,,,1,0,0,0,0,2,13,3,,3,,,Synthetic,9.122687,10.514163
,Unknown,123,103,80,50,44,39,626,,,,,,,,,,,,,,,,,,,,2.2613637152138897,,110.18368073127562,95,104.21112595655778,9660,59,,Bug,Ground,,,4,0,1,0,0,6,6,3,,5,,,Synthetic,6.857127,13.245569
,Unknown,67,126,27,74,95,32,334,,,,,,,,,,,,,,,,,,,,1.216143238243965,,2.54905626134461,159,16.877025592844127,4560,135,,Flying,Psychic,,,3,0,0,0,0,4,6,2,,4,,,Synthetic,7.9080143,9.08949
,Unknown,313,62,92,111,72,56,446,,,,,,,,,,,,,,,,,,,,0.8777248732560914,,-8.272771401444489,24,57.80248270688824,2993,99,,Bug,Fairy,,,5,0,0,0,0,3,13,1,,3,,,Synthetic,6.2736382,9.345043
,Unknown,191,122,86,61,130,23,418,,,,,,,,,,,,,,,,,,,,0.2456559082965799,,149.60943829196714,54,6.803748504230485,7034,32,,Water,Fighting,,,9,0,0,0,0,-1,4,4,,3,,,Synthetic,5.5460525,9.087864
,Unknown,89,1,45,21,37,-1,413,,,,,,,,,,,,,,,,,,,,1.2371043158924382,,-4.183776085438785,205,107.2369324253792,4491,256,,Water,None,,,3,0,0,0,0,4,12,1,,3,,,Synthetic,9.353504,13.013243
,Unknown,131,49,64,25,62,-6,473,,,,,,,,,,,,,,,,,,,,1.069509030417366,,26.243331129735573,99,4.461256169650662,4665,106,,Bug,None,,,7,0,0,0,1,5,10,3,,6,,,Synthetic,6.9959197,8.445078
,Unknown,100,110,141,173,103,17,584,,,,,,,,,,,,,,,,,,,,2.1598663636870867,,166.40565067051628,11,7.788367247258792,38135,-2,,Dragon,Psychic,,,7,1,1,0,0,11,9,4,,1,,,Synthetic,3.576458,8.077839
,Unknown,140,114,17,60,82,37,405,,,,,,,,,,,,,,,,,,,,1.3057863453472411,,135.2528352787682,48,34.113294790946384,1524,47,,Fairy,None,,,4,0,1,0,0,2,2,8,,2,,,Synthetic,5.479913,8.864528
,Unknown,71,7,63,71,91,24,367,,,,,,,,,,,,,,,,,,,,1.0516953787891383,,22.5385075822476,105,67.168902900474,5369,158,,Electric,Flying,,,3,0,0,0,0,4,12,3,,3,,,Synthetic,8.275152,13.399018
,Unknown,85,26,47,33,98,44,516,,,,,,,,,,,,,,,,,,,,0.6577087626562204,,37.88134000867586,56,5.218507742587701,5217,174,,Psychic,Ice,,,5,0,0,0,0,-1,7,3,,2,,,Synthetic,7.211985,9.925154
,Unknown,93,97,33,46,131,68,630,,,,,,,,,,,,,,,,,,,,1.3650140329375129,,30.5414960083912,4,4.953994208036971,3023,62,,Steel,Flying,,,8,1,0,0,0,10,7,3,,3,,,Synthetic,4.8863115,8.6954975
,Unknown,113,110,71,90,82,54,518,,,,,,,,,,,,,,,,,,,,7.760858368934274,,219.46869688583564,-21,6.747380932566426,26244,-25,,Dark,Ghost,,,9,0,0,0,2,6,3,5,,3,,,Synthetic,4.096173,7.0938673
,Unknown,100,93,87,107,154,95,518,,,,,,,,,,,,,,,,,,,,5.731660732388859,,274.6252212770933,58,7.275016151065216,36628,38,,Normal,None,,,5,0,0,0,0,8,13,2,,1,,,Synthetic,3.758715,9.458834
,Unknown,143,80,71,114,109,66,423,,,,,,,,,,,,,,,,,,,,1.006137462065019,,-2.2553902584895766,56,8.592776752168621,6050,58,,Ghost,None,,,3,0,0,0,0,2,9,5,,4,,,Synthetic,5.7287936,9.100646
,Unknown,60,95,70,47,45,1,306,,,,,,,,,,,,,,,,,,,,1.1063979240317503,,24.37649875691749,212,100.7503439008855,2904,61,,Water,None,,,1,0,0,0,0,2,11,1,,3,,,Synthetic,8.93148,12.753685
,Unknown,152,22,112,118,100,52,446,,,,,,,,,,,,,,,,,,,,0.5463214140355168,,37.31415526636892,35,6.726487511047608,5133,66,,Psychic,Ghost,,,8,0,0,0,1,3,5,5,,3,,,Synthetic,5.8685837,8.52917
,Unknown,115,26,87,60,41,19,389,,,,,,,,,,,,,,,,,,,,0.5156497660218019,,111.2213419642845,37,59.22692073480635,3761,203,,Water,Dark,,,8,0,0,0,1,0,13,5,,4,,,Synthetic,7.7147145,11.0940075
,Unknown,97,147,45,110,72,44,476,,,,,,,,,,,,,,,,,,,,0.2230688973716139,,28.97865075246326,106,7.393050594948646,13053,-9,,Water,Grass,,,5,0,0,0,0,2,8,3,,4,,,Synthetic,5.6882596,9.886038
,Unknown,89,69,78,82,99,6,356,,,,,,,,,,,,,,,,,,,,1.0052531761756334,,7.749256506157956,199,91.19328957410148,4826,294,,Fighting,Ghost,,,8,0,0,0,1,0,13,2,,4,,,Synthetic,8.49802,12.778883
,Unknown,63,76,112,110,126,60,493,,,,,,,,,,,,,,,,,,,,0.6591844916555425,,26.59271424839087,41,7.321755169402691,5072,53,,Fire,Fairy,,,1,0,0,0,0,1,6,3,,3,,,Synthetic,5.242194,9.214795
,Unknown,90,60,85,46,81,96,472,,,,,,,,,,,,,,,,,,,,0.5829157278710807,,335.9818623521486,74,8.740117061166934,2968,46,,Grass,Bug,,,4,0,0,0,1,4,9,6,,2,,,Synthetic,5.6565576,7.7705564
,Unknown,52,72,5,45,46,48,365,,,,,,,,,,,,,,,,,,,,0.6996129454142586,,-25.24731631768166,249,63.125515227866785,1645,78,,Normal,None,,,5,0,0,0,0,3,12,3,,3,,,Synthetic,9.302384,12.584803
,Unknown,28,63,63,31,123,22,299,,,,,,,,,,,,,,,,,,,,0.9288634415840258,,-7.6151936766619155,98,7.889598775234672,4389,57,,Water,None,,,5,0,0,0,1,1,12,5,,3,,,Synthetic,8.482395,8.340576
,Unknown,102,91,170,106,161,79,562,,,,,,,,,,,,,,,,,,,,4.319670474568419,,201.97201482689093,9,7.640969943627347,28742,49,,Fire,Ice,,,7,0,0,0,0,6,10,3,,4,,,Synthetic,3.47758,9.129238
,Unknown,57,89,59,72,50,22,342,,,,,,,,,,,,,,,,,,,,0.6602018878992231,,-25.25948043748611,190,7.119851717751978,5378,197,,Bug,None,,,3,0,0,0,0,0,12,5,,3,,,Synthetic,8.989142,9.822009
,Unknown,63,26,51,94,48,-7,331,,,,,,,,,,,,,,,,,,,,0.5841730368708445,,18.32210123557142,252,104.5750882564185,5678,110,,Fire,Flying,,,8,0,0,0,0,4,9,5,,3,,,Synthetic,9.068452,13.266146
,Unknown,122,68,72,130,102,16,487,,,,,,,,,,,,,,,,,,,,0.4190278336626021,,17.441756318522028,29,86.6467088767879,13217,-4,,Psychic,Dragon,,,5,0,1,0,2,8,7,4,,1,,,Synthetic,6.3082485,12.932889
,Unknown,115,71,136,69,123,88,527,,,,,,,,,,,,,,,,,,,,4.90268323579715,,111.03317314333424,3,7.932195889085346,37384,111,,Psychic,Dragon,,,3,0,0,0,0,3,9,4,,1,,,Synthetic,3.8623106,9.540814
,Unknown,83,114,126,175,111,63,531,,,,,,,,,,,,,,,,,,,,2.844435425724393,,897.0776842828143,13,7.553166047638555,9758,85,,Fire,Flying,,,9,0,0,0,0,6,10,5,,1,,,Synthetic,2.393235,8.61931
,Unknown,33,97,39,73,106,59,442,,,,,,,,,,,,,,,,,,,,0.3152404094957848,,-16.047510948162632,45,7.706449102202373,5305,100,,Water,None,,,1,0,0,0,1,4,12,3,,3,,,Synthetic,7.1816034,8.289136
,Unknown,61,84,16,59,60,1,439,,,,,,,,,,,,,,,,,,,,1.265792872180286,,37.57551339155976,52,16.105820872751913,3415,107,,Fighting,None,,,5,0,0,0,1,1,12,2,,3,,,Synthetic,7.58555,8.076415
,Unknown,46,33,49,64,25,41,165,,,,,,,,,,,,,,,,,,,,0.6427215271670319,,-8.426017646230816,138,6.790656950660212,4067,65,,Ghost,Psychic,,,5,0,0,0,1,4,7,5,,4,,,Synthetic,9.092067,7.9097857
,Unknown,56,88,43,37,76,90,422,,,,,,,,,,,,,,,,,,,,1.0892257903610276,,33.43171740957802,9,7.868146032824645,3907,50,,Normal,None,,,2,0,0,0,1,5,9,5,,3,,,Synthetic,5.975244,7.610545
,Unknown,134,91,157,39,90,130,435,,,,,,,,,,,,,,,,,,,,2.070986399247014,,29.13313957295418,-20,7.852709969803264,5396,55,,Fighting,Dragon,,,7,0,0,1,1,2,12,6,,3,,,Synthetic,5.6540785,7.1375813
,Unknown,83,83,79,122,119,111,480,,,,,,,,,,,,,,,,,,,,1.912245437095222,,405.5392864418126,46,5.381173393046403,34630,138,,Electric,None,,,4,0,0,0,0,2,13,6,,1,,,Synthetic,5.0101438,9.744472
,Unknown,50,-2,84,37,41,38,258,,,,,,,,,,,,,,,,,,,,0.9695803407265576,,-27.34251108317229,234,101.72769144952412,4363,210,,Fire,None,,,6,0,0,0,0,4,12,3,,3,,,Synthetic,9.290751,13.073146
,Unknown,57,61,57,25,85,37,378,,,,,,,,,,,,,,,,,,,,0.525779742947559,,15.421822315113658,292,6.098864724755474,4446,45,,Normal,Ghost,,,6,0,0,0,0,2,12,2,,3,,,Synthetic,9.568387,10.514879
,Unknown,89,101,118,98,116,62,543,,,,,,,,,,,,,,,,,,,,1.3594813494859748,,30.0052381069083,48,5.13157883845739,5047,38,,Fire,Ghost,,,2,0,0,0,0,1,4,3,,3,,,Synthetic,5.041939,9.193492
,Unknown,119,136,111,159,121,155,489,,,,,,,,,,,,,,,,,,,,0.7228179992677528,,-40.21600865552659,-5,6.207304495921619,40522,39,,Dark,Psychic,,,7,0,1,0,0,6,8,3,,1,,,Synthetic,3.7998064,8.479967
,Unknown,127,109,140,133,104,79,695,,,,,,,,,,,,,,,,,,,,5.087304657361582,,275.0787352727278,20,5.686291716264598,32171,43,,Psychic,Fighting,,,7,1,0,0,0,9,6,6,,1,,,Synthetic,3.1375506,8.411955
,Unknown,52,78,32,86,73,30,498,,,,,,,,,,,,,,,,,,,,10.695411536757884,,1.869610679750144,74,8.14191686064609,4994,187,,Dark,Fairy,,,5,0,1,0,0,4,13,5,,4,,,Synthetic,3.5106378,9.816961
,Unknown,149,22,83,96,130,77,528,,,,,,,,,,,,,,,,,,,,0.671939963025955,,18.79655208613779,33,5.243144544462315,1569,39,,Ground,Fire,,,6,0,0,0,0,4,14,5,,4,,,Synthetic,5.8933415,9.240978
,Unknown,74,84,99,107,58,29,512,,,,,,,,,,,,,,,,,,,,2.135634902870855,,-12.619787515376713,40,22.43616248903965,5802,58,,Water,None,,,8,0,0,0,0,6,7,3,,3,,,Synthetic,5.865242,9.337956
,Unknown,101,133,61,131,118,22,483,,,,,,,,,,,,,,,,,,,,1.7910411656524396,,208.2804479857975,56,90.61337765471052,11301,193,,Psychic,Grass,,,8,0,0,0,1,3,9,3,,4,,,Synthetic,6.7120504,13.075301
,Unknown,49,59,0,26,48,4,276,,,,,,,,,,,,,,,,,,,,0.7475815329119144,,0.6409605051720533,309,5.01454201072984,5214,105,,Dark,Grass,,,4,0,0,0,2,3,12,5,,3,,,Synthetic,9.114456,6.5681663
,Unknown,61,129,88,64,91,62,696,,,,,,,,,,,,,,,,,,,,2.0674879103091506,,26.93634744687406,40,6.653312712904916,5842,193,,Water,None,,,7,0,0,0,0,2,10,3,,6,,,Synthetic,5.3822684,10.178419
,Unknown,127,30,108,46,108,38,415,,,,,,,,,,,,,,,,,,,,0.7928493007566121,,137.45904028641462,95,6.640219149467991,5329,45,,Fighting,None,,,8,0,0,0,0,2,5,3,,3,,,Synthetic,6.542094,9.3127985
,Unknown,124,143,182,97,124,67,621,,,,,,,,,,,,,,,,,,,,4.440858033969121,,66.71632881131384,51,5.687872332825537,26171,47,,Rock,None,,,7,0,0,0,1,8,4,5,,3,,,Synthetic,3.364918,8.240217
,Unknown,32,25,42,67,87,68,347,,,,,,,,,,,,,,,,,,,,1.084068873385051,,20.881580748633716,57,109.2836384566586,5045,296,,Fire,None,,,5,0,0,0,0,4,10,1,,4,,,Synthetic,8.1862955,13.994908
,Unknown,66,31,47,24,96,53,386,,,,,,,,,,,,,,,,,,,,1.0845306395426886,,-6.145371029604108,119,8.411354128839147,4456,249,,Dark,Poison,,,3,0,0,0,0,5,12,2,,3,,,Synthetic,8.864842,9.987979
,Unknown,87,63,36,150,29,14,468,,,,,,,,,,,,,,,,,,,,1.8735257870100717,,33.94588086278446,244,8.461832216961334,5607,-7,,Psychic,Flying,,,6,0,0,0,2,2,8,3,,3,,,Synthetic,8.007667,7.129869
,Unknown,343,77,50,65,121,4,436,,,,,,,,,,,,,,,,,,,,0.9398420085731316,,2.4026997255884357,91,6.196931286999975,1832,44,,Dragon,None,,,1,0,0,0,2,2,10,5,,3,,,Synthetic,6.2991095,9.101518
,Unknown,85,84,122,126,152,64,626,,,,,,,,,,,,,,,,,,,,2.100398509065744,,182.8685807279823,-24,12.516264852603287,3685,5,,Rock,Ice,,,7,1,0,0,0,6,5,3,,3,,,Synthetic,3.5573258,8.678808
,Unknown,130,122,130,148,127,49,631,,,,,,,,,,,,,,,,,,,,1.7266353083334038,,186.65629948623103,54,8.066043533111465,11331,56,,Electric,Flying,,,7,0,0,0,0,3,7,5,,1,,,Synthetic,3.6189551,8.69836
,Unknown,43,54,127,80,76,21,385,,,,,,,,,,,,,,,,,,,,1.1470740185121029,,-3.151109857084135,257,6.678862999173468,2143,136,,Electric,None,,,5,0,0,0,0,0,12,1,,5,,,Synthetic,9.622915,10.409054
,Unknown,68,41,83,75,116,49,514,,,,,,,,,,,,,,,,,,,,0.8389992237464086,,6.178844903758046,49,7.751752932187467,5458,53,,Fire,None,,,1,0,0,0,0,4,12,5,,3,,,Synthetic,6.298754,9.476657
,Unknown,66,53,51,142,96,80,467,,,,,,,,,,,,,,,,,,,,0.6631850784555432,,3.119937885148474,248,5.544693093270865,4470,36,,Water,Flying,,,7,0,0,0,0,6,11,3,,3,,,Synthetic,8.039419,9.798089
,Unknown,81,133,66,95,106,68,467,,,,,,,,,,,,,,,,,,,,0.958367435608816,,81.15619009376358,49,7.220874937405432,10672,33,,Dark,Ground,,,3,0,0,0,2,1,15,4,,1,,,Synthetic,6.7375298,6.4323688
,Unknown,97,121,127,123,40,126,469,,,,,,,,,,,,,,,,,,,,0.9364909657686002,,462.3206310977466,32,8.476240376751441,37825,-2,,Fairy,Dragon,,,7,0,1,0,0,8,4,3,,1,,,Synthetic,3.0034597,8.137126
,Unknown,116,133,124,44,119,83,490,,,,,,,,,,,,,,,,,,,,1.5131159839318018,,-14.24047009875214,15,107.5986846414483,4009,76,,Psychic,None,,,5,0,0,0,1,3,3,3,,3,,,Synthetic,6.625111,13.2297125
,Unknown,29,69,79,30,92,31,758,,,,,,,,,,,,,,,,,,,,1.141850916109963,,-12.146556102292772,61,12.40064553379037,5176,250,,Psychic,None,,,1,0,0,0,0,4,12,5,,4,,,Synthetic,6.627329,9.61903
,Unknown,114,163,84,163,104,161,470,,,,,,,,,,,,,,,,,,,,2.846388404321863,,128.0468565748937,42,8.627387517310385,39123,29,,Dragon,Ice,,,9,0,0,0,0,10,13,5,,1,,,Synthetic,3.759247,8.356347
,Unknown,34,28,35,70,88,15,290,,,,,,,,,,,,,,,,,,,,0.2827821362813627,,5.229242281867986,85,13.893337410905763,5797,127,,Grass,None,,,8,0,0,0,1,4,5,2,,3,,,Synthetic,8.314329,8.357733
,Unknown,99,105,148,55,121,31,496,,,,,,,,,,,,,,,,,,,,0.884464958303071,,252.0651918781535,204,7.821532344029196,2849,95,,Normal,None,,,1,0,0,0,0,6,9,3,,3,,,Synthetic,5.4996614,9.549325
,Unknown,80,66,64,36,48,26,216,,,,,,,,,,,,,,,,,,,,0.6568937126386174,,2.807057943315442,270,8.23765169044892,3765,47,,Water,None,,,1,0,0,0,0,3,11,3,,3,,,Synthetic,10.302929,9.344183
,Unknown,119,78,182,141,162,136,532,,,,,,,,,,,,,,,,,,,,2.087099131478002,,293.7949791263392,15,6.154251481492708,36958,43,,Steel,Dragon,,,7,1,0,0,0,6,5,5,,1,,,Synthetic,3.1131325,8.424044
,Unknown,29,24,43,71,103,37,221,,,,,,,,,,,,,,,,,,,,0.4719224880708964,,-0.135513685017143,180,38.31074113621269,5834,215,,Water,Poison,,,3,0,0,0,0,4,12,3,,3,,,Synthetic,9.719665,9.863734
,Unknown,72,114,105,132,131,80,578,,,,,,,,,,,,,,,,,,,,16.650465237506538,,273.5428409182616,19,5.258442536822708,4995,76,,Dragon,Ground,,,8,1,0,0,0,3,6,6,,2,,,Synthetic,3.0783978,9.648438
,Unknown,29,-6,17,80,61,12,350,,,,,,,,,,,,,,,,,,,,1.18793065711586,,-17.294737849181224,278,90.64561822379156,5465,209,,Water,None,,,5,0,0,0,0,4,12,5,,3,,,Synthetic,9.311904,13.20816
,Unknown,132,38,58,48,80,8,368,,,,,,,,,,,,,,,,,,,,1.0940565869689811,,-23.819102734177054,245,7.746478467841513,4970,187,,Grass,None,,,2,0,0,0,0,3,12,1,,3,,,Synthetic,9.2898855,10.638461
,Unknown,81,45,108,68,74,0,371,,,,,,,,,,,,,,,,,,,,2.146340039492693,,27.495393859995623,44,5.652182699976648,5481,81,,Water,None,,,8,0,0,0,0,-1,10,3,,6,,,Synthetic,7.752958,10.112331
,Unknown,59,23,69,54,66,-9,448,,,,,,,,,,,,,,,,,,,,1.1904625533906297,,76.52512782551717,59,95.5651060214624,4525,34,,Normal,Dark,,,9,0,0,0,0,5,12,4,,2,,,Synthetic,8.189616,13.447652
,Unknown,111,113,52,98,97,87,304,,,,,,,,,,,,,,,,,,,,3.001129602506853,,126.91755467272324,92,6.032222212292929,4172,87,,Poison,None,,,2,0,0,0,0,8,6,3,,4,,,Synthetic,4.841087,8.676119
,Unknown,106,59,99,70,115,41,402,,,,,,,,,,,,,,,,,,,,1.5820745708466837,,-2.3405646618690543,37,7.161148735001754,2724,27,,Dragon,None,,,2,0,0,0,1,5,10,4,,3,,,Synthetic,6.1653137,8.393175
,Unknown,121,40,179,66,83,96,721,,,,,,,,,,,,,,,,,,,,16.256558626247863,,66.59598496446938,-5,5.237960147265765,5240,187,,Dragon,Grass,,,4,1,0,0,0,5,14,1,,2,,,Synthetic,3.2429368,9.628761
,Unknown,72,27,4,33,27,-5,369,,,,,,,,,,,,,,,,,,,,1.1300396434937612,,0.6033259674061799,249,8.872085336867604,1479,237,,Fire,None,,,5,0,0,0,0,-1,12,1,,3,,,Synthetic,9.663999,10.499379
,Unknown,98,33,192,107,119,166,622,,,,,,,,,,,,,,,,,,,,2.2143987819824353,,100.0397025412948,67,9.215866711195911,13575,-19,,Dragon,None,,,7,0,0,0,0,-1,3,5,,2,,,Synthetic,4.3847117,8.839407
,Unknown,48,20,60,36,60,60,346,,,,,,,,,,,,,,,,,,,,0.8520705727765536,,-14.133889087799185,49,8.900981118180715,4813,252,,Bug,None,,,5,0,0,0,0,3,16,3,,9,,,Synthetic,8.571332,9.528032
,Unknown,124,133,107,111,117,129,489,,,,,,,,,,,,,,,,,,,,4.91090902336299,,232.13648963726789,5,44.23218978691578,8140,85,,Electric,Poison,,,8,0,0,0,0,5,4,7,,3,,,Synthetic,3.7285228,8.431473
,Unknown,52,64,26,89,90,40,499,,,,,,,,,,,,,,,,,,,,1.6165782793295054,,32.28473294382884,57,7.210413294351042,3620,48,,Fighting,Rock,,,1,0,0,0,1,3,13,5,,3,,,Synthetic,6.6303177,8.064186
,Unknown,103,73,125,105,136,82,544,,,,,,,,,,,,,,,,,,,,3.3750728042261846,,374.66977628697725,11,8.340663960279652,36608,43,,Dark,Dragon,,,2,0,0,0,0,2,7,3,,2,,,Synthetic,3.501703,9.123041
,Unknown,42,92,32,35,76,57,328,,,,,,,,,,,,,,,,,,,,0.3306699595997658,,-29.223916186211845,52,44.66593545659997,2986,51,,Bug,Flying,,,6,0,0,0,0,5,9,1,,4,,,Synthetic,8.266665,9.358609
,Unknown,48,95,51,65,74,-3,381,,,,,,,,,,,,,,,,,,,,1.1513455931673104,,0.0714404302782423,105,8.847663160039186,3381,33,,Fire,None,,,6,0,0,0,0,0,12,4,,4,,,Synthetic,8.597258,10.012365
,Unknown,86,57,110,97,125,22,486,,,,,,,,,,,,,,,,,,,,2.0809932068128516,,497.7837408556368,15,107.43189920582904,11457,46,,Rock,Water,,,7,0,0,0,0,7,6,6,,3,,,Synthetic,6.3662596,13.030905
,Unknown,86,60,45,30,53,29,556,,,,,,,,,,,,,,,,,,,,0.967550090894145,,15.43514703229043,62,94.9180984384858,4783,100,,Normal,None,,,6,0,0,0,0,4,17,1,,3,,,Synthetic,7.9493227,13.993716
,Unknown,124,145,55,56,115,82,512,,,,,,,,,,,,,,,,,,,,2.257916388137633,,132.2488277602217,122,7.596582612836172,2522,74,,Normal,None,,,8,0,0,0,0,2,5,5,,3,,,Synthetic,5.220785,9.070535
,Unknown,73,53,3,63,50,-15,327,,,,,,,,,,,,,,,,,,,,0.8282036221436249,,8.398318470929441,248,5.304868231305119,5162,175,,Ghost,None,,,1,0,0,0,0,4,16,2,,3,,,Synthetic,10.008188,9.973001
,Unknown,132,131,83,133,96,103,481,,,,,,,,,,,,,,,,,,,,1.1777411919654113,,371.6955833009702,43,8.00484309351757,9208,-2,,Fighting,Dragon,,,5,0,0,0,0,8,7,3,,0,,,Synthetic,3.031199,8.295726
,Unknown,93,115,80,59,107,72,485,,,,,,,,,,,,,,,,,,,,0.7154340007223751,,33.30635019317013,161,8.610220671976679,4927,150,,Electric,Dark,,,2,0,0,0,0,0,3,5,,3,,,Synthetic,5.487504,9.036683
,Unknown,22,98,28,57,93,32,542,,,,,,,,,,,,,,,,,,,,1.0203493693566164,,11.111381943995267,91,19.05347910468487,5158,36,,Water,None,,,3,0,0,0,0,4,12,3,,3,,,Synthetic,7.292699,9.474808
,Unknown,136,73,157,146,57,83,549,,,,,,,,,,,,,,,,,,,,5.603811164947682,,455.2776467007385,3,8.04020411316864,38911,0,,Bug,Grass,,,7,0,0,0,2,7,6,5,,1,,,Synthetic,3.5770519,7.3468165
,Unknown,69,82,64,58,98,76,453,,,,,,,,,,,,,,,,,,,,1.405338024074498,,97.28261098572932,49,7.479943159972056,5209,44,,Ground,Fire,,,5,0,0,0,0,0,6,1,,3,,,Synthetic,6.7561064,9.929759
,Unknown,119,125,150,184,99,59,623,,,,,,,,,,,,,,,,,,,,2.1469562087780356,,43.56682168695425,-29,7.637840868371919,31904,4,,Psychic,Psychic,,,7,1,0,0,1,10,7,4,,1,,,Synthetic,3.6822922,8.034081
,Unknown,45,100,61,23,61,68,424,,,,,,,,,,,,,,,,,,,,0.3242547800247179,,-27.62400946067949,266,-5.209134469848197,2770,189,,Water,None,,,1,0,0,0,0,3,12,3,,3,,,Synthetic,10.336555,9.8424835
,Unknown,151,117,104,144,56,45,485,,,,,,,,,,,,,,,,,,,,2.259931787960315,,-9.97711337190353,23,7.60730726129834,5760,92,,Fighting,Poison,,,3,0,0,0,1,5,16,5,,3,,,Synthetic,5.077626,8.483547
,Unknown,132,125,155,162,106,49,415,,,,,,,,,,,,,,,,,,,,1.3202897836587506,,131.70387949252438,15,8.821488379489063,7916,43,,Ice,Fairy,,,7,0,1,0,0,10,4,7,,1,,,Synthetic,3.3701653,7.8464293
,Unknown,56,11,60,48,62,58,466,,,,,,,,,,,,,,,,,,,,0.9819533707308258,,-5.017156882722597,243,7.834691515256162,3514,152,,Water,None,,,5,0,0,0,0,5,12,3,,3,,,Synthetic,9.634533,10.119316
,Unknown,50,117,90,76,59,18,492,,,,,,,,,,,,,,,,,,,,2.197857219400587,,-3.0529382736387394,268,3.721996707651377,3381,208,,Bug,Bug,,,4,0,0,0,0,1,9,5,,3,,,Synthetic,8.594844,9.9529295
,Unknown,124,61,103,105,154,100,538,,,,,,,,,,,,,,,,,,,,4.133991674544036,,161.73716160276956,114,5.732983215611911,5760,92,,Flying,Ground,,,8,0,0,0,1,6,15,3,,3,,,Synthetic,3.9532423,9.603987
,Unknown,87,33,161,16,88,26,285,,,,,,,,,,,,,,,,,,,,1.0550615917488635,,84.35880836777359,75,7.1806898071006575,5038,49,,Dark,None,,,3,0,0,0,0,3,10,1,,4,,,Synthetic,7.1752195,10.219124
,Unknown,66,99,69,66,82,46,531,,,,,,,,,,,,,,,,,,,,1.6518918298579464,,-22.011014766064093,49,6.208611770617706,4816,83,,Water,None,,,1,0,0,0,0,2,10,3,,3,,,Synthetic,6.1879215,10.259987
,Unknown,151,159,81,47,116,38,576,,,,,,,,,,,,,,,,,,,,2.8745260982633924,,429.1957371438211,6,6.817139958617814,7343,45,,Ice,None,,,4,0,0,0,1,6,6,4,,1,,,Synthetic,2.8140674,8.484309
,Unknown,113,91,109,91,156,78,495,,,,,,,,,,,,,,,,,,,,0.7423561651267778,,34.76414277331258,36,8.959270193927171,5571,39,,Normal,Grass,,,9,0,0,0,2,3,2,3,,3,,,Synthetic,4.883763,7.2916284
,Unknown,149,73,120,166,113,65,538,,,,,,,,,,,,,,,,,,,,2.4226616666302423,,50.45200840077911,34,109.7739975586934,5636,71,,Steel,None,,,5,0,0,0,2,6,14,6,,11,,,Synthetic,6.424169,12.784468
,Unknown,125,93,103,141,88,60,549,,,,,,,,,,,,,,,,,,,,4.125321520334268,,60.129423420497275,-5,6.073858897007119,6160,29,,Grass,Flying,,,8,1,0,0,0,3,8,4,,3,,,Synthetic,3.9915762,9.032632
,Unknown,82,73,75,55,85,15,447,,,,,,,,,,,,,,,,,,,,0.954806834511602,,-0.1198959492179199,32,10.733892203076673,2931,82,,Water,None,,,4,0,0,0,0,1,13,5,,2,,,Synthetic,7.697364,9.795366
,Unknown,73,74,40,33,87,3,502,,,,,,,,,,,,,,,,,,,,1.2089236389921083,,1.6254648796623847,167,8.76634625223592,5630,59,,Water,None,,,5,0,0,0,0,-1,12,5,,3,,,Synthetic,8.657987,10.160857
,Unknown,47,35,46,107,98,50,645,,,,,,,,,,,,,,,,,,,,0.5939223717744267,,16.26075306175184,61,80.1179868123462,4408,40,,Water,Electric,,,7,0,0,0,2,3,7,5,,3,,,Synthetic,6.7401986,12.559328
,Unknown,109,23,76,72,50,48,478,,,,,,,,,,,,,,,,,,,,1.131527204524576,,16.977186822860393,236,7.934408465146854,2355,67,,Psychic,Flying,,,5,0,0,0,1,3,12,1,,3,,,Synthetic,8.866093,7.15405
,Unknown,164,110,105,164,85,44,745,,,,,,,,,,,,,,,,,,,,1.0347430161030862,,-7.024238308992551,-6,7.8545113845722625,35287,49,,Ice,Dragon,,,6,1,0,0,2,6,12,6,,3,,,Synthetic,4.4034047,7.491159
,Unknown,151,135,87,49,100,52,567,,,,,,,,,,,,,,,,,,,,2.780767875154958,,466.17307929981473,20,8.755028693111019,9762,-3,,Ground,Ghost,,,8,1,0,0,1,6,4,1,,5,,,Synthetic,2.8168304,8.405815
,Unknown,49,51,12,92,137,39,432,,,,,,,,,,,,,,,,,,,,0.987154129609209,,48.30542994639213,193,17.75766329202472,5928,58,,Water,None,,,6,0,0,0,0,4,12,5,,3,,,Synthetic,9.066781,10.122638
,Unknown,28,58,26,26,52,14,272,,,,,,,,,,,,,,,,,,,,0.9697625223186068,,7.579245568230968,216,7.788297763297348,3646,78,,Bug,Flying,,,2,0,0,0,0,2,11,5,,3,,,Synthetic,9.805571,8.6889925
,Unknown,109,111,121,167,112,54,575,,,,,,,,,,,,,,,,,,,,2.043328087137327,,169.65539585854657,-19,7.728012387278333,25774,58,,Water,Ghost,,,6,0,0,0,0,4,6,3,,1,,,Synthetic,3.6064596,8.654132
,Unknown,82,48,100,140,128,68,703,,,,,,,,,,,,,,,,,,,,5.381200701656713,,342.3126913329381,36,8.276577352171575,30765,11,,Flying,None,,,7,1,0,0,0,6,4,5,,1,,,Synthetic,3.2621331,8.770939
,Unknown,118,138,114,62,115,63,467,,,,,,,,,,,,,,,,,,,,5.6002684588621,,143.72901877532274,1,5.748423441928503,26473,45,,Water,None,,,7,0,0,0,0,2,4,3,,10,,,Synthetic,3.9900877,9.256366
,Unknown,74,126,51,44,106,-2,318,,,,,,,,,,,,,,,,,,,,2.1439645727338768,,-10.76441675099145,144,7.074823670184102,4093,249,,Water,Fairy,,,9,0,0,0,0,4,7,3,,2,,,Synthetic,7.8788676,9.046349
,Unknown,121,111,111,162,91,45,536,,,,,,,,,,,,,,,,,,,,9.176615637450292,,51.09431992651194,2,20.17446257430311,3527,-3,,Steel,None,,,7,0,1,0,1,7,5,2,,1,,,Synthetic,3.3128762,9.185465
,Unknown,77,51,220,62,38,-4,283,,,,,,,,,,,,,,,,,,,,0.5838139426382709,,14.06480740288821,235,100.35824745647618,3363,67,,Normal,None,,,8,0,0,0,0,3,8,1,,3,,,Synthetic,8.767334,12.819996
,Unknown,105,144,22,48,30,54,350,,,,,,,,,,,,,,,,,,,,0.4432344137798671,,65.87880458708388,231,63.103084923755986,3067,260,,Dark,Poison,,,3,0,0,0,1,3,8,1,,3,,,Synthetic,8.979762,12.264438
,Unknown,114,48,135,141,86,125,420,,,,,,,,,,,,,,,,,,,,2.332477565906249,,265.42222733734536,25,8.90723359777723,40160,23,,Dark,Psychic,,,5,0,0,1,2,5,12,3,,1,,,Synthetic,4.982713,7.030235
,Unknown,73,85,94,33,156,177,436,,,,,,,,,,,,,,,,,,,,1.0892036053019782,,-15.736529394995296,45,5.674256132277795,5159,95,,Rock,None,,,8,0,0,0,0,6,13,0,,4,,,Synthetic,5.046025,10.441562
,Unknown,75,87,53,61,92,57,441,,,,,,,,,,,,,,,,,,,,1.6578298620609104,,-4.453506999222109,91,7.378018802248392,2549,54,,Dark,Poison,,,2,0,0,0,1,3,12,1,,3,,,Synthetic,7.2197385,7.7090206
,Unknown,119,34,128,130,130,46,448,,,,,,,,,,,,,,,,,,,,1.3547481667059258,,94.11905130205815,40,6.066100739944313,26216,40,,Ghost,Grass,,,4,0,0,1,0,6,11,5,,3,,,Synthetic,5.738994,9.039149
,Unknown,85,105,131,91,156,87,503,,,,,,,,,,,,,,,,,,,,2.095626713429787,,39.17101648244815,15,8.834117520167165,33974,59,,Psychic,Ghost,,,3,0,0,0,0,3,7,5,,1,,,Synthetic,4.911517,8.801044
,Unknown,115,80,133,107,81,50,451,,,,,,,,,,,,,,,,,,,,0.7210777955732475,,52.06770651714995,9,18.36900489384872,5034,33,,Normal,Ground,,,5,0,0,0,2,3,3,3,,5,,,Synthetic,4.737499,7.251481
,Unknown,62,65,113,25,101,44,376,,,,,,,,,,,,,,,,,,,,0.9901226489746936,,55.19597161886746,246,106.9341250320444,4699,110,,Normal,None,,,4,0,0,0,0,0,9,1,,3,,,Synthetic,8.94254,12.838598
,Unknown,168,97,70,68,117,117,489,,,,,,,,,,,,,,,,,,,,0.5645551324938748,,17.51998385446315,36,8.424749890083591,5483,36,,Fairy,Fairy,,,8,0,0,0,0,4,8,1,,1,,,Synthetic,5.8545523,9.726808
,Unknown,120,99,120,84,97,78,519,,,,,,,,,,,,,,,,,,,,1.3047112917252304,,220.3317863222943,38,6.314936013569317,5409,34,,Dark,Poison,,,2,0,0,0,0,2,12,3,,7,,,Synthetic,4.7219048,9.923952
,Unknown,113,61,63,95,108,48,388,,,,,,,,,,,,,,,,,,,,4.663929623672675,,170.50503860434085,60,109.60904090262702,10683,43,,Psychic,None,,,1,0,0,0,0,6,5,3,,1,,,Synthetic,6.329916,12.954565
,Unknown,168,76,73,20,98,60,314,,,,,,,,,,,,,,,,,,,,1.1980385498433144,,5.347351807098681,199,31.06223529517074,4829,138,,Bug,Poison,,,2,0,0,0,0,3,12,3,,3,,,Synthetic,8.423604,10.547462
,Unknown,86,48,50,53,57,15,418,,,,,,,,,,,,,,,,,,,,2.244233156529486,,4.997904968591083,266,5.374066002093564,5482,37,,Grass,Rock,,,4,0,0,0,0,1,8,3,,2,,,Synthetic,9.292078,10.4561615
,Unknown,79,55,82,41,47,11,525,,,,,,,,,,,,,,,,,,,,1.2015457334974655,,-9.254044382924954,257,102.94509963232436,2777,94,,Rock,Psychic,,,8,0,0,0,0,4,4,1,,2,,,Synthetic,8.93882,12.695285
,Unknown,114,26,94,152,130,29,551,,,,,,,,,,,,,,,,,,,,2.9029537699748063,,465.1128126309794,51,6.747166451082134,6962,95,,Ghost,Poison,,,2,0,0,0,0,3,10,6,,3,,,Synthetic,4.3940196,9.239619
,Unknown,70,16,66,37,57,31,560,,,,,,,,,,,,,,,,,,,,2.0408762363262305,,-14.395111808303882,47,3.854301707240112,5971,58,,Ghost,Rock,,,4,0,0,0,0,2,12,1,,7,,,Synthetic,7.4953947,10.054268
,Unknown,50,84,20,60,124,2,394,,,,,,,,,,,,,,,,,,,,0.9836007698299332,,-13.919312485172172,267,83.26409361162627,2031,178,,Normal,None,,,9,0,0,0,0,3,13,3,,3,,,Synthetic,9.119519,12.369557
,Unknown,56,48,57,41,156,29,497,,,,,,,,,,,,,,,,,,,,0.3788847352259058,,-15.853754807275305,213,5.864949696231465,2880,56,,Grass,None,,,2,0,0,0,0,2,12,5,,3,,,Synthetic,9.031642,10.255321
,Unknown,120,61,131,93,61,73,366,,,,,,,,,,,,,,,,,,,,1.4972024097450936,,56.24394917843467,48,6.822728536409301,7696,103,,Fighting,None,,,8,0,0,0,0,5,6,4,,3,,,Synthetic,5.8515425,8.719707
,Unknown,128,66,102,111,71,15,462,,,,,,,,,,,,,,,,,,,,0.0036402814693844,,20.1267816627032,45,6.9668654056433335,5418,58,,Ghost,Fighting,,,5,0,0,0,0,4,5,1,,2,,,Synthetic,6.665391,9.507355
,Unknown,48,31,37,50,71,30,312,,,,,,,,,,,,,,,,,,,,1.0709305644867255,,-11.310890948303934,255,36.95692823168605,4911,186,,Dragon,None,,,1,0,0,0,1,1,11,5,,3,,,Synthetic,9.382766,7.8119707
,Unknown,116,131,135,145,145,106,698,,,,,,,,,,,,,,,,,,,,1.595634009514609,,29.91817830857616,14,4.663520320584697,31409,17,,Steel,None,,,7,1,0,0,2,3,8,4,,1,,,Synthetic,4.539313,7.485282
,Unknown,88,92,49,17,103,76,608,,,,,,,,,,,,,,,,,,,,0.5228105402030233,,9.7221649100995,40,7.556022355276744,10774,207,,Bug,Fighting,,,7,0,0,1,1,5,8,2,,1,,,Synthetic,5.5540214,7.7214127
,Unknown,60,90,70,39,55,68,171,,,,,,,,,,,,,,,,,,,,0.8369603818797421,,25.930141683685974,52,60.249425037334696,10656,251,,Normal,Ghost,,,1,0,0,0,0,1,4,3,,4,,,Synthetic,8.186175,13.57776
,Unknown,333,143,42,26,97,13,482,,,,,,,,,,,,,,,,,,,,0.9067417684178668,,23.034537161987046,102,6.18604470071031,5475,32,,Normal,Fire,,,1,0,0,0,0,3,15,5,,3,,,Synthetic,6.2620783,9.151
,Unknown,122,98,105,170,131,50,492,,,,,,,,,,,,,,,,,,,,1.613628248859515,,352.17117734770284,295,7.911072477682657,4251,32,,Ghost,Dragon,,,8,0,0,0,1,2,5,0,,5,,,Synthetic,6.852528,8.303887
,Unknown,50,21,42,86,129,-5,271,,,,,,,,,,,,,,,,,,,,0.5490086024222824,,-21.120375829630103,47,5.843620201715857,4398,73,,Ghost,None,,,3,0,0,0,0,0,11,1,,3,,,Synthetic,8.806927,9.734465
,Unknown,161,87,24,65,106,106,590,,,,,,,,,,,,,,,,,,,,4.812859022914599,,268.33214128453835,60,67.38866428583943,9319,35,,Ice,Dragon,,,6,0,0,0,0,4,9,7,,1,,,Synthetic,6.2377095,12.952401
,Unknown,135,101,58,63,179,74,574,,,,,,,,,,,,,,,,,,,,2.896950793255154,,303.64923478848743,37,6.209392962717284,5352,30,,Poison,Dragon,,,8,1,0,0,0,11,10,3,,3,,,Synthetic,3.895,9.077906
,Unknown,56,63,29,46,50,27,379,,,,,,,,,,,,,,,,,,,,0.4827965310786694,,5.191441275987973,208,15.196011127826544,3076,46,,Psychic,None,,,5,0,0,0,0,3,12,3,,3,,,Synthetic,9.871156,10.067403
,Unknown,227,83,52,90,85,-7,474,,,,,,,,,,,,,,,,,,,,0.4513783057258034,,14.136647105837744,57,91.73951530008874,7131,114,,Ghost,Water,,,9,0,1,0,1,3,13,3,,3,,,Synthetic,7.164517,11.830266
,Unknown,100,68,26,45,89,46,318,,,,,,,,,,,,,,,,,,,,30.644976091323276,,113.67493647535925,80,8.077575286596847,4574,125,,Dark,Normal,,,6,0,0,1,2,2,11,3,,3,,,Synthetic,3.0050383,9.78257
,Unknown,41,70,132,84,132,110,506,,,,,,,,,,,,,,,,,,,,2.1144471036985264,,-0.768893795888026,226,8.442465141889848,5937,96,,Water,None,,,2,0,0,0,0,-1,15,1,,3,,,Synthetic,6.968971,4.4790087
,Unknown,137,111,87,51,84,-6,344,,,,,,,,,,,,,,,,,,,,2.164525514922246,,28.48176971619743,117,6.95875114327813,4905,67,,Fire,None,,,5,0,0,0,0,4,12,2,,3,,,Synthetic,6.5982137,10.2627735
,Unknown,67,64,41,68,106,31,511,,,,,,,,,,,,,,,,,,,,0.6547722531616494,,9.364867785788295,39,67.17207714580131,2446,260,,Psychic,None,,,8,0,0,0,0,2,4,3,,3,,,Synthetic,7.012404,11.5587015
,Unknown,28,24,49,33,64,57,410,,,,,,,,,,,,,,,,,,,,1.0837713294859466,,4.631723703872671,217,5.992797744735489,5854,94,,Water,None,,,2,0,0,0,0,-1,15,1,,3,,,Synthetic,9.596614,10.660509
,Unknown,117,75,173,166,93,111,516,,,,,,,,,,,,,,,,,,,,2.1794549545509785,,200.6023586756311,34,8.225630965119162,37953,-29,,Normal,None,,,3,0,0,0,0,5,7,5,,3,,,Synthetic,3.4603982,7.9856205
,Unknown,56,62,21,40,64,12,265,,,,,,,,,,,,,,,,,,,,0.2035988669775206,,-19.711615917033313,54,3.908875975382738,5073,50,,Normal,Ghost,,,6,0,0,0,0,4,12,1,,3,,,Synthetic,8.832031,9.47419
,Unknown,64,71,67,53,38,90,303,,,,,,,,,,,,,,,,,,,,0.3892251384271487,,0.4000054766883174,219,96.59692084451706,4457,210,,Fairy,None,,,6,0,0,0,0,3,9,1,,3,,,Synthetic,8.960044,12.927879
,Unknown,75,90,79,155,170,57,478,,,,,,,,,,,,,,,,,,,,2.211902833730752,,412.9450395192216,38,7.876459128426624,5916,-10,,Psychic,None,,,7,0,0,0,0,6,9,3,,1,,,Synthetic,3.3828115,9.127462
,Unknown,128,80,71,47,118,57,399,,,,,,,,,,,,,,,,,,,,2.831609015062705,,47.16306194317559,47,5.105230666531632,5844,44,,Normal,Ground,,,8,0,1,0,0,2,13,3,,1,,,Synthetic,6.0596247,10.089685
,Unknown,49,3,195,163,67,79,320,,,,,,,,,,,,,,,,,,,,1.0250631661888705,,1.1870747110423494,276,8.018991693385589,5613,53,,Normal,None,,,7,0,0,0,0,3,9,1,,2,,,Synthetic,7.858381,10.391962
,Unknown,124,95,11,66,124,29,452,,,,,,,,,,,,,,,,,,,,0.9128982807687152,,45.95408137464742,268,7.09275225497942,17698,44,,Fire,Grass,,,6,0,0,0,1,6,12,6,,3,,,Synthetic,7.901923,8.77268
,Unknown,99,38,89,71,126,26,377,,,,,,,,,,,,,,,,,,,,1.752930987452645,,5.6636531714350795,114,7.027842164122998,4037,134,,Ghost,None,,,2,0,0,0,0,4,12,1,,4,,,Synthetic,6.919726,10.143311
,Unknown,70,81,110,67,81,76,466,,,,,,,,,,,,,,,,,,,,1.0885127804775985,,6.7162618465874,40,8.394110908572614,5726,28,,Rock,Water,,,5,0,0,0,0,4,4,7,,3,,,Synthetic,5.367435,8.505474
,Unknown,116,141,105,143,110,103,635,,,,,,,,,,,,,,,,,,,,5.569109365623225,,421.3701974762171,-25,9.236602505458317,32019,19,,Rock,Dragon,,,7,1,0,0,1,6,6,4,,1,,,Synthetic,2.927329,8.600242
,Unknown,132,104,53,78,63,24,515,,,,,,,,,,,,,,,,,,,,5.663835345288318,,50.94857168949666,47,105.14806451084526,2489,37,,Rock,Dark,,,9,0,0,0,1,3,12,4,,3,,,Synthetic,7.0905013,13.095562
,Unknown,112,126,137,160,92,59,510,,,,,,,,,,,,,,,,,,,,2.283642189661787,,434.1589611494818,25,5.68602497824732,9670,-6,,Flying,Dragon,,,9,0,0,0,0,6,6,0,,1,,,Synthetic,2.9532068,8.485107
,Unknown,71,113,67,32,34,-2,343,,,,,,,,,,,,,,,,,,,,0.3792175903439969,,28.69451650014936,78,6.720182412080239,4366,153,,Fairy,Ground,,,1,0,0,0,0,2,13,2,,3,,,Synthetic,8.555244,9.723997
,Unknown,76,76,26,111,121,26,454,,,,,,,,,,,,,,,,,,,,1.6813296861798472,,386.6499754613736,65,5.358020590571465,5925,44,,Psychic,Flying,,,3,0,0,0,0,2,8,6,,3,,,Synthetic,4.8620377,9.154791
,Unknown,71,56,51,45,128,55,445,,,,,,,,,,,,,,,,,,,,1.9594435514111308,,-23.84090766763481,39,7.1028559982076125,1653,153,,Bug,Ground,,,5,0,0,0,0,0,12,1,,3,,,Synthetic,6.8757753,10.160659
,Unknown,107,107,137,74,90,104,583,,,,,,,,,,,,,,,,,,,,1.7050658924490132,,75.33460106929977,-13,5.809818623244915,32933,28,,Psychic,Ghost,,,5,1,0,0,2,6,10,4,,1,,,Synthetic,5.1818357,6.868604
,Unknown,271,103,96,132,92,65,532,,,,,,,,,,,,,,,,,,,,1.4354093257808225,,77.01350020711673,58,6.425652245844165,5323,11,,Bug,Water,,,7,0,0,0,1,7,6,6,,2,,,Synthetic,3.9122572,8.149984
,Unknown,123,144,92,150,176,73,489,,,,,,,,,,,,,,,,,,,,4.445672975839045,,306.6572280793194,27,5.802523381540943,36364,16,,Dark,Psychic,,,8,1,0,0,1,9,3,3,,1,,,Synthetic,3.1724646,8.5374155
,Unknown,102,101,19,36,67,57,336,,,,,,,,,,,,,,,,,,,,1.6169996886005944,,-18.727504216132793,132,8.608546165930647,3401,219,,Water,None,,,5,0,0,0,0,4,12,5,,3,,,Synthetic,7.8431687,9.027623
,Unknown,33,86,18,83,66,13,530,,,,,,,,,,,,,,,,,,,,0.8409146837797622,,-11.70102211600821,93,95.67629137589805,5434,272,,Bug,Fire,,,4,0,0,0,0,4,11,1,,3,,,Synthetic,8.002082,13.832059
,Unknown,54,28,37,102,51,9,257,,,,,,,,,,,,,,,,,,,,1.1232097089576325,,5.250143986419351,99,17.501719025463718,1456,90,,Poison,Flying,,,7,0,0,0,0,2,4,5,,3,,,Synthetic,9.211956,8.387822
,Unknown,136,73,33,68,23,31,559,,,,,,,,,,,,,,,,,,,,0.5897519387601813,,20.35849133886699,273,109.1680662524858,5172,111,,Normal,None,,,1,0,0,0,2,3,9,3,,2,,,Synthetic,8.627466,12.56032
,Unknown,90,70,88,146,68,159,450,,,,,,,,,,,,,,,,,,,,1.8519511391664172,,131.3747775774327,3,99.60194993430906,14373,39,,Fighting,Fairy,,,1,0,0,0,0,3,9,3,,3,,,Synthetic,6.3683906,13.594658
,Unknown,66,24,26,53,84,37,491,,,,,,,,,,,,,,,,,,,,1.103175015989169,,9.870139133605992,267,8.204351358365129,10382,72,,Dragon,None,,,3,0,0,0,1,4,7,1,,3,,,Synthetic,9.636726,10.476616
,Unknown,124,124,179,69,41,51,478,,,,,,,,,,,,,,,,,,,,1.2778795203243254,,10.487712340366134,93,4.322743266217406,3884,36,,Grass,Fairy,,,5,0,1,0,2,5,9,5,,4,,,Synthetic,5.2992034,6.833839
,Unknown,96,140,38,131,90,47,710,,,,,,,,,,,,,,,,,,,,2.01601008143397,,168.58975218963246,30,7.846315148359983,5078,87,,Fighting,None,,,5,0,0,0,2,5,4,5,,3,,,Synthetic,4.59036,7.6399
,Unknown,90,53,114,116,127,78,508,,,,,,,,,,,,,,,,,,,,0.6001275079210955,,-5.239048524393882,47,8.188249168110072,1873,252,,Water,Dark,,,5,0,0,0,0,3,6,4,,3,,,Synthetic,5.361677,8.993924
,Unknown,68,41,150,48,117,9,561,,,,,,,,,,,,,,,,,,,,2.1979257111700097,,30.191639383843672,84,5.205493263814538,5218,37,,Steel,Flying,,,9,0,0,0,2,2,11,3,,4,,,Synthetic,6.638531,6.696668
,Unknown,44,42,56,52,97,27,294,,,,,,,,,,,,,,,,,,,,1.0251327321954604,,10.954592078922794,74,102.14538062722076,4241,55,,Water,None,,,2,0,0,0,0,3,8,3,,3,,,Synthetic,8.266614,13.5499735
,Unknown,114,55,80,99,118,57,442,,,,,,,,,,,,,,,,,,,,7.872629810587878,,53.45039539955029,30,6.874505141951444,5487,69,,Flying,Ground,,,6,0,0,0,0,7,10,6,,3,,,Synthetic,3.6051936,9.689798
,Unknown,126,87,81,157,86,69,698,,,,,,,,,,,,,,,,,,,,2.8477501715584457,,58.88194849214623,50,6.643937402776651,10352,20,,Fire,Ground,,,7,0,0,0,0,-1,17,3,,1,,,Synthetic,4.4076114,10.09089
,Unknown,107,103,125,83,189,59,715,,,,,,,,,,,,,,,,,,,,2.5076370483053707,,159.30544474004142,47,19.35929600933182,34868,4,,Bug,Grass,,,9,0,0,0,0,2,6,1,,1,,,Synthetic,3.6884248,9.112116
,Unknown,98,26,24,125,68,-3,201,,,,,,,,,,,,,,,,,,,,1.092970258577541,,30.115272733856024,76,110.65896952801415,2439,107,,Normal,Fairy,,,9,0,0,0,0,3,11,5,,3,,,Synthetic,8.3641405,13.484233
,Unknown,160,131,182,68,46,49,693,,,,,,,,,,,,,,,,,,,,8.798395458863041,,-23.484697763303508,35,48.45982513002522,11016,43,,Rock,None,,,6,0,0,1,1,3,15,1,,3,,,Synthetic,3.4377284,9.616462
,Unknown,165,142,64,143,55,88,630,,,,,,,,,,,,,,,,,,,,2.0747950052295048,,53.52114834216822,-5,7.16053429005345,10474,55,,Dragon,Dragon,,,9,0,0,0,0,2,10,3,,3,,,Synthetic,4.5302076,9.693954
,Unknown,113,86,156,149,134,145,429,,,,,,,,,,,,,,,,,,,,4.7634998748028385,,8.157669610606092,-14,9.174765225259122,41494,-9,,Ground,Fighting,,,7,1,0,0,0,8,9,5,,1,,,Synthetic,3.667971,8.523832
,Unknown,76,59,86,50,94,60,437,,,,,,,,,,,,,,,,,,,,0.5721315580390803,,115.40371969229506,27,4.792686231475214,5373,62,,Ground,Steel,,,6,0,0,0,2,1,5,2,,3,,,Synthetic,6.2608213,6.6691647
,Unknown,41,16,105,44,82,40,275,,,,,,,,,,,,,,,,,,,,2.759897588593011,,66.8465205326847,240,62.07505622699368,5062,105,,Water,None,,,9,0,0,0,0,1,12,2,,2,,,Synthetic,9.427785,12.726354
,Unknown,131,53,91,65,132,19,530,,,,,,,,,,,,,,,,,,,,2.646912329480864,,44.40703663858481,41,9.101942301056638,4658,55,,Steel,Ghost,,,5,0,0,0,1,4,7,1,,3,,,Synthetic,6.2541847,8.37664
,Unknown,52,116,40,20,36,68,492,,,,,,,,,,,,,,,,,,,,0.181016061512554,,2.0275578566400547,43,51.42731596688674,3356,104,,Bug,Flying,,,5,0,0,1,2,5,10,1,,3,,,Synthetic,7.433274,7.02591
,Unknown,54,16,41,63,111,30,610,,,,,,,,,,,,,,,,,,,,1.6860788259968296,,-7.337814787606044,245,77.89757865314571,5950,35,,Normal,None,,,2,0,0,0,0,4,14,4,,3,,,Synthetic,9.2495775,12.52333
,Unknown,180,101,176,115,119,104,446,,,,,,,,,,,,,,,,,,,,2.729644584102508,,261.6993203978728,-26,7.078061996048328,31991,25,,Psychic,Fighting,,,7,1,0,0,0,5,4,4,,1,,,Synthetic,3.0983129,8.007297
,Unknown,47,83,31,55,71,22,395,,,,,,,,,,,,,,,,,,,,0.6890027956646841,,8.602476877705076,244,7.983593347639528,3279,106,,Steel,None,,,1,0,0,0,0,0,8,2,,3,,,Synthetic,9.11806,10.425898
,Unknown,135,108,20,79,108,30,551,,,,,,,,,,,,,,,,,,,,1.1168855511514355,,248.84003428607804,53,5.172579723390084,27880,20,,Grass,Dragon,,,1,0,1,0,0,5,9,5,,4,,,Synthetic,5.4496613,8.941034
,Unknown,143,125,142,56,104,7,540,,,,,,,,,,,,,,,,,,,,2.0244672972108786,,49.00237857491581,152,6.052964395060053,12254,37,,Bug,None,,,8,0,0,0,1,4,8,3,,3,,,Synthetic,6.2500014,8.256437
,Unknown,138,100,85,114,78,120,547,,,,,,,,,,,,,,,,,,,,2.2439712210438487,,180.8511056067046,-12,9.250038176912016,37539,57,,Ice,None,,,9,0,1,0,2,5,3,6,,1,,,Synthetic,4.5188127,7.1041226
,Unknown,130,117,99,81,102,55,352,,,,,,,,,,,,,,,,,,,,2.6812944572323865,,368.3136927388091,92,7.024871736439376,3018,138,,Grass,None,,,7,0,1,0,1,7,13,5,,8,,,Synthetic,4.2909093,9.215266
,Unknown,133,89,177,79,67,41,400,,,,,,,,,,,,,,,,,,,,2.018964941098017,,49.71081068557621,42,6.358801209716337,1823,45,,Fighting,None,,,9,0,0,0,0,-1,6,3,,3,,,Synthetic,5.280435,9.5251045
,Unknown,59,54,37,38,96,60,345,,,,,,,,,,,,,,,,,,,,2.449859687557835,,31.370247968914533,90,6.015533212756052,7539,48,,Rock,None,,,1,0,0,0,0,4,5,5,,3,,,Synthetic,7.633783,8.818281
,Unknown,56,113,29,54,115,69,529,,,,,,,,,,,,,,,,,,,,0.7155064405656051,,27.946012401543992,133,6.7046273362406,5935,65,,Dragon,Ground,,,4,0,0,0,0,4,10,1,,3,,,Synthetic,6.0661297,10.394855
,Unknown,64,72,103,55,59,-10,393,,,,,,,,,,,,,,,,,,,,2.3998716236560687,,43.055841240557655,60,4.723492193296267,33981,41,,Poison,None,,,6,0,0,0,1,6,13,1,,3,,,Synthetic,7.1533575,7.6930532
,Unknown,43,83,27,43,49,-8,458,,,,,,,,,,,,,,,,,,,,1.1736642907864536,,-8.436502747927113,272,68.96870421279792,4281,36,,Fighting,None,,,3,0,0,0,0,4,12,3,,3,,,Synthetic,9.27014,12.583603
,Unknown,62,18,40,42,51,11,341,,,,,,,,,,,,,,,,,,,,1.0749340696784224,,-24.72892345927867,245,56.899488530346474,5977,271,,Fire,None,,,2,0,0,0,0,4,14,3,,3,,,Synthetic,9.473845,12.793931
,Unknown,194,86,38,41,109,36,552,,,,,,,,,,,,,,,,,,,,4.237062971513918,,92.18612335383122,51,6.29380930024284,29036,44,,Fighting,Poison,,,3,0,0,0,0,6,7,4,,6,,,Synthetic,5.784927,8.981088
,Unknown,90,142,170,134,131,20,589,,,,,,,,,,,,,,,,,,,,1.5494529786578404,,139.88525758090984,38,8.46131539410762,36953,-36,,Water,None,,,1,0,0,0,0,6,9,4,,1,,,Synthetic,3.6167955,8.386703
,Unknown,96,103,33,49,81,50,432,,,,,,,,,,,,,,,,,,,,2.6104920380561953,,4.415607470314413,38,8.735918593847352,2127,52,,Normal,None,,,4,0,0,0,4,3,12,2,,4,,,Synthetic,6.985748,6.405809
,Unknown,62,51,17,30,116,62,356,,,,,,,,,,,,,,,,,,,,0.616124546553397,,-12.045451812645174,270,13.880348917029988,7063,41,,Psychic,None,,,8,0,0,1,0,4,12,3,,2,,,Synthetic,9.478652,10.206244
,Unknown,59,62,53,107,74,90,525,,,,,,,,,,,,,,,,,,,,0.8428522845798603,,-18.67395405225819,77,8.513390177723975,7528,55,,Psychic,Flying,,,5,0,0,0,0,4,10,5,,3,,,Synthetic,6.416132,8.838367
,Unknown,63,30,63,59,71,11,233,,,,,,,,,,,,,,,,,,,,0.8172059073356971,,-13.21758805371846,232,7.517196038391526,4432,252,,Water,None,,,1,0,0,0,0,3,15,3,,3,,,Synthetic,9.823035,9.709938
,Unknown,123,98,139,97,119,56,555,,,,,,,,,,,,,,,,,,,,2.2165646341237935,,819.2644571922859,24,8.720498609759197,23369,21,,Psychic,Ground,,,8,0,1,0,0,7,5,0,,1,,,Synthetic,2.5009642,8.623623
,Unknown,59,32,41,29,78,43,141,,,,,,,,,,,,,,,,,,,,0.5251414652631877,,2.816079081405098,256,8.548038843208344,3497,41,,Bug,None,,,8,0,0,0,0,3,11,5,,3,,,Synthetic,9.865663,8.689507
,Unknown,176,134,176,96,85,85,562,,,,,,,,,,,,,,,,,,,,3.1820968125680196,,354.88457653522414,-2,7.550142059696716,40161,11,,Dragon,Ghost,,,7,1,0,0,1,7,7,4,,1,,,Synthetic,3.0510285,7.9277153
,Unknown,131,145,114,121,144,96,630,,,,,,,,,,,,,,,,,,,,1.404886812613322,,22.629666937818257,34,87.69079646727974,3002,-13,,Normal,Dragon,,,8,0,1,0,0,3,8,3,,1,,,Synthetic,6.4056635,13.416916
,Unknown,59,27,62,38,70,14,395,,,,,,,,,,,,,,,,,,,,1.0029822712741066,,27.90459290455138,196,5.116351388827481,5716,69,,Water,Flying,,,3,0,0,0,0,1,12,3,,3,,,Synthetic,9.570582,10.341602
,Unknown,180,35,69,145,78,9,447,,,,,,,,,,,,,,,,,,,,10.37930428488081,,16.87154109986451,44,7.928375132577366,4139,54,,Fighting,Fairy,,,2,0,0,0,0,3,6,1,,3,,,Synthetic,3.2900662,9.609592
,Unknown,72,17,53,19,83,72,569,,,,,,,,,,,,,,,,,,,,0.7353169984107106,,-17.433121438418105,77,8.132668602802696,4211,161,,Steel,None,,,2,0,0,0,0,2,7,1,,3,,,Synthetic,7.390308,9.988362
,Unknown,47,62,3,26,46,-5,370,,,,,,,,,,,,,,,,,,,,1.079057479832123,,30.00815806914004,124,5.915271732564211,4443,230,,Poison,Flying,,,3,0,0,0,0,5,12,1,,3,,,Synthetic,9.249961,9.755932
,Unknown,92,62,99,87,135,50,265,,,,,,,,,,,,,,,,,,,,0.4690123233339464,,9.598105543660106,72,6.930005025468879,2521,78,,Bug,Bug,,,2,0,0,0,0,3,9,6,,2,,,Synthetic,6.260887,8.907647
,Unknown,90,74,85,156,77,93,567,,,,,,,,,,,,,,,,,,,,2.354096824603353,,385.5022637900871,-2,8.729064948559497,11528,8,,Water,Flying,,,2,0,0,0,0,10,9,0,,1,,,Synthetic,2.8646703,8.393661
,Unknown,57,34,49,35,80,24,267,,,,,,,,,,,,,,,,,,,,0.7007834581815551,,-27.17540577051027,122,85.67528853537311,5016,68,,Bug,None,,,4,0,0,0,0,5,9,5,,3,,,Synthetic,8.29701,13.354427
,Unknown,138,136,94,180,110,27,565,,,,,,,,,,,,,,,,,,,,1.8092562233450145,,336.61258879501383,33,7.940593973334381,13237,-7,,Fairy,Ice,,,7,0,0,0,2,10,14,6,,1,,,Synthetic,3.8867445,7.72687
,Unknown,37,60,67,59,76,34,357,,,,,,,,,,,,,,,,,,,,0.8853621854769018,,12.67398774707658,224,5.296763982382705,4906,255,,Ghost,None,,,4,0,0,0,0,4,12,3,,9,,,Synthetic,9.90815,9.964483
,Unknown,47,66,52,76,70,0,186,,,,,,,,,,,,,,,,,,,,0.6426628291982976,,27.398062293152563,183,8.83384676241658,3976,69,,Bug,None,,,2,0,0,0,0,4,12,3,,3,,,Synthetic,9.908528,9.602028
,Unknown,80,17,153,119,80,53,413,,,,,,,,,,,,,,,,,,,,0.820409641148672,,128.72625492480284,36,8.52532792427333,5745,287,,Bug,Bug,,,1,0,0,0,0,3,11,2,,3,,,Synthetic,5.9619875,10.09476
,Unknown,65,33,55,63,54,3,455,,,,,,,,,,,,,,,,,,,,0.8600393667546569,,12.902437075459495,283,14.425841309190217,3573,55,,Water,None,,,5,0,0,0,0,4,9,1,,3,,,Synthetic,9.810272,10.40825
,Unknown,48,64,51,59,122,-1,376,,,,,,,,,,,,,,,,,,,,0.920263931659312,,62.799339554898125,64,4.047812745336991,3611,76,,Ice,Water,,,1,0,0,0,1,2,7,2,,3,,,Synthetic,8.1368685,8.404259
,Unknown,129,95,106,58,125,123,405,,,,,,,,,,,,,,,,,,,,26.489299288310807,,33.6993296382723,72,8.911301280759762,14343,75,,Water,Fighting,,,9,0,0,0,1,2,7,3,,4,,,Synthetic,3.0110414,9.7771015
,Unknown,60,65,42,86,35,16,495,,,,,,,,,,,,,,,,,,,,0.9691204233238412,,32.147483611338735,259,100.11307160744168,5972,168,,Water,Electric,,,7,0,0,0,0,6,13,1,,2,,,Synthetic,9.242468,12.7640915
,Unknown,81,55,45,98,100,26,426,,,,,,,,,,,,,,,,,,,,1.2000729625060167,,72.94766815567824,39,6.498298301781158,4150,263,,Electric,Psychic,,,6,0,0,1,0,2,6,2,,2,,,Synthetic,6.8955293,9.938549
,Unknown,73,59,24,87,120,8,276,,,,,,,,,,,,,,,,,,,,1.9246204814264876,,-8.691046034914253,159,8.645690224427028,5089,59,,Ghost,Normal,,,1,0,0,0,2,4,8,3,,2,,,Synthetic,8.128827,7.714367
,Unknown,123,100,122,138,127,126,628,,,,,,,,,,,,,,,,,,,,1.9522970064966176,,126.57221393033876,45,7.6746352100706225,34765,16,,Dark,Electric,,,7,0,0,0,0,6,8,3,,1,,,Synthetic,3.6758204,8.6495075
,Unknown,40,44,143,90,101,84,425,,,,,,,,,,,,,,,,,,,,0.7710501825025569,,-4.535431613326802,192,6.134556798156728,3798,36,,Steel,Ice,,,6,0,0,0,0,4,12,1,,2,,,Synthetic,7.890706,10.324218
,Unknown,118,135,193,43,78,122,599,,,,,,,,,,,,,,,,,,,,4.472113140314706,,118.54938632874028,5,7.622292252817952,40150,45,,Fairy,Fire,,,4,0,0,0,0,7,4,4,,1,,,Synthetic,3.477045,8.47387
,Unknown,50,6,20,79,59,19,238,,,,,,,,,,,,,,,,,,,,0.9532604302527372,,29.0917280023584,215,7.361420892739483,3382,41,,Grass,Flying,,,3,0,0,0,0,6,8,5,,2,,,Synthetic,9.685914,8.592257
,Unknown,91,117,105,104,112,145,517,,,,,,,,,,,,,,,,,,,,5.648058816394146,,201.31225348205007,-1,7.826352865635304,37106,35,,Psychic,Steel,,,7,1,0,0,2,1,5,2,,1,,,Synthetic,4.715464,7.469103
,Unknown,135,80,81,99,69,86,464,,,,,,,,,,,,,,,,,,,,0.4790059317566845,,60.56021416119826,43,8.352763357532698,10391,37,,Steel,Ground,,,6,0,1,0,2,6,5,5,,3,,,Synthetic,4.8906894,6.954286
,Unknown,29,65,24,30,78,-1,302,,,,,,,,,,,,,,,,,,,,0.9906585237938692,,5.857210984282121,47,96.3754201016274,4290,208,,Fairy,None,,,5,0,0,0,0,-1,12,6,,3,,,Synthetic,8.358344,13.391118
,Unknown,52,85,51,50,83,16,410,,,,,,,,,,,,,,,,,,,,0.7243286858420941,,-22.815107253365696,131,5.210558899426162,1858,90,,Normal,None,,,7,0,0,0,0,0,9,1,,3,,,Synthetic,8.920988,10.325288
,Unknown,41,0,26,28,57,-2,300,,,,,,,,,,,,,,,,,,,,1.1957281243343776,,-15.926608900404805,250,96.32143501048417,1872,201,,Normal,None,,,5,0,0,0,0,1,11,5,,3,,,Synthetic,9.311748,13.205466
,Unknown,61,108,143,105,110,40,402,,,,,,,,,,,,,,,,,,,,3.3001368524990755,,-40.96611062070909,95,102.30655385676276,5138,208,,Ice,Water,,,2,0,0,0,0,5,9,5,,3,,,Synthetic,6.859946,13.106942
,Unknown,41,73,45,50,89,7,553,,,,,,,,,,,,,,,,,,,,1.1104530887180908,,29.15784212811066,107,6.465079799982537,2252,41,,Water,Flying,,,3,0,0,0,0,4,9,3,,3,,,Synthetic,7.477591,9.645854
,Unknown,58,103,67,94,113,55,482,,,,,,,,,,,,,,,,,,,,2.1012318899829654,,-2.6351166096577145,36,18.95199852625753,5022,30,,Ground,Bug,,,5,0,0,0,0,3,14,4,,2,,,Synthetic,5.772821,10.367464
,Unknown,55,25,41,55,74,-3,331,,,,,,,,,,,,,,,,,,,,0.622496689754968,,-27.02585846315008,211,1.3110920190163085,5661,266,,Fighting,None,,,2,0,0,0,0,4,12,3,,3,,,Synthetic,9.764415,9.82852
,Unknown,156,37,121,123,108,6,746,,,,,,,,,,,,,,,,,,,,1.1365435030396795,,-3.739326929639665,233,5.959261396881835,2380,77,,Water,None,,,4,0,1,0,1,4,13,3,,6,,,Synthetic,6.5826335,8.363593
,Unknown,114,92,54,87,101,109,460,,,,,,,,,,,,,,,,,,,,1.6718559664470851,,-2.7178769882864753,261,4.230597053324096,5343,29,,Normal,None,,,9,0,0,0,0,4,9,3,,3,,,Synthetic,7.862225,10.041553
,Unknown,30,73,46,26,88,4,272,,,,,,,,,,,,,,,,,,,,0.9906709368626228,,-1.5229879809524487,40,7.698440932084084,5329,97,,Poison,None,,,7,0,0,0,0,0,12,7,,3,,,Synthetic,8.613768,9.286189
,Unknown,97,74,87,44,68,11,458,,,,,,,,,,,,,,,,,,,,1.690702931080834,,12.949493788135452,39,8.54304891855574,2898,27,,Water,None,,,3,0,0,1,0,5,4,0,,4,,,Synthetic,7.025507,9.661279
,Unknown,71,54,124,72,130,93,486,,,,,,,,,,,,,,,,,,,,0.908486306382668,,4.133009128856852,256,8.083758210670105,3186,43,,Psychic,None,,,1,0,0,0,0,5,10,3,,4,,,Synthetic,7.873874,10.318288
,Unknown,167,114,127,127,146,105,537,,,,,,,,,,,,,,,,,,,,1.562395577470049,,253.4849322291207,1,7.378885198337882,29826,40,,Fairy,Ghost,,,7,1,0,0,0,8,8,2,,1,,,Synthetic,3.5310113,8.674068
,Unknown,71,50,60,43,42,12,249,,,,,,,,,,,,,,,,,,,,0.8936091642490109,,19.07455782043168,48,35.52048640470242,5608,52,,Normal,None,,,2,0,0,0,0,-1,9,2,,4,,,Synthetic,8.857835,9.538262
,Unknown,80,74,157,67,82,32,545,,,,,,,,,,,,,,,,,,,,0.6741313846712815,,91.58718367518917,26,45.59008799286219,12330,39,,Ghost,Fire,,,4,0,0,0,1,3,12,5,,10,,,Synthetic,5.524374,9.760146
,Unknown,78,73,32,148,70,38,532,,,,,,,,,,,,,,,,,,,,0.2140910529577581,,-26.51188139051162,39,8.502854743851028,4850,53,,Bug,Poison,,,2,0,0,1,0,3,13,3,,3,,,Synthetic,6.301902,10.552653
,Unknown,113,70,173,90,147,90,587,,,,,,,,,,,,,,,,,,,,2.2429836370615472,,403.81880841011696,-11,8.166278454351101,37095,16,,Fighting,None,,,7,0,0,0,0,5,6,3,,1,,,Synthetic,3.0806692,8.773169
,Unknown,105,94,82,20,120,58,384,,,,,,,,,,,,,,,,,,,,0.2918222573252637,,17.02507010149543,189,92.10484363163977,5631,55,,Fire,None,,,4,0,0,0,0,3,4,5,,3,,,Synthetic,7.428147,12.956735
,Unknown,115,68,72,127,119,62,378,,,,,,,,,,,,,,,,,,,,0.5158130061292833,,28.922473737677503,92,54.81414588075532,6241,36,,Normal,Flying,,,1,0,0,0,0,5,7,4,,3,,,Synthetic,6.541182,11.288259
,Unknown,76,37,37,69,106,15,605,,,,,,,,,,,,,,,,,,,,0.8604442176715195,,12.148992832888553,101,62.603005807183294,1492,55,,Water,Flying,,,3,0,0,0,1,4,10,5,,3,,,Synthetic,7.1245728,12.268945
,Unknown,67,39,69,118,87,16,538,,,,,,,,,,,,,,,,,,,,1.1004822252147235,,41.028946191753235,286,8.39574751427604,8104,117,,Normal,None,,,1,0,0,0,0,2,9,1,,3,,,Synthetic,9.629242,10.484071
,Unknown,67,62,52,90,126,61,549,,,,,,,,,,,,,,,,,,,,0.9348172775739896,,-0.9961199850052084,55,7.848838392381335,4007,41,,Water,None,,,3,0,0,0,1,0,10,5,,7,,,Synthetic,6.142682,7.984838
,Unknown,69,124,84,42,27,30,320,,,,,,,,,,,,,,,,,,,,0.6987527329550198,,83.60799266039916,112,89.50764487633236,4857,256,,Water,None,,,2,0,0,0,0,0,12,2,,3,,,Synthetic,8.143237,12.995256
,Unknown,17,111,40,33,76,6,421,,,,,,,,,,,,,,,,,,,,0.3957244099403066,,-5.841906826012101,227,10.4054192870219,4949,213,,Grass,Grass,,,6,0,0,0,1,0,3,3,,3,,,Synthetic,8.717394,10.029589
,Unknown,114,129,123,108,56,55,486,,,,,,,,,,,,,,,,,,,,1.481618476344699,,83.76088243350064,125,5.984242675544639,5815,31,,Water,None,,,9,0,0,0,1,5,4,1,,5,,,Synthetic,4.5234113,7.5051236
,Unknown,124,89,108,181,25,79,459,,,,,,,,,,,,,,,,,,,,1.0207866673461183,,153.03812701925335,42,8.461266870184133,5873,1,,Water,None,,,5,0,1,0,0,7,7,3,,3,,,Synthetic,3.5816405,8.009803
,Unknown,85,137,119,61,124,93,484,,,,,,,,,,,,,,,,,,,,0.6924419552114259,,20.233201382780017,287,98.48634535577868,5959,164,,Psychic,None,,,3,0,0,0,0,5,13,3,,2,,,Synthetic,8.577461,13.032296
,Unknown,41,40,23,5,81,59,383,,,,,,,,,,,,,,,,,,,,0.635356047946535,,-17.852506390314232,259,53.27135033870986,4531,264,,Normal,None,,,3,0,0,0,0,2,12,5,,3,,,Synthetic,9.494679,12.495209
,Unknown,83,126,128,143,38,94,488,,,,,,,,,,,,,,,,,,,,3.315828593258072,,109.95479345974422,-28,8.16723084402097,9315,27,,Psychic,Ghost,,,5,0,0,0,1,5,4,4,,1,,,Synthetic,3.9590144,7.559072
,Unknown,90,107,12,52,132,26,288,,,,,,,,,,,,,,,,,,,,0.5211169321349411,,24.0881234143506,161,7.644534011451316,807,179,,Psychic,None,,,3,0,0,0,0,5,7,3,,3,,,Synthetic,7.9136267,9.004041
,Unknown,65,66,79,90,108,62,521,,,,,,,,,,,,,,,,,,,,2.181523891666467,,256.99455711934263,63,6.180884009173127,4924,58,,Water,None,,,9,0,0,0,0,3,9,5,,3,,,Synthetic,5.2417355,9.407949
,Unknown,55,93,132,112,143,48,386,,,,,,,,,,,,,,,,,,,,0.2864047583432056,,-30.2035420095103,43,5.205870831621556,4728,48,,Fairy,Electric,,,6,0,0,0,1,3,9,1,,3,,,Synthetic,6.149184,8.026051
,Unknown,37,64,61,68,45,-1,383,,,,,,,,,,,,,,,,,,,,0.9093046181321668,,3.258100510831514,196,4.912565463767831,4610,101,,Water,None,,,5,0,0,0,0,4,9,1,,4,,,Synthetic,10.056314,10.22038
,Unknown,93,107,111,101,127,19,403,,,,,,,,,,,,,,,,,,,,3.3685636926294595,,169.55068858942855,32,7.691013039180992,5932,-42,,Fairy,Poison,,,4,0,0,0,0,3,7,1,,3,,,Synthetic,5.7985325,9.932746
,Unknown,63,49,82,72,94,35,274,,,,,,,,,,,,,,,,,,,,14.365409042190684,,42.34144611647369,250,23.036408210058703,3308,67,,Psychic,Flying,,,8,0,0,0,2,8,5,1,,3,,,Synthetic,3.1454592,9.72425
,Unknown,142,83,139,135,109,58,582,,,,,,,,,,,,,,,,,,,,1.9438020402198823,,185.6487073718951,7,8.154171591879056,7226,51,,Fairy,Rock,,,1,0,0,0,0,6,11,1,,3,,,Synthetic,3.6407368,8.86278
,Unknown,107,107,129,129,125,128,565,,,,,,,,,,,,,,,,,,,,5.0949887785154635,,285.5855493985307,-6,8.474959804569462,40623,6,,Psychic,Fighting,,,9,0,0,1,1,5,3,4,,1,,,Synthetic,3.1609213,8.589518
,Unknown,100,136,134,145,122,59,384,,,,,,,,,,,,,,,,,,,,1.7739747442694034,,40.9141867778359,-12,7.95629677437304,4591,9,,Rock,Fairy,,,7,0,0,1,2,6,5,3,,1,,,Synthetic,4.454222,7.3138003
,Unknown,121,132,117,149,87,107,564,,,,,,,,,,,,,,,,,,,,2.087088831203516,,276.5208762974115,-10,6.264162331487187,35939,-22,,Steel,Psychic,,,7,1,0,0,2,6,5,4,,1,,,Synthetic,4.0921574,7.359675
,Unknown,123,72,36,51,58,52,441,,,,,,,,,,,,,,,,,,,,1.8499542424605433,,-23.71730708413199,52,7.413488067574935,4536,48,,Ice,Poison,,,5,0,0,0,0,5,7,3,,4,,,Synthetic,6.782958,9.474163
,Unknown,56,49,43,48,32,40,246,,,,,,,,,,,,,,,,,,,,0.3334517547182534,,51.10866378069961,87,3.86568250538364,10281,99,,Dragon,None,,,1,0,0,0,0,4,10,2,,4,,,Synthetic,8.83679,9.196384
,Unknown,92,96,47,50,40,97,420,,,,,,,,,,,,,,,,,,,,0.1917157834380394,,-3.135887184369187,81,28.540675908040424,6271,34,,Water,Ground,,,4,0,0,0,0,5,6,5,,2,,,Synthetic,6.781249,8.981748
,Unknown,141,104,85,70,118,23,494,,,,,,,,,,,,,,,,,,,,0.6089263741593955,,76.46062076156834,38,6.5886532928006405,6465,93,,Dark,Ground,,,9,0,0,0,1,3,8,3,,3,,,Synthetic,6.0842037,8.331305
,Unknown,60,51,69,29,33,27,290,,,,,,,,,,,,,,,,,,,,0.8822289420479772,,-2.4973441724655334,255,3.6915371785201625,3894,236,,Water,None,,,5,0,0,0,0,2,12,3,,7,,,Synthetic,10.203182,9.340994
,Unknown,128,41,51,61,191,7,487,,,,,,,,,,,,,,,,,,,,2.328813261772222,,722.5071022350475,68,9.0429110818293,5381,84,,Dark,Poison,,,2,0,0,0,0,3,6,5,,3,,,Synthetic,4.544901,9.107913
,Unknown,52,10,31,66,75,30,646,,,,,,,,,,,,,,,,,,,,1.130814588734976,,13.910955271912531,295,7.445527064771859,3961,236,,Fairy,None,,,3,0,0,0,0,3,10,5,,3,,,Synthetic,9.155681,10.069651
,Unknown,48,70,24,30,89,3,427,,,,,,,,,,,,,,,,,,,,0.8996138938208648,,-1.2053795631457067,211,6.986886692310479,2176,181,,Grass,None,,,3,0,0,0,0,0,12,1,,3,,,Synthetic,9.359962,10.648825
,Unknown,77,115,81,52,81,91,526,,,,,,,,,,,,,,,,,,,,0.6558631506188226,,24.99370597277597,50,7.280978420492319,16833,34,,Normal,None,,,4,0,0,0,0,4,9,3,,3,,,Synthetic,5.288185,10.146776
,Unknown,177,92,107,102,115,16,524,,,,,,,,,,,,,,,,,,,,1.987066155080193,,19.740095349514004,222,7.050181843642855,5094,37,,Psychic,Poison,,,2,0,0,0,1,5,12,1,,3,,,Synthetic,6.662212,8.242175
,Unknown,28,59,45,43,58,30,372,,,,,,,,,,,,,,,,,,,,0.678974224597005,,-18.311923339419096,186,8.39570415858109,3424,92,,Grass,Flying,,,5,0,0,0,0,3,12,3,,3,,,Synthetic,9.788565,9.972654
,Unknown,79,81,102,132,103,99,481,,,,,,,,,,,,,,,,,,,,1.801008346231617,,166.34562589962866,-13,5.625909866646223,4491,62,,Fire,None,,,7,0,0,0,0,6,7,5,,3,,,Synthetic,4.377793,8.372122
,Unknown,67,61,180,52,86,148,471,,,,,,,,,,,,,,,,,,,,2.6672791656635466,,-29.98421055260485,46,8.170704180721733,5309,42,,Fighting,None,,,7,0,0,0,0,5,9,4,,1,,,Synthetic,5.432074,8.977941
,Unknown,132,63,88,113,63,126,533,,,,,,,,,,,,,,,,,,,,1.1959758975789485,,52.311322182503005,40,6.839574664449897,6182,40,,Water,None,,,8,0,0,0,0,3,12,5,,3,,,Synthetic,5.2961326,10.35901
,Unknown,58,49,77,63,93,47,259,,,,,,,,,,,,,,,,,,,,10.720513758091212,,0.165857321426742,40,110.08934171712096,3355,40,,Water,Dark,,,7,0,0,0,0,2,7,1,,2,,,Synthetic,6.156985,12.439406
,Unknown,99,91,197,137,185,103,480,,,,,,,,,,,,,,,,,,,,3.8001981862540273,,316.31783350448484,6,8.524989979551764,39080,2,,Water,Steel,,,7,0,0,0,0,10,6,5,,1,,,Synthetic,3.1597722,8.444998
,Unknown,118,116,89,110,99,140,641,,,,,,,,,,,,,,,,,,,,1.4227485863291598,,796.3905727895011,-4,7.385130858963104,36191,-4,,Poison,Dragon,,,7,0,1,0,0,6,1,4,,1,,,Synthetic,2.455354,8.504194
,Unknown,171,130,84,93,89,65,440,,,,,,,,,,,,,,,,,,,,0.9946761588530766,,-28.17968664990856,49,7.384685817061294,3997,53,,Dark,Ghost,,,1,0,0,0,0,3,15,3,,3,,,Synthetic,5.5609913,10.065847
,Unknown,137,118,101,138,117,19,466,,,,,,,,,,,,,,,,,,,,1.5899021976955656,,432.01023963307034,65,7.232530441251899,3316,75,,Water,Water,,,5,0,0,0,0,0,12,4,,4,,,Synthetic,4.798666,9.793679
,Unknown,280,70,40,14,46,7,715,,,,,,,,,,,,,,,,,,,,1.0359718238311868,,27.14538281184526,259,4.035087705307144,2567,83,,Water,None,,,9,0,0,0,1,5,5,1,,3,,,Synthetic,6.706318,9.055345
