type_1,type_2,gen,is_legendary,is_mythical,is_ultra_beast,hp,attack,defense,sp_attack,sp_defense,speed,base_stats,height_meters,weight_kilograms,capturing_rate,gender_male_ratio,egg_steps,egg_cycles,abilities_count,number_immune,number_not_effective,number_normal,number_super_effective
Psychic,Poison,3,0,0,0,100,78,76,77,106,34,611,3.312739558397795,87.30422997750524,78,7.7864906060521974,4547,95,2,0,3,12,1
Water,Fairy,8,0,0,0,87,102,93,56,53,3,463,2.548955191128575,241.22304790430994,130,7.125431825391141,5293,46,3,0,5,6,3
Fire,nan,6,0,0,0,19,59,37,52,135,28,423,0.9426685435607016,-31.25917924461983,234,7.153870146478624,3771,254,2,0,4,15,4
Fire,nan,1,0,0,0,29,32,11,26,67,23,442,1.248048733737079,15.204657690860492,144,109.09470220635379,6146,88,3,0,4,17,4
Steel,nan,4,1,0,0,155,53,43,145,84,63,643,5.158863515704651,121.40485650474213,41,7.635512581415941,8618,36,10,1,2,12,2
Normal,nan,5,0,0,0,104,59,45,87,110,19,388,3.8829098531840205,139.85149910937434,54,17.863826879640687,3966,49,1,0,5,6,5
Rock,nan,7,0,1,0,116,95,96,86,124,84,474,0.5074040763958653,23.384545444407635,55,5.599729917867564,4671,52,4,0,9,12,2
Flying,Flying,7,0,0,1,70,102,110,160,105,62,487,1.8164741299499894,177.46151248370418,47,6.22171545516885,39050,30,7,2,4,8,5
Fire,Fire,9,1,0,0,133,135,201,125,119,107,587,2.4873660085517946,339.3884654013279,22,6.762937013339391,40111,15,1,0,6,2,4
Fairy,Water,7,0,0,0,85,57,54,184,124,92,347,3.0701139741648196,33.84411365109641,-19,9.221549465596297,2752,88,1,0,3,3,6
Steel,nan,9,0,0,0,89,61,40,38,47,7,404,1.9479388658258638,14.94464233710408,51,6.050645296065918,4269,33,3,1,5,2,3
Psychic,Psychic,7,0,1,0,129,136,141,165,118,70,386,0.566553757106214,29.45277574660622,-5,7.816120060255585,33315,-10,1,0,8,8,4
Flying,nan,3,0,0,0,96,38,57,57,59,20,479,1.035151663326767,-15.485049439907575,56,7.704544897110247,2592,224,3,0,4,12,2
Water,nan,2,0,0,0,73,55,40,34,43,66,526,0.7133391979935637,39.19545204565956,55,7.43510088150771,5462,46,3,0,2,13,5
Water,Fairy,4,0,0,0,56,137,78,55,90,123,539,5.252617894336867,129.30684796945636,40,18.152762394842497,3470,53,3,0,-1,5,5
Psychic,Water,9,0,1,0,67,141,25,170,104,23,527,4.267195682762588,325.9408440623026,-1,6.577690044454341,33361,47,1,0,2,5,6
Water,nan,2,0,0,0,107,32,78,41,59,9,342,1.215709520339554,-19.87131698285784,182,7.64619014157366,5935,88,3,0,4,16,4
Psychic,nan,1,0,0,0,141,7,52,42,114,66,382,0.8618870916548212,0.20543053569890546,208,31.371536877265243,3321,219,3,0,3,12,3
Electric,Fighting,9,0,0,0,139,128,154,127,94,29,518,1.7141622727558783,150.26769778910995,53,8.74544478753652,4749,83,3,0,8,10,4
Dragon,Grass,6,0,0,0,109,37,67,29,83,58,536,1.197438698030206,-1.1371340083339465,36,8.270979299294437,4292,38,2,0,3,9,5
Ground,nan,2,0,0,0,82,89,92,69,87,10,455,0.646950131475724,47.61723323958214,47,61.80743828491994,37042,29,3,0,6,2,2
Normal,nan,3,0,0,0,107,82,46,36,43,8,415,0.7621257671059112,2.4981584363220737,185,8.29097603687603,12230,264,3,0,0,12,3
Rock,nan,7,0,0,0,109,151,137,69,118,70,622,5.912853850165025,78.08521766712977,20,7.454975160785354,31520,60,1,0,7,8,3
Fighting,nan,7,0,0,0,73,99,83,94,78,22,483,2.408542758931994,84.24103026573937,44,7.7284183803423065,6185,34,3,2,5,12,1
Normal,Ground,8,0,0,0,66,109,130,36,83,158,488,1.5566374672399423,102.05152195950288,43,7.609186486619203,3746,105,1,1,0,3,3
Dragon,nan,4,0,0,0,65,12,76,28,59,81,534,1.2389622958373285,113.19316347466733,55,4.930558759091291,2790,146,3,0,3,12,1
Electric,nan,5,0,0,0,120,37,76,115,126,74,485,1.4585883672351156,83.74437943262316,-5,9.156498695742238,3185,49,10,0,3,8,2
Dragon,nan,2,0,0,0,43,57,33,46,94,4,490,1.044541331104615,-7.456360793825008,53,102.05641272316288,4677,87,3,0,1,11,1
Ice,nan,9,0,1,0,109,48,38,35,117,84,400,0.5873772460779418,-21.546967496821594,41,66.923327782763,1256,245,2,0,2,11,4
Rock,Psychic,6,0,0,0,123,165,125,78,90,18,490,4.958297502010366,23.698163629351413,41,84.77531290656509,24571,68,1,0,1,17,5
Normal,nan,8,0,0,0,28,79,159,34,67,42,522,0.4149201247203355,-1.090059374449531,206,15.614999472920164,3186,189,4,0,5,9,1
Grass,nan,5,0,0,0,114,90,135,65,121,24,407,4.442162269854893,114.63752856859297,34,10.4776083094125,5908,60,4,0,1,12,0
Fighting,Flying,1,0,0,1,106,90,51,142,74,70,420,0.20434108925663785,52.42995508655461,0,8.340707028850794,12753,88,1,1,1,13,5
Poison,nan,5,0,0,0,61,17,60,53,50,49,341,0.5928421128021484,-12.338378345662738,58,12.906877673629943,5674,108,3,0,3,12,3
Steel,Fairy,2,1,0,0,174,89,73,120,166,87,468,12.201365669883844,112.88544367449688,69,7.3734094602027875,11579,16,3,1,6,8,3
Electric,nan,6,0,0,0,33,101,40,89,35,-5,426,0.28613130107964024,16.645876048189717,209,2.8428882115800818,5355,74,3,0,1,9,3
Electric,Fighting,3,0,0,0,187,27,39,47,77,21,504,1.6541162394266673,4.161760322713672,233,7.853992838975703,4710,56,2,0,4,1,5
Water,Flying,5,0,0,1,137,109,98,122,121,55,579,4.913901573166216,88.54620299992355,12,8.739325317824745,28619,32,1,0,5,8,3
Psychic,Poison,9,1,0,0,117,147,78,174,79,61,480,1.5637784930755336,142.49578005727756,-18,7.590146732688401,5001,-28,1,0,8,11,3
Electric,Fighting,2,1,0,0,130,128,121,72,139,89,665,1.1168897456514162,73.42163244275466,17,3.280790492788596,7384,111,1,1,5,8,3
Fighting,Ice,4,0,0,0,89,79,79,35,92,8,444,2.4867803386775718,-7.0330172461046185,266,-0.6801698823299649,4776,182,3,1,-1,12,5
Psychic,Dragon,1,0,0,0,114,66,47,65,131,43,456,0.8352535628590234,13.054030586576742,48,3.7926027489352396,4869,69,3,1,0,9,4
Psychic,nan,7,0,0,0,124,112,147,152,88,116,479,2.3855230118930866,316.350124487522,0,8.35083876665023,40614,32,1,0,7,9,4
Fighting,nan,3,0,0,0,53,106,43,39,37,-2,377,0.9285978019126968,-9.287107021288156,38,107.07939824502847,27331,227,4,0,5,12,5
Water,Bug,9,0,0,0,51,49,43,36,62,71,480,1.013530844279427,369.49179279735813,290,13.359726200103811,5755,81,3,0,3,12,2
Bug,Flying,1,0,0,0,65,92,115,15,52,39,312,2.5184308213346958,19.51202122267469,43,8.723078704294458,5779,111,3,1,3,11,3
Grass,nan,4,0,0,0,72,59,34,74,37,-1,320,1.0004864521310763,8.820889813689746,85,59.48543711453733,4540,119,3,0,4,12,1
Ground,Fairy,8,0,1,0,116,126,91,165,91,71,711,2.4156316846625616,369.3256398523822,51,5.808309644073976,35749,-24,1,0,6,5,4
Dragon,Fighting,7,1,0,0,108,123,105,142,118,121,621,4.439413551408144,110.61257940896087,20,6.634493182934557,33516,23,1,0,2,6,4
Dark,Flying,7,0,0,0,127,82,210,115,133,51,365,1.7655196753289812,289.70082685769273,2,7.6345441128128435,35809,9,1,1,8,7,5
Bug,nan,9,0,0,0,115,57,126,75,91,6,528,2.012236466411845,32.73301011313081,-20,6.8288823174160855,5800,68,3,0,2,12,1
Water,Flying,6,0,1,0,134,63,23,61,29,58,362,0.09581465916368259,4.328735806176622,52,-0.35543574803641764,4893,31,3,1,5,11,5
Bug,nan,3,0,0,0,39,20,73,97,95,29,311,0.6356258737272203,-22.257364200173605,210,100.75581728260397,6150,283,3,0,3,9,1
Water,nan,2,0,0,0,45,9,37,47,66,55,393,0.597903567997252,-26.455785618537547,41,10.468776082312502,5729,36,3,0,0,12,3
Rock,Steel,5,0,0,1,138,95,108,92,123,42,498,2.9172059920637836,92.82862381686554,45,92.42411605667272,2583,56,3,0,4,12,1
Normal,Grass,8,0,0,0,181,91,104,73,83,112,401,0.28327398432263945,42.15273956015413,37,8.338000599840182,3380,43,7,0,5,9,3
Ground,Poison,2,0,0,0,127,58,19,49,134,55,530,5.22319169774579,38.2700333398462,93,8.172457071567244,7910,93,3,0,5,7,5
Dragon,nan,9,0,0,0,37,47,-2,58,78,15,429,0.621749673918449,-3.226345479693423,136,2.402030024509348,3579,58,3,0,5,9,1
Fire,Fighting,5,0,0,0,112,110,180,157,98,34,473,1.8457658134666413,15.736667133232476,74,5.600753155336965,12696,31,8,0,1,9,4
Fairy,nan,8,0,1,0,111,78,36,108,121,11,405,0.5025826347037614,60.52769883098871,90,7.07488052069801,20371,214,3,0,2,11,3
Steel,nan,4,0,0,0,146,57,171,35,84,122,733,5.921878985585895,442.3468192676544,38,8.324962881983838,12858,58,1,0,5,7,3
Ground,nan,8,0,0,0,63,108,15,40,64,23,485,0.8287721406925441,52.44541070221729,299,66.14375783922797,2417,252,3,0,3,9,3
Grass,nan,7,0,0,0,155,88,106,102,111,71,462,3.9809444932533347,90.9433000416536,49,107.1501579461899,4880,45,1,0,6,7,5
Flying,Dragon,6,0,0,0,74,77,14,102,100,69,443,1.3137557995890774,19.317731892771832,33,8.700300024140848,9402,-5,3,0,5,7,5
Ground,nan,3,0,0,0,58,107,86,11,30,44,363,1.097724358267068,24.771142883161055,277,101.37001881861144,5462,94,3,0,4,12,1
Water,nan,3,0,0,0,16,58,25,114,86,44,465,0.603717413623537,9.487841525244097,40,7.8232984425698575,5314,98,2,0,-1,10,2
Electric,Fairy,9,0,0,0,33,83,81,82,108,36,345,1.2272708066776736,-21.38608761372948,192,101.59476434951344,5406,204,3,0,6,12,4
Psychic,Ghost,4,1,0,0,57,71,107,88,114,102,615,3.611835146337305,105.77201928695615,54,7.605702526337559,5358,32,3,2,2,5,5
Dragon,nan,8,0,0,0,107,37,102,72,39,70,350,0.6696690053028589,145.02901104037267,268,64.05545819971172,6237,28,3,0,6,11,3
Electric,Grass,9,0,0,0,78,95,31,47,123,10,268,0.8776284210707967,7.327140362092535,67,103.82600497342887,3214,50,3,0,3,10,4
Bug,Ground,5,0,0,0,110,122,162,148,64,100,390,5.199751066310295,446.8475105485473,-35,8.527449482087825,39316,45,1,1,6,0,4
Normal,Water,8,0,0,0,129,82,56,39,81,48,361,0.48435062582786953,-9.044950873588528,59,8.344722742424148,4511,197,3,1,3,10,1
Steel,nan,1,0,0,0,81,81,138,15,97,11,428,0.7319862703173312,548.3913620324455,47,6.144188796969004,4410,61,3,1,2,9,6
Water,nan,8,0,0,0,98,111,35,55,52,24,441,0.7090460193165677,127.98529759487346,76,7.671252891616875,6026,207,2,0,2,11,5
Normal,nan,3,0,0,0,73,48,22,34,44,-4,362,1.0595752476555529,-11.857723569785614,173,66.98772382828207,1882,235,2,0,4,8,3
Ice,Fire,3,0,0,0,42,33,44,22,80,47,424,1.1057663893508178,-6.964209363596295,113,8.198751582745144,3162,46,3,0,5,13,1
Normal,Bug,1,0,0,0,49,26,18,55,72,28,400,0.7306088534863571,-28.912714799554067,73,89.42223758570303,1613,216,3,0,2,12,3
Bug,nan,5,0,0,0,66,60,79,12,70,88,391,0.6925524447287261,20.867006027166862,104,12.373150476968224,4652,135,3,1,4,10,3
Electric,Grass,3,1,0,0,48,94,151,174,117,77,675,2.4947428242199132,662.3750050705374,-37,8.130081043048438,36207,19,1,0,8,9,2
Rock,Flying,9,1,0,0,52,126,127,128,90,43,394,0.5571041747690771,9.983589941135257,98,6.4213165327872215,5233,39,8,0,5,12,6
Bug,nan,2,0,0,0,49,107,18,59,85,46,455,0.7903594768616822,-39.59046917767856,58,106.10127142898928,3286,104,3,0,4,7,3
Dragon,Fairy,4,0,0,0,109,64,60,93,62,10,424,3.9081393598910927,35.56800922893798,46,89.6815603310181,5957,181,2,1,2,9,3
Bug,Psychic,5,0,0,0,124,99,130,106,109,54,501,2.0496245835162745,-25.146601827614944,24,8.306641511819699,13650,28,1,0,4,13,3
Normal,Flying,1,0,0,0,25,24,47,41,63,19,334,0.6353161016348542,6.503670391336145,258,80.22268397900073,4207,67,3,0,3,12,3
Fire,nan,2,0,0,0,54,42,26,111,85,56,401,0.837463216807405,12.231445127020121,63,6.954411841173591,3520,44,2,0,4,7,1
Grass,Dragon,3,0,0,0,71,90,142,79,78,36,535,0.8818030945573717,40.82515098813572,123,4.661771155948498,2786,36,3,0,-1,6,1
Water,nan,9,0,0,0,42,36,26,26,94,69,275,0.6593238745711758,6.37196464262051,44,7.844875222464776,5929,142,3,1,2,12,3
Dragon,nan,5,0,0,0,137,83,132,156,55,34,525,3.3138578074064062,50.14157031401248,52,91.20983003370122,1845,40,3,1,2,10,8
Rock,Flying,6,0,0,1,108,160,62,46,131,34,476,4.532344024468758,-30.717706138323294,33,6.879878951134832,24613,52,3,0,2,9,5
Psychic,Steel,7,0,0,1,84,161,90,116,120,75,471,1.6239948175848826,55.98100423673908,45,5.778811261888764,22966,-19,1,2,4,8,3
Bug,nan,7,0,0,0,103,51,163,135,97,105,435,1.0414212395756735,143.06342018963318,10,9.221428299349483,36025,-20,1,2,5,3,5
Fire,nan,7,0,0,0,124,88,131,80,111,104,545,2.4472451894909075,270.07955858434053,60,8.523421135066936,5534,48,3,0,6,12,3
Ice,nan,4,0,0,0,127,60,108,99,101,111,495,4.802728906635304,26.897654363061818,252,17.492752869940016,5002,68,3,0,4,13,6
Water,nan,3,0,0,0,77,67,52,143,126,57,481,0.48708896117498984,53.23078215211148,59,5.804877509639607,3294,50,3,0,9,10,4
Psychic,nan,5,0,0,0,67,60,146,79,64,88,473,1.2253553199062814,5.777943932547593,52,109.19603473329957,2076,63,3,2,2,13,4
Fairy,Grass,4,0,0,0,146,72,156,153,113,41,573,2.7624657540738724,96.57127678597544,30,5.386574586662943,5223,35,9,0,5,5,2
Normal,Dragon,7,0,1,0,152,114,81,69,46,59,433,0.9956920557102483,198.22426305822307,-6,5.418768738387409,31675,16,1,1,-1,2,4
Poison,Fire,8,0,1,0,139,29,69,78,75,34,460,0.21965617502023904,0.9122891942518496,54,5.988519815344828,5139,254,4,0,5,4,3
Fire,Flying,2,0,0,0,69,63,26,74,85,21,446,0.5974712432617277,1.3325168411946713,88,4.5503635000546145,4168,103,3,0,3,15,1
Fire,Flying,6,0,0,0,54,26,26,62,51,23,184,0.4151042607104435,-14.16331491559225,22,5.158043075696067,4510,182,3,0,3,12,3
Ghost,Ground,3,0,0,0,61,88,42,158,75,75,469,0.5775420214878908,5.129339907934435,213,7.503840761603956,6685,52,3,0,4,7,2
Poison,Steel,5,0,0,0,55,49,134,79,103,71,486,0.5830793266651134,-10.237198693044634,279,15.076482252492031,4731,49,2,0,6,12,3
Ghost,Fairy,2,0,0,0,92,43,104,97,133,16,368,1.7435459593181597,35.02011951577725,61,14.607554625503536,4835,98,3,0,4,7,2
Dragon,Psychic,7,0,0,1,89,108,138,157,63,105,468,1.0465092232430717,135.74320125042533,35,6.978213974139457,36187,-16,1,1,8,5,5
Normal,nan,3,0,0,0,94,71,77,60,123,113,542,1.5162796993399545,404.99826898408025,45,105.73623000111303,3566,51,3,0,6,11,5
Rock,Psychic,6,0,0,0,115,47,75,122,111,63,497,2.3436932504538133,4.8229828230479175,281,57.07159833017465,4602,36,3,0,2,9,3
Dragon,Grass,7,1,1,0,169,103,49,73,122,87,443,1.5961526677385955,279.8968996368482,24,8.069850794800486,34948,8,1,0,4,2,4
Bug,nan,5,0,0,0,45,14,31,57,56,22,264,0.6317344559052908,-1.954060746757074,271,5.776609237627186,4864,197,3,1,4,10,3
Fighting,nan,6,0,0,0,84,59,152,91,130,51,510,1.1234832718643362,305.87397510367504,253,3.7447989319572117,5036,35,3,0,6,12,4
Normal,nan,2,0,0,0,91,51,50,66,83,78,406,2.1907251344728498,1.8914825190528077,65,7.351305090311369,2211,80,4,0,5,13,4
Grass,nan,5,0,0,0,86,32,54,28,68,46,394,1.1941230881337401,38.54048683482137,254,5.960322965379552,4086,37,2,0,5,9,3
Poison,Flying,8,0,0,0,119,107,121,155,115,95,435,1.4406544100297352,100.57689254524057,17,111.23932198337029,5239,20,3,0,3,12,5
Water,nan,2,0,0,0,64,12,55,62,43,46,271,0.5214379667762575,-11.157788073185282,196,7.5279149443775415,2949,218,3,0,4,9,2
Bug,nan,7,0,0,0,121,18,79,136,93,44,497,1.3250218108816505,-11.784689468073362,97,106.25400043553508,5366,40,3,1,5,9,6
Normal,nan,5,0,0,0,143,110,53,116,94,82,457,1.9339418745810022,12.422777524025516,50,20.959137033468238,5448,99,3,1,7,5,3
Psychic,nan,7,0,0,0,82,75,45,104,120,58,456,2.47362108842228,28.901142568673137,56,7.11104161083901,35170,87,3,0,5,10,3
Grass,nan,2,0,0,0,52,10,47,49,88,45,271,0.8883041355930967,5.651127441468812,246,8.155342195642717,4690,58,3,0,3,12,3
Ghost,Fairy,2,0,0,0,74,57,38,25,99,37,471,2.219090164638499,14.332758441984653,45,7.548256230528278,2470,71,2,0,5,9,1
Normal,nan,1,0,0,0,69,29,53,36,62,33,413,0.7458087354076102,4.910022548296153,202,7.034640980431693,5400,115,3,0,5,13,5
Psychic,Dragon,8,1,1,0,133,34,53,167,90,49,562,2.0547195212231144,125.68576451235484,21,9.171872452897366,33053,-13,1,0,6,2,5
Steel,Flying,5,0,0,0,103,68,69,44,103,23,463,1.9649072187807493,25.8855975244361,59,100.50462756234751,5063,95,3,0,0,13,4
Dark,Ground,5,0,1,0,81,95,138,109,102,55,452,0.6811562157352249,168.74462320656886,18,7.458239758477978,32445,1,3,0,3,10,3
Water,nan,6,0,0,0,36,24,27,76,93,12,217,1.0226288841739173,18.71515395850374,39,32.55902397462565,5706,213,3,0,3,9,1
Bug,Ground,8,0,0,0,105,58,166,77,78,4,500,0.9069395851943884,17.231705617529304,106,8.480217041486958,7082,30,3,0,2,9,3
Normal,Fire,6,0,0,0,106,144,153,115,115,54,562,4.068059326590565,111.1815092891512,-8,95.58194634167707,5238,-38,1,0,6,3,4
Rock,Rock,8,0,0,0,65,77,118,152,108,61,461,1.6751442888595995,60.469337561212534,90,3.0257177415668868,5428,48,3,0,3,10,2
Water,nan,5,0,0,0,60,19,54,107,49,1,368,0.5685656629542707,-17.916847511176186,272,7.219322458977638,8285,122,3,0,4,12,2
Ground,Ghost,4,0,0,0,76,52,42,27,62,45,434,1.1079688374987076,36.42777866792553,233,3.775524050610473,5498,179,4,0,4,11,2
Water,Grass,1,0,0,0,55,63,82,80,126,57,475,1.000235496855975,135.3667896142362,45,7.408576240598004,5832,42,3,0,5,11,4
Water,nan,4,0,0,0,68,28,33,26,60,38,422,0.3489651062417142,-26.330703548468705,200,4.097378856465229,4880,212,3,0,3,9,1
Grass,Water,1,0,0,0,44,35,32,133,90,64,306,0.126953291115664,2.865521704300688,59,94.12121422678833,4520,202,4,0,2,9,3
Normal,nan,1,0,0,0,105,42,54,158,134,69,397,1.060263142950784,14.250542945735361,101,42.34150698045427,4801,136,3,2,3,8,6
Normal,Poison,2,0,0,0,54,87,53,74,32,3,239,0.979331255215923,7.207413149111522,112,7.703605715135526,5240,59,2,0,2,12,1
Fighting,nan,9,0,0,1,93,74,110,138,111,81,551,2.8117667753545503,157.52251503056326,57,69.13378181676384,40894,54,2,0,3,3,3
Water,nan,5,0,0,0,58,9,82,49,139,19,277,0.9888684008148788,3.2751575187946074,93,106.63843284984449,5495,247,3,0,3,13,3
Fairy,Dragon,7,0,1,0,121,124,156,157,103,38,404,1.5543263805367513,123.48951288821601,-14,5.463935717987696,11574,-17,1,2,5,6,4
Dragon,Grass,8,0,0,0,114,27,129,53,64,108,401,2.733146833821256,49.84055588408165,55,91.30375535561082,4533,57,3,2,4,4,5
Ice,Dragon,8,0,0,0,156,101,89,125,135,104,385,0.841775265253383,152.3358778558954,25,7.802258297071377,23962,-27,1,0,3,6,4
Steel,Fighting,7,0,0,1,92,141,127,159,124,75,522,1.5884883118730735,37.15951270561321,-22,5.97465920065585,7538,204,1,0,6,3,5
Grass,Water,1,0,0,0,27,2,59,68,121,9,393,1.0495473896790575,-6.26684496303635,125,6.951496673154839,9407,46,2,0,5,12,1
Water,nan,9,0,0,0,151,123,44,149,119,38,524,1.433351702777124,349.10740292488305,42,7.371430890044488,4113,54,3,1,6,1,6
Steel,Poison,7,0,0,1,108,136,107,80,89,140,420,3.6533395495392895,915.590707126807,51,8.837401642278707,35786,37,1,1,7,6,3
Water,nan,7,0,0,0,75,129,163,138,126,168,554,1.4420746760018242,730.3685081054427,44,8.55709501522444,9183,42,1,0,8,3,6
Rock,Normal,3,0,0,0,90,83,98,57,35,2,351,0.8270441358788915,45.828874298984786,103,86.8675555255738,5467,25,2,0,4,6,5
Poison,nan,7,0,0,0,42,2,22,84,112,21,558,1.044271465707753,22.51741073564856,286,7.874026902652288,3756,165,3,0,4,12,5
Dragon,Psychic,3,0,0,0,62,35,135,57,107,90,617,1.4500740565867587,90.81364282500334,26,6.037271069107046,2589,92,3,1,5,7,1
Electric,Fairy,6,0,0,0,121,81,57,139,124,106,442,1.7591017040229606,239.19073283078095,-2,14.76771700010605,12878,46,3,1,3,6,6
Electric,Fairy,9,0,1,0,165,56,30,71,118,100,453,0.7283757952391365,29.33754166958017,56,9.271238824618957,5974,51,1,0,5,6,4
Rock,nan,7,0,0,0,124,126,89,84,126,101,429,1.8380475471665982,115.38651129810903,-5,59.05101616048913,41165,37,3,0,6,9,3
Grass,nan,5,0,0,0,143,110,27,87,105,11,495,0.393855358331592,-11.524640785847327,77,86.70564242004303,2603,99,3,0,4,5,3
Water,nan,1,0,0,0,171,71,143,60,100,3,354,0.6731068443103715,23.522519720878897,37,5.079736557830564,3428,-15,3,1,6,13,5
Psychic,Dark,7,0,0,0,105,88,96,83,116,27,432,1.7990191598065515,132.80483924751633,38,7.691790283328215,4553,271,2,0,3,8,5
Fighting,Rock,8,0,0,0,71,84,79,95,105,76,680,4.858044290307499,178.1004020190554,269,8.26554375849241,39709,-11,2,0,5,8,0
Psychic,nan,8,0,0,0,76,44,58,56,114,104,486,0.46190010372950563,1114.5846958747507,28,8.429641905517796,5869,-6,3,0,3,10,5
Electric,nan,4,0,0,0,65,116,20,4,63,4,499,2.609122313049334,29.698172138664923,61,90.917886571936,4774,65,3,1,-2,9,2
Poison,nan,5,0,0,0,53,77,56,25,25,39,453,1.1734989592749683,-4.593617396456379,308,82.01780163274006,3560,166,3,0,2,12,1
Ghost,Fighting,1,0,0,0,85,111,64,72,94,-3,500,0.4195246535340764,159.21574920955652,75,85.17615534342048,5199,86,3,0,5,11,3
Grass,Fire,9,0,0,0,57,46,46,46,76,28,356,1.9769045925413828,-4.933642458302971,62,7.649259495077102,4999,112,2,0,3,12,3
Rock,Poison,6,0,0,0,55,49,42,97,123,47,639,1.81984617678975,9.328723496068136,184,10.547536248343595,3478,53,3,0,3,12,4
Poison,nan,4,0,0,0,74,84,51,68,59,77,449,0.2968685131138402,9.583386656027418,89,5.5674778748053875,2718,54,3,0,3,2,3
Water,Grass,7,0,0,0,128,118,174,181,116,47,427,1.3434552033363796,177.32345449784768,21,8.139771758679371,37984,44,2,0,9,6,4
Fairy,Rock,7,1,1,0,108,99,171,126,76,139,503,1.9668797375874703,164.8306096108079,5,7.68692238629385,33914,36,1,0,6,7,3
Normal,nan,2,0,0,0,60,70,33,26,139,-7,272,0.9882198575886751,1.0145356622519586,251,95.77914634331167,5762,179,3,0,2,12,1
Fighting,nan,6,0,0,0,106,70,124,172,110,33,612,4.360513216070366,151.44741971680043,44,7.058470677283092,35734,26,1,0,4,12,5
Water,nan,4,0,0,0,45,49,21,59,43,-13,370,1.1170554679342581,-23.518494772964495,245,6.067392366392886,4147,164,3,0,0,12,3
Water,Flying,1,0,0,0,54,22,36,51,67,5,168,0.2323035866655329,-9.78054081354445,88,7.126918408905086,4860,86,3,0,0,5,1
Normal,Flying,3,0,0,0,79,95,83,40,41,4,310,0.7476881268384887,26.890700934179364,98,89.59056998742686,5775,194,3,2,0,11,3
Normal,nan,2,0,0,0,68,53,47,47,36,9,224,1.041579414435276,-20.56326360297581,242,108.78827982671659,2977,76,4,1,3,10,3
Ground,nan,7,0,0,0,34,49,30,73,71,47,505,0.7064997027534161,-9.343771492944027,189,8.339537573582364,6035,95,3,0,3,12,3
Steel,Fairy,9,0,0,0,67,117,93,81,131,47,596,0.826670766617251,151.02736223413578,50,7.890776844217331,2553,-1,2,0,3,9,5
Water,nan,5,0,0,0,52,93,37,48,87,38,389,1.9247752363994604,-6.784218303802506,265,8.505734595641442,6162,149,3,0,4,9,5
Water,Ground,3,0,0,0,79,60,101,57,57,59,330,0.2626554677555913,3.1369252642069387,114,7.780331800378779,2606,76,3,0,4,12,4
Psychic,Fire,4,0,0,0,110,122,128,144,91,101,553,1.3343943658977722,81.39317648735414,6,6.210643961147078,13531,14,1,0,3,9,4
Psychic,Dragon,2,1,0,0,125,119,99,138,112,53,600,1.9553482844694319,1207.9729346652582,37,8.002213326563592,41150,47,1,2,6,5,5
Normal,nan,1,0,0,0,59,-2,66,72,45,56,271,0.40318700161571275,-21.692188226210483,31,6.832498498211137,4881,74,3,0,0,9,3
Psychic,Steel,9,0,0,1,108,128,118,125,119,101,454,3.757729048868823,32.68295821104206,11,8.240134162889591,33372,-2,1,2,7,7,6
Grass,nan,5,0,0,0,91,68,114,35,139,110,549,2.217234595114135,257.77370197617734,58,8.33745937146282,5104,74,3,1,4,12,3
Electric,Ice,9,0,0,0,107,113,65,47,92,71,515,1.8516377822949088,36.29422663648944,112,8.218782200936037,7717,73,3,1,5,7,1
Poison,nan,4,0,0,0,69,20,50,21,82,-11,307,1.0085941932468674,-16.56949442024284,224,50.86294004383371,5057,44,7,0,2,8,2
Fighting,Bug,3,0,0,0,81,101,160,101,60,30,416,2.7214020131120935,24.29163745411983,43,113.33209548986434,4719,225,3,1,4,9,4
Psychic,Psychic,7,0,1,0,125,106,120,135,124,117,540,1.6942832403637165,33.072565233990105,40,7.57266232842347,33855,47,2,0,2,5,1
Normal,nan,5,0,0,0,47,23,16,88,70,-2,399,0.37064788498968415,-5.167817694501773,168,6.579672634345948,3243,40,3,0,4,10,3
Poison,nan,5,0,0,0,130,106,68,64,110,100,626,1.0493901824403533,67.01335486940322,53,5.59580217185077,4715,111,2,1,5,4,3
Fire,nan,9,0,0,0,80,33,177,134,78,14,573,9.415429687266432,19.654045273221833,183,81.65819864911867,5977,23,3,0,1,11,2
Psychic,Psychic,7,0,1,0,106,122,134,176,88,71,500,0.4852259888925624,239.5196693192769,30,4.770614575752626,40363,-5,1,0,5,6,5
Fire,Steel,7,0,0,0,57,21,111,103,138,113,570,5.3309816843031115,23.789151391483443,-7,6.613640672844356,7684,63,1,0,6,14,3
Psychic,nan,5,0,0,0,63,82,250,102,62,70,471,1.4449853002483115,9.023736786255188,37,60.72111213693395,3250,47,4,2,3,13,5
Ghost,nan,3,0,0,0,39,55,35,52,38,5,370,1.1167389610918232,-4.569099590286873,185,35.46478627461799,4207,65,3,0,4,12,6
Steel,Ground,5,0,0,0,132,26,101,119,78,63,241,18.43604392006381,166.70722272983872,37,7.513237749579696,4648,45,2,1,5,7,4
Bug,Grass,2,1,0,0,127,154,128,128,100,104,670,4.164473271011266,438.76262644079736,32,7.028125136303501,34844,-19,1,0,3,5,2
Grass,Psychic,2,0,0,0,164,118,67,110,90,100,511,5.170961740928119,151.27133918895169,27,6.647364225420579,3478,53,1,0,6,8,5
Poison,nan,6,0,0,0,53,40,76,28,88,76,180,0.9525604388181672,15.116792146370194,35,5.50297931581433,5128,41,3,0,1,9,4
Psychic,Ghost,9,1,0,0,102,139,179,168,48,126,450,5.009691099817226,973.7094493570917,-39,7.7884485032963475,38154,27,1,0,6,6,4
Water,nan,9,0,0,0,83,79,149,83,83,22,637,1.787560227385548,-2.8760185107259044,44,7.213050526524018,6348,210,3,0,5,13,5
Ground,Dragon,8,1,0,0,109,81,90,102,93,60,480,0.6933465916857605,543.5807788904101,18,49.978281617801564,25447,45,8,0,6,11,2
Water,nan,1,0,0,0,54,92,76,28,70,44,520,0.939462379955545,-24.598941332567804,184,7.579718970243311,10207,52,4,1,6,12,1
Fire,Dragon,8,0,0,0,54,96,126,46,57,85,380,1.190635702494351,178.53447598366603,51,90.91848953240093,3773,27,2,0,3,12,4
Ghost,nan,9,0,0,0,96,0,64,51,34,6,165,0.8684655691109416,21.286926225822327,227,31.706043455102733,4034,73,3,0,-2,12,5
Steel,Water,2,1,0,0,42,72,126,145,94,77,400,0.13493867106648505,113.04047319053186,-17,7.198641074676777,5620,40,2,1,6,5,3
Water,nan,4,0,0,0,72,80,117,45,109,53,407,2.7047774373927456,-18.72838036410195,291,5.460131291646274,9126,88,4,0,1,12,5
Poison,Fairy,6,0,0,0,109,84,93,60,95,104,451,2.5867173914023374,238.05644562018432,38,9.061749274847154,8863,119,4,1,5,4,3
Poison,nan,8,0,0,0,116,81,89,55,80,51,377,1.0251757817743297,-0.8813848231419925,293,68.62561195458244,3529,285,3,0,5,12,3
Normal,nan,3,0,0,0,178,25,65,63,92,10,423,0.8497767433140091,12.732039238554313,257,7.817542471598529,4636,107,3,2,4,7,5
Poison,Steel,5,0,0,0,113,45,108,118,85,49,603,10.897741062598497,182.95698131028038,255,7.95308242334675,20134,56,1,0,8,5,3
Poison,Normal,9,0,1,0,97,129,48,82,127,12,385,0.16027070715254926,-4.726737725893122,45,58.77725189110756,295,83,3,0,6,12,7
Fairy,Steel,8,0,0,0,131,36,100,111,50,45,528,1.0214343772088275,3.1971476931157206,124,58.456676979554985,2687,76,3,0,2,9,5
Steel,Fairy,9,0,0,0,98,57,33,80,102,-2,420,2.1664032711438765,8.452668318950439,220,23.412191829413008,4842,234,1,2,2,12,5
Psychic,Dragon,7,1,0,0,132,82,166,143,102,81,544,2.6142185152420856,128.8244690488717,26,8.608846784557224,37990,58,1,0,6,5,5
Flying,Grass,5,0,0,0,134,88,126,80,100,43,640,1.1629660105925483,133.6586405845274,21,4.649281025483946,5487,36,1,0,0,5,4
Dark,nan,2,0,0,0,45,56,76,37,52,43,363,0.948095537219817,-20.76667330148689,210,97.11785647431908,4541,64,3,0,4,13,3
Flying,Ice,8,0,0,0,72,91,70,75,48,7,273,1.2094816770020551,2.7847352860577406,121,57.21921407506004,4212,193,3,1,4,15,1
Fighting,Normal,5,0,0,0,80,15,167,54,81,112,470,2.0377550868142635,-4.611406386222791,53,8.715332965336332,5665,54,3,0,4,4,3
Flying,Steel,7,0,1,0,133,44,138,73,76,52,558,2.4900278750968523,148.6086167605108,30,6.7954118644762795,4895,12,6,1,6,8,6
Water,Fairy,5,0,0,0,102,93,116,136,79,40,471,1.8933412120176576,-7.614753285930334,38,7.621587650994057,22150,42,1,0,5,3,3
Ghost,nan,3,0,0,0,10,12,31,90,102,15,398,0.7011135005510882,0.20605021126254108,252,7.050698522934665,3492,239,2,0,3,11,3
Ground,Steel,5,0,0,1,84,18,145,42,89,97,502,1.9865795378916404,69.90243335069349,36,7.017677418753781,4785,27,4,0,5,15,5
Dark,Ground,7,1,0,0,94,95,142,166,124,83,482,1.8964922029516305,17.143733368969663,-1,5.309404697739302,34182,38,1,0,6,9,3
Grass,nan,1,0,0,0,26,28,43,29,34,3,304,0.9888998296485318,-1.0126971017696622,106,6.191587697597338,3385,99,3,0,2,12,1
Ground,Fighting,1,0,0,0,121,101,133,139,129,62,659,2.649845940691061,367.5747521753708,61,8.207575471600878,5742,72,3,0,3,4,3
Water,Ghost,3,0,0,0,42,34,7,43,70,11,344,0.8754111300619718,-8.88430356795732,249,5.9849108844259185,1595,202,9,0,3,12,3
Fire,nan,5,0,0,0,59,60,117,81,124,98,466,0.8477434316272611,65.61022875833729,13,8.44715731915395,5265,95,2,0,5,8,4
Bug,nan,3,0,0,0,65,58,27,37,83,25,574,0.9810423571274429,5.67725974939602,294,57.688685099361116,5511,62,3,0,5,12,1
Bug,Poison,8,0,0,0,60,56,70,47,85,18,531,0.4751008477225838,52.83484522491982,192,4.909468905283617,5511,84,3,1,3,9,3
Poison,nan,2,0,0,0,78,63,71,31,169,52,513,0.9954687199898488,-14.444035910901365,77,7.362331075209633,83,305,2,1,0,3,2
Water,nan,3,0,0,0,43,121,47,19,65,34,353,0.45614210370721986,3.7650922946613647,104,8.527740338504943,3425,210,3,0,4,9,3
Normal,nan,8,1,0,0,74,33,85,39,52,29,297,0.4179880278682035,76.1441873319381,221,1.8588063900720209,5287,48,2,0,3,10,5
Bug,nan,5,0,0,0,32,53,62,22,79,24,281,0.7297601693345885,-7.795232526344934,189,101.89510807322792,5287,62,3,0,4,12,4
Flying,nan,1,0,0,0,134,111,13,23,102,12,390,1.0002876845663098,18.74231335080024,264,7.247317317344255,4110,114,3,0,-1,6,3
Fairy,nan,4,0,0,0,106,91,118,26,55,146,511,0.5891001404047779,17.445443308475852,258,68.53666710154748,5346,36,3,1,-1,4,2
Fire,Flying,9,0,0,0,108,79,129,47,122,6,493,1.7755600940854535,34.35362897665394,51,8.107223403847732,3141,55,3,2,5,4,4
Poison,nan,4,0,0,0,79,83,24,39,86,42,435,0.7002751826322682,-26.374577852771253,207,42.81922277140967,5103,110,4,0,3,12,1
Fighting,Psychic,7,0,0,0,175,108,176,96,103,52,531,1.9544365878223076,64.35822041252177,62,7.080479865632284,24073,41,2,0,9,9,4
Electric,Flying,9,0,0,0,75,71,86,133,128,65,565,2.2509906063799994,902.855216351001,43,9.192798323120414,35893,19,3,1,6,3,5
Ghost,nan,2,0,0,0,57,38,28,47,83,25,456,1.2939148114957046,-15.830586268978292,226,8.091865151378215,457,57,3,0,3,9,1
Water,nan,4,0,0,0,135,87,106,80,122,51,374,0.4861897804284369,145.04542241928203,11,6.808247590733963,33119,23,3,0,5,11,1
Fairy,Dragon,7,0,0,1,101,69,122,36,99,29,424,2.0121499824451368,72.25022059352818,4,104.53801845064368,9685,42,10,0,8,13,6
Water,nan,8,0,0,0,41,39,57,80,73,1,569,0.9989885380727049,-20.360182061704073,246,102.54851360815239,3283,203,3,0,4,12,3
Water,Rock,1,0,0,0,34,60,112,74,71,35,494,0.8573501335666484,16.925499269918387,48,7.3325271932931155,5629,185,3,0,4,13,3
Bug,Fighting,5,1,0,0,68,123,100,177,118,57,686,0.7931815602213104,33.3003297931581,29,6.334590356010326,10602,-16,3,1,7,7,4
Fire,Psychic,7,0,1,0,136,122,114,166,78,100,542,1.2445719438649094,358.4019234133251,15,8.528528493356855,41726,-11,2,0,6,5,6
Dark,Poison,3,0,0,0,111,66,144,117,122,31,439,3.4019513995943766,0.1889398379231455,44,8.663298091929237,37137,76,3,1,4,9,3
Rock,nan,1,0,0,0,64,14,63,65,61,4,352,0.5383003861282059,42.19848744184152,259,98.44723760841708,6255,117,3,0,3,10,1
Fighting,Dragon,1,0,0,0,132,108,116,120,121,85,575,1.6623150519284482,93.90524887151152,44,7.395748840930741,4972,-31,1,0,9,10,2
Fire,nan,6,0,0,0,107,102,155,60,110,93,451,2.552464331888758,299.6331633497919,48,6.705173732846498,6060,49,3,0,0,7,3
Ghost,Ground,8,0,0,0,58,61,13,90,75,34,229,0.3049824343532235,-8.417474407033426,273,8.708704999361265,4276,30,3,0,3,13,5
Bug,nan,4,1,0,0,99,117,129,58,133,54,604,2.0625680377857165,113.3587224216125,60,3.2829780890788416,5301,23,1,2,0,2,3
Dark,Dragon,7,0,1,0,93,112,114,89,57,82,410,4.905295488829169,333.48413674487966,10,6.807336834016197,32104,33,1,2,8,2,4
Bug,Ghost,6,0,0,0,46,49,36,52,52,63,370,0.8557268025617775,-6.222046720875424,32,39.754685087564354,5351,203,4,1,3,16,2
Ghost,nan,7,0,0,0,67,145,88,70,70,97,564,2.351072479735678,173.781845659383,51,63.031819536181835,5296,36,3,0,3,8,3
Ice,nan,7,0,0,0,46,46,107,55,100,102,413,0.5335769757703637,45.21082381702138,82,6.42507053300993,3759,132,4,1,2,13,2
Grass,Poison,7,0,0,0,184,91,175,73,95,38,522,4.697849300459885,98.10454911311939,12,7.663202227175059,5561,-2,1,0,5,5,5
Fairy,Ice,2,0,0,0,37,91,30,27,53,72,541,0.9464641430561664,17.3423438628907,123,5.953644250271489,4896,33,3,0,4,10,4
Dragon,nan,6,0,0,0,48,63,46,40,52,25,505,2.6158331818737457,14.894481745794565,271,54.42088657744257,5448,40,3,0,3,7,5
Poison,Grass,7,0,1,1,139,128,117,179,76,83,668,1.4915087899521902,174.5179508466892,3,7.991619319433889,13887,43,1,0,2,14,4
Normal,nan,5,0,0,0,67,26,53,44,20,28,324,1.0060473484680241,2.875316242097661,223,107.57799611000847,4140,209,3,0,3,12,1
Fighting,Flying,1,0,0,0,47,24,71,57,88,7,363,1.1715494208002393,-20.32051326765346,248,7.366278022631062,662,72,3,0,2,6,1
Normal,nan,6,0,0,0,66,16,40,144,64,1,310,0.36205607380867594,-16.322060675776292,183,4.925529695874662,4675,77,3,0,4,12,1
Water,nan,9,0,0,0,67,42,70,82,45,-5,270,3.9922162523849885,36.475621126030184,61,5.97776989998759,3560,210,3,0,3,11,3
Fighting,Fighting,2,0,0,0,69,139,37,109,109,43,529,1.4891096325471014,-34.11049289348178,58,7.884832520028205,5318,87,3,0,1,6,4
Electric,nan,7,0,0,1,82,106,124,124,74,61,501,3.5420190129661786,133.11957175454495,27,6.205566535514103,41481,51,1,2,4,12,5
Psychic,Dragon,9,0,1,0,125,86,87,89,118,102,523,1.1272715056415166,671.407090478287,19,5.6012809247858435,11290,-21,3,2,5,7,5
Steel,Dragon,5,0,1,1,126,53,79,171,107,119,423,0.6423693639131609,275.66448498921983,0,7.735862352178625,27672,32,1,2,6,4,4
Bug,nan,9,0,0,0,76,98,45,66,49,-6,486,1.131159460760052,305.07500179757903,35,8.319729763466183,4905,33,3,1,8,12,1
Flying,Ghost,5,0,0,0,173,156,70,135,102,73,469,5.109336093355097,134.4996429193128,46,7.2416424588485775,29579,60,2,0,6,5,3
Rock,nan,4,1,0,0,70,84,163,91,132,119,698,1.8011364992441858,281.5883923128025,1,89.4809265088693,11834,37,1,0,6,7,3
Electric,Ice,7,0,0,0,105,156,118,138,106,80,596,2.57862938291426,122.21317616748246,2,6.852193612232829,27992,-7,1,2,6,14,6
Normal,nan,4,0,0,0,29,87,79,13,109,93,381,1.0175462871457555,-9.234014047353815,265,103.17611817325137,5693,40,2,1,7,6,3
Water,nan,2,0,0,0,58,42,37,120,75,3,360,0.8106183709804651,29.472967064673934,262,89.5941697030498,3540,100,3,0,0,12,5
Water,nan,3,0,0,0,50,16,32,33,63,7,346,0.7346427046695392,-28.419064359799947,176,8.810448181962322,2311,253,3,0,4,12,3
Water,Ice,3,0,0,0,39,61,5,42,76,7,371,0.11355340980683498,-11.979109888420941,222,5.840780977944221,5612,175,3,0,4,12,4
Dragon,Ghost,9,0,0,1,123,106,75,160,106,66,706,2.2286428623906342,389.576316569292,-7,8.901244482274114,35418,37,1,0,8,6,5
Flying,Ground,4,0,0,0,35,36,154,55,51,59,337,0.7220205813504829,19.724213176327726,38,7.077757644812252,5036,292,3,0,4,12,1
Normal,nan,8,0,0,0,83,70,64,82,74,24,203,-0.11808015786658044,75.91627900976442,284,4.732359150723143,4584,9,3,1,3,9,3
Ground,Fire,3,0,0,0,74,95,71,66,103,26,342,1.0728239536334327,7.941335221933437,37,90.57405149035779,2597,66,2,0,4,13,5
Steel,Fighting,7,1,0,0,92,72,124,132,88,138,683,3.105798140345769,54.91802565692982,21,7.589797877262145,29739,7,1,1,8,8,6
Psychic,Flying,7,0,0,0,113,62,104,33,79,57,329,0.4558757179312264,-11.79905988776377,185,5.251429340424007,621,53,3,0,4,8,3
Water,nan,6,0,0,0,16,60,40,57,70,48,473,0.5137319997209253,348.3948329766241,54,5.510764785529335,9535,36,3,1,2,18,1
Bug,Rock,7,0,0,0,75,85,64,47,56,63,490,0.6296894952658656,130.08852470878998,143,5.9230829357504735,7464,35,3,0,4,6,1
Water,nan,3,0,0,0,56,83,63,71,102,54,380,1.2075278290269325,-29.209923306646324,39,8.919769710341663,3554,109,3,0,4,9,4
Water,nan,3,0,0,0,65,15,73,80,83,30,418,0.840435961898423,-11.383776901359584,219,5.2364705668970775,4268,74,3,0,4,11,1
Psychic,Poison,2,0,0,0,84,22,57,29,76,30,435,1.202712245030898,102.95506980732526,50,9.286172133853198,1270,191,3,0,3,9,1
Poison,nan,1,0,0,0,25,7,44,60,79,31,347,0.8928160747987881,5.139805893675041,103,99.9338280738663,2086,270,3,0,6,9,4
Poison,nan,2,0,0,0,63,36,49,61,77,20,249,0.9353663577854562,15.349834065258445,119,102.62606274595348,10737,154,3,1,2,12,5
Water,nan,4,0,0,0,61,28,132,97,75,10,425,1.1322934342068787,9.138794927058772,50,94.12752888412098,6028,48,3,0,3,14,6
Dragon,nan,2,0,0,0,56,61,58,63,64,33,378,0.8145981856983917,-8.25695454110682,225,61.63056501123259,2710,60,3,1,0,13,3
Dragon,nan,3,0,0,0,84,85,160,115,127,97,524,9.032268572396887,137.9998100369458,45,6.6090182666655055,2198,42,4,0,6,6,5
Ghost,nan,4,0,0,0,94,95,182,166,106,89,746,2.7929304901385157,162.54683503090575,-3,7.883366178742697,42630,32,1,1,5,7,5
Normal,Dark,5,0,0,0,49,82,26,110,56,50,436,0.644796873414119,5.980679349091416,72,98.40281566460172,2477,76,3,0,2,9,3
Bug,nan,3,0,0,0,131,51,19,84,102,94,499,0.36635173509942265,-3.1859470933339527,64,110.96607122151362,3875,246,4,0,2,17,2
Rock,Psychic,3,0,1,0,119,115,162,93,61,85,408,1.0329543654106512,241.80334493011793,0,6.458500645054766,29032,-5,1,1,6,5,4
Psychic,Psychic,4,0,0,0,83,18,143,124,67,74,495,0.90474970857996,39.244852454153,43,4.880192415965981,6219,27,3,2,3,6,5
Bug,nan,6,0,0,0,53,76,41,34,95,-4,248,0.6821709331412809,-14.057508100844766,192,4.976789599693447,4672,96,3,0,1,13,1
Water,nan,6,0,0,0,61,34,69,16,77,84,386,0.6424125077820263,-10.43034630934248,74,6.889760604097832,5144,306,3,0,2,12,3
Dragon,nan,7,0,0,0,136,119,74,92,31,58,362,1.6260307782038121,97.18245366737546,73,5.758042448388484,4931,23,3,0,0,8,1
Rock,Psychic,8,0,0,0,105,137,206,154,130,52,570,4.6696679822405915,178.76467101284868,32,8.15610393510433,8217,53,3,0,7,5,4
Psychic,Fighting,7,1,0,0,141,88,130,156,74,91,455,4.94982590450425,209.79167261846996,-20,7.602084479237758,32882,27,1,0,9,3,4
Water,nan,2,0,0,0,79,54,33,47,189,79,691,1.6597271558219246,42.548667484105174,4,8.683583676061295,4058,211,2,1,2,9,2
Water,nan,5,0,0,0,58,16,29,35,53,43,541,0.9732094466360157,-10.127430096480273,279,6.365348924587175,4649,52,3,0,2,12,2
Water,Flying,6,0,0,0,75,30,44,65,67,51,420,2.047353151395138,65.1710541245991,95,7.579728158205155,9829,49,7,0,3,11,3
Water,nan,8,0,0,0,47,28,52,30,100,16,368,0.7899741699254106,-24.2929458578431,40,21.769280962147732,3068,213,3,0,-1,11,1
Electric,Dragon,5,0,0,0,102,55,132,147,79,118,454,4.091371117304522,61.58973355821638,-16,8.765028066835143,5033,51,1,0,5,5,4
Flying,Dragon,9,0,0,0,109,94,49,36,140,109,457,1.7158109320114567,87.8828171370756,46,8.461527291477644,5161,0,3,0,10,7,5
Ice,Fairy,6,0,0,0,142,126,52,68,98,16,438,2.737165164802783,22.712197545146875,39,7.294720740172558,5148,136,1,0,2,12,0
Dark,Dragon,2,0,0,0,105,95,151,141,107,46,374,2.234766252449434,301.5955580285994,22,6.010061135449506,3516,-14,1,1,6,6,6
Water,Ground,3,0,0,0,64,20,61,45,96,33,544,1.0190546070532522,-6.937462955592528,178,6.547961101851612,5002,95,3,0,3,12,5
Fire,Rock,5,0,0,0,83,60,46,54,62,18,463,1.3586892374813928,44.58602251770854,36,6.740237866480491,2924,56,3,0,4,12,5
Electric,nan,9,0,0,0,46,78,34,43,85,8,197,-0.020045279895032686,11.840657843961674,99,6.511423161713114,5014,165,3,1,3,6,5
Fighting,nan,6,1,0,0,79,143,155,122,135,80,482,5.123161712945826,98.16328961987223,34,3.3837744809242762,11256,36,1,0,3,10,5
Psychic,Flying,8,0,0,0,104,37,38,21,92,29,393,0.8070502475726078,16.613626634441516,192,9.260934903475972,4501,199,3,0,1,12,1
Fighting,nan,3,0,0,0,92,96,101,46,132,49,498,3.3575251518631806,49.28342772746427,59,8.144387273886839,33825,83,5,0,2,13,3
Psychic,Dark,1,0,0,0,69,66,58,51,41,15,331,0.954454303358997,21.66342134513397,49,7.126926161247891,5149,37,2,1,4,9,5
Bug,nan,6,1,0,0,76,49,59,81,110,13,534,3.2733393081030675,86.24082385704462,22,4.2809287800853495,5479,8,9,0,0,10,3
Water,nan,8,0,0,0,88,98,199,45,83,51,532,1.8410112373569207,6.346289524633569,91,8.435545171002433,3321,285,3,0,0,12,5
Steel,Fairy,1,0,0,0,76,102,155,72,136,81,537,2.1164855754983654,75.38228867919054,29,6.792899674721522,31047,42,7,1,4,8,5
Water,Rock,2,1,0,1,127,148,126,165,64,75,500,3.072655872410871,224.87041622017935,33,7.300133167508072,34320,4,1,0,8,6,3
Fire,nan,7,0,0,0,100,73,129,136,98,119,551,3.785863463013338,58.04320290338216,59,9.110150596468836,11431,46,3,0,4,7,1
Water,nan,5,0,0,0,100,35,44,52,52,70,418,0.6368461576180623,-15.752443428107723,83,98.15105954096147,4894,268,2,0,4,12,3
Poison,Ground,7,0,1,0,97,95,120,153,120,142,481,1.6550513921592103,107.03421391626007,51,6.858733144075149,22885,8,1,0,10,2,3
Fire,nan,4,0,0,0,102,49,74,133,103,44,565,0.8791971160318487,86.17905320994257,63,3.7257063472458083,6809,90,3,0,0,3,2
Psychic,Ghost,7,1,0,0,47,79,61,155,81,112,590,0.7912782816465168,23.40327837177169,45,62.46017178701478,5906,29,3,1,9,15,4
Fire,Poison,2,0,0,0,92,127,30,80,82,23,471,0.8869420521998322,49.95726516555801,220,8.38899091683516,5824,123,3,1,5,8,4
Psychic,nan,2,0,0,0,101,89,118,107,109,54,416,4.860996802885605,108.79408088182585,-1,8.291678915957082,3495,76,1,0,6,3,3
Fairy,Poison,2,0,0,0,66,72,55,89,77,-12,213,0.47264083830209924,25.49951575334562,56,47.91518461400378,5904,137,3,1,3,4,6
Water,Normal,9,0,0,0,56,105,63,27,65,3,197,1.6826409365455295,-9.549459176174908,290,5.8763651645747625,1330,216,3,0,4,12,1
Fairy,Dragon,9,0,0,0,125,89,134,127,92,14,443,0.9968615209384245,88.95289924949802,237,4.880904500954113,5218,61,3,0,2,8,1
Bug,nan,5,0,0,0,71,161,90,40,57,8,412,0.5188501572198532,-16.829592485354404,197,3.7100150311594544,3390,61,3,0,-1,11,3
Ground,Ghost,7,0,0,0,132,93,82,53,93,75,388,0.6279036640393699,8.822780700306808,89,6.645889413982745,4559,57,3,1,5,4,1
Water,Flying,9,0,0,0,149,33,102,86,83,79,572,2.376978484287632,357.867591613371,28,89.81976645864499,6272,41,1,1,5,8,1
Ghost,Fighting,5,0,0,0,89,112,114,118,107,54,513,0.5759011993243816,61.229660878869936,-7,5.858998983537618,10085,62,4,0,3,5,1
Water,nan,5,0,0,0,84,69,67,34,78,41,419,0.9133021544865482,-6.9872026722994764,191,8.106130610635937,5080,265,3,0,5,10,2
Dark,Normal,2,0,0,0,125,79,65,144,90,76,526,0.77275929371541,103.29853628749734,37,6.284699723198527,9792,12,1,0,3,4,3
Bug,Ice,7,1,0,0,67,62,127,118,122,99,565,2.057902429228218,255.72197032817067,-24,8.162742524660278,9618,31,10,1,7,5,1
Dragon,Fire,4,0,0,0,134,101,155,96,65,111,599,1.9557968200134224,123.217571089294,15,9.172282178570839,12893,22,1,0,3,6,5
Fairy,Bug,4,0,0,0,109,100,35,142,115,57,468,1.4082470615857954,9.555599372088182,-9,60.58469188933414,4167,30,3,1,0,8,6
Normal,nan,5,0,0,0,48,51,52,43,48,115,449,1.0817285609416416,11.159012135341943,112,103.97089132919982,6051,105,3,0,0,14,1
Grass,nan,3,0,0,0,99,74,93,65,55,68,441,1.8953875209095656,54.23960881539631,254,96.65614979443896,3745,49,2,0,4,2,3
Fire,Ground,1,0,0,0,123,125,192,112,104,11,477,0.904906139657041,32.78833487489203,56,81.33209514013848,5711,155,3,0,3,12,5
Rock,Dragon,7,0,1,0,142,132,95,125,93,114,530,4.1714596504075905,105.29431274212483,28,6.310991937385965,35170,-24,1,1,7,8,5
Poison,nan,8,0,0,0,86,109,131,56,128,107,658,5.024199281990371,170.40820263147927,51,6.076833068968336,8094,34,3,1,5,6,2
Water,Normal,5,0,0,0,118,95,65,127,112,47,531,1.9365766828583628,160.99547887108736,54,6.877475868426969,32231,-26,1,0,7,5,4
Water,nan,8,0,0,0,142,69,81,27,74,12,511,1.0254555248046255,42.75359886513354,274,6.536049627130653,2403,53,3,0,3,5,1
Water,nan,3,0,0,0,69,13,36,53,65,-5,313,0.8646260748915009,-7.646598005868961,209,27.669774423107015,3131,174,4,0,4,10,1
Normal,nan,4,0,0,0,45,68,36,12,57,-2,275,0.7740250932779105,-29.360464643702436,242,10.346846107439161,5287,207,3,1,2,12,3
Rock,Steel,7,0,0,1,57,132,147,177,95,-1,464,0.7964767163758567,7.441311203952811,-24,3.9964291405065264,34504,-27,1,0,5,8,4
Bug,nan,5,0,0,0,67,102,119,48,82,25,486,0.6069799708564729,88.62185029297171,83,61.30643328829711,5444,239,4,0,4,6,3
Psychic,Dragon,7,0,0,1,88,118,117,167,123,83,666,1.5468168733969332,83.15374848721342,1,6.5191915834520415,38437,-23,1,0,7,8,3
Psychic,Flying,9,0,0,0,131,62,208,123,75,94,457,1.6016941237433278,247.65996785759432,7,8.110153789428287,35387,40,1,0,7,5,4
Water,nan,7,0,0,0,38,85,38,37,107,43,443,0.6446806263457798,16.324528768486882,145,54.353572149582,3601,90,4,0,2,12,2
Rock,Flying,7,0,0,1,52,108,27,45,85,8,388,0.6572026527912691,-0.965692559722779,213,6.464157414750563,5240,127,2,1,4,10,2
Psychic,Flying,7,0,1,0,121,100,66,80,116,124,623,9.868598772962697,136.86711415638302,43,8.861218849244473,9220,47,1,0,6,4,4
Electric,Ice,5,0,0,0,104,128,88,169,125,45,453,1.207618050627399,75.57126906030618,61,7.600861906064919,4623,55,2,0,10,6,4
Bug,Dragon,5,0,1,0,115,67,63,48,60,27,224,0.9981646272368746,20.439807826631277,148,93.7622949531339,5400,246,2,0,5,12,3
Water,Psychic,1,0,0,0,48,69,54,144,115,22,452,0.6293419989997485,-0.26066266093090107,55,47.172301877754926,6212,34,3,0,8,14,3
Steel,nan,9,0,0,0,118,25,143,35,83,86,556,9.223045338375332,410.4571882777333,2,7.8744466776590265,36053,50,1,0,6,11,2
Grass,Normal,5,0,0,0,61,117,49,70,88,24,452,0.9061160705203268,4.7767167105451875,48,5.661439140848558,4906,198,3,2,5,9,2
Steel,nan,7,0,1,0,149,102,128,146,82,58,447,0.6928835961549944,473.85607990900155,12,8.24382226819845,16253,-13,3,0,10,0,4
Steel,Dragon,8,0,0,0,120,88,110,159,126,56,510,2.315103243303452,24.07997121464031,-10,7.441873270758009,8431,-19,4,0,3,9,4
Ice,nan,2,0,0,0,115,129,70,34,112,95,529,2.2183819564312284,269.43400464926435,59,6.973093408154388,11164,118,3,0,5,14,3
Psychic,Steel,7,0,0,1,132,112,167,137,151,41,446,1.7973785584061992,284.358949091266,-27,6.204421916455032,40748,-17,1,0,6,3,5
Psychic,nan,5,0,0,0,63,23,44,43,53,40,383,0.9951038285900593,-14.869917101739679,253,8.272901593186443,5261,41,2,0,4,12,5
Bug,nan,3,0,0,0,101,55,67,64,120,47,290,7.294063449963014,35.48943852992985,95,35.80215446351952,3526,25,4,0,4,10,5
Normal,Steel,5,0,0,0,84,103,32,62,89,53,408,2.1143948932119243,2.867011155848248,179,6.273793468928039,7057,251,3,0,6,11,5
Water,Steel,3,0,0,0,68,73,64,79,104,1,228,0.849076118020609,13.44085379788612,48,102.80468712288875,1145,67,3,0,0,14,3
Dragon,Ground,2,0,0,0,41,40,52,121,57,84,463,1.7885924607163286,7.41869304588006,62,19.60746986409462,6263,48,3,0,-1,12,2
Psychic,Grass,5,0,0,0,76,123,44,77,120,62,494,1.016611662300956,6.7276719566167795,133,8.458158467842855,24011,51,3,0,4,11,2
Grass,nan,2,0,0,0,77,91,92,41,74,73,483,1.5282605781305514,32.481571575947086,60,29.98725134632254,4179,8,3,1,5,3,5
Steel,Fairy,7,1,0,0,155,79,165,102,64,96,679,4.456611885667008,67.95289660774571,-27,7.893547301837042,36000,-25,1,0,8,10,4
Ice,nan,6,0,0,0,77,36,21,52,72,1,364,0.5964576369656347,29.428109881649625,269,6.929044739894299,3271,55,3,0,-1,11,1
Normal,nan,5,0,0,0,69,67,39,11,73,22,397,0.7327825931114057,-22.951254275786788,265,8.127942257805486,362,123,2,0,3,12,1
Electric,nan,9,0,0,0,56,32,15,57,103,-4,290,1.0312164036024307,-11.983872947380513,240,8.135178639128897,6702,53,3,1,-1,11,5
Water,nan,3,0,0,0,37,47,15,33,55,50,289,0.5693909009320263,24.88110741827124,225,102.65115848803643,5194,135,3,0,5,12,3
Fighting,Fairy,6,0,1,1,96,82,88,137,104,63,573,0.7512881544741215,-21.336066665093796,42,7.778441951477033,11231,42,3,1,4,6,5
Electric,nan,7,0,0,0,69,79,45,28,83,51,500,0.9859334759673828,28.057910037673395,107,103.8599280937382,12615,50,3,0,-1,9,4
Psychic,Flying,1,0,0,0,86,48,90,96,78,40,509,0.3333633314114718,200.20510118742766,-3,5.750489871971934,7640,33,3,1,2,12,5
Ground,Ground,4,1,0,0,60,67,91,97,112,73,436,1.9644124885461816,42.9404371883274,-12,4.2874853957942225,27644,14,1,0,4,7,4
Poison,nan,5,0,0,0,131,55,49,52,44,47,380,0.2840822863847816,-16.456050781196957,45,7.420470344328603,1606,50,3,0,5,11,5
Grass,nan,5,0,0,0,58,93,96,82,134,30,459,0.4506484558305148,31.645559148763205,273,6.5035640088509785,5063,178,4,0,2,14,2
Water,nan,3,0,0,0,91,49,85,50,98,37,452,0.6452268541925117,-9.136449395501598,69,8.99605556047524,9846,243,3,0,5,12,1
Dark,nan,3,0,0,0,82,86,103,143,110,64,503,1.617472480496447,151.30004731938473,36,8.480470858932893,30284,59,1,2,5,4,3
Fighting,nan,2,0,0,0,54,9,28,41,35,17,511,0.9114795726533063,-4.239824067523633,217,71.9923467468699,5457,102,3,0,1,11,3
Poison,Flying,5,0,0,0,49,135,70,51,130,47,451,0.9497983989665473,225.6601253659944,274,6.419095199449581,3107,103,3,0,0,16,4
Water,Psychic,5,0,0,0,94,126,114,146,111,73,674,1.6265399960205502,1.3370029365655114,1,8.555808126318695,29523,9,1,0,7,7,3
Grass,Dragon,9,0,0,0,65,51,94,44,115,32,472,1.3769156092857577,0.5663541161042467,-5,9.403872096292119,5083,69,3,4,2,7,5
Water,nan,5,0,0,0,46,57,54,108,67,26,424,0.3034136211231532,13.090939514524527,50,4.902620840964773,3511,37,4,0,4,12,1
Psychic,nan,3,0,0,0,143,63,101,56,86,48,491,2.394836788718689,31.18711233440964,40,6.1138255978752465,5912,56,4,0,4,7,5
Water,Ground,5,0,0,0,35,110,51,45,100,62,469,1.0631401753584757,23.54454687732155,252,108.59235608368697,5336,92,4,0,6,15,5
Dragon,Ground,1,0,0,0,119,66,38,88,116,43,402,0.38701331718618504,174.16334134009966,67,4.869993939826512,5852,68,3,0,4,5,5
Rock,Fire,5,0,0,0,95,156,106,84,90,104,591,2.553922090499673,-17.85863959264799,44,60.09250697067188,29292,-21,1,0,6,5,3
Steel,Ice,5,0,0,0,94,32,74,84,130,29,441,1.9276014463338358,131.76701807039112,59,98.00161049126557,5096,108,3,0,3,11,6
Normal,nan,3,0,0,0,68,42,68,27,98,2,310,8.238514636113976,-20.00556196768771,253,12.833270227479215,3405,200,3,0,3,12,1
Psychic,nan,8,0,0,0,112,141,116,128,116,75,555,2.3412841725043627,189.51483732254724,37,7.797090355658051,8379,61,1,0,5,12,4
Ground,Steel,5,0,0,0,61,13,45,20,26,-3,406,0.9110814828972968,-13.59465983769344,205,8.81925340777056,4844,182,4,1,4,12,5
Bug,Ice,1,0,0,0,97,108,127,148,109,32,574,4.63347479628038,175.5685130253185,42,2.4885738990601336,37948,41,2,0,5,5,4
Normal,nan,5,0,0,0,48,47,82,27,47,29,354,0.7658624705517574,-10.754151482785597,39,97.86444739732093,3076,195,3,2,3,12,2
Normal,nan,1,0,0,0,27,77,27,32,73,57,257,0.30958126504019073,24.95461463988684,258,22.81324853927229,10271,61,4,0,4,11,1
Dark,Grass,2,0,1,0,170,105,141,88,90,23,488,0.7376127030389604,28.769477593311457,6,7.123367092933614,1123,92,4,0,7,0,3
Bug,Ghost,8,0,0,0,34,18,66,53,68,41,427,0.48110264734802305,-17.361299606895898,237,63.66869304293715,2743,279,3,0,2,12,2
Normal,Fairy,8,0,0,0,85,113,31,13,65,79,374,1.0180924093493489,-17.458975768489644,39,8.690475508815563,667,189,3,0,3,11,3
Ghost,Flying,4,0,0,0,99,134,171,110,61,83,470,1.3492954478091188,81.55328360229701,42,7.1196534587628175,9136,-15,1,0,3,8,0
Rock,Psychic,3,0,0,0,118,54,62,55,66,29,421,1.0292674989865316,35.402228354076705,97,7.313206201592752,2398,246,3,0,4,7,1
Water,nan,8,0,0,0,88,17,27,32,136,46,442,2.4423716220396288,111.14758932172467,271,7.033818801408577,5096,84,3,0,2,10,2
Grass,nan,3,0,0,0,124,55,61,117,113,68,626,2.4441177482289698,323.4851562555313,60,8.257406382660692,4456,50,3,0,2,3,5
Water,nan,1,0,0,0,67,128,36,54,87,0,334,0.8439468003145211,16.491202180025013,172,96.51761048835102,4581,88,3,0,5,12,1
Fighting,Dark,9,0,0,0,81,35,94,72,66,23,381,2.2295678600179607,19.14329561110247,48,40.32259419472642,13377,86,3,1,2,12,4
Ghost,Psychic,8,0,0,0,131,56,34,92,79,47,504,0.6470097934380955,16.94184888309264,37,4.474340006768604,4722,49,3,0,3,7,5
Rock,nan,5,0,0,0,92,86,80,79,121,73,546,1.9224682614100663,10.34218336619173,121,6.306011200695206,612,47,4,0,4,9,5
Normal,nan,7,0,0,0,79,128,90,106,87,55,587,1.9148932703988386,289.5221901208877,39,8.256048287050657,31651,27,1,0,9,7,5
Steel,nan,1,0,0,0,74,31,38,41,98,-11,221,1.0958353533106013,37.137289504841085,134,7.2342860597735825,1301,78,3,0,3,11,3
Grass,Ghost,4,0,0,0,52,35,56,95,115,-12,448,1.117261736161846,15.02543635941534,143,60.92344325124176,5314,82,3,0,0,9,5
Ground,Normal,7,0,0,0,61,104,96,110,111,7,462,1.6750704159882286,83.44538076194573,144,96.26384326250005,5198,73,3,2,7,14,5
Grass,nan,8,0,0,0,136,63,118,147,119,73,571,5.361691399843705,238.4319022593589,49,8.279925502892215,37563,36,1,0,2,2,5
Bug,nan,7,0,0,0,47,27,44,9,73,50,330,0.7430172211203963,-15.140700986082296,250,57.832301800542446,5673,248,3,0,2,13,2
Dragon,nan,2,0,0,0,46,54,26,37,62,32,242,0.8498501388843633,-0.37662801313163463,25,8.305306386114273,4722,219,4,0,1,12,2
Dark,nan,9,1,1,0,116,126,58,160,114,73,468,1.889242854391762,416.13607646000725,15,8.713261941311979,32998,45,1,0,7,9,7
Normal,Ghost,4,0,0,0,71,33,55,33,32,12,243,1.0139810425134175,5.507557852752697,221,7.146146659615589,5567,76,3,0,6,12,3
Water,nan,2,0,0,0,67,100,82,55,65,37,501,0.9140377740695198,141.30973615915036,197,7.639468286113502,5427,170,4,0,0,9,3
Rock,nan,3,0,0,0,67,79,52,77,58,48,432,0.29019449464449326,1.0585492187001933,51,38.57561129748197,1159,194,3,1,4,9,5
Rock,Poison,3,0,0,1,91,58,32,37,90,30,512,1.0421310829036319,28.0072320461413,45,7.175094194775884,3508,31,4,0,3,5,2
Fighting,nan,9,0,0,0,32,37,42,71,89,75,354,0.9695296848417289,-3.688322373864521,61,8.588876749489739,5028,59,2,1,0,9,2
Steel,Flying,2,0,0,0,149,108,138,104,104,48,496,0.9529723979855926,63.37079031851866,-21,6.231189751229791,5069,51,7,1,4,5,2
Water,Dragon,5,0,0,0,69,17,47,25,107,16,427,0.31744655515351594,30.127916345549046,268,7.469870856800798,4809,102,3,0,2,12,2
Grass,nan,7,0,0,0,191,53,84,89,84,30,270,0.5435688787649984,-31.402325892816286,46,2.2648606114156777,3795,74,3,0,3,10,3
Normal,nan,6,0,0,0,62,26,53,83,68,35,415,0.13235070469604715,-0.1630820791156058,218,4.611139355317993,6132,66,3,0,4,10,2
Grass,nan,2,0,0,0,44,42,49,111,82,18,506,1.4789723539555482,158.62770209661093,44,6.040261535344345,5235,42,3,1,0,12,6
Ground,nan,3,0,0,0,76,163,101,36,116,74,494,2.2349896927693504,430.8046529115411,61,8.733296579236178,4871,35,3,1,5,6,4
Bug,Fire,9,0,0,0,106,55,155,142,113,81,549,1.304706200374925,123.82863633279382,35,7.647270014214113,4761,70,3,0,9,5,4
Water,nan,5,0,0,0,43,75,26,36,72,21,369,0.5324196221764853,0.768851027731106,222,92.8266733792633,5078,69,3,0,4,12,2
Water,nan,6,0,0,0,58,19,58,59,105,46,522,0.9101773360979053,-26.600391451351726,47,2.5418399245514416,6138,129,3,0,0,9,3
Grass,nan,9,0,0,0,117,49,38,85,83,21,361,1.9699960303099857,-4.10386342567053,210,7.452019795433537,3421,40,4,0,2,11,2
Psychic,Fairy,5,0,1,0,133,149,95,92,76,69,499,1.8991172017172642,299.30837218169904,41,8.75439816922949,24672,18,1,2,6,5,1
Grass,nan,5,0,0,0,42,22,45,21,90,73,414,1.1236714751152699,-5.534614652293053,225,5.93126323659143,5435,193,3,0,5,9,3
Poison,nan,2,0,0,0,69,125,27,35,59,21,260,0.47661832887098265,22.869163436311336,245,6.781573214758584,5646,110,3,0,3,12,7
Bug,Poison,7,0,0,0,132,55,59,93,115,10,416,2.220559067493588,33.124903134751236,66,61.428185461956275,5024,52,4,0,3,5,2
Dragon,Dragon,8,0,0,1,27,135,21,138,102,67,602,1.2375493184988409,40.624429408173526,47,6.966199421971562,2875,58,2,1,5,5,5
Water,nan,3,0,0,0,41,71,118,34,63,99,493,0.9743043321216607,19.751765037033266,37,8.278513428006347,3230,67,3,1,4,5,5
Fighting,Dark,8,0,0,0,113,79,48,64,105,54,499,1.0789853783902132,-10.05974049737985,230,26.298030851477904,4706,182,3,0,1,10,3
Ice,nan,4,0,0,0,73,48,73,45,77,46,540,0.8959852368947447,18.897615357321463,281,105.33774300872162,4262,141,3,0,3,12,5
Water,nan,3,0,0,0,56,78,16,49,85,5,455,0.9394688241869832,-21.514409838287882,273,68.39450976702592,4415,76,3,0,0,11,5
Ground,nan,3,0,0,0,113,98,47,85,100,17,340,0.5639448254810502,-12.01113548618793,238,57.26556072427188,4532,79,2,1,4,9,3
Water,Poison,2,0,0,0,60,68,9,19,110,8,345,0.932232322032994,31.72299947826214,36,6.095830113232753,1974,52,1,1,4,16,4
Rock,Ghost,9,1,1,0,107,125,169,168,140,53,516,1.9866425105821404,7.135559457663162,6,7.437858418556079,29029,53,1,2,0,8,4
Fire,Steel,4,0,0,0,114,100,72,67,86,59,508,0.6974136929713034,42.725453806371746,252,4.784892165991218,6001,94,4,0,5,11,1
Ice,Rock,7,0,0,0,70,61,54,68,102,65,411,0.6926107069195147,-7.716804539135312,170,6.523701006412594,1389,135,3,0,4,8,3
Psychic,Ghost,8,0,0,0,124,69,81,47,78,99,425,0.4820876078468884,83.79043279251563,45,6.7031917172025075,5571,196,3,0,6,10,3
Ice,Psychic,3,0,0,1,93,118,68,117,94,84,487,2.1293910585048237,124.41895212462536,21,8.656219628700017,26665,-27,1,0,5,10,4
Dark,nan,2,0,0,0,68,154,112,122,96,61,540,1.211266395350758,39.72094010961638,221,3.2737820877684345,5674,-25,3,0,1,9,4
Fire,Steel,7,0,0,0,108,31,120,68,94,138,458,1.0656712858901745,1040.9329717722044,3,8.01037941477607,25230,21,1,0,3,8,1
Water,Fighting,5,0,0,0,81,96,74,38,108,34,712,0.6752680916343127,-0.4851126546721112,27,5.240685687954822,4211,-3,3,0,8,9,6
Psychic,Dragon,7,1,0,0,112,100,190,123,64,139,494,3.9749976850627675,187.4244313428026,7,8.419079482006932,39129,18,1,0,8,2,7
Grass,Poison,3,0,0,0,86,49,25,21,124,18,512,2.392309712861886,56.4669139506647,55,8.102010671120418,2791,214,3,0,4,9,3
Psychic,Fire,9,0,0,0,135,137,154,151,95,45,498,4.448566130903163,172.76545703527714,224,7.458434141295736,4933,54,1,2,3,14,2
Water,Ghost,6,0,0,0,130,5,125,105,144,118,482,0.49949347407248557,9.727307307381324,37,6.945921015934695,3788,29,3,1,3,13,2
Water,Flying,7,0,0,0,87,90,83,161,143,81,684,1.6635161138834529,462.1934866806662,30,6.759585130009252,34871,36,1,0,5,5,7
Dragon,Psychic,9,0,0,0,113,86,152,102,44,112,482,1.6252036614411673,80.77536081971866,-12,7.9023149144264835,30327,13,1,0,6,8,2
Ice,Dark,4,0,0,0,69,111,69,58,76,19,284,20.354090534802687,51.97228761288226,47,5.2160173024613705,4714,76,2,1,4,7,5
Water,nan,7,0,0,0,116,140,123,117,132,51,568,2.261221543740859,343.7220896409509,40,7.76114819742036,5229,-7,1,0,9,5,4
Bug,Poison,9,0,0,0,66,50,204,130,122,86,488,1.6892031765745712,31.98310283743681,35,8.313989010056657,5411,57,3,0,2,10,2
Psychic,Psychic,1,0,0,0,64,14,29,66,48,1,466,0.7236596214362699,-13.701202616735012,139,5.91698758443854,4665,153,3,0,4,12,1
Bug,nan,5,0,0,0,39,37,21,106,56,77,560,1.15759940284856,-16.869825200097893,262,7.248357997584968,5230,30,3,0,5,9,5
Normal,Steel,9,0,0,0,104,104,145,159,77,81,481,2.774091886909334,128.1801599763806,39,9.187524433022077,13213,52,3,1,5,7,4
Electric,Fighting,4,0,0,0,91,57,99,153,121,55,598,2.4067462987428847,65.67540381791167,46,7.422528304219709,41772,75,3,0,6,5,5
Bug,nan,2,0,0,0,31,59,53,38,52,26,318,0.5227466492137706,7.729301837911429,234,90.74674020045987,2188,128,3,0,4,11,3
Water,nan,5,0,0,0,106,42,78,91,55,67,483,0.9911850491953025,-15.929039812770123,53,7.535587466764724,4386,241,3,0,0,11,3
Poison,Rock,6,0,0,0,104,94,46,83,63,5,554,2.2862295941522044,-0.7326754318395654,56,4.23791914110408,2371,315,3,0,2,15,2
Dragon,Fighting,9,1,0,0,170,110,118,127,127,124,753,3.5188498548667146,112.32888045270712,6,4.9807700508741775,27658,25,1,0,3,5,7
Poison,Grass,4,0,0,0,152,109,72,38,122,45,578,23.609637812841342,91.8476103893189,104,6.792161479412133,4403,27,4,1,3,1,4
Water,nan,2,0,0,0,132,55,126,73,127,114,630,2.1790330761581815,86.01311903269959,50,5.849888832245689,30398,50,3,2,10,13,4
Psychic,Psychic,2,0,0,1,89,123,147,104,116,137,512,2.3539433942093217,131.3521047142356,-4,8.405463496802044,37635,42,1,1,7,4,5
Ice,nan,5,0,0,0,52,19,74,74,80,22,256,0.4968987828560234,-27.02719020806319,244,7.68518500013395,2989,243,3,0,1,12,5
Fairy,Fire,4,0,0,0,88,95,50,71,72,17,423,1.1081070187236421,-0.7070074823360084,101,5.809462159037756,5312,38,4,0,5,13,1
Water,Poison,3,0,0,0,105,33,41,26,76,25,346,1.0019434822949143,5.5564150495052615,37,7.842184585263583,3298,185,2,0,2,9,2
Ice,nan,1,1,0,0,61,78,91,146,156,121,588,2.3964631508954226,105.0511008564592,4,7.865027868273907,24331,16,1,1,5,8,3
Water,Ground,7,1,0,0,92,33,72,163,108,61,412,3.411325173119461,839.5541057676584,10,7.8926101297289755,24974,6,1,1,8,14,4
Dark,nan,7,1,0,0,114,105,118,118,111,82,712,3.763754185700397,200.9170838819628,6,7.685785950263297,4794,23,1,0,7,4,5
Fire,Psychic,4,0,0,0,127,85,165,118,90,135,627,2.5499560209002894,358.12499475234756,-21,7.918629002051562,39115,-18,1,0,6,1,0
Rock,nan,6,0,0,0,62,101,31,56,41,6,352,1.1293163049256203,-3.7740415051737966,133,7.5239336856611025,5679,56,3,2,3,15,2
Psychic,Dragon,7,0,1,0,113,112,138,97,80,63,446,2.8483009092419027,14.421546352372843,14,8.448240063032479,27058,47,1,1,6,2,4
Ghost,Water,1,0,0,0,66,98,51,107,101,-6,440,1.0062010592342934,-12.218317399955295,96,7.36238333174262,4821,45,3,0,4,12,5
Grass,nan,8,0,0,0,40,63,88,49,81,17,362,0.6361588037439149,-6.779186028466954,75,6.478045736886976,4882,256,3,0,5,14,3
Water,Poison,5,0,0,0,53,70,70,109,93,24,335,0.018536228081664163,7.103128442335902,183,3.3846867392369804,5150,212,3,0,5,15,1
Ghost,Steel,1,0,0,0,70,103,88,57,95,45,481,2.115621563693127,-16.330685157785375,42,6.2839855027270755,4486,55,3,0,10,8,6
Normal,Ice,8,0,0,0,172,109,90,74,113,46,418,0.7531108419505017,75.01513281118264,76,6.663127753144549,5177,-17,1,0,2,3,5
Grass,nan,5,0,0,0,132,40,72,25,70,8,320,0.9707611669052337,5.26383260369013,276,7.61275801966217,5213,55,3,0,4,12,5
Ghost,nan,7,0,0,0,122,77,121,100,117,117,614,2.6451021819760276,86.64690652428712,-1,8.591764927870573,8530,27,3,2,6,10,3
Normal,nan,2,0,0,0,72,64,34,30,150,5,365,0.9882745279127605,-9.576419045683886,188,51.54652179491901,2743,77,8,0,4,12,1
Water,nan,7,0,0,0,68,107,58,172,143,102,381,1.8088702189652102,567.9087671234555,47,9.233533726202488,9527,39,3,0,7,5,1
Normal,nan,1,0,0,0,69,29,53,85,53,3,288,0.6581402092331572,-18.279862695733343,205,34.28512106939301,4849,190,3,0,0,13,1
Ground,Fighting,6,0,0,0,97,83,7,57,27,-13,168,0.7887229325950381,18.0696330253994,248,84.51199942368319,8523,32,3,0,-1,12,3
Ghost,nan,7,0,0,0,116,52,42,83,111,83,405,1.985585275823843,116.23257736057266,57,7.764363122694265,3444,39,3,0,3,14,0
Fairy,Dark,7,0,0,0,71,102,67,49,93,112,411,1.0849791474864656,30.694226532883143,49,6.942452703900567,8005,50,1,2,8,8,3
Normal,nan,2,0,0,0,56,53,39,16,70,26,396,0.8691158554489278,3.5231352715001787,233,6.151110347037362,3116,89,3,0,0,11,2
Water,nan,7,0,0,0,21,54,117,162,128,67,459,2.157284704139745,191.5237107041563,6,67.4830998392172,10526,48,3,1,2,6,5
Normal,Fire,7,0,0,0,138,72,106,96,82,31,542,2.5190840595159028,309.5635228429297,76,5.751508300117557,5679,44,1,0,2,13,0
Psychic,Poison,1,0,0,1,70,104,114,106,86,82,552,6.595901748404276,521.1904882617014,-3,8.091396565324182,38429,50,1,0,4,8,3
Psychic,nan,6,0,0,0,122,137,81,73,126,129,518,2.160313574652136,111.62862154905751,51,6.939319465349929,9387,83,1,1,2,9,3
Bug,nan,5,0,0,0,78,43,144,143,89,39,495,1.9495241660554177,91.87112259107187,53,7.584293713870098,10889,62,3,0,3,6,1
Bug,Electric,1,0,0,0,82,75,33,32,78,16,468,0.8929343121300294,89.25977906908837,48,3.69416464848368,1797,40,7,0,3,5,1
Ghost,Steel,5,0,0,0,59,118,56,110,92,73,549,0.2957521461452176,-29.968581928600145,101,2.402025396791213,3314,195,3,0,4,16,3
Fairy,Ghost,6,0,0,0,157,43,13,38,77,34,569,1.2939344611194339,27.98262845747245,224,59.878137309844064,2065,61,1,0,3,11,5
Grass,nan,1,0,0,0,40,15,38,51,74,21,312,1.1938440317838435,-5.2607387621174855,135,105.52757884087126,5186,198,3,0,3,12,4
Bug,Fire,9,0,0,0,160,51,19,74,96,-4,429,2.152838478969396,-25.805753917263843,61,8.243335306220729,6743,49,9,1,3,12,2
Bug,nan,1,0,0,0,81,86,73,34,53,23,340,0.716380082908804,28.58434752742951,234,85.90113080763115,5725,108,2,0,5,12,3
Psychic,Ice,1,0,0,0,123,39,141,135,103,80,449,1.3997996076797299,12.232480375495491,47,86.3226586379174,9586,27,3,0,7,12,5
Normal,Grass,1,0,0,0,191,78,204,130,90,31,432,0.31694330651158475,233.45315671543025,20,5.427277293521425,11455,55,3,1,3,2,7
Psychic,Fire,5,0,0,0,103,150,86,120,56,102,460,1.5893364369152718,18.228126796867997,52,17.699963851225323,6212,10,3,0,1,5,3
Poison,Fairy,7,0,0,0,83,116,71,57,142,60,438,1.9724298337330073,-7.477586111486119,55,7.97978551170289,4360,38,3,0,6,14,3
Fire,Dragon,5,0,1,0,130,82,125,185,68,52,528,0.6346340782056821,34.603660105449634,6,85.7242030993492,34868,-25,3,2,8,4,6
Fire,Fire,4,0,0,0,136,142,122,138,108,80,410,3.6362177000486833,15.364319760348224,46,7.16845503097232,29772,-19,10,0,8,7,4
Dragon,Flying,6,0,0,1,80,150,162,108,123,120,623,2.125738476883458,55.90472537439295,-3,6.553006441399086,36296,10,1,1,2,3,5
Bug,Psychic,7,0,0,0,130,70,158,156,106,76,328,2.4329811300170108,146.10751467026518,23,7.9038045127404075,22170,-25,1,0,6,5,7
Bug,nan,3,0,0,0,96,80,75,38,47,20,505,0.9926274477844818,-8.52673324477937,48,6.391446325271144,4789,35,3,1,2,9,3
Rock,nan,3,0,0,0,55,90,56,27,80,6,426,1.1241529437182058,-1.1505295142841359,81,8.09359593369054,4928,97,3,0,2,3,5
Steel,Fighting,7,1,0,0,100,68,76,154,78,90,608,0.9100753018735948,-32.28924772237514,-3,6.21967508161096,31700,-29,1,2,6,7,6
Water,nan,4,0,1,0,152,42,130,165,73,74,571,0.6743785108650686,164.4423830846008,93,5.0639175456739265,23723,-6,1,0,6,5,6
Ice,nan,5,0,0,0,116,103,61,29,68,33,450,0.8737282876899549,43.23949141286989,272,6.6471224671745635,4682,61,3,0,5,6,3
Normal,nan,1,0,0,0,57,41,65,86,108,26,519,2.8695883468575025,-4.09240500323032,59,4.077004048609954,6265,83,3,0,4,12,3
Ghost,nan,4,0,0,0,72,78,18,59,80,27,474,0.7307883411783785,24.014311133942105,49,31.1773811845761,2787,30,2,0,4,9,4
Fairy,nan,5,0,0,0,66,13,15,70,86,-4,374,0.7478998356877007,-10.718259682980184,93,8.176680375653506,3590,239,3,0,2,12,3
Rock,Dark,7,0,0,0,63,74,47,114,104,53,485,0.7728043868145152,62.90449558222417,63,7.210082240600857,8597,31,1,2,4,6,3
Flying,Bug,2,0,0,0,143,86,13,58,126,66,507,3.588324100596002,29.982862880772448,4,6.685075927684622,9526,104,3,1,5,9,5
Water,Ground,4,0,0,0,112,6,79,69,133,93,646,2.21773727282235,136.18709344081867,50,8.458958969018495,7413,84,4,1,8,6,5
Fighting,Fighting,2,0,0,0,62,84,101,126,124,90,524,4.631386110111715,196.26037671275014,28,8.209815611547917,35449,21,3,1,0,4,4
Bug,Fighting,4,0,0,0,158,99,136,155,115,54,623,4.5210326936611125,136.8984974088891,44,8.201943825238246,29796,-8,1,2,9,8,4
Poison,nan,6,0,0,0,64,71,59,56,90,84,289,1.3820031100337504,5.082258902064789,39,8.410049438257328,3877,65,3,1,2,13,3
Electric,Steel,6,0,0,0,94,31,210,73,99,67,321,1.1437539716038274,341.3417297462219,111,7.756902497677105,5627,45,8,2,5,7,4
Dragon,nan,7,0,0,0,110,96,50,28,159,52,653,0.959930262612728,48.6045676706514,67,6.084374519337341,2850,80,3,0,4,12,5
Bug,nan,7,0,0,0,59,2,28,16,87,105,386,0.47917410379636277,18.27214168537403,120,5.083243932161457,5082,244,3,0,5,12,1
Normal,nan,5,0,0,0,86,77,88,39,63,132,582,2.513569947764937,2.175942276695741,80,8.951818756871853,2403,64,3,1,5,7,5
Dark,Ghost,7,0,0,0,178,66,127,10,62,88,303,2.0981704569049344,-9.766372704385097,52,7.603561444104148,4763,54,4,1,9,12,1
Ground,nan,2,0,0,0,112,85,123,84,158,38,641,2.1060795729541,45.9639315779696,43,7.496648884470726,4560,42,1,0,0,13,5
Bug,nan,1,0,0,0,71,47,89,56,44,-3,207,0.9014625695092741,-6.809417912391643,213,6.543398417424746,2020,180,3,0,4,15,2
Fighting,nan,5,0,0,0,92,20,104,46,99,24,314,0.7912982481996611,84.19651169434016,225,100.35927660772253,10818,254,3,2,4,11,1
Fighting,Rock,9,0,0,0,136,96,89,58,55,47,472,0.2678816602195272,-15.500552479972656,48,5.596820851229724,4115,85,4,0,2,8,4
Normal,nan,2,0,0,0,53,86,57,80,46,31,527,0.4932031518942192,26.607039267686513,96,6.977287856297983,8249,116,3,1,2,3,1
Dragon,nan,2,0,0,0,92,54,39,68,65,18,455,0.9124953314283426,16.208373351914204,101,8.241691522422114,5841,60,4,2,3,9,4
Poison,Water,2,0,0,0,53,108,31,163,134,96,626,2.7935010525174713,164.34046798925306,94,7.866528377292521,34316,20,1,0,3,9,6
Ground,nan,8,0,0,0,56,98,64,58,34,7,482,0.9722803680559785,26.11640914893151,55,5.561531576640083,5830,153,3,1,-1,12,3
Normal,nan,1,0,0,0,155,48,56,59,64,47,255,1.9652431599148878,23.507943008166663,43,7.994266313816325,5744,106,3,0,6,3,2
Bug,nan,5,0,0,0,121,156,151,76,126,66,406,1.2830508619176357,340.50535289525834,14,7.598332345319799,24909,58,1,0,8,4,6
Dragon,Ghost,5,0,0,0,90,170,81,120,81,104,388,0.5213430794299494,184.58322055948412,-17,8.192431700615652,31096,87,1,1,5,4,1
Ground,Ghost,6,0,0,0,47,49,-3,24,34,17,280,0.7950945607863096,31.69446732139761,258,53.412558628631125,5602,156,3,0,4,8,5
Psychic,nan,7,0,0,0,107,107,105,125,87,111,447,2.372040343612966,46.796327196382755,41,7.575108910388188,31754,47,2,1,8,4,1
Water,nan,3,0,0,0,37,15,9,61,74,0,324,0.7423605961941103,13.791382380448812,257,102.32948764083179,3269,252,3,0,2,12,1
Water,nan,5,0,0,0,38,34,38,71,60,-4,437,1.074689822742605,-6.44093078551805,223,33.31214070993735,4326,90,3,0,4,12,5
Steel,nan,3,0,0,0,74,18,135,73,84,36,239,1.2353805964364428,11.071479775985596,61,83.85502737529491,1404,74,3,0,5,12,4
Normal,Ground,5,0,0,0,72,43,105,74,125,84,534,4.718820659313502,62.36286289570981,39,6.3592481179228955,6740,93,9,0,10,14,5
Dark,Psychic,3,0,0,1,111,133,100,82,132,39,621,1.861177620593156,161.17307213611147,26,6.839915623971444,31101,63,3,0,-1,8,4
Psychic,nan,4,0,0,0,81,69,105,143,68,80,602,5.470226497782493,113.41984012254298,-8,7.8513162708410835,11675,19,1,0,0,9,3
Water,nan,1,0,0,0,59,-8,32,31,57,17,280,0.6725024995321663,-23.28945376386492,242,6.723252196269392,1963,192,3,0,4,12,1
Ice,Grass,9,0,0,0,97,106,32,172,101,51,643,2.2539774215110047,141.3094866354926,59,23.583151141867067,4868,95,3,1,6,5,7
Fighting,Dark,5,0,0,1,103,133,173,85,117,55,420,8.694914278151147,-15.11539729251821,-29,7.79797670685217,39367,17,1,1,6,9,5
Psychic,nan,7,0,0,0,108,127,154,100,113,73,596,4.622068377063072,27.366912046856577,60,101.5648800925486,11480,21,3,1,5,12,5
Water,Fairy,1,0,0,0,50,70,94,155,113,-6,430,1.4274934626576747,73.03338403324481,211,3.25945504045398,5475,209,4,1,3,3,3
Ground,nan,8,0,0,0,56,68,60,33,75,29,362,0.33680486792882597,-5.32679394700636,45,5.805848490576021,4496,216,3,0,4,12,2
Poison,nan,8,0,0,0,102,66,120,71,128,17,397,0.7382642570946065,70.34044224109292,45,5.973109449137447,10719,161,3,0,4,7,5
Psychic,Ghost,1,0,1,0,95,43,65,119,166,55,562,1.2762810243220115,-4.382303501690046,53,7.2636497808930205,5581,31,1,0,3,9,5
Normal,Fire,8,0,0,0,99,49,105,37,94,23,358,1.0671756904210865,17.59298921510015,286,8.167182032973676,2475,35,5,0,-1,10,0
Bug,nan,7,0,0,0,110,79,152,135,120,10,499,1.2025244115309484,88.83716153226928,78,7.019476283484003,25493,52,2,1,0,11,5
Normal,nan,4,0,0,0,20,24,28,76,117,31,440,1.1191216364337029,-12.329737933690586,45,100.17355090208825,5458,213,4,2,4,12,3
Steel,Dark,4,0,0,0,149,80,181,105,131,67,578,0.828603431498149,84.61500876597675,94,6.337950709492789,2811,85,3,0,1,5,4
Psychic,Fairy,4,0,0,0,120,93,188,69,45,74,567,2.7071468945460504,69.0061971091322,28,8.970952400287747,38125,39,1,0,5,11,7
Rock,Bug,5,0,0,0,142,85,95,105,125,158,486,1.2252089477809027,123.63930765823919,49,8.501127119900588,5127,38,4,1,6,8,3
Steel,Fairy,8,0,1,1,119,92,105,177,74,73,488,4.300148253767072,133.3361037062085,53,7.1881830206699835,34007,11,1,2,6,6,2
Ghost,nan,3,0,0,0,48,33,113,67,117,69,419,0.6835783374408887,4.543485237339368,203,9.407882767407472,4971,69,3,0,1,8,3
Dark,Fighting,7,0,0,0,113,45,104,58,137,127,471,4.299257891057261,7.304575569396086,44,7.993816390809786,2840,58,3,0,4,12,2
Poison,Ground,5,0,1,0,118,154,78,153,58,77,438,0.6205736727440069,83.2440815448746,38,7.643610621286014,37881,-26,1,0,2,5,3
Ghost,nan,5,0,0,0,117,122,68,32,132,22,510,0.634459586685457,245.21732452380934,44,7.231894892703735,2471,89,3,0,-1,12,4
Water,Fairy,1,0,1,0,164,58,68,99,108,69,434,1.0544353380553169,19.15659036003621,65,6.388521969290549,5530,104,7,0,5,12,7
Normal,nan,8,1,0,0,55,93,118,125,76,64,678,3.2817302037988467,161.6743653131766,19,5.417678852304165,11218,22,2,1,0,9,6
Psychic,Fire,1,0,0,0,104,65,185,64,51,64,469,0.3228723471219328,-0.3910191417740432,34,5.461766748854469,3211,45,3,0,3,9,2
Poison,Fighting,7,1,0,0,91,102,153,131,164,117,675,3.565184213898043,307.55935608929144,3,6.79029732809117,29643,32,1,0,6,3,4
Psychic,nan,7,1,0,0,107,120,165,155,121,75,585,5.689585565954337,216.5862528422884,-28,7.4998948191158545,32948,24,1,1,8,4,5
Fire,nan,4,0,0,0,109,45,120,49,104,83,367,1.1663915530360178,20.46620058945477,90,6.354658156734306,5530,202,3,0,6,5,5
Normal,nan,1,0,0,0,23,43,65,15,68,31,682,1.1431257118601827,17.314308051562858,243,36.967317579584915,5719,148,2,1,4,5,1
Water,nan,9,0,0,0,112,86,96,64,64,10,515,2.2577441928752666,53.689757465911825,67,18.929457539500685,5695,28,8,2,3,10,5
Psychic,Ghost,5,0,0,0,122,171,153,68,91,60,435,2.384403963450863,66.38474497314597,39,6.960032720393436,8255,46,3,2,5,12,3
Ground,Flying,8,0,0,0,99,54,98,106,78,48,400,0.8646543872525732,9.94328554155793,54,5.485892936927709,3713,46,4,1,4,14,3
Bug,Fighting,2,1,0,1,114,101,179,126,54,84,402,4.099553293725226,167.38620761106284,-30,7.860270801029284,36692,-5,3,1,6,13,4
Fairy,Poison,1,0,0,0,116,40,78,101,149,33,470,2.59727925273536,382.21524792002265,30,9.348298547726662,4690,46,4,1,3,12,4
Grass,Water,1,0,0,0,50,111,38,61,88,-4,256,0.8206917611495804,21.7910004369149,45,8.781792938838183,4073,59,3,1,3,0,4
Poison,nan,3,0,0,0,59,42,36,136,75,46,542,0.5915670859575634,6.7470130640740535,274,7.2604493553714,3620,57,2,0,5,12,3
Psychic,nan,7,1,0,0,158,88,116,117,76,96,504,4.09295805789907,-12.343011826835806,35,4.853322741965708,24961,36,1,1,3,12,4
Rock,Flying,1,0,0,0,144,122,74,171,70,58,454,4.333876507243648,3.083624404254463,36,6.3417298330486656,28911,27,4,0,6,11,6
Fire,nan,8,0,0,0,72,44,92,79,72,44,463,0.8451487470536634,14.506907138039368,278,101.33225674203422,5732,24,3,2,3,12,5
Normal,nan,4,0,0,0,34,16,48,46,36,30,308,0.7167424916948426,-3.4938876165501735,209,100.65867169831874,2149,224,3,0,0,12,3
Ground,Fire,3,0,0,0,123,94,114,93,110,46,556,0.9432074364581171,19.619832633014965,21,6.339331344321724,2598,-31,7,0,7,3,4
Bug,nan,2,0,0,0,112,71,75,27,93,39,535,0.8212471535385623,-1.5040854867670586,99,4.595148784443149,1167,206,4,0,3,11,1
Ghost,Electric,5,0,0,0,96,90,24,68,79,32,466,5.006105905972383,-17.861854092646936,234,7.038374881987869,2975,46,4,0,0,12,5
Rock,Psychic,9,1,1,0,117,136,155,166,74,102,693,4.181371307757955,26.982362822755697,-15,5.766529756360736,33990,-3,1,1,0,9,5
Normal,nan,2,0,0,0,38,63,14,52,100,0,296,1.0623539791230288,-17.56898490749645,153,6.278872401961004,2818,240,3,0,3,9,2
Water,nan,9,0,0,0,48,41,40,54,107,7,324,1.3099889960297713,16.13690426951185,202,56.32073698579852,5358,77,3,0,3,15,3
Fighting,Electric,3,0,0,0,179,77,38,137,138,24,483,0.4145603834235396,43.319524321198074,53,22.203332797479906,2467,46,3,0,1,9,5
Bug,Normal,9,0,0,0,82,94,45,71,76,6,449,3.028418666722996,-13.623365631155496,46,3.889685888510728,5959,114,3,0,1,8,4
Water,nan,3,0,0,0,73,13,71,72,65,28,352,1.08918263513902,2.012608382791848,235,112.26647971193604,3990,257,3,0,1,8,5
Normal,nan,8,0,0,0,30,76,74,23,46,32,397,0.8983084351497448,7.7877815288597505,234,6.444214369320993,3898,279,3,1,-1,12,1
Water,Dragon,4,0,1,1,147,127,37,28,116,57,515,3.7047351259299486,50.79297852245151,50,7.426253161375945,5734,-7,3,0,5,8,2
Normal,Poison,9,0,0,0,141,64,83,119,72,44,513,0.633601222981139,118.94247186352041,44,2.872559011611768,5749,4,2,1,6,12,5
Steel,Water,7,0,0,0,103,29,126,141,157,97,373,1.2852937905832083,123.38320541317745,17,5.8923988040207504,13096,13,3,1,4,5,2
Normal,Psychic,5,0,0,0,79,81,146,98,51,35,326,0.028868443939686406,8.745887565039514,269,5.607115854804268,5233,65,4,1,5,5,2
Water,Fairy,5,0,0,0,80,84,85,72,68,34,456,1.1910935070343012,21.828101320917742,10,7.962896315091152,3805,43,2,0,-1,14,3
Water,nan,5,0,0,0,47,51,32,38,56,20,510,2.0729451203564304,19.966699472512097,274,5.4712892458246145,1937,91,3,1,5,5,6
Electric,nan,2,0,0,0,88,49,52,60,134,80,510,2.428111315539399,432.74836176145476,40,7.529450195376878,4288,40,1,0,5,3,4
Poison,nan,2,0,0,0,26,29,67,76,109,11,554,0.8762903450807176,-8.519633260236619,33,7.50170513472289,5582,245,3,0,5,12,2
Ground,Ghost,5,0,0,0,186,123,66,82,98,105,478,2.251917590875738,-14.972467832034534,-12,8.251273131006153,5634,47,1,1,-1,13,3
Fairy,Fighting,5,0,0,0,134,116,87,119,68,63,425,1.7939254914878635,0.8430687256998706,48,8.49536942618641,11090,46,3,0,4,14,3
Ghost,nan,5,0,0,0,50,70,32,60,64,34,446,1.010747253227588,-9.314170435557129,61,56.02375973129334,5514,94,3,0,5,18,5
Dark,Dragon,4,0,0,0,132,78,87,98,41,127,550,2.181309641022715,188.6453238627431,-1,7.448605749799048,4663,38,1,1,2,6,2
Psychic,Psychic,2,1,0,0,138,144,111,142,170,24,585,2.393204245173563,343.8550481356224,15,5.229487123702941,31616,25,1,1,6,7,5
Water,Normal,1,0,0,0,111,163,72,72,51,-5,300,0.7151905675820004,17.03196638163535,82,95.74901682997968,14073,93,3,1,6,8,4
Grass,nan,1,0,0,0,220,89,58,54,92,89,564,0.6223316223513283,-28.002272805892517,44,36.498047515039524,4285,620,3,0,1,5,6
Psychic,nan,1,0,0,0,83,57,44,74,48,33,513,0.6651928527102764,40.91221142233596,226,5.980499514245667,10054,49,3,0,3,5,6
Normal,nan,4,0,0,0,24,94,52,6,58,24,405,1.1089450857400087,-22.5042595118882,198,59.273617660094786,5593,162,3,0,2,10,1
Fire,nan,7,0,0,0,82,68,43,168,128,70,556,4.041568417259809,110.26190379878872,40,8.52941771578905,23810,97,3,0,6,5,4
Normal,Flying,1,0,0,0,115,141,125,97,113,66,499,1.263417093080987,209.47334058290838,39,82.41104152711777,9367,51,6,0,6,12,1
Bug,nan,8,0,0,0,40,125,21,34,63,24,412,0.09477407425113882,-21.863773044489335,56,7.2486973779255734,5178,64,3,1,3,8,1
Poison,nan,3,0,0,0,62,60,51,44,45,20,453,0.6220424506709364,9.201825410208688,104,5.508379576278496,5942,53,3,0,3,12,3
Normal,Fairy,1,0,0,0,57,99,127,81,111,44,410,1.2075107518293726,-10.27664765360481,55,7.363368740650367,3542,76,4,0,3,10,1
Steel,nan,5,0,1,0,109,99,95,47,123,27,493,0.5633495996584014,-22.40321257010767,47,5.733771298682872,9275,-17,1,0,6,14,6
Water,Grass,5,0,0,0,129,122,124,129,114,105,534,1.0177550114160294,123.10581003338928,36,6.506123861157802,23155,41,1,1,3,7,5
Fighting,nan,7,0,0,0,58,20,64,21,106,43,476,2.0999926911926097,3.442454787511684,239,5.543875651790575,5571,242,3,1,-1,12,1
Fighting,nan,2,0,0,0,56,46,11,28,73,-2,337,0.8029201554904076,-6.862676557941969,211,97.4527008276754,4530,252,3,0,3,12,3
Normal,Ground,4,0,0,0,115,75,74,79,102,21,306,0.32347453942119453,13.129487834797319,180,4.874622339714847,5705,154,3,1,0,7,1
Fire,nan,8,0,0,0,114,108,125,158,131,80,433,1.3699057788549909,162.16604113547663,68,17.25891384215443,31114,43,1,0,6,4,3
Bug,nan,2,0,0,0,33,33,54,18,48,16,351,0.6846953947801906,-24.497473839762087,126,88.9831391467706,4818,130,3,0,3,12,3
Psychic,nan,8,0,0,0,67,75,90,52,78,15,513,0.794052893031598,15.289531140254997,226,6.163325311622973,3367,61,3,0,0,9,5
Ghost,Electric,6,0,0,0,120,81,129,73,128,51,453,1.1898724930749356,5.629547120490431,59,7.233581694963673,5331,88,3,1,5,7,6
Poison,nan,3,0,0,0,66,57,6,4,109,4,435,1.2164148995741788,9.222578966103452,284,8.106257232235095,613,206,4,0,1,12,3
Poison,Fairy,1,0,0,0,84,84,67,93,63,7,448,0.9400960803208135,152.74493753891053,38,8.59517595870508,5457,173,2,0,3,13,5
Dragon,nan,3,0,0,0,75,12,21,37,153,25,349,1.233128964010939,35.49561616961053,190,3.221989116169258,5202,52,2,0,0,15,4
Steel,nan,9,0,0,0,138,122,151,121,92,69,466,3.221783421000959,471.14463646238835,12,7.811969972740267,32703,-12,1,0,6,8,6
Grass,nan,1,0,0,0,45,9,26,49,64,7,403,0.9924901117046536,-12.547749036356675,289,102.98308012589274,5424,110,3,0,3,12,3
Normal,Fairy,9,0,0,0,114,78,34,52,104,7,411,1.1570987071944483,3.536475333813854,55,7.9049561663327665,5254,86,2,1,-1,6,6
Fighting,nan,5,0,0,0,114,76,90,69,91,89,545,2.3191584058692403,322.65210628991684,58,6.630942753491451,32735,30,1,0,-1,6,0
Ghost,Rock,2,0,0,0,99,75,71,59,28,46,471,1.0546937423412008,6.9024188725661135,52,6.599813364517062,4800,44,3,0,4,11,1
Fighting,Fairy,9,0,0,0,26,104,27,54,79,17,517,2.20721697015361,11.417958862372227,39,7.82572750998231,5467,63,4,1,3,12,3
Steel,Dragon,7,1,0,0,110,117,118,124,121,114,584,4.582038600728188,377.33772575643843,3,8.352879068427168,41083,31,1,0,6,4,4
Bug,nan,6,0,0,0,112,34,135,75,122,31,330,0.9016528063906206,161.28073119762973,53,8.17014256655403,14591,152,3,0,2,9,5
Water,nan,2,0,0,0,87,103,71,105,81,16,464,0.6281750612617379,4.150122688188864,245,18.09085414118721,3387,122,4,1,3,10,1
Water,nan,2,0,0,0,81,91,53,3,36,12,348,1.088540483322685,-13.154011571084132,211,100.08698280844565,1457,104,3,0,4,9,2
Grass,nan,3,0,0,0,71,2,66,90,71,132,332,0.6865959808656965,-15.48612630541148,260,7.275435926071955,5174,60,3,0,4,12,1
Psychic,Ghost,2,1,0,0,148,95,131,135,175,70,553,7.13293883538778,18.10939218318289,-21,7.8285878373538065,27381,8,1,0,9,7,4
Dark,Psychic,7,0,1,0,125,85,143,157,92,116,480,0.44948183982662737,85.4434589953037,47,7.045526848911839,31688,-28,1,2,2,4,1
Electric,Grass,7,0,0,0,130,116,28,96,92,62,589,2.341984985145878,75.59922350759321,54,7.861042589824162,5847,-35,3,1,6,7,3
Electric,nan,5,0,0,0,63,116,17,59,48,31,478,0.8940212253100643,20.425728128766995,169,7.846203744322628,5779,168,4,0,1,9,4
Water,nan,1,0,0,0,48,50,32,25,61,110,453,1.5153470439906238,-22.79975395495353,43,6.323399992732201,3553,55,3,0,2,9,3
Water,nan,3,0,0,0,105,21,26,43,141,18,352,0.8301228674484382,-8.799028882617849,57,105.4687895014188,5592,140,2,0,4,12,3
Steel,Poison,2,0,0,0,175,140,131,172,108,48,490,4.725589045330024,53.59128465220187,42,7.024277677281413,35191,38,1,1,6,4,4
Water,nan,1,0,0,0,63,22,48,36,77,1,519,0.6077709342385368,38.49942098300903,39,4.109801842249461,4897,32,3,0,6,9,3
Steel,nan,1,0,0,0,132,95,50,54,89,35,448,0.42090653275405054,171.83251486061462,44,7.377727802269371,5616,32,3,1,7,5,5
Ice,Poison,8,0,1,0,92,51,115,147,29,45,407,0.4228848778483978,-3.528106275788204,42,3.355483774609694,4943,76,3,1,2,12,2
Normal,Psychic,2,0,0,0,110,145,119,156,142,93,558,3.6471894127664943,88.47106920596399,24,6.02277662861275,35846,-22,1,0,6,5,4
Flying,nan,1,0,0,0,47,55,39,25,78,11,297,1.1562858888881427,11.4023188246247,40,7.305482284044006,4282,54,3,0,1,12,3
Water,nan,6,0,0,0,40,37,51,51,76,9,268,0.8228524010254763,-23.60653967888279,189,7.8576505091609565,2391,197,3,0,4,12,3
Normal,nan,1,0,0,0,57,100,19,53,87,-11,309,0.5459593023708047,11.367376848867663,297,62.577503743330716,3536,44,3,0,5,5,2
Psychic,Normal,1,0,0,1,118,97,95,74,83,78,477,0.37768930388335586,131.93023524458465,40,7.011041700435909,5076,30,2,0,3,1,1
Water,nan,8,0,0,0,71,74,82,82,104,35,518,0.8904979474144279,24.907765949366066,49,35.82397162842592,5715,54,3,0,3,6,1
Psychic,Flying,7,0,0,0,72,166,62,139,119,95,432,1.22924340137173,175.1889719465879,49,7.009835636882007,8492,4,2,0,6,7,5
Ice,nan,2,0,0,0,133,48,145,51,102,54,542,0.6925042054306865,30.91578523832615,66,6.689128680229158,8010,34,3,0,9,12,4
Fire,nan,3,0,0,0,73,42,88,56,113,129,497,2.459563000973752,74.86213452128207,50,8.368393803371836,10999,50,4,2,7,13,5
Ground,Fairy,7,0,0,0,89,93,151,149,117,83,456,1.4613562818983774,89.97884973066397,-22,8.690231740702895,34364,19,1,1,2,4,1
Water,Normal,8,0,0,0,61,151,116,130,117,90,495,1.4778819909260215,394.3560410584441,34,5.830097459967494,6253,67,1,0,3,5,4
Fairy,nan,2,0,0,0,63,48,91,62,113,51,545,0.9035878189338296,12.318088594436855,86,7.1161064748054015,2199,42,3,0,3,10,5
Steel,Psychic,7,0,1,0,130,127,197,99,107,35,428,4.011062612237854,306.53521748212273,-4,7.972943925614956,36393,21,2,0,6,5,6
Dragon,nan,7,0,0,0,127,42,77,146,129,25,439,1.5701960780460298,90.16715788485446,41,7.112208912678883,5612,76,2,0,2,10,4
Fighting,Ground,4,0,0,0,59,65,82,21,115,51,414,0.6126620926946535,11.532657782508457,106,81.22138456500983,2947,80,9,0,1,11,3
Water,nan,5,0,0,0,74,61,85,96,84,64,300,0.6482276475367559,63.34508418335652,48,7.254025247299743,4585,63,4,1,3,12,4
Psychic,nan,1,0,0,0,93,80,52,82,65,39,556,0.9820172131020637,43.12674621988582,54,7.741378000522977,4702,69,3,1,3,14,7
Fighting,nan,1,0,0,0,62,50,69,35,50,16,387,0.8458718295811579,6.346302268604029,205,106.34636675989569,4750,69,3,0,4,8,5
Water,Steel,5,0,0,0,137,28,89,105,56,54,499,2.0130562703949177,139.0010808963421,119,13.064970245320682,5149,20,3,0,5,7,5
Normal,Psychic,4,0,0,0,83,91,115,103,98,8,403,0.8206968584310048,45.32444958408821,104,83.93053486952633,2939,55,2,0,5,7,4
Ghost,Fire,1,0,0,0,115,56,96,67,77,84,392,3.5480780766905515,23.50888367248627,279,104.45718750500123,21556,54,1,2,8,4,1
Psychic,Psychic,1,0,0,0,98,68,132,172,136,30,522,0.4087478253230029,127.55021930785068,47,5.2910978452726845,5548,110,10,0,9,6,3
Dark,Ghost,5,1,0,0,187,128,135,172,100,94,556,0.8875968660953569,188.93410654571943,-18,8.018684183787629,27861,-40,1,0,7,12,7
Ground,Fairy,5,0,1,1,105,63,145,176,110,57,414,0.5966708730775805,50.40465828331674,33,8.352541697953216,10480,25,1,2,4,6,3
Dark,nan,4,0,0,0,53,119,139,121,69,31,711,1.735922786747943,29.132624996562143,126,53.32394509885899,6102,68,3,0,4,9,5
Water,Ghost,8,1,0,0,129,97,168,149,102,94,480,2.597485621137713,402.3740685884113,47,8.232566727815996,37018,-8,1,0,6,6,4
Ground,nan,2,0,0,0,131,8,111,58,72,25,477,1.136160025891301,90.00379739316875,58,101.6653556104529,10447,76,4,1,4,10,2
Ground,Fighting,8,0,0,0,94,114,76,153,101,78,427,2.292003212994082,163.9768863041703,42,6.35275323383266,12473,-28,1,0,1,6,1
Normal,nan,3,0,0,0,101,24,72,69,106,61,426,2.2667065147551164,34.01980544943264,48,8.455918040772007,5274,153,3,0,3,2,2
Psychic,nan,8,0,0,0,55,31,21,45,77,6,335,0.6178376292737606,9.287301609581062,272,7.062710060302579,5320,92,4,0,4,14,5
Grass,nan,1,0,0,0,115,105,57,65,125,48,395,1.1140894633229002,81.6310763884878,114,100.14029228770956,5793,260,3,0,4,3,5
Normal,nan,2,0,0,0,41,23,72,30,63,23,368,0.9564769997070192,2.870894084347901,48,97.97474149937325,5677,205,4,0,3,12,0
Fire,nan,9,0,0,0,38,116,120,73,69,103,478,0.6812208993401907,-1.1830170809803153,69,6.088634503490025,6037,51,3,0,3,5,3
Poison,nan,8,0,0,0,67,105,58,125,132,21,534,0.7376950254545035,21.87104224039632,108,4.422494312060254,34467,64,6,0,7,9,2
Rock,nan,4,0,0,0,142,41,175,85,89,29,459,0.15676472832081417,90.59904148242504,32,95.3507889763913,9023,119,3,0,4,9,1
Ice,Fire,4,0,0,1,37,163,36,115,130,132,551,4.851187217181842,-5.594927085493213,99,8.11462890109383,2248,5,4,0,6,8,5
Psychic,Fairy,5,1,0,0,128,104,172,139,129,96,746,0.3807310600308562,176.73433028102448,-3,3.6898503261504034,29425,16,1,0,3,9,6
Bug,nan,2,0,0,0,37,45,28,46,55,41,480,0.709193615986206,-12.77925600374033,209,6.1723465980964445,5690,240,3,0,0,12,3
Water,nan,4,0,0,0,67,106,67,101,55,24,403,1.0028274520853393,-0.5937151779393464,11,7.816725891489661,8709,81,3,0,5,12,1
Water,nan,2,0,0,0,82,45,30,43,54,57,453,0.6044717122339045,22.59004260579316,212,5.836439594192076,4841,181,4,0,6,8,3
Rock,Flying,5,0,0,1,64,51,52,51,85,22,210,2.058026001405282,-9.533011489299453,53,7.827455995304174,5144,90,3,2,4,8,3
Normal,Dragon,5,0,0,0,52,68,95,20,108,83,270,0.19518832621649324,7.1280731715158305,235,6.287918524643834,4799,55,3,0,3,12,5
Water,nan,8,0,0,0,57,32,73,21,76,10,305,0.9266778699274844,-21.28043691262014,204,7.222495177051822,4781,189,4,0,-1,12,2
Steel,Grass,9,0,0,0,93,74,53,67,123,42,377,0.7633839768834133,20.079017659666693,37,8.305221397467218,4218,40,3,1,4,12,3
Fighting,nan,3,1,0,0,115,62,54,26,95,52,600,5.233891245731908,117.32256724881702,200,6.627922785282919,5246,90,1,2,8,9,2
Normal,nan,2,0,0,0,115,19,93,108,99,35,192,0.838964194516788,-4.4519147867667925,180,7.645490420854493,3984,65,4,0,4,9,5
Psychic,Flying,7,0,0,0,69,94,104,26,127,137,492,1.066012737505381,136.81614033247058,56,8.070981775478696,5573,93,3,2,5,5,4
Electric,Flying,9,0,0,0,52,73,58,25,81,-10,201,0.9717689496233263,19.317075180044046,60,4.193675443997666,4482,86,3,0,2,13,3
Electric,nan,4,0,1,0,61,60,129,78,83,14,311,1.049768342302873,6.375799837422264,4,8.094202913419846,2709,60,3,0,5,13,5
Grass,nan,8,0,0,0,38,25,43,22,55,28,251,1.1762523892108145,-5.534036394633413,237,31.401240353541763,4047,250,4,0,-1,9,1
Psychic,nan,3,0,1,0,132,148,64,130,104,39,636,1.1752522391462616,0.6676877972201307,43,6.420341603898453,26514,37,1,0,5,10,2
Ground,Dragon,8,1,0,0,111,98,143,134,133,134,598,1.5664721071388081,376.2668194319019,-34,7.132979592483913,40738,13,2,1,6,8,4
Bug,nan,8,0,0,0,42,70,61,53,67,30,429,1.8488274121170396,-20.961981020777777,45,32.89149785396119,1983,29,3,0,-1,12,3
Dragon,nan,4,0,0,0,85,98,111,49,61,28,501,1.0779201258048698,-1.4006490505252085,43,102.65056431978088,2607,43,2,0,2,12,5
Grass,Rock,9,0,0,0,65,66,48,49,106,31,215,0.8231366867107204,-21.850382317528066,32,7.103725409097082,5285,240,2,0,2,6,5
Water,Psychic,5,0,0,0,79,119,48,89,108,116,534,0.5137232948913943,29.534761111950708,45,98.89927193247375,3788,68,3,0,3,9,3
Ice,nan,5,0,0,0,99,85,148,124,138,57,410,0.9928410053886145,106.44240619675658,45,7.957439527127361,5942,5,1,0,0,3,3
Water,nan,7,0,0,0,102,61,134,36,61,97,434,2.2683268059450357,11.672765391999189,122,7.810821190385985,5032,251,4,1,4,9,2
Normal,nan,3,0,0,0,56,59,21,49,110,-6,335,1.2450610401419875,-26.23450250145575,51,20.189342086257106,1542,180,2,0,4,12,1
Grass,nan,3,0,0,0,200,74,73,42,97,44,471,2.7344554074336616,39.05682313499131,52,7.349398875352589,2232,26,3,0,2,13,6
Bug,Grass,4,0,0,1,69,100,33,71,59,13,419,0.8586090114832471,-13.344957666484946,94,62.16788710880617,5697,206,3,1,-1,11,5
Fire,nan,3,0,0,0,87,66,76,83,122,18,491,0.28745759785979563,-27.669817662499405,92,6.663513647541988,12278,83,3,0,3,12,2
Fairy,nan,9,1,0,0,155,122,195,155,125,122,604,4.175014001622616,440.10354192994646,-22,6.994336693746758,39162,18,1,0,6,4,4
Bug,nan,1,0,0,0,36,73,87,108,69,50,285,0.3068940733520771,-11.661329427012978,96,4.784379793556523,5654,114,2,0,4,12,2
Normal,Poison,6,0,0,0,39,47,11,83,30,-7,303,0.1679763176622897,1.5164067594511899,218,3.8484700073645235,3074,225,3,0,3,11,3
Fairy,Bug,7,0,0,0,77,92,140,95,146,111,618,5.168592328634478,123.31154752487716,-1,6.27242618535616,25812,-16,1,0,9,8,3
Ice,nan,2,0,0,0,73,30,50,26,59,38,386,1.127400466612018,3.65942486709079,219,56.19167674754345,3625,95,9,0,4,12,3
Ice,Ground,1,0,0,0,168,82,102,113,118,51,457,2.3581256712804346,91.94039984557239,27,5.76326200030623,5708,62,1,1,3,11,5
Electric,nan,7,0,0,0,114,101,73,124,100,105,596,1.9760800973412258,156.26216063823557,5,7.994494864367189,30255,-5,1,0,3,9,1
Psychic,nan,5,0,0,0,58,40,45,44,57,3,305,0.7144069331926581,1.4484837863917104,48,12.6192224885265,5326,55,3,0,-1,12,5
Dark,Dragon,5,0,0,0,85,81,74,75,124,70,515,1.686731015553042,101.21908245967184,62,8.884316236824539,5643,44,1,1,3,7,4
Fighting,nan,1,0,0,0,59,88,64,40,78,21,509,0.8266065091783623,2.483646239960292,225,6.293994495098754,4929,230,3,0,4,12,5
Bug,nan,2,0,0,0,97,64,98,77,119,58,432,1.0971486559847423,39.78436366460518,58,6.779944935645579,38717,57,3,1,6,10,5
Ghost,Dark,7,0,0,0,32,95,15,38,84,36,432,0.8076457051218009,-3.766643630321534,276,7.770144360560665,4001,45,3,2,2,12,1
Dragon,Rock,1,0,0,0,89,36,97,56,124,2,454,0.5036583522529944,16.971874777548326,293,3.657997815866528,5269,86,3,0,2,13,3
Bug,Ground,4,0,1,0,123,103,80,50,44,39,626,2.2613637152138897,110.18368073127562,95,104.21112595655778,9660,59,5,0,6,6,3
Flying,Psychic,3,0,0,0,67,126,27,74,95,32,334,1.216143238243965,2.54905626134461,159,16.877025592844127,4560,135,4,0,4,6,2
Bug,Fairy,5,0,0,0,313,62,92,111,72,56,446,0.8777248732560914,-8.272771401444489,24,57.80248270688824,2993,99,3,0,3,13,1
Water,Fighting,9,0,0,0,191,122,86,61,130,23,418,0.2456559082965799,149.60943829196714,54,6.803748504230485,7034,32,3,0,-1,4,4
Water,nan,3,0,0,0,89,1,45,21,37,-1,413,1.2371043158924382,-4.183776085438785,205,107.23693242537921,4491,256,3,0,4,12,1
Bug,nan,7,0,0,0,131,49,64,25,62,-6,473,1.069509030417366,26.243331129735573,99,4.461256169650662,4665,106,6,1,5,10,3
Dragon,Psychic,7,1,1,0,100,110,141,173,103,17,584,2.1598663636870867,166.40565067051628,11,7.788367247258792,38135,-2,1,0,11,9,4
Fairy,nan,4,0,1,0,140,114,17,60,82,37,405,1.3057863453472411,135.2528352787682,48,34.113294790946384,1524,47,2,0,2,2,8
Electric,Flying,3,0,0,0,71,7,63,71,91,24,367,1.0516953787891383,22.5385075822476,105,67.168902900474,5369,158,3,0,4,12,3
Psychic,Ice,5,0,0,0,85,26,47,33,98,44,516,0.6577087626562204,37.88134000867586,56,5.218507742587701,5217,174,2,0,-1,7,3
Steel,Flying,8,1,0,0,93,97,33,46,131,68,630,1.3650140329375129,30.5414960083912,4,4.953994208036971,3023,62,3,0,10,7,3
Dark,Ghost,9,0,0,0,113,110,71,90,82,54,518,7.760858368934274,219.46869688583564,-21,6.747380932566426,26244,-25,3,2,6,3,5
Normal,nan,5,0,0,0,100,93,87,107,154,95,518,5.731660732388859,274.6252212770933,58,7.275016151065216,36628,38,1,0,8,13,2
Ghost,nan,3,0,0,0,143,80,71,114,109,66,423,1.006137462065019,-2.2553902584895766,56,8.592776752168621,6050,58,4,0,2,9,5
Water,nan,1,0,0,0,60,95,70,47,45,1,306,1.1063979240317505,24.37649875691749,212,100.7503439008855,2904,61,3,0,2,11,1
Psychic,Ghost,8,0,0,0,152,22,112,118,100,52,446,0.5463214140355168,37.31415526636892,35,6.726487511047608,5133,66,3,1,3,5,5
Water,Dark,8,0,0,0,115,26,87,60,41,19,389,0.5156497660218019,111.2213419642845,37,59.226920734806356,3761,203,4,1,0,13,5
Water,Grass,5,0,0,0,97,147,45,110,72,44,476,0.2230688973716139,28.97865075246326,106,7.393050594948646,13053,-9,4,0,2,8,3
Fighting,Ghost,8,0,0,0,89,69,78,82,99,6,356,1.0052531761756334,7.749256506157956,199,91.19328957410148,4826,294,4,1,0,13,2
Fire,Fairy,1,0,0,0,63,76,112,110,126,60,493,0.6591844916555425,26.59271424839087,41,7.3217551694026906,5072,53,3,0,1,6,3
Grass,Bug,4,0,0,0,90,60,85,46,81,96,472,0.5829157278710807,335.9818623521486,74,8.740117061166934,2968,46,2,1,4,9,6
Normal,nan,5,0,0,0,52,72,5,45,46,48,365,0.6996129454142586,-25.24731631768166,249,63.125515227866785,1645,78,3,0,3,12,3
Water,nan,5,0,0,0,28,63,63,31,123,22,299,0.9288634415840258,-7.6151936766619155,98,7.889598775234672,4389,57,3,1,1,12,5
Fire,Ice,7,0,0,0,102,91,170,106,161,79,562,4.319670474568419,201.97201482689093,9,7.640969943627347,28742,49,4,0,6,10,3
Bug,nan,3,0,0,0,57,89,59,72,50,22,342,0.6602018878992231,-25.25948043748611,190,7.119851717751978,5378,197,3,0,0,12,5
Fire,Flying,8,0,0,0,63,26,51,94,48,-7,331,0.5841730368708445,18.32210123557142,252,104.5750882564185,5678,110,3,0,4,9,5
Psychic,Dragon,5,0,1,0,122,68,72,130,102,16,487,0.4190278336626021,17.441756318522028,29,86.6467088767879,13217,-4,1,2,8,7,4
Psychic,Dragon,3,0,0,0,115,71,136,69,123,88,527,4.90268323579715,111.03317314333424,3,7.932195889085346,37384,111,1,0,3,9,4
Fire,Flying,9,0,0,0,83,114,126,175,111,63,531,2.844435425724393,897.0776842828143,13,7.553166047638555,9758,85,1,0,6,10,5
Water,nan,1,0,0,0,33,97,39,73,106,59,442,0.3152404094957848,-16.047510948162632,45,7.706449102202373,5305,100,3,1,4,12,3
Fighting,nan,5,0,0,0,61,84,16,59,60,1,439,1.265792872180286,37.57551339155976,52,16.105820872751913,3415,107,3,1,1,12,2
Ghost,Psychic,5,0,0,0,46,33,49,64,25,41,165,0.6427215271670319,-8.426017646230816,138,6.790656950660212,4067,65,4,1,4,7,5
Normal,nan,2,0,0,0,56,88,43,37,76,90,422,1.0892257903610276,33.43171740957802,9,7.868146032824645,3907,50,3,1,5,9,5
Fighting,Dragon,7,0,0,1,134,91,157,39,90,130,435,2.070986399247014,29.13313957295418,-20,7.852709969803264,5396,55,3,1,2,12,6
Electric,nan,4,0,0,0,83,83,79,122,119,111,480,1.912245437095222,405.5392864418126,46,5.381173393046403,34630,138,1,0,2,13,6
Fire,nan,6,0,0,0,50,-2,84,37,41,38,258,0.9695803407265577,-27.34251108317229,234,101.72769144952412,4363,210,3,0,4,12,3
Normal,Ghost,6,0,0,0,57,61,57,25,85,37,378,0.525779742947559,15.421822315113658,292,6.098864724755474,4446,45,3,0,2,12,2
Fire,Ghost,2,0,0,0,89,101,118,98,116,62,543,1.3594813494859748,30.0052381069083,48,5.13157883845739,5047,38,3,0,1,4,3
Dark,Psychic,7,0,1,0,119,136,111,159,121,155,489,0.7228179992677528,-40.21600865552659,-5,6.207304495921619,40522,39,1,0,6,8,3
Psychic,Fighting,7,1,0,0,127,109,140,133,104,79,695,5.087304657361582,275.0787352727278,20,5.686291716264598,32171,43,1,0,9,6,6
Dark,Fairy,5,0,1,0,52,78,32,86,73,30,498,10.695411536757884,1.869610679750144,74,8.14191686064609,4994,187,4,0,4,13,5
Ground,Fire,6,0,0,0,149,22,83,96,130,77,528,0.671939963025955,18.796552086137794,33,5.243144544462315,1569,39,4,0,4,14,5
Water,nan,8,0,0,0,74,84,99,107,58,29,512,2.1356349028708554,-12.619787515376713,40,22.43616248903965,5802,58,3,0,6,7,3
Psychic,Grass,8,0,0,0,101,133,61,131,118,22,483,1.7910411656524396,208.2804479857975,56,90.61337765471052,11301,193,4,1,3,9,3
Dark,Grass,4,0,0,0,49,59,0,26,48,4,276,0.7475815329119144,0.6409605051720533,309,5.01454201072984,5214,105,3,2,3,12,5
Water,nan,7,0,0,0,61,129,88,64,91,62,696,2.0674879103091506,26.93634744687406,40,6.653312712904916,5842,193,6,0,2,10,3
Fighting,nan,8,0,0,0,127,30,108,46,108,38,415,0.7928493007566121,137.45904028641462,95,6.640219149467991,5329,45,3,0,2,5,3
Rock,nan,7,0,0,0,124,143,182,97,124,67,621,4.440858033969121,66.71632881131384,51,5.687872332825537,26171,47,3,1,8,4,5
Fire,nan,5,0,0,0,32,25,42,67,87,68,347,1.084068873385051,20.881580748633716,57,109.2836384566586,5045,296,4,0,4,10,1
Dark,Poison,3,0,0,0,66,31,47,24,96,53,386,1.0845306395426886,-6.145371029604108,119,8.411354128839147,4456,249,3,0,5,12,2
Psychic,Flying,6,0,0,0,87,63,36,150,29,14,468,1.8735257870100717,33.94588086278446,244,8.461832216961334,5607,-7,3,2,2,8,3
Dragon,nan,1,0,0,0,343,77,50,65,121,4,436,0.9398420085731315,2.4026997255884357,91,6.196931286999975,1832,44,3,2,2,10,5
Rock,Ice,7,1,0,0,85,84,122,126,152,64,626,2.100398509065744,182.8685807279823,-24,12.516264852603289,3685,5,3,0,6,5,3
Electric,Flying,7,0,0,0,130,122,130,148,127,49,631,1.7266353083334038,186.65629948623103,54,8.066043533111465,11331,56,1,0,3,7,5
Electric,nan,5,0,0,0,43,54,127,80,76,21,385,1.1470740185121029,-3.151109857084135,257,6.678862999173468,2143,136,5,0,0,12,1
Fire,nan,1,0,0,0,68,41,83,75,116,49,514,0.8389992237464086,6.178844903758046,49,7.7517529321874665,5458,53,3,0,4,12,5
Water,Flying,7,0,0,0,66,53,51,142,96,80,467,0.6631850784555432,3.119937885148474,248,5.544693093270865,4470,36,3,0,6,11,3
Dark,Ground,3,0,0,0,81,133,66,95,106,68,467,0.9583674356088161,81.15619009376358,49,7.220874937405432,10672,33,1,2,1,15,4
Fairy,Dragon,7,0,1,0,97,121,127,123,40,126,469,0.9364909657686002,462.3206310977466,32,8.476240376751441,37825,-2,1,0,8,4,3
Psychic,nan,5,0,0,0,116,133,124,44,119,83,490,1.5131159839318018,-14.240470098752139,15,107.5986846414483,4009,76,3,1,3,3,3
Psychic,nan,1,0,0,0,29,69,79,30,92,31,758,1.141850916109963,-12.146556102292772,61,12.40064553379037,5176,250,4,0,4,12,5
Dragon,Ice,9,0,0,0,114,163,84,163,104,161,470,2.846388404321863,128.0468565748937,42,8.627387517310385,39123,29,1,0,10,13,5
Grass,nan,8,0,0,0,34,28,35,70,88,15,290,0.28278213628136273,5.229242281867986,85,13.893337410905765,5797,127,3,1,4,5,2
Normal,nan,1,0,0,0,99,105,148,55,121,31,496,0.884464958303071,252.0651918781535,204,7.821532344029196,2849,95,3,0,6,9,3
Water,nan,1,0,0,0,80,66,64,36,48,26,216,0.6568937126386174,2.807057943315442,270,8.23765169044892,3765,47,3,0,3,11,3
Steel,Dragon,7,1,0,0,119,78,182,141,162,136,532,2.087099131478002,293.7949791263392,15,6.154251481492708,36958,43,1,0,6,5,5
Water,Poison,3,0,0,0,29,24,43,71,103,37,221,0.47192248807089643,-0.135513685017143,180,38.31074113621269,5834,215,3,0,4,12,3
Dragon,Ground,8,1,0,0,72,114,105,132,131,80,578,16.650465237506538,273.5428409182616,19,5.258442536822708,4995,76,2,0,3,6,6
Water,nan,5,0,0,0,29,-6,17,80,61,12,350,1.1879306571158599,-17.294737849181224,278,90.64561822379156,5465,209,3,0,4,12,5
Grass,nan,2,0,0,0,132,38,58,48,80,8,368,1.0940565869689813,-23.819102734177058,245,7.746478467841513,4970,187,3,0,3,12,1
Water,nan,8,0,0,0,81,45,108,68,74,0,371,2.146340039492693,27.495393859995623,44,5.652182699976648,5481,81,6,0,-1,10,3
Normal,Dark,9,0,0,0,59,23,69,54,66,-9,448,1.1904625533906295,76.52512782551717,59,95.5651060214624,4525,34,2,0,5,12,4
Poison,nan,2,0,0,0,111,113,52,98,97,87,304,3.001129602506853,126.91755467272323,92,6.032222212292929,4172,87,4,0,8,6,3
Dragon,nan,2,0,0,0,106,59,99,70,115,41,402,1.5820745708466835,-2.3405646618690543,37,7.161148735001754,2724,27,3,1,5,10,4
Dragon,Grass,4,1,0,0,121,40,179,66,83,96,721,16.256558626247863,66.59598496446938,-5,5.237960147265765,5240,187,2,0,5,14,1
Fire,nan,5,0,0,0,72,27,4,33,27,-5,369,1.1300396434937612,0.6033259674061799,249,8.872085336867604,1479,237,3,0,-1,12,1
Dragon,nan,7,0,0,0,98,33,192,107,119,166,622,2.2143987819824353,100.03970254129479,67,9.215866711195911,13575,-19,2,0,-1,3,5
Bug,nan,5,0,0,0,48,20,60,36,60,60,346,0.8520705727765536,-14.133889087799185,49,8.900981118180715,4813,252,9,0,3,16,3
Electric,Poison,8,0,0,0,124,133,107,111,117,129,489,4.91090902336299,232.13648963726789,5,44.23218978691578,8140,85,3,0,5,4,7
Fighting,Rock,1,0,0,0,52,64,26,89,90,40,499,1.6165782793295054,32.28473294382884,57,7.210413294351042,3620,48,3,1,3,13,5
Dark,Dragon,2,0,0,0,103,73,125,105,136,82,544,3.3750728042261846,374.66977628697725,11,8.340663960279652,36608,43,2,0,2,7,3
Bug,Flying,6,0,0,0,42,92,32,35,76,57,328,0.3306699595997658,-29.223916186211845,52,44.66593545659997,2986,51,4,0,5,9,1
Fire,nan,6,0,0,0,48,95,51,65,74,-3,381,1.1513455931673104,0.07144043027824232,105,8.847663160039186,3381,33,4,0,0,12,4
Rock,Water,7,0,0,0,86,57,110,97,125,22,486,2.0809932068128516,497.7837408556368,15,107.43189920582904,11457,46,3,0,7,6,6
Normal,nan,6,0,0,0,86,60,45,30,53,29,556,0.967550090894145,15.43514703229043,62,94.91809843848581,4783,100,3,0,4,17,1
Normal,nan,8,0,0,0,124,145,55,56,115,82,512,2.257916388137633,132.2488277602217,122,7.596582612836172,2522,74,3,0,2,5,5
Ghost,nan,1,0,0,0,73,53,3,63,50,-15,327,0.8282036221436249,8.398318470929441,248,5.304868231305119,5162,175,3,0,4,16,2
Fighting,Dragon,5,0,0,0,132,131,83,133,96,103,481,1.1777411919654113,371.69558330097027,43,8.00484309351757,9208,-2,0,0,8,7,3
Electric,Dark,2,0,0,0,93,115,80,59,107,72,485,0.7154340007223751,33.30635019317013,161,8.610220671976679,4927,150,3,0,0,3,5
Water,nan,3,0,0,0,22,98,28,57,93,32,542,1.0203493693566164,11.111381943995267,91,19.05347910468487,5158,36,3,0,4,12,3
Bug,Grass,7,0,0,0,136,73,157,146,57,83,549,5.603811164947682,455.2776467007385,3,8.04020411316864,38911,0,1,2,7,6,5
Ground,Fire,5,0,0,0,69,82,64,58,98,76,453,1.4053380240744981,97.28261098572933,49,7.4799431599720565,5209,44,3,0,0,6,1
Psychic,Psychic,7,1,0,0,119,125,150,184,99,59,623,2.1469562087780356,43.56682168695425,-29,7.637840868371919,31904,4,1,1,10,7,4
Water,nan,1,0,0,0,45,100,61,23,61,68,424,0.32425478002471797,-27.62400946067949,266,-5.209134469848197,2770,189,3,0,3,12,3
Fighting,Poison,3,0,0,0,151,117,104,144,56,45,485,2.259931787960315,-9.97711337190353,23,7.60730726129834,5760,92,3,1,5,16,5
Ice,Fairy,7,0,1,0,132,125,155,162,106,49,415,1.3202897836587506,131.70387949252438,15,8.821488379489063,7916,43,1,0,10,4,7
Water,nan,5,0,0,0,56,11,60,48,62,58,466,0.9819533707308258,-5.017156882722597,243,7.834691515256162,3514,152,3,0,5,12,3
Bug,Bug,4,0,0,0,50,117,90,76,59,18,492,2.1978572194005874,-3.0529382736387394,268,3.7219967076513765,3381,208,3,0,1,9,5
Flying,Ground,8,0,0,0,124,61,103,105,154,100,538,4.133991674544036,161.73716160276956,114,5.732983215611911,5760,92,3,1,6,15,3
Dark,nan,3,0,0,0,87,33,161,16,88,26,285,1.0550615917488635,84.35880836777359,75,7.1806898071006575,5038,49,4,0,3,10,1
Water,nan,1,0,0,0,66,99,69,66,82,46,531,1.6518918298579464,-22.011014766064093,49,6.208611770617706,4816,83,3,0,2,10,3
Ice,nan,4,0,0,0,151,159,81,47,116,38,576,2.8745260982633924,429.1957371438211,6,6.817139958617814,7343,45,1,1,6,6,4
Normal,Grass,9,0,0,0,113,91,109,91,156,78,495,0.7423561651267778,34.76414277331258,36,8.959270193927171,5571,39,3,2,3,2,3
Steel,nan,5,0,0,0,149,73,120,166,113,65,538,2.4226616666302423,50.45200840077911,34,109.7739975586934,5636,71,11,2,6,14,6
Grass,Flying,8,1,0,0,125,93,103,141,88,60,549,4.125321520334268,60.129423420497275,-5,6.073858897007119,6160,29,3,0,3,8,4
Water,nan,4,0,0,0,82,73,75,55,85,15,447,0.9548068345116019,-0.1198959492179199,32,10.733892203076671,2931,82,2,0,1,13,5
Water,nan,5,0,0,0,73,74,40,33,87,3,502,1.2089236389921085,1.6254648796623847,167,8.76634625223592,5630,59,3,0,-1,12,5
Water,Electric,7,0,0,0,47,35,46,107,98,50,645,0.5939223717744267,16.26075306175184,61,80.1179868123462,4408,40,3,2,3,7,5
Psychic,Flying,5,0,0,0,109,23,76,72,50,48,478,1.1315272045245761,16.977186822860393,236,7.934408465146854,2355,67,3,1,3,12,1
Ice,Dragon,6,1,0,0,164,110,105,164,85,44,745,1.0347430161030862,-7.024238308992551,-6,7.8545113845722625,35287,49,3,2,6,12,6
Ground,Ghost,8,1,0,0,151,135,87,49,100,52,567,2.780767875154958,466.17307929981473,20,8.755028693111019,9762,-3,5,1,6,4,1
Water,nan,6,0,0,0,49,51,12,92,137,39,432,0.987154129609209,48.30542994639213,193,17.75766329202472,5928,58,3,0,4,12,5
Bug,Flying,2,0,0,0,28,58,26,26,52,14,272,0.9697625223186067,7.579245568230968,216,7.788297763297348,3646,78,3,0,2,11,5
Water,Ghost,6,0,0,0,109,111,121,167,112,54,575,2.043328087137327,169.65539585854657,-19,7.7280123872783335,25774,58,1,0,4,6,3
Flying,nan,7,1,0,0,82,48,100,140,128,68,703,5.381200701656713,342.3126913329381,36,8.276577352171575,30765,11,1,0,6,4,5
Water,nan,7,0,0,0,118,138,114,62,115,63,467,5.6002684588621,143.72901877532274,1,5.748423441928503,26473,45,10,0,2,4,3
Water,Fairy,9,0,0,0,74,126,51,44,106,-2,318,2.1439645727338768,-10.76441675099145,144,7.074823670184102,4093,249,2,0,4,7,3
Steel,nan,7,0,1,0,121,111,111,162,91,45,536,9.176615637450293,51.09431992651194,2,20.17446257430311,3527,-3,1,1,7,5,2
Normal,nan,8,0,0,0,77,51,220,62,38,-4,283,0.5838139426382709,14.06480740288821,235,100.35824745647618,3363,67,3,0,3,8,1
Dark,Poison,3,0,0,0,105,144,22,48,30,54,350,0.44323441377986716,65.87880458708388,231,63.103084923755986,3067,260,3,1,3,8,1
Dark,Psychic,5,0,0,1,114,48,135,141,86,125,420,2.332477565906249,265.42222733734536,25,8.90723359777723,40160,23,1,2,5,12,3
Rock,nan,8,0,0,0,73,85,94,33,156,177,436,1.0892036053019782,-15.736529394995296,45,5.674256132277795,5159,95,4,0,6,13,0
Dark,Poison,2,0,0,0,75,87,53,61,92,57,441,1.6578298620609104,-4.453506999222109,91,7.378018802248392,2549,54,3,1,3,12,1
Ghost,Grass,4,0,0,1,119,34,128,130,130,46,448,1.3547481667059258,94.11905130205815,40,6.066100739944313,26216,40,3,0,6,11,5
Psychic,Ghost,3,0,0,0,85,105,131,91,156,87,503,2.095626713429787,39.17101648244815,15,8.834117520167165,33974,59,1,0,3,7,5
Normal,Ground,5,0,0,0,115,80,133,107,81,50,451,0.7210777955732475,52.06770651714995,9,18.36900489384872,5034,33,5,2,3,3,3
Normal,nan,4,0,0,0,62,65,113,25,101,44,376,0.9901226489746936,55.19597161886746,246,106.9341250320444,4699,110,3,0,0,9,1
Fairy,Fairy,8,0,0,0,168,97,70,68,117,117,489,0.5645551324938748,17.51998385446315,36,8.424749890083591,5483,36,1,0,4,8,1
Dark,Poison,2,0,0,0,120,99,120,84,97,78,519,1.3047112917252304,220.33178632229433,38,6.314936013569317,5409,34,7,0,2,12,3
Psychic,nan,1,0,0,0,113,61,63,95,108,48,388,4.663929623672675,170.50503860434083,60,109.60904090262702,10683,43,1,0,6,5,3
Bug,Poison,2,0,0,0,168,76,73,20,98,60,314,1.1980385498433144,5.347351807098681,199,31.06223529517074,4829,138,3,0,3,12,3
Grass,Rock,4,0,0,0,86,48,50,53,57,15,418,2.2442331565294866,4.997904968591083,266,5.374066002093564,5482,37,2,0,1,8,3
Rock,Psychic,8,0,0,0,79,55,82,41,47,11,525,1.2015457334974657,-9.254044382924954,257,102.94509963232437,2777,94,2,0,4,4,1
Ghost,Poison,2,0,0,0,114,26,94,152,130,29,551,2.9029537699748063,465.1128126309794,51,6.747166451082134,6962,95,3,0,3,10,6
Ghost,Rock,4,0,0,0,70,16,66,37,57,31,560,2.0408762363262305,-14.395111808303882,47,3.8543017072401122,5971,58,7,0,2,12,1
Normal,nan,9,0,0,0,50,84,20,60,124,2,394,0.9836007698299332,-13.919312485172172,267,83.26409361162627,2031,178,3,0,3,13,3
Grass,nan,2,0,0,0,56,48,57,41,156,29,497,0.3788847352259058,-15.853754807275303,213,5.864949696231465,2880,56,3,0,2,12,5
Fighting,nan,8,0,0,0,120,61,131,93,61,73,366,1.4972024097450936,56.24394917843467,48,6.822728536409301,7696,103,3,0,5,6,4
Ghost,Fighting,5,0,0,0,128,66,102,111,71,15,462,0.0036402814693844987,20.126781662703202,45,6.9668654056433335,5418,58,2,0,4,5,1
Dragon,nan,1,0,0,0,48,31,37,50,71,30,312,1.0709305644867255,-11.310890948303934,255,36.95692823168605,4911,186,3,1,1,11,5
Steel,nan,7,1,0,0,116,131,135,145,145,106,698,1.595634009514609,29.91817830857616,14,4.663520320584697,31409,17,1,2,3,8,4
Bug,Fighting,7,0,0,1,88,92,49,17,103,76,608,0.5228105402030233,9.722164910099501,40,7.5560223552767445,10774,207,1,1,5,8,2
Normal,Ghost,1,0,0,0,60,90,70,39,55,68,171,0.8369603818797421,25.930141683685974,52,60.249425037334696,10656,251,4,0,1,4,3
Normal,Fire,1,0,0,0,333,143,42,26,97,13,482,0.9067417684178667,23.034537161987046,102,6.18604470071031,5475,32,3,0,3,15,5
Ghost,Dragon,8,0,0,0,122,98,105,170,131,50,492,1.613628248859515,352.17117734770284,295,7.911072477682657,4251,32,5,1,2,5,0
Ghost,nan,3,0,0,0,50,21,42,86,129,-5,271,0.5490086024222824,-21.120375829630106,47,5.843620201715857,4398,73,3,0,0,11,1
Ice,Dragon,6,0,0,0,161,87,24,65,106,106,590,4.812859022914599,268.33214128453835,60,67.38866428583943,9319,35,1,0,4,9,7
Poison,Dragon,8,1,0,0,135,101,58,63,179,74,574,2.896950793255154,303.64923478848743,37,6.209392962717284,5352,30,3,0,11,10,3
Psychic,nan,5,0,0,0,56,63,29,46,50,27,379,0.4827965310786694,5.191441275987973,208,15.196011127826544,3076,46,3,0,3,12,3
Ghost,Water,9,0,1,0,227,83,52,90,85,-7,474,0.4513783057258034,14.136647105837744,57,91.73951530008874,7131,114,3,1,3,13,3
Dark,Normal,6,0,0,1,100,68,26,45,89,46,318,30.644976091323276,113.67493647535925,80,8.077575286596847,4574,125,3,2,2,11,3
Water,nan,2,0,0,0,41,70,132,84,132,110,506,2.1144471036985264,-0.768893795888026,226,8.442465141889848,5937,96,3,0,-1,15,1
Fire,nan,5,0,0,0,137,111,87,51,84,-6,344,2.164525514922246,28.48176971619743,117,6.95875114327813,4905,67,3,0,4,12,2
Psychic,nan,8,0,0,0,67,64,41,68,106,31,511,0.6547722531616494,9.364867785788297,39,67.17207714580131,2446,260,3,0,2,4,3
Water,nan,2,0,0,0,28,24,49,33,64,57,410,1.0837713294859466,4.631723703872671,217,5.992797744735489,5854,94,3,0,-1,15,1
Normal,nan,3,0,0,0,117,75,173,166,93,111,516,2.1794549545509785,200.60235867563114,34,8.225630965119162,37953,-29,3,0,5,7,5
Normal,Ghost,6,0,0,0,56,62,21,40,64,12,265,0.20359886697752066,-19.711615917033313,54,3.9088759753827373,5073,50,3,0,4,12,1
Fairy,nan,6,0,0,0,64,71,67,53,38,90,303,0.3892251384271487,0.40000547668831743,219,96.59692084451706,4457,210,3,0,3,9,1
Psychic,nan,7,0,0,0,75,90,79,155,170,57,478,2.211902833730752,412.9450395192216,38,7.8764591284266245,5916,-10,1,0,6,9,3
Normal,Ground,8,0,1,0,128,80,71,47,118,57,399,2.831609015062705,47.16306194317559,47,5.105230666531632,5844,44,1,0,2,13,3
Normal,nan,7,0,0,0,49,3,195,163,67,79,320,1.0250631661888705,1.1870747110423494,276,8.018991693385589,5613,53,2,0,3,9,1
Fire,Grass,6,0,0,0,124,95,11,66,124,29,452,0.9128982807687152,45.95408137464742,268,7.09275225497942,17698,44,3,1,6,12,6
Ghost,nan,2,0,0,0,99,38,89,71,126,26,377,1.752930987452645,5.6636531714350795,114,7.027842164122998,4037,134,4,0,4,12,1
Rock,Water,5,0,0,0,70,81,110,67,81,76,466,1.0885127804775985,6.7162618465874,40,8.394110908572614,5726,28,3,0,4,4,7
Rock,Dragon,7,1,0,0,116,141,105,143,110,103,635,5.569109365623225,421.3701974762171,-25,9.236602505458315,32019,19,1,1,6,6,4
Rock,Dark,9,0,0,0,132,104,53,78,63,24,515,5.663835345288318,50.94857168949666,47,105.14806451084526,2489,37,3,1,3,12,4
Flying,Dragon,9,0,0,0,112,126,137,160,92,59,510,2.283642189661787,434.1589611494818,25,5.68602497824732,9670,-6,1,0,6,6,0
Fairy,Ground,1,0,0,0,71,113,67,32,34,-2,343,0.37921759034399694,28.694516500149362,78,6.720182412080239,4366,153,3,0,2,13,2
Psychic,Flying,3,0,0,0,76,76,26,111,121,26,454,1.6813296861798472,386.64997546137363,65,5.358020590571465,5925,44,3,0,2,8,6
Bug,Ground,5,0,0,0,71,56,51,45,128,55,445,1.9594435514111308,-23.84090766763481,39,7.1028559982076125,1653,153,3,0,0,12,1
Psychic,Ghost,5,1,0,0,107,107,137,74,90,104,583,1.7050658924490132,75.33460106929977,-13,5.809818623244915,32933,28,1,2,6,10,4
Bug,Water,7,0,0,0,271,103,96,132,92,65,532,1.4354093257808223,77.01350020711673,58,6.425652245844165,5323,11,2,1,7,6,6
Dark,Psychic,8,1,0,0,123,144,92,150,176,73,489,4.445672975839045,306.6572280793194,27,5.802523381540943,36364,16,1,1,9,3,3
Water,nan,5,0,0,0,102,101,19,36,67,57,336,1.6169996886005944,-18.727504216132793,132,8.608546165930647,3401,219,3,0,4,12,5
Bug,Fire,4,0,0,0,33,86,18,83,66,13,530,0.8409146837797622,-11.70102211600821,93,95.67629137589803,5434,272,3,0,4,11,1
Poison,Flying,7,0,0,0,54,28,37,102,51,9,257,1.1232097089576323,5.250143986419351,99,17.501719025463718,1456,90,3,0,2,4,5
Normal,nan,1,0,0,0,136,73,33,68,23,31,559,0.5897519387601813,20.358491338866994,273,109.16806625248579,5172,111,2,2,3,9,3
Fighting,Fairy,1,0,0,0,90,70,88,146,68,159,450,1.8519511391664172,131.3747775774327,3,99.60194993430906,14373,39,3,0,3,9,3
Dragon,nan,3,0,0,0,66,24,26,53,84,37,491,1.103175015989169,9.870139133605992,267,8.204351358365129,10382,72,3,1,4,7,1
Grass,Fairy,5,0,1,0,124,124,179,69,41,51,478,1.2778795203243254,10.487712340366134,93,4.322743266217406,3884,36,4,2,5,9,5
Fighting,nan,5,0,0,0,96,140,38,131,90,47,710,2.01601008143397,168.58975218963246,30,7.846315148359983,5078,87,3,2,5,4,5
Water,Dark,5,0,0,0,90,53,114,116,127,78,508,0.6001275079210955,-5.239048524393882,47,8.188249168110072,1873,252,3,0,3,6,4
Steel,Flying,9,0,0,0,68,41,150,48,117,9,561,2.1979257111700097,30.191639383843672,84,5.205493263814538,5218,37,4,2,2,11,3
Water,nan,2,0,0,0,44,42,56,52,97,27,294,1.0251327321954604,10.954592078922794,74,102.14538062722076,4241,55,3,0,3,8,3
Flying,Ground,6,0,0,0,114,55,80,99,118,57,442,7.872629810587878,53.45039539955029,30,6.874505141951444,5487,69,3,0,7,10,6
Fire,Ground,7,0,0,0,126,87,81,157,86,69,698,2.8477501715584457,58.88194849214623,50,6.643937402776651,10352,20,1,0,-1,17,3
Bug,Grass,9,0,0,0,107,103,125,83,189,59,715,2.5076370483053707,159.30544474004142,47,19.35929600933182,34868,4,1,0,2,6,1
Normal,Fairy,9,0,0,0,98,26,24,125,68,-3,201,1.092970258577541,30.115272733856024,76,110.65896952801415,2439,107,3,0,3,11,5
Rock,nan,6,0,0,1,160,131,182,68,46,49,693,8.798395458863041,-23.484697763303508,35,48.45982513002522,11016,43,3,1,3,15,1
Dragon,Dragon,9,0,0,0,165,142,64,143,55,88,630,2.0747950052295048,53.52114834216822,-5,7.16053429005345,10474,55,3,0,2,10,3
Ground,Fighting,7,1,0,0,113,86,156,149,134,145,429,4.7634998748028385,8.157669610606092,-14,9.174765225259122,41494,-9,1,0,8,9,5
Ground,Steel,6,0,0,0,76,59,86,50,94,60,437,0.5721315580390803,115.40371969229506,27,4.792686231475214,5373,62,3,2,1,5,2
Water,nan,9,0,0,0,41,16,105,44,82,40,275,2.759897588593011,66.8465205326847,240,62.07505622699368,5062,105,2,0,1,12,2
Steel,Ghost,5,0,0,0,131,53,91,65,132,19,530,2.646912329480864,44.40703663858481,41,9.101942301056638,4658,55,3,1,4,7,1
Bug,Flying,5,0,0,1,52,116,40,20,36,68,492,0.18101606151255406,2.0275578566400547,43,51.42731596688674,3356,104,3,2,5,10,1
Normal,nan,2,0,0,0,54,16,41,63,111,30,610,1.6860788259968296,-7.337814787606044,245,77.89757865314571,5950,35,3,0,4,14,4
Psychic,Fighting,7,1,0,0,180,101,176,115,119,104,446,2.729644584102508,261.6993203978728,-26,7.078061996048328,31991,25,1,0,5,4,4
Steel,nan,1,0,0,0,47,83,31,55,71,22,395,0.6890027956646841,8.602476877705076,244,7.983593347639528,3279,106,3,0,0,8,2
Grass,Dragon,1,0,1,0,135,108,20,79,108,30,551,1.1168855511514355,248.84003428607804,53,5.172579723390084,27880,20,4,0,5,9,5
Bug,nan,8,0,0,0,143,125,142,56,104,7,540,2.0244672972108786,49.00237857491581,152,6.052964395060053,12254,37,3,1,4,8,3
Ice,nan,9,0,1,0,138,100,85,114,78,120,547,2.2439712210438487,180.8511056067046,-12,9.250038176912017,37539,57,1,2,5,3,6
Grass,nan,7,0,1,0,130,117,99,81,102,55,352,2.6812944572323865,368.31369273880915,92,7.024871736439376,3018,138,8,1,7,13,5
Fighting,nan,9,0,0,0,133,89,177,79,67,41,400,2.018964941098017,49.71081068557621,42,6.358801209716337,1823,45,3,0,-1,6,3
Rock,nan,1,0,0,0,59,54,37,38,96,60,345,2.449859687557835,31.370247968914533,90,6.015533212756052,7539,48,3,0,4,5,5
Dragon,Ground,4,0,0,0,56,113,29,54,115,69,529,0.7155064405656051,27.946012401543992,133,6.7046273362406,5935,65,3,0,4,10,1
Poison,nan,6,0,0,0,64,72,103,55,59,-10,393,2.3998716236560687,43.055841240557655,60,4.723492193296267,33981,41,3,1,6,13,1
Fighting,nan,3,0,0,0,43,83,27,43,49,-8,458,1.1736642907864536,-8.436502747927113,272,68.96870421279792,4281,36,3,0,4,12,3
Fire,nan,2,0,0,0,62,18,40,42,51,11,341,1.0749340696784224,-24.72892345927867,245,56.899488530346474,5977,271,3,0,4,14,3
Fighting,Poison,3,0,0,0,194,86,38,41,109,36,552,4.237062971513918,92.18612335383122,51,6.29380930024284,29036,44,6,0,6,7,4
Water,nan,1,0,0,0,90,142,170,134,131,20,589,1.5494529786578404,139.88525758090984,38,8.46131539410762,36953,-36,1,0,6,9,4
Normal,nan,4,0,0,0,96,103,33,49,81,50,432,2.6104920380561953,4.415607470314413,38,8.735918593847352,2127,52,4,4,3,12,2
Psychic,nan,8,0,0,1,62,51,17,30,116,62,356,0.616124546553397,-12.045451812645174,270,13.880348917029988,7063,41,2,0,4,12,3
Psychic,Flying,5,0,0,0,59,62,53,107,74,90,525,0.8428522845798603,-18.67395405225819,77,8.513390177723975,7528,55,3,0,4,10,5
Water,nan,1,0,0,0,63,30,63,59,71,11,233,0.8172059073356971,-13.21758805371846,232,7.517196038391526,4432,252,3,0,3,15,3
Psychic,Ground,8,0,1,0,123,98,139,97,119,56,555,2.2165646341237935,819.2644571922859,24,8.720498609759197,23369,21,1,0,7,5,0
Bug,nan,8,0,0,0,59,32,41,29,78,43,141,0.5251414652631877,2.816079081405098,256,8.548038843208344,3497,41,3,0,3,11,5
Dragon,Ghost,7,1,0,0,176,134,176,96,85,85,562,3.1820968125680196,354.88457653522414,-2,7.550142059696716,40161,11,1,1,7,7,4
Normal,Dragon,8,0,1,0,131,145,114,121,144,96,630,1.404886812613322,22.629666937818257,34,87.69079646727974,3002,-13,1,0,3,8,3
Water,Flying,3,0,0,0,59,27,62,38,70,14,395,1.0029822712741066,27.90459290455138,196,5.116351388827481,5716,69,3,0,1,12,3
Fighting,Fairy,2,0,0,0,180,35,69,145,78,9,447,10.37930428488081,16.87154109986451,44,7.928375132577366,4139,54,3,0,3,6,1
Steel,nan,2,0,0,0,72,17,53,19,83,72,569,0.7353169984107106,-17.433121438418105,77,8.132668602802696,4211,161,3,0,2,7,1
Poison,Flying,3,0,0,0,47,62,3,26,46,-5,370,1.079057479832123,30.008158069140038,124,5.915271732564211,4443,230,3,0,5,12,1
Bug,Bug,2,0,0,0,92,62,99,87,135,50,265,0.4690123233339464,9.598105543660106,72,6.930005025468879,2521,78,2,0,3,9,6
Water,Flying,2,0,0,0,90,74,85,156,77,93,567,2.354096824603353,385.5022637900871,-2,8.729064948559497,11528,8,1,0,10,9,0
Bug,nan,4,0,0,0,57,34,49,35,80,24,267,0.7007834581815551,-27.175405770510274,122,85.67528853537311,5016,68,3,0,5,9,5
Fairy,Ice,7,0,0,0,138,136,94,180,110,27,565,1.8092562233450145,336.61258879501383,33,7.940593973334381,13237,-7,1,2,10,14,6
Ghost,nan,4,0,0,0,37,60,67,59,76,34,357,0.8853621854769018,12.67398774707658,224,5.296763982382705,4906,255,9,0,4,12,3
Bug,nan,2,0,0,0,47,66,52,76,70,0,186,0.6426628291982976,27.398062293152563,183,8.83384676241658,3976,69,3,0,4,12,3
Bug,Bug,1,0,0,0,80,17,153,119,80,53,413,0.820409641148672,128.72625492480284,36,8.52532792427333,5745,287,3,0,3,11,2
Water,nan,5,0,0,0,65,33,55,63,54,3,455,0.8600393667546569,12.902437075459495,283,14.425841309190215,3573,55,3,0,4,9,1
Ice,Water,1,0,0,0,48,64,51,59,122,-1,376,0.920263931659312,62.799339554898125,64,4.047812745336991,3611,76,3,1,2,7,2
Water,Fighting,9,0,0,0,129,95,106,58,125,123,405,26.489299288310807,33.6993296382723,72,8.911301280759762,14343,75,4,1,2,7,3
Water,Electric,7,0,0,0,60,65,42,86,35,16,495,0.9691204233238411,32.147483611338735,259,100.11307160744168,5972,168,2,0,6,13,1
Electric,Psychic,6,0,0,1,81,55,45,98,100,26,426,1.2000729625060167,72.94766815567824,39,6.498298301781158,4150,263,2,0,2,6,2
Ghost,Normal,1,0,0,0,73,59,24,87,120,8,276,1.9246204814264876,-8.691046034914253,159,8.645690224427028,5089,59,2,2,4,8,3
Dark,Electric,7,0,0,0,123,100,122,138,127,126,628,1.9522970064966176,126.57221393033876,45,7.6746352100706225,34765,16,1,0,6,8,3
Steel,Ice,6,0,0,0,40,44,143,90,101,84,425,0.7710501825025569,-4.535431613326802,192,6.134556798156728,3798,36,2,0,4,12,1
Fairy,Fire,4,0,0,0,118,135,193,43,78,122,599,4.472113140314706,118.54938632874027,5,7.622292252817952,40150,45,1,0,7,4,4
Grass,Flying,3,0,0,0,50,6,20,79,59,19,238,0.9532604302527372,29.0917280023584,215,7.361420892739483,3382,41,2,0,6,8,5
Psychic,Steel,7,1,0,0,91,117,105,104,112,145,517,5.648058816394146,201.31225348205007,-1,7.826352865635304,37106,35,1,2,1,5,2
Steel,Ground,6,0,1,0,135,80,81,99,69,86,464,0.4790059317566845,60.56021416119826,43,8.352763357532698,10391,37,3,2,6,5,5
Fairy,nan,5,0,0,0,29,65,24,30,78,-1,302,0.9906585237938691,5.857210984282121,47,96.37542010162741,4290,208,3,0,-1,12,6
Normal,nan,7,0,0,0,52,85,51,50,83,16,410,0.7243286858420941,-22.815107253365696,131,5.210558899426162,1858,90,3,0,0,9,1
Normal,nan,5,0,0,0,41,0,26,28,57,-2,300,1.1957281243343776,-15.926608900404803,250,96.32143501048417,1872,201,3,0,1,11,5
Ice,Water,2,0,0,0,61,108,143,105,110,40,402,3.3001368524990755,-40.96611062070909,95,102.30655385676276,5138,208,3,0,5,9,5
Water,Flying,3,0,0,0,41,73,45,50,89,7,553,1.1104530887180908,29.15784212811066,107,6.465079799982537,2252,41,3,0,4,9,3
Ground,Bug,5,0,0,0,58,103,67,94,113,55,482,2.1012318899829654,-2.6351166096577145,36,18.951998526257526,5022,30,2,0,3,14,4
Fighting,nan,2,0,0,0,55,25,41,55,74,-3,331,0.622496689754968,-27.02585846315008,211,1.3110920190163085,5661,266,3,0,4,12,3
Water,nan,4,0,1,0,156,37,121,123,108,6,746,1.1365435030396795,-3.739326929639665,233,5.959261396881835,2380,77,6,1,4,13,3
Normal,nan,9,0,0,0,114,92,54,87,101,109,460,1.6718559664470853,-2.7178769882864753,261,4.230597053324096,5343,29,3,0,4,9,3
Poison,nan,7,0,0,0,30,73,46,26,88,4,272,0.9906709368626228,-1.5229879809524487,40,7.698440932084084,5329,97,3,0,0,12,7
Water,nan,3,0,0,1,97,74,87,44,68,11,458,1.6907029310808341,12.949493788135452,39,8.54304891855574,2898,27,4,0,5,4,0
Psychic,nan,1,0,0,0,71,54,124,72,130,93,486,0.9084863063826679,4.133009128856852,256,8.083758210670105,3186,43,4,0,5,10,3
Fairy,Ghost,7,1,0,0,167,114,127,127,146,105,537,1.5623955774700493,253.4849322291207,1,7.378885198337882,29826,40,1,0,8,8,2
Normal,nan,2,0,0,0,71,50,60,43,42,12,249,0.8936091642490109,19.07455782043168,48,35.52048640470242,5608,52,4,0,-1,9,2
Ghost,Fire,4,0,0,0,80,74,157,67,82,32,545,0.6741313846712815,91.58718367518915,26,45.59008799286219,12330,39,10,1,3,12,5
Bug,Poison,2,0,0,1,78,73,32,148,70,38,532,0.2140910529577581,-26.51188139051162,39,8.502854743851028,4850,53,3,0,3,13,3
Fighting,nan,7,0,0,0,113,70,173,90,147,90,587,2.2429836370615472,403.81880841011696,-11,8.166278454351101,37095,16,1,0,5,6,3
Fire,nan,4,0,0,0,105,94,82,20,120,58,384,0.2918222573252637,17.02507010149543,189,92.10484363163977,5631,55,3,0,3,4,5
Normal,Flying,1,0,0,0,115,68,72,127,119,62,378,0.5158130061292833,28.922473737677503,92,54.81414588075532,6241,36,3,0,5,7,4
Water,Flying,3,0,0,0,76,37,37,69,106,15,605,0.8604442176715195,12.148992832888553,101,62.603005807183294,1492,55,3,1,4,10,5
Normal,nan,1,0,0,0,67,39,69,118,87,16,538,1.1004822252147237,41.028946191753235,286,8.39574751427604,8104,117,3,0,2,9,1
Water,nan,3,0,0,0,67,62,52,90,126,61,549,0.9348172775739896,-0.9961199850052083,55,7.848838392381335,4007,41,7,1,0,10,5
Water,nan,2,0,0,0,69,124,84,42,27,30,320,0.6987527329550198,83.60799266039916,112,89.50764487633236,4857,256,3,0,0,12,2
Grass,Grass,6,0,0,0,17,111,40,33,76,6,421,0.3957244099403066,-5.841906826012101,227,10.4054192870219,4949,213,3,1,0,3,3
Water,nan,9,0,0,0,114,129,123,108,56,55,486,1.481618476344699,83.76088243350064,125,5.984242675544639,5815,31,5,1,5,4,1
Water,nan,5,0,1,0,124,89,108,181,25,79,459,1.0207866673461183,153.03812701925335,42,8.461266870184133,5873,1,3,0,7,7,3
Psychic,nan,3,0,0,0,85,137,119,61,124,93,484,0.6924419552114259,20.233201382780017,287,98.48634535577867,5959,164,2,0,5,13,3
Normal,nan,3,0,0,0,41,40,23,5,81,59,383,0.635356047946535,-17.852506390314232,259,53.27135033870986,4531,264,3,0,2,12,5
Psychic,Ghost,5,0,0,0,83,126,128,143,38,94,488,3.3158285932580718,109.95479345974422,-28,8.16723084402097,9315,27,1,1,5,4,4
Psychic,nan,3,0,0,0,90,107,12,52,132,26,288,0.5211169321349411,24.088123414350598,161,7.644534011451316,807,179,3,0,5,7,3
Water,nan,9,0,0,0,65,66,79,90,108,62,521,2.181523891666467,256.99455711934263,63,6.180884009173127,4924,58,3,0,3,9,5
Fairy,Electric,6,0,0,0,55,93,132,112,143,48,386,0.28640475834320567,-30.2035420095103,43,5.205870831621556,4728,48,3,1,3,9,1
Water,nan,5,0,0,0,37,64,61,68,45,-1,383,0.9093046181321668,3.2581005108315146,196,4.912565463767831,4610,101,4,0,4,9,1
Fairy,Poison,4,0,0,0,93,107,111,101,127,19,403,3.3685636926294595,169.55068858942855,32,7.691013039180992,5932,-42,3,0,3,7,1
Psychic,Flying,8,0,0,0,63,49,82,72,94,35,274,14.365409042190684,42.34144611647369,250,23.036408210058703,3308,67,3,2,8,5,1
Fairy,Rock,1,0,0,0,142,83,139,135,109,58,582,1.9438020402198823,185.64870737189514,7,8.154171591879056,7226,51,3,0,6,11,1
Psychic,Fighting,9,0,0,1,107,107,129,129,125,128,565,5.0949887785154635,285.5855493985307,-6,8.474959804569462,40623,6,1,1,5,3,4
Rock,Fairy,7,0,0,1,100,136,134,145,122,59,384,1.7739747442694034,40.9141867778359,-12,7.9562967743730395,4591,9,1,2,6,5,3
Steel,Psychic,7,1,0,0,121,132,117,149,87,107,564,2.087088831203516,276.5208762974115,-10,6.264162331487187,35939,-22,1,2,6,5,4
Ice,Poison,5,0,0,0,123,72,36,51,58,52,441,1.8499542424605433,-23.71730708413199,52,7.413488067574935,4536,48,4,0,5,7,3
Dragon,nan,1,0,0,0,56,49,43,48,32,40,246,0.3334517547182534,51.10866378069961,87,3.8656825053836403,10281,99,4,0,4,10,2
Water,Ground,4,0,0,0,92,96,47,50,40,97,420,0.1917157834380394,-3.135887184369187,81,28.540675908040424,6271,34,2,0,5,6,5
Dark,Ground,9,0,0,0,141,104,85,70,118,23,494,0.6089263741593955,76.46062076156834,38,6.5886532928006405,6465,93,3,1,3,8,3
Water,nan,5,0,0,0,60,51,69,29,33,27,290,0.8822289420479772,-2.4973441724655334,255,3.6915371785201625,3894,236,7,0,2,12,3
Dark,Poison,2,0,0,0,128,41,51,61,191,7,487,2.328813261772222,722.5071022350475,68,9.0429110818293,5381,84,3,0,3,6,5
Fairy,nan,3,0,0,0,52,10,31,66,75,30,646,1.1308145887349759,13.910955271912531,295,7.445527064771859,3961,236,3,0,3,10,5
Grass,nan,3,0,0,0,48,70,24,30,89,3,427,0.8996138938208648,-1.2053795631457067,211,6.986886692310479,2176,181,3,0,0,12,1
Normal,nan,4,0,0,0,77,115,81,52,81,91,526,0.6558631506188226,24.99370597277597,50,7.280978420492319,16833,34,3,0,4,9,3
Psychic,Poison,2,0,0,0,177,92,107,102,115,16,524,1.9870661550801927,19.740095349514004,222,7.050181843642855,5094,37,3,1,5,12,1
Grass,Flying,5,0,0,0,28,59,45,43,58,30,372,0.678974224597005,-18.311923339419096,186,8.39570415858109,3424,92,3,0,3,12,3
Fire,nan,7,0,0,0,79,81,102,132,103,99,481,1.801008346231617,166.34562589962866,-13,5.625909866646223,4491,62,3,0,6,7,5
Fighting,nan,7,0,0,0,67,61,180,52,86,148,471,2.6672791656635466,-29.98421055260485,46,8.170704180721733,5309,42,1,0,5,9,4
Water,nan,8,0,0,0,132,63,88,113,63,126,533,1.1959758975789485,52.311322182503005,40,6.839574664449897,6182,40,3,0,3,12,5
Water,Dark,7,0,0,0,58,49,77,63,93,47,259,10.720513758091212,0.16585732142674203,40,110.08934171712096,3355,40,2,0,2,7,1
Water,Steel,7,0,0,0,99,91,197,137,185,103,480,3.8001981862540273,316.31783350448484,6,8.524989979551764,39080,2,1,0,10,6,5
Poison,Dragon,7,0,1,0,118,116,89,110,99,140,641,1.4227485863291598,796.3905727895011,-4,7.3851308589631035,36191,-4,1,0,6,1,4
Dark,Ghost,1,0,0,0,171,130,84,93,89,65,440,0.9946761588530766,-28.17968664990856,49,7.384685817061294,3997,53,3,0,3,15,3
Water,Water,5,0,0,0,137,118,101,138,117,19,466,1.5899021976955656,432.01023963307034,65,7.232530441251899,3316,75,4,0,0,12,4
Water,nan,9,0,0,0,280,70,40,14,46,7,715,1.0359718238311868,27.14538281184526,259,4.035087705307144,2567,83,3,1,5,5,1
